  0
SECTION
  2
HEADER
  9
$ACADVER
  1
AC1024
  9
$ACADMAINTVER
 70
6
  9
$DWGCODEPAGE
  3
ANSI_1252
  9
$LASTSAVEDBY
  1
ezdxf
  9
$INSBASE
 10
0.0
 20
0.0
 30
0.0
  9
$EXTMIN
 10
1e+20
 20
1e+20
 30
1e+20
  9
$EXTMAX
 10
-1e+20
 20
-1e+20
 30
-1e+20
  9
$LIMMIN
 10
0.0
 20
0.0
  9
$LIMMAX
 10
420.0
 20
297.0
  9
$ORTHOMODE
 70
0
  9
$REGENMODE
 70
1
  9
$FILLMODE
 70
1
  9
$QTEXTMODE
 70
0
  9
$MIRRTEXT
 70
1
  9
$LTSCALE
 40
1.0
  9
$ATTMODE
 70
1
  9
$TEXTSIZE
 40
2.5
  9
$TRACEWID
 40
1.0
  9
$TEXTSTYLE
  7
Standard
  9
$CLAYER
  8
0
  9
$CELTYPE
  6
ByLayer
  9
$CECOLOR
 62
256
  9
$CELTSCALE
 40
1.0
  9
$DISPSILH
 70
0
  9
$DIMSCALE
 40
1.0
  9
$DIMASZ
 40
2.5
  9
$DIMEXO
 40
0.625
  9
$DIMDLI
 40
3.75
  9
$DIMRND
 40
0.0
  9
$DIMDLE
 40
0.0
  9
$DIMEXE
 40
1.25
  9
$DIMTP
 40
0.0
  9
$DIMTM
 40
0.0
  9
$DIMTXT
 40
2.5
  9
$DIMCEN
 40
2.5
  9
$DIMTSZ
 40
0.0
  9
$DIMTOL
 70
0
  9
$DIMLIM
 70
0
  9
$DIMTIH
 70
0
  9
$DIMTOH
 70
0
  9
$DIMSE1
 70
0
  9
$DIMSE2
 70
0
  9
$DIMTAD
 70
1
  9
$DIMZIN
 70
8
  9
$DIMBLK
  1

  9
$DIMASO
 70
1
  9
$DIMSHO
 70
1
  9
$DIMPOST
  1

  9
$DIMAPOST
  1

  9
$DIMALT
 70
0
  9
$DIMALTD
 70
3
  9
$DIMALTF
 40
0.03937007874
  9
$DIMLFAC
 40
1.0
  9
$DIMTOFL
 70
1
  9
$DIMTVP
 40
0.0
  9
$DIMTIX
 70
0
  9
$DIMSOXD
 70
0
  9
$DIMSAH
 70
0
  9
$DIMBLK1
  1

  9
$DIMBLK2
  1

  9
$DIMSTYLE
  2
ISO-25
  9
$DIMCLRD
 70
0
  9
$DIMCLRE
 70
0
  9
$DIMCLRT
 70
0
  9
$DIMTFAC
 40
1.0
  9
$DIMGAP
 40
0.625
  9
$DIMJUST
 70
0
  9
$DIMSD1
 70
0
  9
$DIMSD2
 70
0
  9
$DIMTOLJ
 70
0
  9
$DIMTZIN
 70
8
  9
$DIMALTZ
 70
0
  9
$DIMALTTZ
 70
0
  9
$DIMUPT
 70
0
  9
$DIMDEC
 70
2
  9
$DIMTDEC
 70
2
  9
$DIMALTU
 70
2
  9
$DIMALTTD
 70
3
  9
$DIMTXSTY
  7
Standard
  9
$DIMAUNIT
 70
0
  9
$DIMADEC
 70
0
  9
$DIMALTRND
 40
0.0
  9
$DIMAZIN
 70
0
  9
$DIMDSEP
 70
44
  9
$DIMATFIT
 70
3
  9
$DIMFRAC
 70
0
  9
$DIMLDRBLK
  1

  9
$DIMLUNIT
 70
2
  9
$DIMLWD
 70
-2
  9
$DIMLWE
 70
-2
  9
$DIMTMOVE
 70
0
  9
$DIMFXL
 40
1.0
  9
$DIMFXLON
 70
0
  9
$DIMJOGANG
 40
0.785398163397
  9
$DIMTFILL
 70
0
  9
$DIMTFILLCLR
 70
0
  9
$DIMARCSYM
 70
0
  9
$DIMLTYPE
  6

  9
$DIMLTEX1
  6

  9
$DIMLTEX2
  6

  9
$DIMTXTDIRECTION
 70
0
  9
$LUNITS
 70
2
  9
$LUPREC
 70
4
  9
$SKETCHINC
 40
1.0
  9
$FILLETRAD
 40
10.0
  9
$AUNITS
 70
0
  9
$AUPREC
 70
2
  9
$MENU
  1
.
  9
$ELEVATION
 40
0.0
  9
$PELEVATION
 40
0.0
  9
$THICKNESS
 40
0.0
  9
$LIMCHECK
 70
0
  9
$CHAMFERA
 40
0.0
  9
$CHAMFERB
 40
0.0
  9
$CHAMFERC
 40
0.0
  9
$CHAMFERD
 40
0.0
  9
$SKPOLY
 70
0
  9
$TDCREATE
 40
2461265.6694791666
  9
$TDUCREATE
 40
2458532.153996898
  9
$TDUPDATE
 40
2461265.6694791666
  9
$TDUUPDATE
 40
2458532.1544311
  9
$TDINDWG
 40
0.0
  9
$TDUSRTIMER
 40
0.0
  9
$USRTIMER
 70
1
  9
$ANGBASE
 50
0.0
  9
$ANGDIR
 70
0
  9
$PDMODE
 70
0
  9
$PDSIZE
 40
0.0
  9
$PLINEWID
 40
0.0
  9
$SPLFRAME
 70
0
  9
$SPLINETYPE
 70
6
  9
$SPLINESEGS
 70
8
  9
$HANDSEED
  5
558
  9
$SURFTAB1
 70
6
  9
$SURFTAB2
 70
6
  9
$SURFTYPE
 70
6
  9
$SURFU
 70
6
  9
$SURFV
 70
6
  9
$UCSBASE
  2

  9
$UCSNAME
  2

  9
$UCSORG
 10
0.0
 20
0.0
 30
0.0
  9
$UCSXDIR
 10
1.0
 20
0.0
 30
0.0
  9
$UCSYDIR
 10
0.0
 20
1.0
 30
0.0
  9
$UCSORTHOREF
  2

  9
$UCSORTHOVIEW
 70
0
  9
$UCSORGTOP
 10
0.0
 20
0.0
 30
0.0
  9
$UCSORGBOTTOM
 10
0.0
 20
0.0
 30
0.0
  9
$UCSORGLEFT
 10
0.0
 20
0.0
 30
0.0
  9
$UCSORGRIGHT
 10
0.0
 20
0.0
 30
0.0
  9
$UCSORGFRONT
 10
0.0
 20
0.0
 30
0.0
  9
$UCSORGBACK
 10
0.0
 20
0.0
 30
0.0
  9
$PUCSBASE
  2

  9
$PUCSNAME
  2

  9
$PUCSORG
 10
0.0
 20
0.0
 30
0.0
  9
$PUCSXDIR
 10
1.0
 20
0.0
 30
0.0
  9
$PUCSYDIR
 10
0.0
 20
1.0
 30
0.0
  9
$PUCSORTHOREF
  2

  9
$PUCSORTHOVIEW
 70
0
  9
$PUCSORGTOP
 10
0.0
 20
0.0
 30
0.0
  9
$PUCSORGBOTTOM
 10
0.0
 20
0.0
 30
0.0
  9
$PUCSORGLEFT
 10
0.0
 20
0.0
 30
0.0
  9
$PUCSORGRIGHT
 10
0.0
 20
0.0
 30
0.0
  9
$PUCSORGFRONT
 10
0.0
 20
0.0
 30
0.0
  9
$PUCSORGBACK
 10
0.0
 20
0.0
 30
0.0
  9
$USERI1
 70
0
  9
$USERI2
 70
0
  9
$USERI3
 70
0
  9
$USERI4
 70
0
  9
$USERI5
 70
0
  9
$USERR1
 40
0.0
  9
$USERR2
 40
0.0
  9
$USERR3
 40
0.0
  9
$USERR4
 40
0.0
  9
$USERR5
 40
0.0
  9
$WORLDVIEW
 70
1
  9
$SHADEDGE
 70
3
  9
$SHADEDIF
 70
70
  9
$TILEMODE
 70
1
  9
$MAXACTVP
 70
64
  9
$PINSBASE
 10
0.0
 20
0.0
 30
0.0
  9
$PLIMCHECK
 70
0
  9
$PEXTMIN
 10
1e+20
 20
1e+20
 30
1e+20
  9
$PEXTMAX
 10
-1e+20
 20
-1e+20
 30
-1e+20
  9
$PLIMMIN
 10
0.0
 20
0.0
  9
$PLIMMAX
 10
420.0
 20
297.0
  9
$UNITMODE
 70
0
  9
$VISRETAIN
 70
1
  9
$PLINEGEN
 70
0
  9
$PSLTSCALE
 70
1
  9
$TREEDEPTH
 70
3020
  9
$CMLSTYLE
  2
Standard
  9
$CMLJUST
 70
0
  9
$CMLSCALE
 40
20.0
  9
$PROXYGRAPHICS
 70
1
  9
$MEASUREMENT
 70
1
  9
$CELWEIGHT
370
-1
  9
$ENDCAPS
280
0
  9
$JOINSTYLE
280
0
  9
$LWDISPLAY
290
0
  9
$INSUNITS
 70
6
  9
$HYPERLINKBASE
  1

  9
$STYLESHEET
  1

  9
$XEDIT
290
1
  9
$CEPSNTYPE
380
0
  9
$PSTYLEMODE
290
1
  9
$FINGERPRINTGUID
  2
{A99B511F-24C5-44AF-B4A5-5B1781F68B7D}
  9
$VERSIONGUID
  2
{8C137222-A71A-482C-AA59-9C75E5FD2CB7}
  9
$EXTNAMES
290
1
  9
$PSVPSCALE
 40
0.0
  9
$OLESTARTUP
290
0
  9
$SORTENTS
280
127
  9
$INDEXCTL
280
0
  9
$HIDETEXT
280
1
  9
$XCLIPFRAME
280
1
  9
$HALOGAP
280
0
  9
$OBSCOLOR
 70
257
  9
$OBSLTYPE
280
0
  9
$INTERSECTIONDISPLAY
280
0
  9
$INTERSECTIONCOLOR
 70
257
  9
$DIMASSOC
280
2
  9
$PROJECTNAME
  1

  9
$CAMERADISPLAY
290
0
  9
$LENSLENGTH
 40
50.0
  9
$CAMERAHEIGHT
 40
0.0
  9
$STEPSPERSEC
 40
24.0
  9
$STEPSIZE
 40
100.0
  9
$3DDWFPREC
 40
2.0
  9
$PSOLWIDTH
 40
0.005
  9
$PSOLHEIGHT
 40
0.08
  9
$LOFTANG1
 40
1.570796326795
  9
$LOFTANG2
 40
1.570796326795
  9
$LOFTMAG1
 40
0.0
  9
$LOFTMAG2
 40
0.0
  9
$LOFTPARAM
 70
7
  9
$LOFTNORMALS
280
1
  9
$LATITUDE
 40
37.795
  9
$LONGITUDE
 40
-122.394
  9
$NORTHDIRECTION
 40
0.0
  9
$TIMEZONE
 70
-8000
  9
$LIGHTGLYPHDISPLAY
280
1
  9
$TILEMODELIGHTSYNCH
280
1
  9
$CMATERIAL
347
20
  9
$SOLIDHIST
280
0
  9
$SHOWHIST
280
1
  9
$DWFFRAME
280
2
  9
$DGNFRAME
280
2
  9
$REALWORLDSCALE
290
1
  9
$INTERFERECOLOR
 62
256
  9
$CSHADOW
280
0
  9
$SHADOWPLANELOCATION
 40
0.0
  0
ENDSEC
  0
SECTION
  2
CLASSES
  0
CLASS
  1
ACDBDICTIONARYWDFLT
  2
AcDbDictionaryWithDefault
  3
ObjectDBX Classes
 90
0
 91
0
280
0
281
0
  0
CLASS
  1
SUN
  2
AcDbSun
  3
SCENEOE
 90
1153
 91
0
280
0
281
0
  0
CLASS
  1
VISUALSTYLE
  2
AcDbVisualStyle
  3
ObjectDBX Classes
 90
4095
 91
0
280
0
281
0
  0
CLASS
  1
MATERIAL
  2
AcDbMaterial
  3
ObjectDBX Classes
 90
1153
 91
0
280
0
281
0
  0
CLASS
  1
SCALE
  2
AcDbScale
  3
ObjectDBX Classes
 90
1153
 91
0
280
0
281
0
  0
CLASS
  1
TABLESTYLE
  2
AcDbTableStyle
  3
ObjectDBX Classes
 90
4095
 91
0
280
0
281
0
  0
CLASS
  1
MLEADERSTYLE
  2
AcDbMLeaderStyle
  3
ACDB_MLEADERSTYLE_CLASS
 90
4095
 91
0
280
0
281
0
  0
CLASS
  1
DICTIONARYVAR
  2
AcDbDictionaryVar
  3
ObjectDBX Classes
 90
0
 91
0
280
0
281
0
  0
CLASS
  1
CELLSTYLEMAP
  2
AcDbCellStyleMap
  3
ObjectDBX Classes
 90
1152
 91
0
280
0
281
0
  0
CLASS
  1
MENTALRAYRENDERSETTINGS
  2
AcDbMentalRayRenderSettings
  3
SCENEOE
 90
1024
 91
0
280
0
281
0
  0
CLASS
  1
ACDBDETAILVIEWSTYLE
  2
AcDbDetailViewStyle
  3
ObjectDBX Classes
 90
1025
 91
0
280
0
281
0
  0
CLASS
  1
ACDBSECTIONVIEWSTYLE
  2
AcDbSectionViewStyle
  3
ObjectDBX Classes
 90
1025
 91
0
280
0
281
0
  0
CLASS
  1
RASTERVARIABLES
  2
AcDbRasterVariables
  3
ISM
 90
0
 91
0
280
0
281
0
  0
CLASS
  1
ACDBPLACEHOLDER
  2
AcDbPlaceHolder
  3
ObjectDBX Classes
 90
0
 91
0
280
0
281
0
  0
CLASS
  1
LAYOUT
  2
AcDbLayout
  3
ObjectDBX Classes
 90
0
 91
0
280
0
281
0
  0
ENDSEC
  0
SECTION
  2
TABLES
  0
TABLE
  2
VPORT
  5
8
330
0
100
AcDbSymbolTable
 70
1
  0
VPORT
  5
23
330
8
100
AcDbSymbolTableRecord
100
AcDbViewportTableRecord
  2
*Active
 70
0
 10
0.0
 20
0.0
 11
1.0
 21
1.0
 12
0.0
 22
0.0
 13
0.0
 23
0.0
 14
0.5
 24
0.5
 15
0.5
 25
0.5
 16
0.0
 26
0.0
 36
1.0
 17
0.0
 27
0.0
 37
0.0
 40
1000.0
 41
1.34
 42
50.0
 43
0.0
 44
0.0
 50
0.0
 51
0.0
 71
0
 72
1000
 73
1
 74
3
 75
0
 76
0
 77
0
 78
0
281
0
 65
0
146
0.0
  0
ENDTAB
  0
TABLE
  2
LTYPE
  5
2
330
0
100
AcDbSymbolTable
 70
3
  0
LTYPE
  5
24
330
2
100
AcDbSymbolTableRecord
100
AcDbLinetypeTableRecord
  2
ByBlock
 70
0
  3

 72
65
 73
0
 40
0.0
  0
LTYPE
  5
25
330
2
100
AcDbSymbolTableRecord
100
AcDbLinetypeTableRecord
  2
ByLayer
 70
0
  3

 72
65
 73
0
 40
0.0
  0
LTYPE
  5
26
330
2
100
AcDbSymbolTableRecord
100
AcDbLinetypeTableRecord
  2
Continuous
 70
0
  3

 72
65
 73
0
 40
0.0
  0
ENDTAB
  0
TABLE
  2
LAYER
  5
1
330
0
100
AcDbSymbolTable
 70
2
  0
LAYER
  5
27
330
1
100
AcDbSymbolTableRecord
100
AcDbLayerTableRecord
  2
0
 70
0
 62
7
  6
Continuous
370
-3
390
13
347
21
  0
LAYER
  5
28
330
1
100
AcDbSymbolTableRecord
100
AcDbLayerTableRecord
  2
Defpoints
 70
0
 62
7
  6
Continuous
290
0
370
-3
390
13
347
21
  0
ENDTAB
  0
TABLE
  2
STYLE
  5
5
330
0
100
AcDbSymbolTable
 70
1
  0
STYLE
  5
29
330
5
100
AcDbSymbolTableRecord
100
AcDbTextStyleTableRecord
  2
Standard
 70
0
 40
0.0
 41
1.0
 50
0.0
 71
0
 42
2.5
  3
txt
  4

  0
ENDTAB
  0
TABLE
  2
VIEW
  5
7
330
0
100
AcDbSymbolTable
 70
0
  0
ENDTAB
  0
TABLE
  2
UCS
  5
6
330
0
100
AcDbSymbolTable
 70
0
  0
ENDTAB
  0
TABLE
  2
APPID
  5
3
330
0
100
AcDbSymbolTable
 70
3
  0
APPID
  5
2A
330
3
100
AcDbSymbolTableRecord
100
AcDbRegAppTableRecord
  2
ACAD
 70
0
  0
APPID
  5
555
330
3
100
AcDbSymbolTableRecord
100
AcDbRegAppTableRecord
  2
HATCHBACKGROUNDCOLOR
 70
0
  0
APPID
  5
556
330
3
100
AcDbSymbolTableRecord
100
AcDbRegAppTableRecord
  2
EZDXF
 70
0
  0
ENDTAB
  0
TABLE
  2
DIMSTYLE
  5
4
330
0
100
AcDbSymbolTable
 70
1
100
AcDbDimStyleTable
  0
DIMSTYLE
105
2B
330
4
100
AcDbSymbolTableRecord
100
AcDbDimStyleTableRecord
  2
Standard
 70
0
 40
1.0
 41
2.5
 42
0.625
 43
3.75
 44
1.25
 45
0.0
 46
0.0
 47
0.0
 48
0.0
 49
2.5
140
2.5
141
2.5
142
0.0
143
0.03937007874
144
1.0
145
0.0
146
1.0
147
0.625
148
0.0
 69
0
 70
0
 71
0
 72
0
 73
0
 74
0
 75
0
 76
0
 77
1
 78
8
 79
3
170
0
171
3
172
1
173
0
174
0
175
0
176
0
177
0
178
0
179
2
271
2
272
2
273
2
274
3
275
0
276
0
277
2
278
44
279
0
280
0
281
0
282
0
283
0
284
8
285
0
286
0
288
0
289
3
290
0
371
-2
372
-2
  0
ENDTAB
  0
TABLE
  2
BLOCK_RECORD
  5
9
330
0
100
AcDbSymbolTable
 70
2
  0
BLOCK_RECORD
  5
17
330
9
100
AcDbSymbolTableRecord
100
AcDbBlockTableRecord
  2
*Model_Space
340
1A
 70
0
280
1
281
0
  0
BLOCK_RECORD
  5
1B
330
9
100
AcDbSymbolTableRecord
100
AcDbBlockTableRecord
  2
*Paper_Space
340
1E
 70
0
280
1
281
0
  0
ENDTAB
  0
ENDSEC
  0
SECTION
  2
BLOCKS
  0
BLOCK
  5
18
330
17
100
AcDbEntity
  8
0
100
AcDbBlockBegin
  2
*Model_Space
 70
0
 10
0.0
 20
0.0
 30
0.0
  3
*Model_Space
  1

  0
ENDBLK
  5
19
330
17
100
AcDbEntity
  8
0
100
AcDbBlockEnd
  0
BLOCK
  5
1C
330
1B
100
AcDbEntity
  8
0
100
AcDbBlockBegin
  2
*Paper_Space
 70
0
 10
0.0
 20
0.0
 30
0.0
  3
*Paper_Space
  1

  0
ENDBLK
  5
1D
330
1B
100
AcDbEntity
  8
0
100
AcDbBlockEnd
  0
ENDSEC
  0
SECTION
  2
ENTITIES
  0
3DFACE
  5
2F
330
17
100
AcDbEntity
  8
0
100
AcDbFace
 10
-116.48547277097991
 20
38.34235040543557
 30
0.0
 11
-116.4881753212912
 21
38.36978985922713
 31
0.0
 12
-116.49617911473219
 22
38.396174830197715
 32
0.0
 13
-116.49617911473219
 23
38.396174830197715
 33
0.0
  0
3DFACE
  5
30
330
17
100
AcDbEntity
  8
0
100
AcDbFace
 10
-116.48547277097991
 20
38.34235040543557
 30
0.0
 11
-116.49617911473219
 21
38.396174830197715
 31
0.0
 12
-116.50917657000956
 22
38.420491358709775
 32
0.0
 13
-116.50917657000956
 23
38.420491358709775
 33
0.0
  0
3DFACE
  5
31
330
17
100
AcDbEntity
  8
0
100
AcDbFace
 10
-116.48547277097991
 20
38.34235040543557
 30
0.0
 11
-116.50917657000956
 21
38.420491358709775
 31
0.0
 12
-116.52666820220601
 22
38.441804974209454
 32
0.0
 13
-116.52666820220601
 23
38.441804974209454
 33
0.0
  0
3DFACE
  5
32
330
17
100
AcDbEntity
  8
0
100
AcDbFace
 10
-116.48547277097991
 20
38.34235040543557
 30
0.0
 11
-116.52666820220601
 21
38.441804974209454
 31
0.0
 12
-116.5479818177057
 22
38.45929660640592
 32
0.0
 13
-116.5479818177057
 23
38.45929660640592
 33
0.0
  0
3DFACE
  5
33
330
17
100
AcDbEntity
  8
0
100
AcDbFace
 10
-116.48547277097991
 20
38.34235040543557
 30
0.0
 11
-116.5479818177057
 21
38.45929660640592
 31
0.0
 12
-116.57229834621775
 22
38.47229406168328
 32
0.0
 13
-116.57229834621775
 23
38.47229406168328
 33
0.0
  0
3DFACE
  5
34
330
17
100
AcDbEntity
  8
0
100
AcDbFace
 10
-116.48547277097991
 20
38.34235040543557
 30
0.0
 11
-116.57229834621775
 21
38.47229406168328
 31
0.0
 12
-116.59868331718833
 22
38.480297855124284
 32
0.0
 13
-116.59868331718833
 23
38.480297855124284
 33
0.0
  0
3DFACE
  5
35
330
17
100
AcDbEntity
  8
0
100
AcDbFace
 10
-116.48547277097991
 20
38.34235040543557
 30
0.0
 11
-116.59868331718833
 21
38.480297855124284
 31
0.0
 12
-116.6261227709799
 22
38.48300040543557
 32
0.0
 13
-116.6261227709799
 23
38.48300040543557
 33
0.0
  0
3DFACE
  5
36
330
17
100
AcDbEntity
  8
0
100
AcDbFace
 10
-116.48547277097991
 20
38.34235040543557
 30
0.0
 11
-116.6261227709799
 21
38.48300040543557
 31
0.0
 12
-116.65356222477148
 22
38.480297855124284
 32
0.0
 13
-116.65356222477148
 23
38.480297855124284
 33
0.0
  0
3DFACE
  5
37
330
17
100
AcDbEntity
  8
0
100
AcDbFace
 10
-116.48547277097991
 20
38.34235040543557
 30
0.0
 11
-116.65356222477148
 21
38.480297855124284
 31
0.0
 12
-116.67994719574206
 22
38.47229406168328
 32
0.0
 13
-116.67994719574206
 23
38.47229406168328
 33
0.0
  0
3DFACE
  5
38
330
17
100
AcDbEntity
  8
0
100
AcDbFace
 10
-116.48547277097991
 20
38.34235040543557
 30
0.0
 11
-116.67994719574206
 21
38.47229406168328
 31
0.0
 12
-116.7042637242541
 22
38.45929660640592
 32
0.0
 13
-116.7042637242541
 23
38.45929660640592
 33
0.0
  0
3DFACE
  5
39
330
17
100
AcDbEntity
  8
0
100
AcDbFace
 10
-116.48547277097991
 20
38.34235040543557
 30
0.0
 11
-116.7042637242541
 21
38.45929660640592
 31
0.0
 12
-116.7255773397538
 22
38.441804974209454
 32
0.0
 13
-116.7255773397538
 23
38.441804974209454
 33
0.0
  0
3DFACE
  5
3A
330
17
100
AcDbEntity
  8
0
100
AcDbFace
 10
-116.48547277097991
 20
38.34235040543557
 30
0.0
 11
-116.7255773397538
 21
38.441804974209454
 31
0.0
 12
-116.74306897195025
 22
38.420491358709775
 32
0.0
 13
-116.74306897195025
 23
38.420491358709775
 33
0.0
  0
3DFACE
  5
3B
330
17
100
AcDbEntity
  8
0
100
AcDbFace
 10
-116.48547277097991
 20
38.34235040543557
 30
0.0
 11
-116.74306897195025
 21
38.420491358709775
 31
0.0
 12
-116.75606642722762
 22
38.396174830197715
 32
0.0
 13
-116.75606642722762
 23
38.396174830197715
 33
0.0
  0
3DFACE
  5
3C
330
17
100
AcDbEntity
  8
0
100
AcDbFace
 10
-116.48547277097991
 20
38.34235040543557
 30
0.0
 11
-116.75606642722762
 21
38.396174830197715
 31
0.0
 12
-116.76407022066861
 22
38.36978985922713
 32
0.0
 13
-116.76407022066861
 23
38.36978985922713
 33
0.0
  0
3DFACE
  5
3D
330
17
100
AcDbEntity
  8
0
100
AcDbFace
 10
-116.48547277097991
 20
38.34235040543557
 30
0.0
 11
-116.76407022066861
 21
38.36978985922713
 31
0.0
 12
-116.7667727709799
 22
38.34235040543557
 32
0.0
 13
-116.7667727709799
 23
38.34235040543557
 33
0.0
  0
3DFACE
  5
3E
330
17
100
AcDbEntity
  8
0
100
AcDbFace
 10
-116.48547277097991
 20
38.34235040543557
 30
0.0
 11
-116.7667727709799
 21
38.34235040543557
 31
0.0
 12
-116.76407022066861
 22
38.314910951644
 32
0.0
 13
-116.76407022066861
 23
38.314910951644
 33
0.0
  0
3DFACE
  5
3F
330
17
100
AcDbEntity
  8
0
100
AcDbFace
 10
-116.48547277097991
 20
38.34235040543557
 30
0.0
 11
-116.76407022066861
 21
38.314910951644
 31
0.0
 12
-116.75606642722762
 22
38.28852598067342
 32
0.0
 13
-116.75606642722762
 23
38.28852598067342
 33
0.0
  0
3DFACE
  5
40
330
17
100
AcDbEntity
  8
0
100
AcDbFace
 10
-116.48547277097991
 20
38.34235040543557
 30
0.0
 11
-116.75606642722762
 21
38.28852598067342
 31
0.0
 12
-116.74306897195025
 22
38.26420945216136
 32
0.0
 13
-116.74306897195025
 23
38.26420945216136
 33
0.0
  0
3DFACE
  5
41
330
17
100
AcDbEntity
  8
0
100
AcDbFace
 10
-116.48547277097991
 20
38.34235040543557
 30
0.0
 11
-116.74306897195025
 21
38.26420945216136
 31
0.0
 12
-116.7255773397538
 22
38.24289583666168
 32
0.0
 13
-116.7255773397538
 23
38.24289583666168
 33
0.0
  0
3DFACE
  5
42
330
17
100
AcDbEntity
  8
0
100
AcDbFace
 10
-116.48547277097991
 20
38.34235040543557
 30
0.0
 11
-116.7255773397538
 21
38.24289583666168
 31
0.0
 12
-116.7042637242541
 22
38.225404204465214
 32
0.0
 13
-116.7042637242541
 23
38.225404204465214
 33
0.0
  0
3DFACE
  5
43
330
17
100
AcDbEntity
  8
0
100
AcDbFace
 10
-116.48547277097991
 20
38.34235040543557
 30
0.0
 11
-116.7042637242541
 21
38.225404204465214
 31
0.0
 12
-116.67994719574206
 22
38.212406749187856
 32
0.0
 13
-116.67994719574206
 23
38.212406749187856
 33
0.0
  0
3DFACE
  5
44
330
17
100
AcDbEntity
  8
0
100
AcDbFace
 10
-116.48547277097991
 20
38.34235040543557
 30
0.0
 11
-116.67994719574206
 21
38.212406749187856
 31
0.0
 12
-116.65356222477148
 22
38.20440295574685
 32
0.0
 13
-116.65356222477148
 23
38.20440295574685
 33
0.0
  0
3DFACE
  5
45
330
17
100
AcDbEntity
  8
0
100
AcDbFace
 10
-116.48547277097991
 20
38.34235040543557
 30
0.0
 11
-116.65356222477148
 21
38.20440295574685
 31
0.0
 12
-116.6261227709799
 22
38.20170040543557
 32
0.0
 13
-116.6261227709799
 23
38.20170040543557
 33
0.0
  0
3DFACE
  5
46
330
17
100
AcDbEntity
  8
0
100
AcDbFace
 10
-116.48547277097991
 20
38.34235040543557
 30
0.0
 11
-116.6261227709799
 21
38.20170040543557
 31
0.0
 12
-116.59868331718833
 22
38.20440295574685
 32
0.0
 13
-116.59868331718833
 23
38.20440295574685
 33
0.0
  0
3DFACE
  5
47
330
17
100
AcDbEntity
  8
0
100
AcDbFace
 10
-116.48547277097991
 20
38.34235040543557
 30
0.0
 11
-116.59868331718833
 21
38.20440295574685
 31
0.0
 12
-116.57229834621775
 22
38.212406749187856
 32
0.0
 13
-116.57229834621775
 23
38.212406749187856
 33
0.0
  0
3DFACE
  5
48
330
17
100
AcDbEntity
  8
0
100
AcDbFace
 10
-116.48547277097991
 20
38.34235040543557
 30
0.0
 11
-116.57229834621775
 21
38.212406749187856
 31
0.0
 12
-116.5479818177057
 22
38.225404204465214
 32
0.0
 13
-116.5479818177057
 23
38.225404204465214
 33
0.0
  0
3DFACE
  5
49
330
17
100
AcDbEntity
  8
0
100
AcDbFace
 10
-116.48547277097991
 20
38.34235040543557
 30
0.0
 11
-116.5479818177057
 21
38.225404204465214
 31
0.0
 12
-116.52666820220601
 22
38.24289583666168
 32
0.0
 13
-116.52666820220601
 23
38.24289583666168
 33
0.0
  0
3DFACE
  5
4A
330
17
100
AcDbEntity
  8
0
100
AcDbFace
 10
-116.48547277097991
 20
38.34235040543557
 30
0.0
 11
-116.52666820220601
 21
38.24289583666168
 31
0.0
 12
-116.50917657000956
 22
38.26420945216136
 32
0.0
 13
-116.50917657000956
 23
38.26420945216136
 33
0.0
  0
3DFACE
  5
4B
330
17
100
AcDbEntity
  8
0
100
AcDbFace
 10
-116.48547277097991
 20
38.34235040543557
 30
0.0
 11
-116.50917657000956
 21
38.26420945216136
 31
0.0
 12
-116.49617911473219
 22
38.28852598067342
 32
0.0
 13
-116.49617911473219
 23
38.28852598067342
 33
0.0
  0
3DFACE
  5
4C
330
17
100
AcDbEntity
  8
0
100
AcDbFace
 10
-116.48547277097991
 20
38.34235040543557
 30
0.0
 11
-116.49617911473219
 21
38.28852598067342
 31
0.0
 12
-116.4881753212912
 22
38.314910951644
 32
0.0
 13
-116.4881753212912
 23
38.314910951644
 33
0.0
  0
3DFACE
  5
4D
330
17
100
AcDbEntity
  8
0
100
AcDbFace
 10
-116.48547277097991
 20
38.34235040543557
 30
10.0
 11
-116.4881753212912
 21
38.36978985922713
 31
10.0
 12
-116.49617911473219
 22
38.396174830197715
 32
10.0
 13
-116.49617911473219
 23
38.396174830197715
 33
10.0
  0
3DFACE
  5
4E
330
17
100
AcDbEntity
  8
0
100
AcDbFace
 10
-116.48547277097991
 20
38.34235040543557
 30
10.0
 11
-116.49617911473219
 21
38.396174830197715
 31
10.0
 12
-116.50917657000956
 22
38.420491358709775
 32
10.0
 13
-116.50917657000956
 23
38.420491358709775
 33
10.0
  0
3DFACE
  5
4F
330
17
100
AcDbEntity
  8
0
100
AcDbFace
 10
-116.48547277097991
 20
38.34235040543557
 30
10.0
 11
-116.50917657000956
 21
38.420491358709775
 31
10.0
 12
-116.52666820220601
 22
38.441804974209454
 32
10.0
 13
-116.52666820220601
 23
38.441804974209454
 33
10.0
  0
3DFACE
  5
50
330
17
100
AcDbEntity
  8
0
100
AcDbFace
 10
-116.48547277097991
 20
38.34235040543557
 30
10.0
 11
-116.52666820220601
 21
38.441804974209454
 31
10.0
 12
-116.5479818177057
 22
38.45929660640592
 32
10.0
 13
-116.5479818177057
 23
38.45929660640592
 33
10.0
  0
3DFACE
  5
51
330
17
100
AcDbEntity
  8
0
100
AcDbFace
 10
-116.48547277097991
 20
38.34235040543557
 30
10.0
 11
-116.5479818177057
 21
38.45929660640592
 31
10.0
 12
-116.57229834621775
 22
38.47229406168328
 32
10.0
 13
-116.57229834621775
 23
38.47229406168328
 33
10.0
  0
3DFACE
  5
52
330
17
100
AcDbEntity
  8
0
100
AcDbFace
 10
-116.48547277097991
 20
38.34235040543557
 30
10.0
 11
-116.57229834621775
 21
38.47229406168328
 31
10.0
 12
-116.59868331718833
 22
38.480297855124284
 32
10.0
 13
-116.59868331718833
 23
38.480297855124284
 33
10.0
  0
3DFACE
  5
53
330
17
100
AcDbEntity
  8
0
100
AcDbFace
 10
-116.48547277097991
 20
38.34235040543557
 30
10.0
 11
-116.59868331718833
 21
38.480297855124284
 31
10.0
 12
-116.6261227709799
 22
38.48300040543557
 32
10.0
 13
-116.6261227709799
 23
38.48300040543557
 33
10.0
  0
3DFACE
  5
54
330
17
100
AcDbEntity
  8
0
100
AcDbFace
 10
-116.48547277097991
 20
38.34235040543557
 30
10.0
 11
-116.6261227709799
 21
38.48300040543557
 31
10.0
 12
-116.65356222477148
 22
38.480297855124284
 32
10.0
 13
-116.65356222477148
 23
38.480297855124284
 33
10.0
  0
3DFACE
  5
55
330
17
100
AcDbEntity
  8
0
100
AcDbFace
 10
-116.48547277097991
 20
38.34235040543557
 30
10.0
 11
-116.65356222477148
 21
38.480297855124284
 31
10.0
 12
-116.67994719574206
 22
38.47229406168328
 32
10.0
 13
-116.67994719574206
 23
38.47229406168328
 33
10.0
  0
3DFACE
  5
56
330
17
100
AcDbEntity
  8
0
100
AcDbFace
 10
-116.48547277097991
 20
38.34235040543557
 30
10.0
 11
-116.67994719574206
 21
38.47229406168328
 31
10.0
 12
-116.7042637242541
 22
38.45929660640592
 32
10.0
 13
-116.7042637242541
 23
38.45929660640592
 33
10.0
  0
3DFACE
  5
57
330
17
100
AcDbEntity
  8
0
100
AcDbFace
 10
-116.48547277097991
 20
38.34235040543557
 30
10.0
 11
-116.7042637242541
 21
38.45929660640592
 31
10.0
 12
-116.7255773397538
 22
38.441804974209454
 32
10.0
 13
-116.7255773397538
 23
38.441804974209454
 33
10.0
  0
3DFACE
  5
58
330
17
100
AcDbEntity
  8
0
100
AcDbFace
 10
-116.48547277097991
 20
38.34235040543557
 30
10.0
 11
-116.7255773397538
 21
38.441804974209454
 31
10.0
 12
-116.74306897195025
 22
38.420491358709775
 32
10.0
 13
-116.74306897195025
 23
38.420491358709775
 33
10.0
  0
3DFACE
  5
59
330
17
100
AcDbEntity
  8
0
100
AcDbFace
 10
-116.48547277097991
 20
38.34235040543557
 30
10.0
 11
-116.74306897195025
 21
38.420491358709775
 31
10.0
 12
-116.75606642722762
 22
38.396174830197715
 32
10.0
 13
-116.75606642722762
 23
38.396174830197715
 33
10.0
  0
3DFACE
  5
5A
330
17
100
AcDbEntity
  8
0
100
AcDbFace
 10
-116.48547277097991
 20
38.34235040543557
 30
10.0
 11
-116.75606642722762
 21
38.396174830197715
 31
10.0
 12
-116.76407022066861
 22
38.36978985922713
 32
10.0
 13
-116.76407022066861
 23
38.36978985922713
 33
10.0
  0
3DFACE
  5
5B
330
17
100
AcDbEntity
  8
0
100
AcDbFace
 10
-116.48547277097991
 20
38.34235040543557
 30
10.0
 11
-116.76407022066861
 21
38.36978985922713
 31
10.0
 12
-116.7667727709799
 22
38.34235040543557
 32
10.0
 13
-116.7667727709799
 23
38.34235040543557
 33
10.0
  0
3DFACE
  5
5C
330
17
100
AcDbEntity
  8
0
100
AcDbFace
 10
-116.48547277097991
 20
38.34235040543557
 30
10.0
 11
-116.7667727709799
 21
38.34235040543557
 31
10.0
 12
-116.76407022066861
 22
38.314910951644
 32
10.0
 13
-116.76407022066861
 23
38.314910951644
 33
10.0
  0
3DFACE
  5
5D
330
17
100
AcDbEntity
  8
0
100
AcDbFace
 10
-116.48547277097991
 20
38.34235040543557
 30
10.0
 11
-116.76407022066861
 21
38.314910951644
 31
10.0
 12
-116.75606642722762
 22
38.28852598067342
 32
10.0
 13
-116.75606642722762
 23
38.28852598067342
 33
10.0
  0
3DFACE
  5
5E
330
17
100
AcDbEntity
  8
0
100
AcDbFace
 10
-116.48547277097991
 20
38.34235040543557
 30
10.0
 11
-116.75606642722762
 21
38.28852598067342
 31
10.0
 12
-116.74306897195025
 22
38.26420945216136
 32
10.0
 13
-116.74306897195025
 23
38.26420945216136
 33
10.0
  0
3DFACE
  5
5F
330
17
100
AcDbEntity
  8
0
100
AcDbFace
 10
-116.48547277097991
 20
38.34235040543557
 30
10.0
 11
-116.74306897195025
 21
38.26420945216136
 31
10.0
 12
-116.7255773397538
 22
38.24289583666168
 32
10.0
 13
-116.7255773397538
 23
38.24289583666168
 33
10.0
  0
3DFACE
  5
60
330
17
100
AcDbEntity
  8
0
100
AcDbFace
 10
-116.48547277097991
 20
38.34235040543557
 30
10.0
 11
-116.7255773397538
 21
38.24289583666168
 31
10.0
 12
-116.7042637242541
 22
38.225404204465214
 32
10.0
 13
-116.7042637242541
 23
38.225404204465214
 33
10.0
  0
3DFACE
  5
61
330
17
100
AcDbEntity
  8
0
100
AcDbFace
 10
-116.48547277097991
 20
38.34235040543557
 30
10.0
 11
-116.7042637242541
 21
38.225404204465214
 31
10.0
 12
-116.67994719574206
 22
38.212406749187856
 32
10.0
 13
-116.67994719574206
 23
38.212406749187856
 33
10.0
  0
3DFACE
  5
62
330
17
100
AcDbEntity
  8
0
100
AcDbFace
 10
-116.48547277097991
 20
38.34235040543557
 30
10.0
 11
-116.67994719574206
 21
38.212406749187856
 31
10.0
 12
-116.65356222477148
 22
38.20440295574685
 32
10.0
 13
-116.65356222477148
 23
38.20440295574685
 33
10.0
  0
3DFACE
  5
63
330
17
100
AcDbEntity
  8
0
100
AcDbFace
 10
-116.48547277097991
 20
38.34235040543557
 30
10.0
 11
-116.65356222477148
 21
38.20440295574685
 31
10.0
 12
-116.6261227709799
 22
38.20170040543557
 32
10.0
 13
-116.6261227709799
 23
38.20170040543557
 33
10.0
  0
3DFACE
  5
64
330
17
100
AcDbEntity
  8
0
100
AcDbFace
 10
-116.48547277097991
 20
38.34235040543557
 30
10.0
 11
-116.6261227709799
 21
38.20170040543557
 31
10.0
 12
-116.59868331718833
 22
38.20440295574685
 32
10.0
 13
-116.59868331718833
 23
38.20440295574685
 33
10.0
  0
3DFACE
  5
65
330
17
100
AcDbEntity
  8
0
100
AcDbFace
 10
-116.48547277097991
 20
38.34235040543557
 30
10.0
 11
-116.59868331718833
 21
38.20440295574685
 31
10.0
 12
-116.57229834621775
 22
38.212406749187856
 32
10.0
 13
-116.57229834621775
 23
38.212406749187856
 33
10.0
  0
3DFACE
  5
66
330
17
100
AcDbEntity
  8
0
100
AcDbFace
 10
-116.48547277097991
 20
38.34235040543557
 30
10.0
 11
-116.57229834621775
 21
38.212406749187856
 31
10.0
 12
-116.5479818177057
 22
38.225404204465214
 32
10.0
 13
-116.5479818177057
 23
38.225404204465214
 33
10.0
  0
3DFACE
  5
67
330
17
100
AcDbEntity
  8
0
100
AcDbFace
 10
-116.48547277097991
 20
38.34235040543557
 30
10.0
 11
-116.5479818177057
 21
38.225404204465214
 31
10.0
 12
-116.52666820220601
 22
38.24289583666168
 32
10.0
 13
-116.52666820220601
 23
38.24289583666168
 33
10.0
  0
3DFACE
  5
68
330
17
100
AcDbEntity
  8
0
100
AcDbFace
 10
-116.48547277097991
 20
38.34235040543557
 30
10.0
 11
-116.52666820220601
 21
38.24289583666168
 31
10.0
 12
-116.50917657000956
 22
38.26420945216136
 32
10.0
 13
-116.50917657000956
 23
38.26420945216136
 33
10.0
  0
3DFACE
  5
69
330
17
100
AcDbEntity
  8
0
100
AcDbFace
 10
-116.48547277097991
 20
38.34235040543557
 30
10.0
 11
-116.50917657000956
 21
38.26420945216136
 31
10.0
 12
-116.49617911473219
 22
38.28852598067342
 32
10.0
 13
-116.49617911473219
 23
38.28852598067342
 33
10.0
  0
3DFACE
  5
6A
330
17
100
AcDbEntity
  8
0
100
AcDbFace
 10
-116.48547277097991
 20
38.34235040543557
 30
10.0
 11
-116.49617911473219
 21
38.28852598067342
 31
10.0
 12
-116.4881753212912
 22
38.314910951644
 32
10.0
 13
-116.4881753212912
 23
38.314910951644
 33
10.0
  0
3DFACE
  5
6B
330
17
100
AcDbEntity
  8
0
100
AcDbFace
 10
-116.48547277097991
 20
38.34235040543557
 30
0.0
 11
-116.4881753212912
 21
38.36978985922713
 31
0.0
 12
-116.4881753212912
 22
38.36978985922713
 32
10.0
 13
-116.48547277097991
 23
38.34235040543557
 33
10.0
  0
3DFACE
  5
6C
330
17
100
AcDbEntity
  8
0
100
AcDbFace
 10
-116.4881753212912
 20
38.36978985922713
 30
0.0
 11
-116.49617911473219
 21
38.396174830197715
 31
0.0
 12
-116.49617911473219
 22
38.396174830197715
 32
10.0
 13
-116.4881753212912
 23
38.36978985922713
 33
10.0
  0
3DFACE
  5
6D
330
17
100
AcDbEntity
  8
0
100
AcDbFace
 10
-116.49617911473219
 20
38.396174830197715
 30
0.0
 11
-116.50917657000956
 21
38.420491358709775
 31
0.0
 12
-116.50917657000956
 22
38.420491358709775
 32
10.0
 13
-116.49617911473219
 23
38.396174830197715
 33
10.0
  0
3DFACE
  5
6E
330
17
100
AcDbEntity
  8
0
100
AcDbFace
 10
-116.50917657000956
 20
38.420491358709775
 30
0.0
 11
-116.52666820220601
 21
38.441804974209454
 31
0.0
 12
-116.52666820220601
 22
38.441804974209454
 32
10.0
 13
-116.50917657000956
 23
38.420491358709775
 33
10.0
  0
3DFACE
  5
6F
330
17
100
AcDbEntity
  8
0
100
AcDbFace
 10
-116.52666820220601
 20
38.441804974209454
 30
0.0
 11
-116.5479818177057
 21
38.45929660640592
 31
0.0
 12
-116.5479818177057
 22
38.45929660640592
 32
10.0
 13
-116.52666820220601
 23
38.441804974209454
 33
10.0
  0
3DFACE
  5
70
330
17
100
AcDbEntity
  8
0
100
AcDbFace
 10
-116.5479818177057
 20
38.45929660640592
 30
0.0
 11
-116.57229834621775
 21
38.47229406168328
 31
0.0
 12
-116.57229834621775
 22
38.47229406168328
 32
10.0
 13
-116.5479818177057
 23
38.45929660640592
 33
10.0
  0
3DFACE
  5
71
330
17
100
AcDbEntity
  8
0
100
AcDbFace
 10
-116.57229834621775
 20
38.47229406168328
 30
0.0
 11
-116.59868331718833
 21
38.480297855124284
 31
0.0
 12
-116.59868331718833
 22
38.480297855124284
 32
10.0
 13
-116.57229834621775
 23
38.47229406168328
 33
10.0
  0
3DFACE
  5
72
330
17
100
AcDbEntity
  8
0
100
AcDbFace
 10
-116.59868331718833
 20
38.480297855124284
 30
0.0
 11
-116.6261227709799
 21
38.48300040543557
 31
0.0
 12
-116.6261227709799
 22
38.48300040543557
 32
10.0
 13
-116.59868331718833
 23
38.480297855124284
 33
10.0
  0
3DFACE
  5
73
330
17
100
AcDbEntity
  8
0
100
AcDbFace
 10
-116.6261227709799
 20
38.48300040543557
 30
0.0
 11
-116.65356222477148
 21
38.480297855124284
 31
0.0
 12
-116.65356222477148
 22
38.480297855124284
 32
10.0
 13
-116.6261227709799
 23
38.48300040543557
 33
10.0
  0
3DFACE
  5
74
330
17
100
AcDbEntity
  8
0
100
AcDbFace
 10
-116.65356222477148
 20
38.480297855124284
 30
0.0
 11
-116.67994719574206
 21
38.47229406168328
 31
0.0
 12
-116.67994719574206
 22
38.47229406168328
 32
10.0
 13
-116.65356222477148
 23
38.480297855124284
 33
10.0
  0
3DFACE
  5
75
330
17
100
AcDbEntity
  8
0
100
AcDbFace
 10
-116.67994719574206
 20
38.47229406168328
 30
0.0
 11
-116.7042637242541
 21
38.45929660640592
 31
0.0
 12
-116.7042637242541
 22
38.45929660640592
 32
10.0
 13
-116.67994719574206
 23
38.47229406168328
 33
10.0
  0
3DFACE
  5
76
330
17
100
AcDbEntity
  8
0
100
AcDbFace
 10
-116.7042637242541
 20
38.45929660640592
 30
0.0
 11
-116.7255773397538
 21
38.441804974209454
 31
0.0
 12
-116.7255773397538
 22
38.441804974209454
 32
10.0
 13
-116.7042637242541
 23
38.45929660640592
 33
10.0
  0
3DFACE
  5
77
330
17
100
AcDbEntity
  8
0
100
AcDbFace
 10
-116.7255773397538
 20
38.441804974209454
 30
0.0
 11
-116.74306897195025
 21
38.420491358709775
 31
0.0
 12
-116.74306897195025
 22
38.420491358709775
 32
10.0
 13
-116.7255773397538
 23
38.441804974209454
 33
10.0
  0
3DFACE
  5
78
330
17
100
AcDbEntity
  8
0
100
AcDbFace
 10
-116.74306897195025
 20
38.420491358709775
 30
0.0
 11
-116.75606642722762
 21
38.396174830197715
 31
0.0
 12
-116.75606642722762
 22
38.396174830197715
 32
10.0
 13
-116.74306897195025
 23
38.420491358709775
 33
10.0
  0
3DFACE
  5
79
330
17
100
AcDbEntity
  8
0
100
AcDbFace
 10
-116.75606642722762
 20
38.396174830197715
 30
0.0
 11
-116.76407022066861
 21
38.36978985922713
 31
0.0
 12
-116.76407022066861
 22
38.36978985922713
 32
10.0
 13
-116.75606642722762
 23
38.396174830197715
 33
10.0
  0
3DFACE
  5
7A
330
17
100
AcDbEntity
  8
0
100
AcDbFace
 10
-116.76407022066861
 20
38.36978985922713
 30
0.0
 11
-116.7667727709799
 21
38.34235040543557
 31
0.0
 12
-116.7667727709799
 22
38.34235040543557
 32
10.0
 13
-116.76407022066861
 23
38.36978985922713
 33
10.0
  0
3DFACE
  5
7B
330
17
100
AcDbEntity
  8
0
100
AcDbFace
 10
-116.7667727709799
 20
38.34235040543557
 30
0.0
 11
-116.76407022066861
 21
38.314910951644
 31
0.0
 12
-116.76407022066861
 22
38.314910951644
 32
10.0
 13
-116.7667727709799
 23
38.34235040543557
 33
10.0
  0
3DFACE
  5
7C
330
17
100
AcDbEntity
  8
0
100
AcDbFace
 10
-116.76407022066861
 20
38.314910951644
 30
0.0
 11
-116.75606642722762
 21
38.28852598067342
 31
0.0
 12
-116.75606642722762
 22
38.28852598067342
 32
10.0
 13
-116.76407022066861
 23
38.314910951644
 33
10.0
  0
3DFACE
  5
7D
330
17
100
AcDbEntity
  8
0
100
AcDbFace
 10
-116.75606642722762
 20
38.28852598067342
 30
0.0
 11
-116.74306897195025
 21
38.26420945216136
 31
0.0
 12
-116.74306897195025
 22
38.26420945216136
 32
10.0
 13
-116.75606642722762
 23
38.28852598067342
 33
10.0
  0
3DFACE
  5
7E
330
17
100
AcDbEntity
  8
0
100
AcDbFace
 10
-116.74306897195025
 20
38.26420945216136
 30
0.0
 11
-116.7255773397538
 21
38.24289583666168
 31
0.0
 12
-116.7255773397538
 22
38.24289583666168
 32
10.0
 13
-116.74306897195025
 23
38.26420945216136
 33
10.0
  0
3DFACE
  5
7F
330
17
100
AcDbEntity
  8
0
100
AcDbFace
 10
-116.7255773397538
 20
38.24289583666168
 30
0.0
 11
-116.7042637242541
 21
38.225404204465214
 31
0.0
 12
-116.7042637242541
 22
38.225404204465214
 32
10.0
 13
-116.7255773397538
 23
38.24289583666168
 33
10.0
  0
3DFACE
  5
80
330
17
100
AcDbEntity
  8
0
100
AcDbFace
 10
-116.7042637242541
 20
38.225404204465214
 30
0.0
 11
-116.67994719574206
 21
38.212406749187856
 31
0.0
 12
-116.67994719574206
 22
38.212406749187856
 32
10.0
 13
-116.7042637242541
 23
38.225404204465214
 33
10.0
  0
3DFACE
  5
81
330
17
100
AcDbEntity
  8
0
100
AcDbFace
 10
-116.67994719574206
 20
38.212406749187856
 30
0.0
 11
-116.65356222477148
 21
38.20440295574685
 31
0.0
 12
-116.65356222477148
 22
38.20440295574685
 32
10.0
 13
-116.67994719574206
 23
38.212406749187856
 33
10.0
  0
3DFACE
  5
82
330
17
100
AcDbEntity
  8
0
100
AcDbFace
 10
-116.65356222477148
 20
38.20440295574685
 30
0.0
 11
-116.6261227709799
 21
38.20170040543557
 31
0.0
 12
-116.6261227709799
 22
38.20170040543557
 32
10.0
 13
-116.65356222477148
 23
38.20440295574685
 33
10.0
  0
3DFACE
  5
83
330
17
100
AcDbEntity
  8
0
100
AcDbFace
 10
-116.6261227709799
 20
38.20170040543557
 30
0.0
 11
-116.59868331718833
 21
38.20440295574685
 31
0.0
 12
-116.59868331718833
 22
38.20440295574685
 32
10.0
 13
-116.6261227709799
 23
38.20170040543557
 33
10.0
  0
3DFACE
  5
84
330
17
100
AcDbEntity
  8
0
100
AcDbFace
 10
-116.59868331718833
 20
38.20440295574685
 30
0.0
 11
-116.57229834621775
 21
38.212406749187856
 31
0.0
 12
-116.57229834621775
 22
38.212406749187856
 32
10.0
 13
-116.59868331718833
 23
38.20440295574685
 33
10.0
  0
3DFACE
  5
85
330
17
100
AcDbEntity
  8
0
100
AcDbFace
 10
-116.57229834621775
 20
38.212406749187856
 30
0.0
 11
-116.5479818177057
 21
38.225404204465214
 31
0.0
 12
-116.5479818177057
 22
38.225404204465214
 32
10.0
 13
-116.57229834621775
 23
38.212406749187856
 33
10.0
  0
3DFACE
  5
86
330
17
100
AcDbEntity
  8
0
100
AcDbFace
 10
-116.5479818177057
 20
38.225404204465214
 30
0.0
 11
-116.52666820220601
 21
38.24289583666168
 31
0.0
 12
-116.52666820220601
 22
38.24289583666168
 32
10.0
 13
-116.5479818177057
 23
38.225404204465214
 33
10.0
  0
3DFACE
  5
87
330
17
100
AcDbEntity
  8
0
100
AcDbFace
 10
-116.52666820220601
 20
38.24289583666168
 30
0.0
 11
-116.50917657000956
 21
38.26420945216136
 31
0.0
 12
-116.50917657000956
 22
38.26420945216136
 32
10.0
 13
-116.52666820220601
 23
38.24289583666168
 33
10.0
  0
3DFACE
  5
88
330
17
100
AcDbEntity
  8
0
100
AcDbFace
 10
-116.50917657000956
 20
38.26420945216136
 30
0.0
 11
-116.49617911473219
 21
38.28852598067342
 31
0.0
 12
-116.49617911473219
 22
38.28852598067342
 32
10.0
 13
-116.50917657000956
 23
38.26420945216136
 33
10.0
  0
3DFACE
  5
89
330
17
100
AcDbEntity
  8
0
100
AcDbFace
 10
-116.49617911473219
 20
38.28852598067342
 30
0.0
 11
-116.4881753212912
 21
38.314910951644
 31
0.0
 12
-116.4881753212912
 22
38.314910951644
 32
10.0
 13
-116.49617911473219
 23
38.28852598067342
 33
10.0
  0
3DFACE
  5
8A
330
17
100
AcDbEntity
  8
0
100
AcDbFace
 10
-116.4881753212912
 20
38.314910951644
 30
0.0
 11
-116.48547277097991
 21
38.34235040543557
 31
0.0
 12
-116.48547277097991
 22
38.34235040543557
 32
10.0
 13
-116.4881753212912
 23
38.314910951644
 33
10.0
  0
3DFACE
  5
8B
330
17
100
AcDbEntity
  8
0
100
AcDbFace
 10
-116.48547277097991
 20
67.59235040543561
 30
0.0
 11
-116.4881753212912
 21
67.61978985922718
 31
0.0
 12
-116.49617911473219
 22
67.64617483019777
 32
0.0
 13
-116.49617911473219
 23
67.64617483019777
 33
0.0
  0
3DFACE
  5
8C
330
17
100
AcDbEntity
  8
0
100
AcDbFace
 10
-116.48547277097991
 20
67.59235040543561
 30
0.0
 11
-116.49617911473219
 21
67.64617483019777
 31
0.0
 12
-116.50917657000956
 22
67.67049135870981
 32
0.0
 13
-116.50917657000956
 23
67.67049135870981
 33
0.0
  0
3DFACE
  5
8D
330
17
100
AcDbEntity
  8
0
100
AcDbFace
 10
-116.48547277097991
 20
67.59235040543561
 30
0.0
 11
-116.50917657000956
 21
67.67049135870981
 31
0.0
 12
-116.52666820220601
 22
67.6918049742095
 32
0.0
 13
-116.52666820220601
 23
67.6918049742095
 33
0.0
  0
3DFACE
  5
8E
330
17
100
AcDbEntity
  8
0
100
AcDbFace
 10
-116.48547277097991
 20
67.59235040543561
 30
0.0
 11
-116.52666820220601
 21
67.6918049742095
 31
0.0
 12
-116.5479818177057
 22
67.70929660640596
 32
0.0
 13
-116.5479818177057
 23
67.70929660640596
 33
0.0
  0
3DFACE
  5
8F
330
17
100
AcDbEntity
  8
0
100
AcDbFace
 10
-116.48547277097991
 20
67.59235040543561
 30
0.0
 11
-116.5479818177057
 21
67.70929660640596
 31
0.0
 12
-116.57229834621775
 22
67.72229406168333
 32
0.0
 13
-116.57229834621775
 23
67.72229406168333
 33
0.0
  0
3DFACE
  5
90
330
17
100
AcDbEntity
  8
0
100
AcDbFace
 10
-116.48547277097991
 20
67.59235040543561
 30
0.0
 11
-116.57229834621775
 21
67.72229406168333
 31
0.0
 12
-116.59868331718833
 22
67.73029785512432
 32
0.0
 13
-116.59868331718833
 23
67.73029785512432
 33
0.0
  0
3DFACE
  5
91
330
17
100
AcDbEntity
  8
0
100
AcDbFace
 10
-116.48547277097991
 20
67.59235040543561
 30
0.0
 11
-116.59868331718833
 21
67.73029785512432
 31
0.0
 12
-116.6261227709799
 22
67.7330004054356
 32
0.0
 13
-116.6261227709799
 23
67.7330004054356
 33
0.0
  0
3DFACE
  5
92
330
17
100
AcDbEntity
  8
0
100
AcDbFace
 10
-116.48547277097991
 20
67.59235040543561
 30
0.0
 11
-116.6261227709799
 21
67.7330004054356
 31
0.0
 12
-116.65356222477148
 22
67.73029785512432
 32
0.0
 13
-116.65356222477148
 23
67.73029785512432
 33
0.0
  0
3DFACE
  5
93
330
17
100
AcDbEntity
  8
0
100
AcDbFace
 10
-116.48547277097991
 20
67.59235040543561
 30
0.0
 11
-116.65356222477148
 21
67.73029785512432
 31
0.0
 12
-116.67994719574206
 22
67.72229406168333
 32
0.0
 13
-116.67994719574206
 23
67.72229406168333
 33
0.0
  0
3DFACE
  5
94
330
17
100
AcDbEntity
  8
0
100
AcDbFace
 10
-116.48547277097991
 20
67.59235040543561
 30
0.0
 11
-116.67994719574206
 21
67.72229406168333
 31
0.0
 12
-116.7042637242541
 22
67.70929660640596
 32
0.0
 13
-116.7042637242541
 23
67.70929660640596
 33
0.0
  0
3DFACE
  5
95
330
17
100
AcDbEntity
  8
0
100
AcDbFace
 10
-116.48547277097991
 20
67.59235040543561
 30
0.0
 11
-116.7042637242541
 21
67.70929660640596
 31
0.0
 12
-116.7255773397538
 22
67.6918049742095
 32
0.0
 13
-116.7255773397538
 23
67.6918049742095
 33
0.0
  0
3DFACE
  5
96
330
17
100
AcDbEntity
  8
0
100
AcDbFace
 10
-116.48547277097991
 20
67.59235040543561
 30
0.0
 11
-116.7255773397538
 21
67.6918049742095
 31
0.0
 12
-116.74306897195025
 22
67.67049135870981
 32
0.0
 13
-116.74306897195025
 23
67.67049135870981
 33
0.0
  0
3DFACE
  5
97
330
17
100
AcDbEntity
  8
0
100
AcDbFace
 10
-116.48547277097991
 20
67.59235040543561
 30
0.0
 11
-116.74306897195025
 21
67.67049135870981
 31
0.0
 12
-116.75606642722762
 22
67.64617483019777
 32
0.0
 13
-116.75606642722762
 23
67.64617483019777
 33
0.0
  0
3DFACE
  5
98
330
17
100
AcDbEntity
  8
0
100
AcDbFace
 10
-116.48547277097991
 20
67.59235040543561
 30
0.0
 11
-116.75606642722762
 21
67.64617483019777
 31
0.0
 12
-116.76407022066861
 22
67.61978985922718
 32
0.0
 13
-116.76407022066861
 23
67.61978985922718
 33
0.0
  0
3DFACE
  5
99
330
17
100
AcDbEntity
  8
0
100
AcDbFace
 10
-116.48547277097991
 20
67.59235040543561
 30
0.0
 11
-116.76407022066861
 21
67.61978985922718
 31
0.0
 12
-116.7667727709799
 22
67.59235040543561
 32
0.0
 13
-116.7667727709799
 23
67.59235040543561
 33
0.0
  0
3DFACE
  5
9A
330
17
100
AcDbEntity
  8
0
100
AcDbFace
 10
-116.48547277097991
 20
67.59235040543561
 30
0.0
 11
-116.7667727709799
 21
67.59235040543561
 31
0.0
 12
-116.76407022066861
 22
67.56491095164404
 32
0.0
 13
-116.76407022066861
 23
67.56491095164404
 33
0.0
  0
3DFACE
  5
9B
330
17
100
AcDbEntity
  8
0
100
AcDbFace
 10
-116.48547277097991
 20
67.59235040543561
 30
0.0
 11
-116.76407022066861
 21
67.56491095164404
 31
0.0
 12
-116.75606642722762
 22
67.53852598067346
 32
0.0
 13
-116.75606642722762
 23
67.53852598067346
 33
0.0
  0
3DFACE
  5
9C
330
17
100
AcDbEntity
  8
0
100
AcDbFace
 10
-116.48547277097991
 20
67.59235040543561
 30
0.0
 11
-116.75606642722762
 21
67.53852598067346
 31
0.0
 12
-116.74306897195025
 22
67.51420945216141
 32
0.0
 13
-116.74306897195025
 23
67.51420945216141
 33
0.0
  0
3DFACE
  5
9D
330
17
100
AcDbEntity
  8
0
100
AcDbFace
 10
-116.48547277097991
 20
67.59235040543561
 30
0.0
 11
-116.74306897195025
 21
67.51420945216141
 31
0.0
 12
-116.7255773397538
 22
67.49289583666172
 32
0.0
 13
-116.7255773397538
 23
67.49289583666172
 33
0.0
  0
3DFACE
  5
9E
330
17
100
AcDbEntity
  8
0
100
AcDbFace
 10
-116.48547277097991
 20
67.59235040543561
 30
0.0
 11
-116.7255773397538
 21
67.49289583666172
 31
0.0
 12
-116.7042637242541
 22
67.47540420446526
 32
0.0
 13
-116.7042637242541
 23
67.47540420446526
 33
0.0
  0
3DFACE
  5
9F
330
17
100
AcDbEntity
  8
0
100
AcDbFace
 10
-116.48547277097991
 20
67.59235040543561
 30
0.0
 11
-116.7042637242541
 21
67.47540420446526
 31
0.0
 12
-116.67994719574206
 22
67.46240674918789
 32
0.0
 13
-116.67994719574206
 23
67.46240674918789
 33
0.0
  0
3DFACE
  5
A0
330
17
100
AcDbEntity
  8
0
100
AcDbFace
 10
-116.48547277097991
 20
67.59235040543561
 30
0.0
 11
-116.67994719574206
 21
67.46240674918789
 31
0.0
 12
-116.65356222477148
 22
67.4544029557469
 32
0.0
 13
-116.65356222477148
 23
67.4544029557469
 33
0.0
  0
3DFACE
  5
A1
330
17
100
AcDbEntity
  8
0
100
AcDbFace
 10
-116.48547277097991
 20
67.59235040543561
 30
0.0
 11
-116.65356222477148
 21
67.4544029557469
 31
0.0
 12
-116.6261227709799
 22
67.45170040543562
 32
0.0
 13
-116.6261227709799
 23
67.45170040543562
 33
0.0
  0
3DFACE
  5
A2
330
17
100
AcDbEntity
  8
0
100
AcDbFace
 10
-116.48547277097991
 20
67.59235040543561
 30
0.0
 11
-116.6261227709799
 21
67.45170040543562
 31
0.0
 12
-116.59868331718833
 22
67.4544029557469
 32
0.0
 13
-116.59868331718833
 23
67.4544029557469
 33
0.0
  0
3DFACE
  5
A3
330
17
100
AcDbEntity
  8
0
100
AcDbFace
 10
-116.48547277097991
 20
67.59235040543561
 30
0.0
 11
-116.59868331718833
 21
67.4544029557469
 31
0.0
 12
-116.57229834621775
 22
67.46240674918789
 32
0.0
 13
-116.57229834621775
 23
67.46240674918789
 33
0.0
  0
3DFACE
  5
A4
330
17
100
AcDbEntity
  8
0
100
AcDbFace
 10
-116.48547277097991
 20
67.59235040543561
 30
0.0
 11
-116.57229834621775
 21
67.46240674918789
 31
0.0
 12
-116.5479818177057
 22
67.47540420446526
 32
0.0
 13
-116.5479818177057
 23
67.47540420446526
 33
0.0
  0
3DFACE
  5
A5
330
17
100
AcDbEntity
  8
0
100
AcDbFace
 10
-116.48547277097991
 20
67.59235040543561
 30
0.0
 11
-116.5479818177057
 21
67.47540420446526
 31
0.0
 12
-116.52666820220601
 22
67.49289583666172
 32
0.0
 13
-116.52666820220601
 23
67.49289583666172
 33
0.0
  0
3DFACE
  5
A6
330
17
100
AcDbEntity
  8
0
100
AcDbFace
 10
-116.48547277097991
 20
67.59235040543561
 30
0.0
 11
-116.52666820220601
 21
67.49289583666172
 31
0.0
 12
-116.50917657000956
 22
67.51420945216141
 32
0.0
 13
-116.50917657000956
 23
67.51420945216141
 33
0.0
  0
3DFACE
  5
A7
330
17
100
AcDbEntity
  8
0
100
AcDbFace
 10
-116.48547277097991
 20
67.59235040543561
 30
0.0
 11
-116.50917657000956
 21
67.51420945216141
 31
0.0
 12
-116.49617911473219
 22
67.53852598067346
 32
0.0
 13
-116.49617911473219
 23
67.53852598067346
 33
0.0
  0
3DFACE
  5
A8
330
17
100
AcDbEntity
  8
0
100
AcDbFace
 10
-116.48547277097991
 20
67.59235040543561
 30
0.0
 11
-116.49617911473219
 21
67.53852598067346
 31
0.0
 12
-116.4881753212912
 22
67.56491095164404
 32
0.0
 13
-116.4881753212912
 23
67.56491095164404
 33
0.0
  0
3DFACE
  5
A9
330
17
100
AcDbEntity
  8
0
100
AcDbFace
 10
-116.48547277097991
 20
67.59235040543561
 30
10.0
 11
-116.4881753212912
 21
67.61978985922718
 31
10.0
 12
-116.49617911473219
 22
67.64617483019777
 32
10.0
 13
-116.49617911473219
 23
67.64617483019777
 33
10.0
  0
3DFACE
  5
AA
330
17
100
AcDbEntity
  8
0
100
AcDbFace
 10
-116.48547277097991
 20
67.59235040543561
 30
10.0
 11
-116.49617911473219
 21
67.64617483019777
 31
10.0
 12
-116.50917657000956
 22
67.67049135870981
 32
10.0
 13
-116.50917657000956
 23
67.67049135870981
 33
10.0
  0
3DFACE
  5
AB
330
17
100
AcDbEntity
  8
0
100
AcDbFace
 10
-116.48547277097991
 20
67.59235040543561
 30
10.0
 11
-116.50917657000956
 21
67.67049135870981
 31
10.0
 12
-116.52666820220601
 22
67.6918049742095
 32
10.0
 13
-116.52666820220601
 23
67.6918049742095
 33
10.0
  0
3DFACE
  5
AC
330
17
100
AcDbEntity
  8
0
100
AcDbFace
 10
-116.48547277097991
 20
67.59235040543561
 30
10.0
 11
-116.52666820220601
 21
67.6918049742095
 31
10.0
 12
-116.5479818177057
 22
67.70929660640596
 32
10.0
 13
-116.5479818177057
 23
67.70929660640596
 33
10.0
  0
3DFACE
  5
AD
330
17
100
AcDbEntity
  8
0
100
AcDbFace
 10
-116.48547277097991
 20
67.59235040543561
 30
10.0
 11
-116.5479818177057
 21
67.70929660640596
 31
10.0
 12
-116.57229834621775
 22
67.72229406168333
 32
10.0
 13
-116.57229834621775
 23
67.72229406168333
 33
10.0
  0
3DFACE
  5
AE
330
17
100
AcDbEntity
  8
0
100
AcDbFace
 10
-116.48547277097991
 20
67.59235040543561
 30
10.0
 11
-116.57229834621775
 21
67.72229406168333
 31
10.0
 12
-116.59868331718833
 22
67.73029785512432
 32
10.0
 13
-116.59868331718833
 23
67.73029785512432
 33
10.0
  0
3DFACE
  5
AF
330
17
100
AcDbEntity
  8
0
100
AcDbFace
 10
-116.48547277097991
 20
67.59235040543561
 30
10.0
 11
-116.59868331718833
 21
67.73029785512432
 31
10.0
 12
-116.6261227709799
 22
67.7330004054356
 32
10.0
 13
-116.6261227709799
 23
67.7330004054356
 33
10.0
  0
3DFACE
  5
B0
330
17
100
AcDbEntity
  8
0
100
AcDbFace
 10
-116.48547277097991
 20
67.59235040543561
 30
10.0
 11
-116.6261227709799
 21
67.7330004054356
 31
10.0
 12
-116.65356222477148
 22
67.73029785512432
 32
10.0
 13
-116.65356222477148
 23
67.73029785512432
 33
10.0
  0
3DFACE
  5
B1
330
17
100
AcDbEntity
  8
0
100
AcDbFace
 10
-116.48547277097991
 20
67.59235040543561
 30
10.0
 11
-116.65356222477148
 21
67.73029785512432
 31
10.0
 12
-116.67994719574206
 22
67.72229406168333
 32
10.0
 13
-116.67994719574206
 23
67.72229406168333
 33
10.0
  0
3DFACE
  5
B2
330
17
100
AcDbEntity
  8
0
100
AcDbFace
 10
-116.48547277097991
 20
67.59235040543561
 30
10.0
 11
-116.67994719574206
 21
67.72229406168333
 31
10.0
 12
-116.7042637242541
 22
67.70929660640596
 32
10.0
 13
-116.7042637242541
 23
67.70929660640596
 33
10.0
  0
3DFACE
  5
B3
330
17
100
AcDbEntity
  8
0
100
AcDbFace
 10
-116.48547277097991
 20
67.59235040543561
 30
10.0
 11
-116.7042637242541
 21
67.70929660640596
 31
10.0
 12
-116.7255773397538
 22
67.6918049742095
 32
10.0
 13
-116.7255773397538
 23
67.6918049742095
 33
10.0
  0
3DFACE
  5
B4
330
17
100
AcDbEntity
  8
0
100
AcDbFace
 10
-116.48547277097991
 20
67.59235040543561
 30
10.0
 11
-116.7255773397538
 21
67.6918049742095
 31
10.0
 12
-116.74306897195025
 22
67.67049135870981
 32
10.0
 13
-116.74306897195025
 23
67.67049135870981
 33
10.0
  0
3DFACE
  5
B5
330
17
100
AcDbEntity
  8
0
100
AcDbFace
 10
-116.48547277097991
 20
67.59235040543561
 30
10.0
 11
-116.74306897195025
 21
67.67049135870981
 31
10.0
 12
-116.75606642722762
 22
67.64617483019777
 32
10.0
 13
-116.75606642722762
 23
67.64617483019777
 33
10.0
  0
3DFACE
  5
B6
330
17
100
AcDbEntity
  8
0
100
AcDbFace
 10
-116.48547277097991
 20
67.59235040543561
 30
10.0
 11
-116.75606642722762
 21
67.64617483019777
 31
10.0
 12
-116.76407022066861
 22
67.61978985922718
 32
10.0
 13
-116.76407022066861
 23
67.61978985922718
 33
10.0
  0
3DFACE
  5
B7
330
17
100
AcDbEntity
  8
0
100
AcDbFace
 10
-116.48547277097991
 20
67.59235040543561
 30
10.0
 11
-116.76407022066861
 21
67.61978985922718
 31
10.0
 12
-116.7667727709799
 22
67.59235040543561
 32
10.0
 13
-116.7667727709799
 23
67.59235040543561
 33
10.0
  0
3DFACE
  5
B8
330
17
100
AcDbEntity
  8
0
100
AcDbFace
 10
-116.48547277097991
 20
67.59235040543561
 30
10.0
 11
-116.7667727709799
 21
67.59235040543561
 31
10.0
 12
-116.76407022066861
 22
67.56491095164404
 32
10.0
 13
-116.76407022066861
 23
67.56491095164404
 33
10.0
  0
3DFACE
  5
B9
330
17
100
AcDbEntity
  8
0
100
AcDbFace
 10
-116.48547277097991
 20
67.59235040543561
 30
10.0
 11
-116.76407022066861
 21
67.56491095164404
 31
10.0
 12
-116.75606642722762
 22
67.53852598067346
 32
10.0
 13
-116.75606642722762
 23
67.53852598067346
 33
10.0
  0
3DFACE
  5
BA
330
17
100
AcDbEntity
  8
0
100
AcDbFace
 10
-116.48547277097991
 20
67.59235040543561
 30
10.0
 11
-116.75606642722762
 21
67.53852598067346
 31
10.0
 12
-116.74306897195025
 22
67.51420945216141
 32
10.0
 13
-116.74306897195025
 23
67.51420945216141
 33
10.0
  0
3DFACE
  5
BB
330
17
100
AcDbEntity
  8
0
100
AcDbFace
 10
-116.48547277097991
 20
67.59235040543561
 30
10.0
 11
-116.74306897195025
 21
67.51420945216141
 31
10.0
 12
-116.7255773397538
 22
67.49289583666172
 32
10.0
 13
-116.7255773397538
 23
67.49289583666172
 33
10.0
  0
3DFACE
  5
BC
330
17
100
AcDbEntity
  8
0
100
AcDbFace
 10
-116.48547277097991
 20
67.59235040543561
 30
10.0
 11
-116.7255773397538
 21
67.49289583666172
 31
10.0
 12
-116.7042637242541
 22
67.47540420446526
 32
10.0
 13
-116.7042637242541
 23
67.47540420446526
 33
10.0
  0
3DFACE
  5
BD
330
17
100
AcDbEntity
  8
0
100
AcDbFace
 10
-116.48547277097991
 20
67.59235040543561
 30
10.0
 11
-116.7042637242541
 21
67.47540420446526
 31
10.0
 12
-116.67994719574206
 22
67.46240674918789
 32
10.0
 13
-116.67994719574206
 23
67.46240674918789
 33
10.0
  0
3DFACE
  5
BE
330
17
100
AcDbEntity
  8
0
100
AcDbFace
 10
-116.48547277097991
 20
67.59235040543561
 30
10.0
 11
-116.67994719574206
 21
67.46240674918789
 31
10.0
 12
-116.65356222477148
 22
67.4544029557469
 32
10.0
 13
-116.65356222477148
 23
67.4544029557469
 33
10.0
  0
3DFACE
  5
BF
330
17
100
AcDbEntity
  8
0
100
AcDbFace
 10
-116.48547277097991
 20
67.59235040543561
 30
10.0
 11
-116.65356222477148
 21
67.4544029557469
 31
10.0
 12
-116.6261227709799
 22
67.45170040543562
 32
10.0
 13
-116.6261227709799
 23
67.45170040543562
 33
10.0
  0
3DFACE
  5
C0
330
17
100
AcDbEntity
  8
0
100
AcDbFace
 10
-116.48547277097991
 20
67.59235040543561
 30
10.0
 11
-116.6261227709799
 21
67.45170040543562
 31
10.0
 12
-116.59868331718833
 22
67.4544029557469
 32
10.0
 13
-116.59868331718833
 23
67.4544029557469
 33
10.0
  0
3DFACE
  5
C1
330
17
100
AcDbEntity
  8
0
100
AcDbFace
 10
-116.48547277097991
 20
67.59235040543561
 30
10.0
 11
-116.59868331718833
 21
67.4544029557469
 31
10.0
 12
-116.57229834621775
 22
67.46240674918789
 32
10.0
 13
-116.57229834621775
 23
67.46240674918789
 33
10.0
  0
3DFACE
  5
C2
330
17
100
AcDbEntity
  8
0
100
AcDbFace
 10
-116.48547277097991
 20
67.59235040543561
 30
10.0
 11
-116.57229834621775
 21
67.46240674918789
 31
10.0
 12
-116.5479818177057
 22
67.47540420446526
 32
10.0
 13
-116.5479818177057
 23
67.47540420446526
 33
10.0
  0
3DFACE
  5
C3
330
17
100
AcDbEntity
  8
0
100
AcDbFace
 10
-116.48547277097991
 20
67.59235040543561
 30
10.0
 11
-116.5479818177057
 21
67.47540420446526
 31
10.0
 12
-116.52666820220601
 22
67.49289583666172
 32
10.0
 13
-116.52666820220601
 23
67.49289583666172
 33
10.0
  0
3DFACE
  5
C4
330
17
100
AcDbEntity
  8
0
100
AcDbFace
 10
-116.48547277097991
 20
67.59235040543561
 30
10.0
 11
-116.52666820220601
 21
67.49289583666172
 31
10.0
 12
-116.50917657000956
 22
67.51420945216141
 32
10.0
 13
-116.50917657000956
 23
67.51420945216141
 33
10.0
  0
3DFACE
  5
C5
330
17
100
AcDbEntity
  8
0
100
AcDbFace
 10
-116.48547277097991
 20
67.59235040543561
 30
10.0
 11
-116.50917657000956
 21
67.51420945216141
 31
10.0
 12
-116.49617911473219
 22
67.53852598067346
 32
10.0
 13
-116.49617911473219
 23
67.53852598067346
 33
10.0
  0
3DFACE
  5
C6
330
17
100
AcDbEntity
  8
0
100
AcDbFace
 10
-116.48547277097991
 20
67.59235040543561
 30
10.0
 11
-116.49617911473219
 21
67.53852598067346
 31
10.0
 12
-116.4881753212912
 22
67.56491095164404
 32
10.0
 13
-116.4881753212912
 23
67.56491095164404
 33
10.0
  0
3DFACE
  5
C7
330
17
100
AcDbEntity
  8
0
100
AcDbFace
 10
-116.48547277097991
 20
67.59235040543561
 30
0.0
 11
-116.4881753212912
 21
67.61978985922718
 31
0.0
 12
-116.4881753212912
 22
67.61978985922718
 32
10.0
 13
-116.48547277097991
 23
67.59235040543561
 33
10.0
  0
3DFACE
  5
C8
330
17
100
AcDbEntity
  8
0
100
AcDbFace
 10
-116.4881753212912
 20
67.61978985922718
 30
0.0
 11
-116.49617911473219
 21
67.64617483019777
 31
0.0
 12
-116.49617911473219
 22
67.64617483019777
 32
10.0
 13
-116.4881753212912
 23
67.61978985922718
 33
10.0
  0
3DFACE
  5
C9
330
17
100
AcDbEntity
  8
0
100
AcDbFace
 10
-116.49617911473219
 20
67.64617483019777
 30
0.0
 11
-116.50917657000956
 21
67.67049135870981
 31
0.0
 12
-116.50917657000956
 22
67.67049135870981
 32
10.0
 13
-116.49617911473219
 23
67.64617483019777
 33
10.0
  0
3DFACE
  5
CA
330
17
100
AcDbEntity
  8
0
100
AcDbFace
 10
-116.50917657000956
 20
67.67049135870981
 30
0.0
 11
-116.52666820220601
 21
67.6918049742095
 31
0.0
 12
-116.52666820220601
 22
67.6918049742095
 32
10.0
 13
-116.50917657000956
 23
67.67049135870981
 33
10.0
  0
3DFACE
  5
CB
330
17
100
AcDbEntity
  8
0
100
AcDbFace
 10
-116.52666820220601
 20
67.6918049742095
 30
0.0
 11
-116.5479818177057
 21
67.70929660640596
 31
0.0
 12
-116.5479818177057
 22
67.70929660640596
 32
10.0
 13
-116.52666820220601
 23
67.6918049742095
 33
10.0
  0
3DFACE
  5
CC
330
17
100
AcDbEntity
  8
0
100
AcDbFace
 10
-116.5479818177057
 20
67.70929660640596
 30
0.0
 11
-116.57229834621775
 21
67.72229406168333
 31
0.0
 12
-116.57229834621775
 22
67.72229406168333
 32
10.0
 13
-116.5479818177057
 23
67.70929660640596
 33
10.0
  0
3DFACE
  5
CD
330
17
100
AcDbEntity
  8
0
100
AcDbFace
 10
-116.57229834621775
 20
67.72229406168333
 30
0.0
 11
-116.59868331718833
 21
67.73029785512432
 31
0.0
 12
-116.59868331718833
 22
67.73029785512432
 32
10.0
 13
-116.57229834621775
 23
67.72229406168333
 33
10.0
  0
3DFACE
  5
CE
330
17
100
AcDbEntity
  8
0
100
AcDbFace
 10
-116.59868331718833
 20
67.73029785512432
 30
0.0
 11
-116.6261227709799
 21
67.7330004054356
 31
0.0
 12
-116.6261227709799
 22
67.7330004054356
 32
10.0
 13
-116.59868331718833
 23
67.73029785512432
 33
10.0
  0
3DFACE
  5
CF
330
17
100
AcDbEntity
  8
0
100
AcDbFace
 10
-116.6261227709799
 20
67.7330004054356
 30
0.0
 11
-116.65356222477148
 21
67.73029785512432
 31
0.0
 12
-116.65356222477148
 22
67.73029785512432
 32
10.0
 13
-116.6261227709799
 23
67.7330004054356
 33
10.0
  0
3DFACE
  5
D0
330
17
100
AcDbEntity
  8
0
100
AcDbFace
 10
-116.65356222477148
 20
67.73029785512432
 30
0.0
 11
-116.67994719574206
 21
67.72229406168333
 31
0.0
 12
-116.67994719574206
 22
67.72229406168333
 32
10.0
 13
-116.65356222477148
 23
67.73029785512432
 33
10.0
  0
3DFACE
  5
D1
330
17
100
AcDbEntity
  8
0
100
AcDbFace
 10
-116.67994719574206
 20
67.72229406168333
 30
0.0
 11
-116.7042637242541
 21
67.70929660640596
 31
0.0
 12
-116.7042637242541
 22
67.70929660640596
 32
10.0
 13
-116.67994719574206
 23
67.72229406168333
 33
10.0
  0
3DFACE
  5
D2
330
17
100
AcDbEntity
  8
0
100
AcDbFace
 10
-116.7042637242541
 20
67.70929660640596
 30
0.0
 11
-116.7255773397538
 21
67.6918049742095
 31
0.0
 12
-116.7255773397538
 22
67.6918049742095
 32
10.0
 13
-116.7042637242541
 23
67.70929660640596
 33
10.0
  0
3DFACE
  5
D3
330
17
100
AcDbEntity
  8
0
100
AcDbFace
 10
-116.7255773397538
 20
67.6918049742095
 30
0.0
 11
-116.74306897195025
 21
67.67049135870981
 31
0.0
 12
-116.74306897195025
 22
67.67049135870981
 32
10.0
 13
-116.7255773397538
 23
67.6918049742095
 33
10.0
  0
3DFACE
  5
D4
330
17
100
AcDbEntity
  8
0
100
AcDbFace
 10
-116.74306897195025
 20
67.67049135870981
 30
0.0
 11
-116.75606642722762
 21
67.64617483019777
 31
0.0
 12
-116.75606642722762
 22
67.64617483019777
 32
10.0
 13
-116.74306897195025
 23
67.67049135870981
 33
10.0
  0
3DFACE
  5
D5
330
17
100
AcDbEntity
  8
0
100
AcDbFace
 10
-116.75606642722762
 20
67.64617483019777
 30
0.0
 11
-116.76407022066861
 21
67.61978985922718
 31
0.0
 12
-116.76407022066861
 22
67.61978985922718
 32
10.0
 13
-116.75606642722762
 23
67.64617483019777
 33
10.0
  0
3DFACE
  5
D6
330
17
100
AcDbEntity
  8
0
100
AcDbFace
 10
-116.76407022066861
 20
67.61978985922718
 30
0.0
 11
-116.7667727709799
 21
67.59235040543561
 31
0.0
 12
-116.7667727709799
 22
67.59235040543561
 32
10.0
 13
-116.76407022066861
 23
67.61978985922718
 33
10.0
  0
3DFACE
  5
D7
330
17
100
AcDbEntity
  8
0
100
AcDbFace
 10
-116.7667727709799
 20
67.59235040543561
 30
0.0
 11
-116.76407022066861
 21
67.56491095164404
 31
0.0
 12
-116.76407022066861
 22
67.56491095164404
 32
10.0
 13
-116.7667727709799
 23
67.59235040543561
 33
10.0
  0
3DFACE
  5
D8
330
17
100
AcDbEntity
  8
0
100
AcDbFace
 10
-116.76407022066861
 20
67.56491095164404
 30
0.0
 11
-116.75606642722762
 21
67.53852598067346
 31
0.0
 12
-116.75606642722762
 22
67.53852598067346
 32
10.0
 13
-116.76407022066861
 23
67.56491095164404
 33
10.0
  0
3DFACE
  5
D9
330
17
100
AcDbEntity
  8
0
100
AcDbFace
 10
-116.75606642722762
 20
67.53852598067346
 30
0.0
 11
-116.74306897195025
 21
67.51420945216141
 31
0.0
 12
-116.74306897195025
 22
67.51420945216141
 32
10.0
 13
-116.75606642722762
 23
67.53852598067346
 33
10.0
  0
3DFACE
  5
DA
330
17
100
AcDbEntity
  8
0
100
AcDbFace
 10
-116.74306897195025
 20
67.51420945216141
 30
0.0
 11
-116.7255773397538
 21
67.49289583666172
 31
0.0
 12
-116.7255773397538
 22
67.49289583666172
 32
10.0
 13
-116.74306897195025
 23
67.51420945216141
 33
10.0
  0
3DFACE
  5
DB
330
17
100
AcDbEntity
  8
0
100
AcDbFace
 10
-116.7255773397538
 20
67.49289583666172
 30
0.0
 11
-116.7042637242541
 21
67.47540420446526
 31
0.0
 12
-116.7042637242541
 22
67.47540420446526
 32
10.0
 13
-116.7255773397538
 23
67.49289583666172
 33
10.0
  0
3DFACE
  5
DC
330
17
100
AcDbEntity
  8
0
100
AcDbFace
 10
-116.7042637242541
 20
67.47540420446526
 30
0.0
 11
-116.67994719574206
 21
67.46240674918789
 31
0.0
 12
-116.67994719574206
 22
67.46240674918789
 32
10.0
 13
-116.7042637242541
 23
67.47540420446526
 33
10.0
  0
3DFACE
  5
DD
330
17
100
AcDbEntity
  8
0
100
AcDbFace
 10
-116.67994719574206
 20
67.46240674918789
 30
0.0
 11
-116.65356222477148
 21
67.4544029557469
 31
0.0
 12
-116.65356222477148
 22
67.4544029557469
 32
10.0
 13
-116.67994719574206
 23
67.46240674918789
 33
10.0
  0
3DFACE
  5
DE
330
17
100
AcDbEntity
  8
0
100
AcDbFace
 10
-116.65356222477148
 20
67.4544029557469
 30
0.0
 11
-116.6261227709799
 21
67.45170040543562
 31
0.0
 12
-116.6261227709799
 22
67.45170040543562
 32
10.0
 13
-116.65356222477148
 23
67.4544029557469
 33
10.0
  0
3DFACE
  5
DF
330
17
100
AcDbEntity
  8
0
100
AcDbFace
 10
-116.6261227709799
 20
67.45170040543562
 30
0.0
 11
-116.59868331718833
 21
67.4544029557469
 31
0.0
 12
-116.59868331718833
 22
67.4544029557469
 32
10.0
 13
-116.6261227709799
 23
67.45170040543562
 33
10.0
  0
3DFACE
  5
E0
330
17
100
AcDbEntity
  8
0
100
AcDbFace
 10
-116.59868331718833
 20
67.4544029557469
 30
0.0
 11
-116.57229834621775
 21
67.46240674918789
 31
0.0
 12
-116.57229834621775
 22
67.46240674918789
 32
10.0
 13
-116.59868331718833
 23
67.4544029557469
 33
10.0
  0
3DFACE
  5
E1
330
17
100
AcDbEntity
  8
0
100
AcDbFace
 10
-116.57229834621775
 20
67.46240674918789
 30
0.0
 11
-116.5479818177057
 21
67.47540420446526
 31
0.0
 12
-116.5479818177057
 22
67.47540420446526
 32
10.0
 13
-116.57229834621775
 23
67.46240674918789
 33
10.0
  0
3DFACE
  5
E2
330
17
100
AcDbEntity
  8
0
100
AcDbFace
 10
-116.5479818177057
 20
67.47540420446526
 30
0.0
 11
-116.52666820220601
 21
67.49289583666172
 31
0.0
 12
-116.52666820220601
 22
67.49289583666172
 32
10.0
 13
-116.5479818177057
 23
67.47540420446526
 33
10.0
  0
3DFACE
  5
E3
330
17
100
AcDbEntity
  8
0
100
AcDbFace
 10
-116.52666820220601
 20
67.49289583666172
 30
0.0
 11
-116.50917657000956
 21
67.51420945216141
 31
0.0
 12
-116.50917657000956
 22
67.51420945216141
 32
10.0
 13
-116.52666820220601
 23
67.49289583666172
 33
10.0
  0
3DFACE
  5
E4
330
17
100
AcDbEntity
  8
0
100
AcDbFace
 10
-116.50917657000956
 20
67.51420945216141
 30
0.0
 11
-116.49617911473219
 21
67.53852598067346
 31
0.0
 12
-116.49617911473219
 22
67.53852598067346
 32
10.0
 13
-116.50917657000956
 23
67.51420945216141
 33
10.0
  0
3DFACE
  5
E5
330
17
100
AcDbEntity
  8
0
100
AcDbFace
 10
-116.49617911473219
 20
67.53852598067346
 30
0.0
 11
-116.4881753212912
 21
67.56491095164404
 31
0.0
 12
-116.4881753212912
 22
67.56491095164404
 32
10.0
 13
-116.49617911473219
 23
67.53852598067346
 33
10.0
  0
3DFACE
  5
E6
330
17
100
AcDbEntity
  8
0
100
AcDbFace
 10
-116.4881753212912
 20
67.56491095164404
 30
0.0
 11
-116.48547277097991
 21
67.59235040543561
 31
0.0
 12
-116.48547277097991
 22
67.59235040543561
 32
10.0
 13
-116.4881753212912
 23
67.56491095164404
 33
10.0
  0
3DFACE
  5
E7
330
17
100
AcDbEntity
  8
0
100
AcDbFace
 10
-74.48547277097987
 20
67.59235040543561
 30
0.0
 11
-74.48817532129115
 21
67.61978985922718
 31
0.0
 12
-74.49617911473214
 22
67.64617483019777
 32
0.0
 13
-74.49617911473214
 23
67.64617483019777
 33
0.0
  0
3DFACE
  5
E8
330
17
100
AcDbEntity
  8
0
100
AcDbFace
 10
-74.48547277097987
 20
67.59235040543561
 30
0.0
 11
-74.49617911473214
 21
67.64617483019777
 31
0.0
 12
-74.50917657000952
 22
67.67049135870981
 32
0.0
 13
-74.50917657000952
 23
67.67049135870981
 33
0.0
  0
3DFACE
  5
E9
330
17
100
AcDbEntity
  8
0
100
AcDbFace
 10
-74.48547277097987
 20
67.59235040543561
 30
0.0
 11
-74.50917657000952
 21
67.67049135870981
 31
0.0
 12
-74.52666820220597
 22
67.6918049742095
 32
0.0
 13
-74.52666820220597
 23
67.6918049742095
 33
0.0
  0
3DFACE
  5
EA
330
17
100
AcDbEntity
  8
0
100
AcDbFace
 10
-74.48547277097987
 20
67.59235040543561
 30
0.0
 11
-74.52666820220597
 21
67.6918049742095
 31
0.0
 12
-74.54798181770566
 22
67.70929660640596
 32
0.0
 13
-74.54798181770566
 23
67.70929660640596
 33
0.0
  0
3DFACE
  5
EB
330
17
100
AcDbEntity
  8
0
100
AcDbFace
 10
-74.48547277097987
 20
67.59235040543561
 30
0.0
 11
-74.54798181770566
 21
67.70929660640596
 31
0.0
 12
-74.5722983462177
 22
67.72229406168333
 32
0.0
 13
-74.5722983462177
 23
67.72229406168333
 33
0.0
  0
3DFACE
  5
EC
330
17
100
AcDbEntity
  8
0
100
AcDbFace
 10
-74.48547277097987
 20
67.59235040543561
 30
0.0
 11
-74.5722983462177
 21
67.72229406168333
 31
0.0
 12
-74.59868331718829
 22
67.73029785512432
 32
0.0
 13
-74.59868331718829
 23
67.73029785512432
 33
0.0
  0
3DFACE
  5
ED
330
17
100
AcDbEntity
  8
0
100
AcDbFace
 10
-74.48547277097987
 20
67.59235040543561
 30
0.0
 11
-74.59868331718829
 21
67.73029785512432
 31
0.0
 12
-74.62612277097986
 22
67.7330004054356
 32
0.0
 13
-74.62612277097986
 23
67.7330004054356
 33
0.0
  0
3DFACE
  5
EE
330
17
100
AcDbEntity
  8
0
100
AcDbFace
 10
-74.48547277097987
 20
67.59235040543561
 30
0.0
 11
-74.62612277097986
 21
67.7330004054356
 31
0.0
 12
-74.65356222477143
 22
67.73029785512432
 32
0.0
 13
-74.65356222477143
 23
67.73029785512432
 33
0.0
  0
3DFACE
  5
EF
330
17
100
AcDbEntity
  8
0
100
AcDbFace
 10
-74.48547277097987
 20
67.59235040543561
 30
0.0
 11
-74.65356222477143
 21
67.73029785512432
 31
0.0
 12
-74.67994719574202
 22
67.72229406168333
 32
0.0
 13
-74.67994719574202
 23
67.72229406168333
 33
0.0
  0
3DFACE
  5
F0
330
17
100
AcDbEntity
  8
0
100
AcDbFace
 10
-74.48547277097987
 20
67.59235040543561
 30
0.0
 11
-74.67994719574202
 21
67.72229406168333
 31
0.0
 12
-74.70426372425406
 22
67.70929660640596
 32
0.0
 13
-74.70426372425406
 23
67.70929660640596
 33
0.0
  0
3DFACE
  5
F1
330
17
100
AcDbEntity
  8
0
100
AcDbFace
 10
-74.48547277097987
 20
67.59235040543561
 30
0.0
 11
-74.70426372425406
 21
67.70929660640596
 31
0.0
 12
-74.72557733975376
 22
67.6918049742095
 32
0.0
 13
-74.72557733975376
 23
67.6918049742095
 33
0.0
  0
3DFACE
  5
F2
330
17
100
AcDbEntity
  8
0
100
AcDbFace
 10
-74.48547277097987
 20
67.59235040543561
 30
0.0
 11
-74.72557733975376
 21
67.6918049742095
 31
0.0
 12
-74.74306897195021
 22
67.67049135870981
 32
0.0
 13
-74.74306897195021
 23
67.67049135870981
 33
0.0
  0
3DFACE
  5
F3
330
17
100
AcDbEntity
  8
0
100
AcDbFace
 10
-74.48547277097987
 20
67.59235040543561
 30
0.0
 11
-74.74306897195021
 21
67.67049135870981
 31
0.0
 12
-74.75606642722758
 22
67.64617483019777
 32
0.0
 13
-74.75606642722758
 23
67.64617483019777
 33
0.0
  0
3DFACE
  5
F4
330
17
100
AcDbEntity
  8
0
100
AcDbFace
 10
-74.48547277097987
 20
67.59235040543561
 30
0.0
 11
-74.75606642722758
 21
67.64617483019777
 31
0.0
 12
-74.76407022066857
 22
67.61978985922718
 32
0.0
 13
-74.76407022066857
 23
67.61978985922718
 33
0.0
  0
3DFACE
  5
F5
330
17
100
AcDbEntity
  8
0
100
AcDbFace
 10
-74.48547277097987
 20
67.59235040543561
 30
0.0
 11
-74.76407022066857
 21
67.61978985922718
 31
0.0
 12
-74.76677277097986
 22
67.59235040543561
 32
0.0
 13
-74.76677277097986
 23
67.59235040543561
 33
0.0
  0
3DFACE
  5
F6
330
17
100
AcDbEntity
  8
0
100
AcDbFace
 10
-74.48547277097987
 20
67.59235040543561
 30
0.0
 11
-74.76677277097986
 21
67.59235040543561
 31
0.0
 12
-74.76407022066857
 22
67.56491095164404
 32
0.0
 13
-74.76407022066857
 23
67.56491095164404
 33
0.0
  0
3DFACE
  5
F7
330
17
100
AcDbEntity
  8
0
100
AcDbFace
 10
-74.48547277097987
 20
67.59235040543561
 30
0.0
 11
-74.76407022066857
 21
67.56491095164404
 31
0.0
 12
-74.75606642722758
 22
67.53852598067346
 32
0.0
 13
-74.75606642722758
 23
67.53852598067346
 33
0.0
  0
3DFACE
  5
F8
330
17
100
AcDbEntity
  8
0
100
AcDbFace
 10
-74.48547277097987
 20
67.59235040543561
 30
0.0
 11
-74.75606642722758
 21
67.53852598067346
 31
0.0
 12
-74.74306897195021
 22
67.51420945216141
 32
0.0
 13
-74.74306897195021
 23
67.51420945216141
 33
0.0
  0
3DFACE
  5
F9
330
17
100
AcDbEntity
  8
0
100
AcDbFace
 10
-74.48547277097987
 20
67.59235040543561
 30
0.0
 11
-74.74306897195021
 21
67.51420945216141
 31
0.0
 12
-74.72557733975376
 22
67.49289583666172
 32
0.0
 13
-74.72557733975376
 23
67.49289583666172
 33
0.0
  0
3DFACE
  5
FA
330
17
100
AcDbEntity
  8
0
100
AcDbFace
 10
-74.48547277097987
 20
67.59235040543561
 30
0.0
 11
-74.72557733975376
 21
67.49289583666172
 31
0.0
 12
-74.70426372425406
 22
67.47540420446526
 32
0.0
 13
-74.70426372425406
 23
67.47540420446526
 33
0.0
  0
3DFACE
  5
FB
330
17
100
AcDbEntity
  8
0
100
AcDbFace
 10
-74.48547277097987
 20
67.59235040543561
 30
0.0
 11
-74.70426372425406
 21
67.47540420446526
 31
0.0
 12
-74.67994719574202
 22
67.46240674918789
 32
0.0
 13
-74.67994719574202
 23
67.46240674918789
 33
0.0
  0
3DFACE
  5
FC
330
17
100
AcDbEntity
  8
0
100
AcDbFace
 10
-74.48547277097987
 20
67.59235040543561
 30
0.0
 11
-74.67994719574202
 21
67.46240674918789
 31
0.0
 12
-74.65356222477143
 22
67.4544029557469
 32
0.0
 13
-74.65356222477143
 23
67.4544029557469
 33
0.0
  0
3DFACE
  5
FD
330
17
100
AcDbEntity
  8
0
100
AcDbFace
 10
-74.48547277097987
 20
67.59235040543561
 30
0.0
 11
-74.65356222477143
 21
67.4544029557469
 31
0.0
 12
-74.62612277097986
 22
67.45170040543562
 32
0.0
 13
-74.62612277097986
 23
67.45170040543562
 33
0.0
  0
3DFACE
  5
FE
330
17
100
AcDbEntity
  8
0
100
AcDbFace
 10
-74.48547277097987
 20
67.59235040543561
 30
0.0
 11
-74.62612277097986
 21
67.45170040543562
 31
0.0
 12
-74.59868331718829
 22
67.4544029557469
 32
0.0
 13
-74.59868331718829
 23
67.4544029557469
 33
0.0
  0
3DFACE
  5
FF
330
17
100
AcDbEntity
  8
0
100
AcDbFace
 10
-74.48547277097987
 20
67.59235040543561
 30
0.0
 11
-74.59868331718829
 21
67.4544029557469
 31
0.0
 12
-74.5722983462177
 22
67.46240674918789
 32
0.0
 13
-74.5722983462177
 23
67.46240674918789
 33
0.0
  0
3DFACE
  5
100
330
17
100
AcDbEntity
  8
0
100
AcDbFace
 10
-74.48547277097987
 20
67.59235040543561
 30
0.0
 11
-74.5722983462177
 21
67.46240674918789
 31
0.0
 12
-74.54798181770566
 22
67.47540420446526
 32
0.0
 13
-74.54798181770566
 23
67.47540420446526
 33
0.0
  0
3DFACE
  5
101
330
17
100
AcDbEntity
  8
0
100
AcDbFace
 10
-74.48547277097987
 20
67.59235040543561
 30
0.0
 11
-74.54798181770566
 21
67.47540420446526
 31
0.0
 12
-74.52666820220597
 22
67.49289583666172
 32
0.0
 13
-74.52666820220597
 23
67.49289583666172
 33
0.0
  0
3DFACE
  5
102
330
17
100
AcDbEntity
  8
0
100
AcDbFace
 10
-74.48547277097987
 20
67.59235040543561
 30
0.0
 11
-74.52666820220597
 21
67.49289583666172
 31
0.0
 12
-74.50917657000952
 22
67.51420945216141
 32
0.0
 13
-74.50917657000952
 23
67.51420945216141
 33
0.0
  0
3DFACE
  5
103
330
17
100
AcDbEntity
  8
0
100
AcDbFace
 10
-74.48547277097987
 20
67.59235040543561
 30
0.0
 11
-74.50917657000952
 21
67.51420945216141
 31
0.0
 12
-74.49617911473214
 22
67.53852598067346
 32
0.0
 13
-74.49617911473214
 23
67.53852598067346
 33
0.0
  0
3DFACE
  5
104
330
17
100
AcDbEntity
  8
0
100
AcDbFace
 10
-74.48547277097987
 20
67.59235040543561
 30
0.0
 11
-74.49617911473214
 21
67.53852598067346
 31
0.0
 12
-74.48817532129115
 22
67.56491095164404
 32
0.0
 13
-74.48817532129115
 23
67.56491095164404
 33
0.0
  0
3DFACE
  5
105
330
17
100
AcDbEntity
  8
0
100
AcDbFace
 10
-74.48547277097987
 20
67.59235040543561
 30
10.0
 11
-74.48817532129115
 21
67.61978985922718
 31
10.0
 12
-74.49617911473214
 22
67.64617483019777
 32
10.0
 13
-74.49617911473214
 23
67.64617483019777
 33
10.0
  0
3DFACE
  5
106
330
17
100
AcDbEntity
  8
0
100
AcDbFace
 10
-74.48547277097987
 20
67.59235040543561
 30
10.0
 11
-74.49617911473214
 21
67.64617483019777
 31
10.0
 12
-74.50917657000952
 22
67.67049135870981
 32
10.0
 13
-74.50917657000952
 23
67.67049135870981
 33
10.0
  0
3DFACE
  5
107
330
17
100
AcDbEntity
  8
0
100
AcDbFace
 10
-74.48547277097987
 20
67.59235040543561
 30
10.0
 11
-74.50917657000952
 21
67.67049135870981
 31
10.0
 12
-74.52666820220597
 22
67.6918049742095
 32
10.0
 13
-74.52666820220597
 23
67.6918049742095
 33
10.0
  0
3DFACE
  5
108
330
17
100
AcDbEntity
  8
0
100
AcDbFace
 10
-74.48547277097987
 20
67.59235040543561
 30
10.0
 11
-74.52666820220597
 21
67.6918049742095
 31
10.0
 12
-74.54798181770566
 22
67.70929660640596
 32
10.0
 13
-74.54798181770566
 23
67.70929660640596
 33
10.0
  0
3DFACE
  5
109
330
17
100
AcDbEntity
  8
0
100
AcDbFace
 10
-74.48547277097987
 20
67.59235040543561
 30
10.0
 11
-74.54798181770566
 21
67.70929660640596
 31
10.0
 12
-74.5722983462177
 22
67.72229406168333
 32
10.0
 13
-74.5722983462177
 23
67.72229406168333
 33
10.0
  0
3DFACE
  5
10A
330
17
100
AcDbEntity
  8
0
100
AcDbFace
 10
-74.48547277097987
 20
67.59235040543561
 30
10.0
 11
-74.5722983462177
 21
67.72229406168333
 31
10.0
 12
-74.59868331718829
 22
67.73029785512432
 32
10.0
 13
-74.59868331718829
 23
67.73029785512432
 33
10.0
  0
3DFACE
  5
10B
330
17
100
AcDbEntity
  8
0
100
AcDbFace
 10
-74.48547277097987
 20
67.59235040543561
 30
10.0
 11
-74.59868331718829
 21
67.73029785512432
 31
10.0
 12
-74.62612277097986
 22
67.7330004054356
 32
10.0
 13
-74.62612277097986
 23
67.7330004054356
 33
10.0
  0
3DFACE
  5
10C
330
17
100
AcDbEntity
  8
0
100
AcDbFace
 10
-74.48547277097987
 20
67.59235040543561
 30
10.0
 11
-74.62612277097986
 21
67.7330004054356
 31
10.0
 12
-74.65356222477143
 22
67.73029785512432
 32
10.0
 13
-74.65356222477143
 23
67.73029785512432
 33
10.0
  0
3DFACE
  5
10D
330
17
100
AcDbEntity
  8
0
100
AcDbFace
 10
-74.48547277097987
 20
67.59235040543561
 30
10.0
 11
-74.65356222477143
 21
67.73029785512432
 31
10.0
 12
-74.67994719574202
 22
67.72229406168333
 32
10.0
 13
-74.67994719574202
 23
67.72229406168333
 33
10.0
  0
3DFACE
  5
10E
330
17
100
AcDbEntity
  8
0
100
AcDbFace
 10
-74.48547277097987
 20
67.59235040543561
 30
10.0
 11
-74.67994719574202
 21
67.72229406168333
 31
10.0
 12
-74.70426372425406
 22
67.70929660640596
 32
10.0
 13
-74.70426372425406
 23
67.70929660640596
 33
10.0
  0
3DFACE
  5
10F
330
17
100
AcDbEntity
  8
0
100
AcDbFace
 10
-74.48547277097987
 20
67.59235040543561
 30
10.0
 11
-74.70426372425406
 21
67.70929660640596
 31
10.0
 12
-74.72557733975376
 22
67.6918049742095
 32
10.0
 13
-74.72557733975376
 23
67.6918049742095
 33
10.0
  0
3DFACE
  5
110
330
17
100
AcDbEntity
  8
0
100
AcDbFace
 10
-74.48547277097987
 20
67.59235040543561
 30
10.0
 11
-74.72557733975376
 21
67.6918049742095
 31
10.0
 12
-74.74306897195021
 22
67.67049135870981
 32
10.0
 13
-74.74306897195021
 23
67.67049135870981
 33
10.0
  0
3DFACE
  5
111
330
17
100
AcDbEntity
  8
0
100
AcDbFace
 10
-74.48547277097987
 20
67.59235040543561
 30
10.0
 11
-74.74306897195021
 21
67.67049135870981
 31
10.0
 12
-74.75606642722758
 22
67.64617483019777
 32
10.0
 13
-74.75606642722758
 23
67.64617483019777
 33
10.0
  0
3DFACE
  5
112
330
17
100
AcDbEntity
  8
0
100
AcDbFace
 10
-74.48547277097987
 20
67.59235040543561
 30
10.0
 11
-74.75606642722758
 21
67.64617483019777
 31
10.0
 12
-74.76407022066857
 22
67.61978985922718
 32
10.0
 13
-74.76407022066857
 23
67.61978985922718
 33
10.0
  0
3DFACE
  5
113
330
17
100
AcDbEntity
  8
0
100
AcDbFace
 10
-74.48547277097987
 20
67.59235040543561
 30
10.0
 11
-74.76407022066857
 21
67.61978985922718
 31
10.0
 12
-74.76677277097986
 22
67.59235040543561
 32
10.0
 13
-74.76677277097986
 23
67.59235040543561
 33
10.0
  0
3DFACE
  5
114
330
17
100
AcDbEntity
  8
0
100
AcDbFace
 10
-74.48547277097987
 20
67.59235040543561
 30
10.0
 11
-74.76677277097986
 21
67.59235040543561
 31
10.0
 12
-74.76407022066857
 22
67.56491095164404
 32
10.0
 13
-74.76407022066857
 23
67.56491095164404
 33
10.0
  0
3DFACE
  5
115
330
17
100
AcDbEntity
  8
0
100
AcDbFace
 10
-74.48547277097987
 20
67.59235040543561
 30
10.0
 11
-74.76407022066857
 21
67.56491095164404
 31
10.0
 12
-74.75606642722758
 22
67.53852598067346
 32
10.0
 13
-74.75606642722758
 23
67.53852598067346
 33
10.0
  0
3DFACE
  5
116
330
17
100
AcDbEntity
  8
0
100
AcDbFace
 10
-74.48547277097987
 20
67.59235040543561
 30
10.0
 11
-74.75606642722758
 21
67.53852598067346
 31
10.0
 12
-74.74306897195021
 22
67.51420945216141
 32
10.0
 13
-74.74306897195021
 23
67.51420945216141
 33
10.0
  0
3DFACE
  5
117
330
17
100
AcDbEntity
  8
0
100
AcDbFace
 10
-74.48547277097987
 20
67.59235040543561
 30
10.0
 11
-74.74306897195021
 21
67.51420945216141
 31
10.0
 12
-74.72557733975376
 22
67.49289583666172
 32
10.0
 13
-74.72557733975376
 23
67.49289583666172
 33
10.0
  0
3DFACE
  5
118
330
17
100
AcDbEntity
  8
0
100
AcDbFace
 10
-74.48547277097987
 20
67.59235040543561
 30
10.0
 11
-74.72557733975376
 21
67.49289583666172
 31
10.0
 12
-74.70426372425406
 22
67.47540420446526
 32
10.0
 13
-74.70426372425406
 23
67.47540420446526
 33
10.0
  0
3DFACE
  5
119
330
17
100
AcDbEntity
  8
0
100
AcDbFace
 10
-74.48547277097987
 20
67.59235040543561
 30
10.0
 11
-74.70426372425406
 21
67.47540420446526
 31
10.0
 12
-74.67994719574202
 22
67.46240674918789
 32
10.0
 13
-74.67994719574202
 23
67.46240674918789
 33
10.0
  0
3DFACE
  5
11A
330
17
100
AcDbEntity
  8
0
100
AcDbFace
 10
-74.48547277097987
 20
67.59235040543561
 30
10.0
 11
-74.67994719574202
 21
67.46240674918789
 31
10.0
 12
-74.65356222477143
 22
67.4544029557469
 32
10.0
 13
-74.65356222477143
 23
67.4544029557469
 33
10.0
  0
3DFACE
  5
11B
330
17
100
AcDbEntity
  8
0
100
AcDbFace
 10
-74.48547277097987
 20
67.59235040543561
 30
10.0
 11
-74.65356222477143
 21
67.4544029557469
 31
10.0
 12
-74.62612277097986
 22
67.45170040543562
 32
10.0
 13
-74.62612277097986
 23
67.45170040543562
 33
10.0
  0
3DFACE
  5
11C
330
17
100
AcDbEntity
  8
0
100
AcDbFace
 10
-74.48547277097987
 20
67.59235040543561
 30
10.0
 11
-74.62612277097986
 21
67.45170040543562
 31
10.0
 12
-74.59868331718829
 22
67.4544029557469
 32
10.0
 13
-74.59868331718829
 23
67.4544029557469
 33
10.0
  0
3DFACE
  5
11D
330
17
100
AcDbEntity
  8
0
100
AcDbFace
 10
-74.48547277097987
 20
67.59235040543561
 30
10.0
 11
-74.59868331718829
 21
67.4544029557469
 31
10.0
 12
-74.5722983462177
 22
67.46240674918789
 32
10.0
 13
-74.5722983462177
 23
67.46240674918789
 33
10.0
  0
3DFACE
  5
11E
330
17
100
AcDbEntity
  8
0
100
AcDbFace
 10
-74.48547277097987
 20
67.59235040543561
 30
10.0
 11
-74.5722983462177
 21
67.46240674918789
 31
10.0
 12
-74.54798181770566
 22
67.47540420446526
 32
10.0
 13
-74.54798181770566
 23
67.47540420446526
 33
10.0
  0
3DFACE
  5
11F
330
17
100
AcDbEntity
  8
0
100
AcDbFace
 10
-74.48547277097987
 20
67.59235040543561
 30
10.0
 11
-74.54798181770566
 21
67.47540420446526
 31
10.0
 12
-74.52666820220597
 22
67.49289583666172
 32
10.0
 13
-74.52666820220597
 23
67.49289583666172
 33
10.0
  0
3DFACE
  5
120
330
17
100
AcDbEntity
  8
0
100
AcDbFace
 10
-74.48547277097987
 20
67.59235040543561
 30
10.0
 11
-74.52666820220597
 21
67.49289583666172
 31
10.0
 12
-74.50917657000952
 22
67.51420945216141
 32
10.0
 13
-74.50917657000952
 23
67.51420945216141
 33
10.0
  0
3DFACE
  5
121
330
17
100
AcDbEntity
  8
0
100
AcDbFace
 10
-74.48547277097987
 20
67.59235040543561
 30
10.0
 11
-74.50917657000952
 21
67.51420945216141
 31
10.0
 12
-74.49617911473214
 22
67.53852598067346
 32
10.0
 13
-74.49617911473214
 23
67.53852598067346
 33
10.0
  0
3DFACE
  5
122
330
17
100
AcDbEntity
  8
0
100
AcDbFace
 10
-74.48547277097987
 20
67.59235040543561
 30
10.0
 11
-74.49617911473214
 21
67.53852598067346
 31
10.0
 12
-74.48817532129115
 22
67.56491095164404
 32
10.0
 13
-74.48817532129115
 23
67.56491095164404
 33
10.0
  0
3DFACE
  5
123
330
17
100
AcDbEntity
  8
0
100
AcDbFace
 10
-74.48547277097987
 20
67.59235040543561
 30
0.0
 11
-74.48817532129115
 21
67.61978985922718
 31
0.0
 12
-74.48817532129115
 22
67.61978985922718
 32
10.0
 13
-74.48547277097987
 23
67.59235040543561
 33
10.0
  0
3DFACE
  5
124
330
17
100
AcDbEntity
  8
0
100
AcDbFace
 10
-74.48817532129115
 20
67.61978985922718
 30
0.0
 11
-74.49617911473214
 21
67.64617483019777
 31
0.0
 12
-74.49617911473214
 22
67.64617483019777
 32
10.0
 13
-74.48817532129115
 23
67.61978985922718
 33
10.0
  0
3DFACE
  5
125
330
17
100
AcDbEntity
  8
0
100
AcDbFace
 10
-74.49617911473214
 20
67.64617483019777
 30
0.0
 11
-74.50917657000952
 21
67.67049135870981
 31
0.0
 12
-74.50917657000952
 22
67.67049135870981
 32
10.0
 13
-74.49617911473214
 23
67.64617483019777
 33
10.0
  0
3DFACE
  5
126
330
17
100
AcDbEntity
  8
0
100
AcDbFace
 10
-74.50917657000952
 20
67.67049135870981
 30
0.0
 11
-74.52666820220597
 21
67.6918049742095
 31
0.0
 12
-74.52666820220597
 22
67.6918049742095
 32
10.0
 13
-74.50917657000952
 23
67.67049135870981
 33
10.0
  0
3DFACE
  5
127
330
17
100
AcDbEntity
  8
0
100
AcDbFace
 10
-74.52666820220597
 20
67.6918049742095
 30
0.0
 11
-74.54798181770566
 21
67.70929660640596
 31
0.0
 12
-74.54798181770566
 22
67.70929660640596
 32
10.0
 13
-74.52666820220597
 23
67.6918049742095
 33
10.0
  0
3DFACE
  5
128
330
17
100
AcDbEntity
  8
0
100
AcDbFace
 10
-74.54798181770566
 20
67.70929660640596
 30
0.0
 11
-74.5722983462177
 21
67.72229406168333
 31
0.0
 12
-74.5722983462177
 22
67.72229406168333
 32
10.0
 13
-74.54798181770566
 23
67.70929660640596
 33
10.0
  0
3DFACE
  5
129
330
17
100
AcDbEntity
  8
0
100
AcDbFace
 10
-74.5722983462177
 20
67.72229406168333
 30
0.0
 11
-74.59868331718829
 21
67.73029785512432
 31
0.0
 12
-74.59868331718829
 22
67.73029785512432
 32
10.0
 13
-74.5722983462177
 23
67.72229406168333
 33
10.0
  0
3DFACE
  5
12A
330
17
100
AcDbEntity
  8
0
100
AcDbFace
 10
-74.59868331718829
 20
67.73029785512432
 30
0.0
 11
-74.62612277097986
 21
67.7330004054356
 31
0.0
 12
-74.62612277097986
 22
67.7330004054356
 32
10.0
 13
-74.59868331718829
 23
67.73029785512432
 33
10.0
  0
3DFACE
  5
12B
330
17
100
AcDbEntity
  8
0
100
AcDbFace
 10
-74.62612277097986
 20
67.7330004054356
 30
0.0
 11
-74.65356222477143
 21
67.73029785512432
 31
0.0
 12
-74.65356222477143
 22
67.73029785512432
 32
10.0
 13
-74.62612277097986
 23
67.7330004054356
 33
10.0
  0
3DFACE
  5
12C
330
17
100
AcDbEntity
  8
0
100
AcDbFace
 10
-74.65356222477143
 20
67.73029785512432
 30
0.0
 11
-74.67994719574202
 21
67.72229406168333
 31
0.0
 12
-74.67994719574202
 22
67.72229406168333
 32
10.0
 13
-74.65356222477143
 23
67.73029785512432
 33
10.0
  0
3DFACE
  5
12D
330
17
100
AcDbEntity
  8
0
100
AcDbFace
 10
-74.67994719574202
 20
67.72229406168333
 30
0.0
 11
-74.70426372425406
 21
67.70929660640596
 31
0.0
 12
-74.70426372425406
 22
67.70929660640596
 32
10.0
 13
-74.67994719574202
 23
67.72229406168333
 33
10.0
  0
3DFACE
  5
12E
330
17
100
AcDbEntity
  8
0
100
AcDbFace
 10
-74.70426372425406
 20
67.70929660640596
 30
0.0
 11
-74.72557733975376
 21
67.6918049742095
 31
0.0
 12
-74.72557733975376
 22
67.6918049742095
 32
10.0
 13
-74.70426372425406
 23
67.70929660640596
 33
10.0
  0
3DFACE
  5
12F
330
17
100
AcDbEntity
  8
0
100
AcDbFace
 10
-74.72557733975376
 20
67.6918049742095
 30
0.0
 11
-74.74306897195021
 21
67.67049135870981
 31
0.0
 12
-74.74306897195021
 22
67.67049135870981
 32
10.0
 13
-74.72557733975376
 23
67.6918049742095
 33
10.0
  0
3DFACE
  5
130
330
17
100
AcDbEntity
  8
0
100
AcDbFace
 10
-74.74306897195021
 20
67.67049135870981
 30
0.0
 11
-74.75606642722758
 21
67.64617483019777
 31
0.0
 12
-74.75606642722758
 22
67.64617483019777
 32
10.0
 13
-74.74306897195021
 23
67.67049135870981
 33
10.0
  0
3DFACE
  5
131
330
17
100
AcDbEntity
  8
0
100
AcDbFace
 10
-74.75606642722758
 20
67.64617483019777
 30
0.0
 11
-74.76407022066857
 21
67.61978985922718
 31
0.0
 12
-74.76407022066857
 22
67.61978985922718
 32
10.0
 13
-74.75606642722758
 23
67.64617483019777
 33
10.0
  0
3DFACE
  5
132
330
17
100
AcDbEntity
  8
0
100
AcDbFace
 10
-74.76407022066857
 20
67.61978985922718
 30
0.0
 11
-74.76677277097986
 21
67.59235040543561
 31
0.0
 12
-74.76677277097986
 22
67.59235040543561
 32
10.0
 13
-74.76407022066857
 23
67.61978985922718
 33
10.0
  0
3DFACE
  5
133
330
17
100
AcDbEntity
  8
0
100
AcDbFace
 10
-74.76677277097986
 20
67.59235040543561
 30
0.0
 11
-74.76407022066857
 21
67.56491095164404
 31
0.0
 12
-74.76407022066857
 22
67.56491095164404
 32
10.0
 13
-74.76677277097986
 23
67.59235040543561
 33
10.0
  0
3DFACE
  5
134
330
17
100
AcDbEntity
  8
0
100
AcDbFace
 10
-74.76407022066857
 20
67.56491095164404
 30
0.0
 11
-74.75606642722758
 21
67.53852598067346
 31
0.0
 12
-74.75606642722758
 22
67.53852598067346
 32
10.0
 13
-74.76407022066857
 23
67.56491095164404
 33
10.0
  0
3DFACE
  5
135
330
17
100
AcDbEntity
  8
0
100
AcDbFace
 10
-74.75606642722758
 20
67.53852598067346
 30
0.0
 11
-74.74306897195021
 21
67.51420945216141
 31
0.0
 12
-74.74306897195021
 22
67.51420945216141
 32
10.0
 13
-74.75606642722758
 23
67.53852598067346
 33
10.0
  0
3DFACE
  5
136
330
17
100
AcDbEntity
  8
0
100
AcDbFace
 10
-74.74306897195021
 20
67.51420945216141
 30
0.0
 11
-74.72557733975376
 21
67.49289583666172
 31
0.0
 12
-74.72557733975376
 22
67.49289583666172
 32
10.0
 13
-74.74306897195021
 23
67.51420945216141
 33
10.0
  0
3DFACE
  5
137
330
17
100
AcDbEntity
  8
0
100
AcDbFace
 10
-74.72557733975376
 20
67.49289583666172
 30
0.0
 11
-74.70426372425406
 21
67.47540420446526
 31
0.0
 12
-74.70426372425406
 22
67.47540420446526
 32
10.0
 13
-74.72557733975376
 23
67.49289583666172
 33
10.0
  0
3DFACE
  5
138
330
17
100
AcDbEntity
  8
0
100
AcDbFace
 10
-74.70426372425406
 20
67.47540420446526
 30
0.0
 11
-74.67994719574202
 21
67.46240674918789
 31
0.0
 12
-74.67994719574202
 22
67.46240674918789
 32
10.0
 13
-74.70426372425406
 23
67.47540420446526
 33
10.0
  0
3DFACE
  5
139
330
17
100
AcDbEntity
  8
0
100
AcDbFace
 10
-74.67994719574202
 20
67.46240674918789
 30
0.0
 11
-74.65356222477143
 21
67.4544029557469
 31
0.0
 12
-74.65356222477143
 22
67.4544029557469
 32
10.0
 13
-74.67994719574202
 23
67.46240674918789
 33
10.0
  0
3DFACE
  5
13A
330
17
100
AcDbEntity
  8
0
100
AcDbFace
 10
-74.65356222477143
 20
67.4544029557469
 30
0.0
 11
-74.62612277097986
 21
67.45170040543562
 31
0.0
 12
-74.62612277097986
 22
67.45170040543562
 32
10.0
 13
-74.65356222477143
 23
67.4544029557469
 33
10.0
  0
3DFACE
  5
13B
330
17
100
AcDbEntity
  8
0
100
AcDbFace
 10
-74.62612277097986
 20
67.45170040543562
 30
0.0
 11
-74.59868331718829
 21
67.4544029557469
 31
0.0
 12
-74.59868331718829
 22
67.4544029557469
 32
10.0
 13
-74.62612277097986
 23
67.45170040543562
 33
10.0
  0
3DFACE
  5
13C
330
17
100
AcDbEntity
  8
0
100
AcDbFace
 10
-74.59868331718829
 20
67.4544029557469
 30
0.0
 11
-74.5722983462177
 21
67.46240674918789
 31
0.0
 12
-74.5722983462177
 22
67.46240674918789
 32
10.0
 13
-74.59868331718829
 23
67.4544029557469
 33
10.0
  0
3DFACE
  5
13D
330
17
100
AcDbEntity
  8
0
100
AcDbFace
 10
-74.5722983462177
 20
67.46240674918789
 30
0.0
 11
-74.54798181770566
 21
67.47540420446526
 31
0.0
 12
-74.54798181770566
 22
67.47540420446526
 32
10.0
 13
-74.5722983462177
 23
67.46240674918789
 33
10.0
  0
3DFACE
  5
13E
330
17
100
AcDbEntity
  8
0
100
AcDbFace
 10
-74.54798181770566
 20
67.47540420446526
 30
0.0
 11
-74.52666820220597
 21
67.49289583666172
 31
0.0
 12
-74.52666820220597
 22
67.49289583666172
 32
10.0
 13
-74.54798181770566
 23
67.47540420446526
 33
10.0
  0
3DFACE
  5
13F
330
17
100
AcDbEntity
  8
0
100
AcDbFace
 10
-74.52666820220597
 20
67.49289583666172
 30
0.0
 11
-74.50917657000952
 21
67.51420945216141
 31
0.0
 12
-74.50917657000952
 22
67.51420945216141
 32
10.0
 13
-74.52666820220597
 23
67.49289583666172
 33
10.0
  0
3DFACE
  5
140
330
17
100
AcDbEntity
  8
0
100
AcDbFace
 10
-74.50917657000952
 20
67.51420945216141
 30
0.0
 11
-74.49617911473214
 21
67.53852598067346
 31
0.0
 12
-74.49617911473214
 22
67.53852598067346
 32
10.0
 13
-74.50917657000952
 23
67.51420945216141
 33
10.0
  0
3DFACE
  5
141
330
17
100
AcDbEntity
  8
0
100
AcDbFace
 10
-74.49617911473214
 20
67.53852598067346
 30
0.0
 11
-74.48817532129115
 21
67.56491095164404
 31
0.0
 12
-74.48817532129115
 22
67.56491095164404
 32
10.0
 13
-74.49617911473214
 23
67.53852598067346
 33
10.0
  0
3DFACE
  5
142
330
17
100
AcDbEntity
  8
0
100
AcDbFace
 10
-74.48817532129115
 20
67.56491095164404
 30
0.0
 11
-74.48547277097987
 21
67.59235040543561
 31
0.0
 12
-74.48547277097987
 22
67.59235040543561
 32
10.0
 13
-74.48817532129115
 23
67.56491095164404
 33
10.0
  0
3DFACE
  5
143
330
17
100
AcDbEntity
  8
0
100
AcDbFace
 10
-74.48547277097987
 20
38.34235040543559
 30
0.0
 11
-74.48817532129115
 21
38.369789859227154
 31
0.0
 12
-74.49617911473214
 22
38.39617483019774
 32
0.0
 13
-74.49617911473214
 23
38.39617483019774
 33
0.0
  0
3DFACE
  5
144
330
17
100
AcDbEntity
  8
0
100
AcDbFace
 10
-74.48547277097987
 20
38.34235040543559
 30
0.0
 11
-74.49617911473214
 21
38.39617483019774
 31
0.0
 12
-74.50917657000952
 22
38.420491358709796
 32
0.0
 13
-74.50917657000952
 23
38.420491358709796
 33
0.0
  0
3DFACE
  5
145
330
17
100
AcDbEntity
  8
0
100
AcDbFace
 10
-74.48547277097987
 20
38.34235040543559
 30
0.0
 11
-74.50917657000952
 21
38.420491358709796
 31
0.0
 12
-74.52666820220597
 22
38.441804974209475
 32
0.0
 13
-74.52666820220597
 23
38.441804974209475
 33
0.0
  0
3DFACE
  5
146
330
17
100
AcDbEntity
  8
0
100
AcDbFace
 10
-74.48547277097987
 20
38.34235040543559
 30
0.0
 11
-74.52666820220597
 21
38.441804974209475
 31
0.0
 12
-74.54798181770566
 22
38.45929660640594
 32
0.0
 13
-74.54798181770566
 23
38.45929660640594
 33
0.0
  0
3DFACE
  5
147
330
17
100
AcDbEntity
  8
0
100
AcDbFace
 10
-74.48547277097987
 20
38.34235040543559
 30
0.0
 11
-74.54798181770566
 21
38.45929660640594
 31
0.0
 12
-74.5722983462177
 22
38.4722940616833
 32
0.0
 13
-74.5722983462177
 23
38.4722940616833
 33
0.0
  0
3DFACE
  5
148
330
17
100
AcDbEntity
  8
0
100
AcDbFace
 10
-74.48547277097987
 20
38.34235040543559
 30
0.0
 11
-74.5722983462177
 21
38.4722940616833
 31
0.0
 12
-74.59868331718829
 22
38.480297855124306
 32
0.0
 13
-74.59868331718829
 23
38.480297855124306
 33
0.0
  0
3DFACE
  5
149
330
17
100
AcDbEntity
  8
0
100
AcDbFace
 10
-74.48547277097987
 20
38.34235040543559
 30
0.0
 11
-74.59868331718829
 21
38.480297855124306
 31
0.0
 12
-74.62612277097986
 22
38.48300040543559
 32
0.0
 13
-74.62612277097986
 23
38.48300040543559
 33
0.0
  0
3DFACE
  5
14A
330
17
100
AcDbEntity
  8
0
100
AcDbFace
 10
-74.48547277097987
 20
38.34235040543559
 30
0.0
 11
-74.62612277097986
 21
38.48300040543559
 31
0.0
 12
-74.65356222477143
 22
38.480297855124306
 32
0.0
 13
-74.65356222477143
 23
38.480297855124306
 33
0.0
  0
3DFACE
  5
14B
330
17
100
AcDbEntity
  8
0
100
AcDbFace
 10
-74.48547277097987
 20
38.34235040543559
 30
0.0
 11
-74.65356222477143
 21
38.480297855124306
 31
0.0
 12
-74.67994719574202
 22
38.4722940616833
 32
0.0
 13
-74.67994719574202
 23
38.4722940616833
 33
0.0
  0
3DFACE
  5
14C
330
17
100
AcDbEntity
  8
0
100
AcDbFace
 10
-74.48547277097987
 20
38.34235040543559
 30
0.0
 11
-74.67994719574202
 21
38.4722940616833
 31
0.0
 12
-74.70426372425406
 22
38.45929660640594
 32
0.0
 13
-74.70426372425406
 23
38.45929660640594
 33
0.0
  0
3DFACE
  5
14D
330
17
100
AcDbEntity
  8
0
100
AcDbFace
 10
-74.48547277097987
 20
38.34235040543559
 30
0.0
 11
-74.70426372425406
 21
38.45929660640594
 31
0.0
 12
-74.72557733975376
 22
38.441804974209475
 32
0.0
 13
-74.72557733975376
 23
38.441804974209475
 33
0.0
  0
3DFACE
  5
14E
330
17
100
AcDbEntity
  8
0
100
AcDbFace
 10
-74.48547277097987
 20
38.34235040543559
 30
0.0
 11
-74.72557733975376
 21
38.441804974209475
 31
0.0
 12
-74.74306897195021
 22
38.420491358709796
 32
0.0
 13
-74.74306897195021
 23
38.420491358709796
 33
0.0
  0
3DFACE
  5
14F
330
17
100
AcDbEntity
  8
0
100
AcDbFace
 10
-74.48547277097987
 20
38.34235040543559
 30
0.0
 11
-74.74306897195021
 21
38.420491358709796
 31
0.0
 12
-74.75606642722758
 22
38.39617483019774
 32
0.0
 13
-74.75606642722758
 23
38.39617483019774
 33
0.0
  0
3DFACE
  5
150
330
17
100
AcDbEntity
  8
0
100
AcDbFace
 10
-74.48547277097987
 20
38.34235040543559
 30
0.0
 11
-74.75606642722758
 21
38.39617483019774
 31
0.0
 12
-74.76407022066857
 22
38.369789859227154
 32
0.0
 13
-74.76407022066857
 23
38.369789859227154
 33
0.0
  0
3DFACE
  5
151
330
17
100
AcDbEntity
  8
0
100
AcDbFace
 10
-74.48547277097987
 20
38.34235040543559
 30
0.0
 11
-74.76407022066857
 21
38.369789859227154
 31
0.0
 12
-74.76677277097986
 22
38.34235040543559
 32
0.0
 13
-74.76677277097986
 23
38.34235040543559
 33
0.0
  0
3DFACE
  5
152
330
17
100
AcDbEntity
  8
0
100
AcDbFace
 10
-74.48547277097987
 20
38.34235040543559
 30
0.0
 11
-74.76677277097986
 21
38.34235040543559
 31
0.0
 12
-74.76407022066857
 22
38.31491095164402
 32
0.0
 13
-74.76407022066857
 23
38.31491095164402
 33
0.0
  0
3DFACE
  5
153
330
17
100
AcDbEntity
  8
0
100
AcDbFace
 10
-74.48547277097987
 20
38.34235040543559
 30
0.0
 11
-74.76407022066857
 21
38.31491095164402
 31
0.0
 12
-74.75606642722758
 22
38.28852598067344
 32
0.0
 13
-74.75606642722758
 23
38.28852598067344
 33
0.0
  0
3DFACE
  5
154
330
17
100
AcDbEntity
  8
0
100
AcDbFace
 10
-74.48547277097987
 20
38.34235040543559
 30
0.0
 11
-74.75606642722758
 21
38.28852598067344
 31
0.0
 12
-74.74306897195021
 22
38.26420945216138
 32
0.0
 13
-74.74306897195021
 23
38.26420945216138
 33
0.0
  0
3DFACE
  5
155
330
17
100
AcDbEntity
  8
0
100
AcDbFace
 10
-74.48547277097987
 20
38.34235040543559
 30
0.0
 11
-74.74306897195021
 21
38.26420945216138
 31
0.0
 12
-74.72557733975376
 22
38.2428958366617
 32
0.0
 13
-74.72557733975376
 23
38.2428958366617
 33
0.0
  0
3DFACE
  5
156
330
17
100
AcDbEntity
  8
0
100
AcDbFace
 10
-74.48547277097987
 20
38.34235040543559
 30
0.0
 11
-74.72557733975376
 21
38.2428958366617
 31
0.0
 12
-74.70426372425406
 22
38.225404204465235
 32
0.0
 13
-74.70426372425406
 23
38.225404204465235
 33
0.0
  0
3DFACE
  5
157
330
17
100
AcDbEntity
  8
0
100
AcDbFace
 10
-74.48547277097987
 20
38.34235040543559
 30
0.0
 11
-74.70426372425406
 21
38.225404204465235
 31
0.0
 12
-74.67994719574202
 22
38.21240674918788
 32
0.0
 13
-74.67994719574202
 23
38.21240674918788
 33
0.0
  0
3DFACE
  5
158
330
17
100
AcDbEntity
  8
0
100
AcDbFace
 10
-74.48547277097987
 20
38.34235040543559
 30
0.0
 11
-74.67994719574202
 21
38.21240674918788
 31
0.0
 12
-74.65356222477143
 22
38.20440295574687
 32
0.0
 13
-74.65356222477143
 23
38.20440295574687
 33
0.0
  0
3DFACE
  5
159
330
17
100
AcDbEntity
  8
0
100
AcDbFace
 10
-74.48547277097987
 20
38.34235040543559
 30
0.0
 11
-74.65356222477143
 21
38.20440295574687
 31
0.0
 12
-74.62612277097986
 22
38.20170040543559
 32
0.0
 13
-74.62612277097986
 23
38.20170040543559
 33
0.0
  0
3DFACE
  5
15A
330
17
100
AcDbEntity
  8
0
100
AcDbFace
 10
-74.48547277097987
 20
38.34235040543559
 30
0.0
 11
-74.62612277097986
 21
38.20170040543559
 31
0.0
 12
-74.59868331718829
 22
38.20440295574687
 32
0.0
 13
-74.59868331718829
 23
38.20440295574687
 33
0.0
  0
3DFACE
  5
15B
330
17
100
AcDbEntity
  8
0
100
AcDbFace
 10
-74.48547277097987
 20
38.34235040543559
 30
0.0
 11
-74.59868331718829
 21
38.20440295574687
 31
0.0
 12
-74.5722983462177
 22
38.21240674918788
 32
0.0
 13
-74.5722983462177
 23
38.21240674918788
 33
0.0
  0
3DFACE
  5
15C
330
17
100
AcDbEntity
  8
0
100
AcDbFace
 10
-74.48547277097987
 20
38.34235040543559
 30
0.0
 11
-74.5722983462177
 21
38.21240674918788
 31
0.0
 12
-74.54798181770566
 22
38.225404204465235
 32
0.0
 13
-74.54798181770566
 23
38.225404204465235
 33
0.0
  0
3DFACE
  5
15D
330
17
100
AcDbEntity
  8
0
100
AcDbFace
 10
-74.48547277097987
 20
38.34235040543559
 30
0.0
 11
-74.54798181770566
 21
38.225404204465235
 31
0.0
 12
-74.52666820220597
 22
38.2428958366617
 32
0.0
 13
-74.52666820220597
 23
38.2428958366617
 33
0.0
  0
3DFACE
  5
15E
330
17
100
AcDbEntity
  8
0
100
AcDbFace
 10
-74.48547277097987
 20
38.34235040543559
 30
0.0
 11
-74.52666820220597
 21
38.2428958366617
 31
0.0
 12
-74.50917657000952
 22
38.26420945216138
 32
0.0
 13
-74.50917657000952
 23
38.26420945216138
 33
0.0
  0
3DFACE
  5
15F
330
17
100
AcDbEntity
  8
0
100
AcDbFace
 10
-74.48547277097987
 20
38.34235040543559
 30
0.0
 11
-74.50917657000952
 21
38.26420945216138
 31
0.0
 12
-74.49617911473214
 22
38.28852598067344
 32
0.0
 13
-74.49617911473214
 23
38.28852598067344
 33
0.0
  0
3DFACE
  5
160
330
17
100
AcDbEntity
  8
0
100
AcDbFace
 10
-74.48547277097987
 20
38.34235040543559
 30
0.0
 11
-74.49617911473214
 21
38.28852598067344
 31
0.0
 12
-74.48817532129115
 22
38.31491095164402
 32
0.0
 13
-74.48817532129115
 23
38.31491095164402
 33
0.0
  0
3DFACE
  5
161
330
17
100
AcDbEntity
  8
0
100
AcDbFace
 10
-74.48547277097987
 20
38.34235040543559
 30
10.0
 11
-74.48817532129115
 21
38.369789859227154
 31
10.0
 12
-74.49617911473214
 22
38.39617483019774
 32
10.0
 13
-74.49617911473214
 23
38.39617483019774
 33
10.0
  0
3DFACE
  5
162
330
17
100
AcDbEntity
  8
0
100
AcDbFace
 10
-74.48547277097987
 20
38.34235040543559
 30
10.0
 11
-74.49617911473214
 21
38.39617483019774
 31
10.0
 12
-74.50917657000952
 22
38.420491358709796
 32
10.0
 13
-74.50917657000952
 23
38.420491358709796
 33
10.0
  0
3DFACE
  5
163
330
17
100
AcDbEntity
  8
0
100
AcDbFace
 10
-74.48547277097987
 20
38.34235040543559
 30
10.0
 11
-74.50917657000952
 21
38.420491358709796
 31
10.0
 12
-74.52666820220597
 22
38.441804974209475
 32
10.0
 13
-74.52666820220597
 23
38.441804974209475
 33
10.0
  0
3DFACE
  5
164
330
17
100
AcDbEntity
  8
0
100
AcDbFace
 10
-74.48547277097987
 20
38.34235040543559
 30
10.0
 11
-74.52666820220597
 21
38.441804974209475
 31
10.0
 12
-74.54798181770566
 22
38.45929660640594
 32
10.0
 13
-74.54798181770566
 23
38.45929660640594
 33
10.0
  0
3DFACE
  5
165
330
17
100
AcDbEntity
  8
0
100
AcDbFace
 10
-74.48547277097987
 20
38.34235040543559
 30
10.0
 11
-74.54798181770566
 21
38.45929660640594
 31
10.0
 12
-74.5722983462177
 22
38.4722940616833
 32
10.0
 13
-74.5722983462177
 23
38.4722940616833
 33
10.0
  0
3DFACE
  5
166
330
17
100
AcDbEntity
  8
0
100
AcDbFace
 10
-74.48547277097987
 20
38.34235040543559
 30
10.0
 11
-74.5722983462177
 21
38.4722940616833
 31
10.0
 12
-74.59868331718829
 22
38.480297855124306
 32
10.0
 13
-74.59868331718829
 23
38.480297855124306
 33
10.0
  0
3DFACE
  5
167
330
17
100
AcDbEntity
  8
0
100
AcDbFace
 10
-74.48547277097987
 20
38.34235040543559
 30
10.0
 11
-74.59868331718829
 21
38.480297855124306
 31
10.0
 12
-74.62612277097986
 22
38.48300040543559
 32
10.0
 13
-74.62612277097986
 23
38.48300040543559
 33
10.0
  0
3DFACE
  5
168
330
17
100
AcDbEntity
  8
0
100
AcDbFace
 10
-74.48547277097987
 20
38.34235040543559
 30
10.0
 11
-74.62612277097986
 21
38.48300040543559
 31
10.0
 12
-74.65356222477143
 22
38.480297855124306
 32
10.0
 13
-74.65356222477143
 23
38.480297855124306
 33
10.0
  0
3DFACE
  5
169
330
17
100
AcDbEntity
  8
0
100
AcDbFace
 10
-74.48547277097987
 20
38.34235040543559
 30
10.0
 11
-74.65356222477143
 21
38.480297855124306
 31
10.0
 12
-74.67994719574202
 22
38.4722940616833
 32
10.0
 13
-74.67994719574202
 23
38.4722940616833
 33
10.0
  0
3DFACE
  5
16A
330
17
100
AcDbEntity
  8
0
100
AcDbFace
 10
-74.48547277097987
 20
38.34235040543559
 30
10.0
 11
-74.67994719574202
 21
38.4722940616833
 31
10.0
 12
-74.70426372425406
 22
38.45929660640594
 32
10.0
 13
-74.70426372425406
 23
38.45929660640594
 33
10.0
  0
3DFACE
  5
16B
330
17
100
AcDbEntity
  8
0
100
AcDbFace
 10
-74.48547277097987
 20
38.34235040543559
 30
10.0
 11
-74.70426372425406
 21
38.45929660640594
 31
10.0
 12
-74.72557733975376
 22
38.441804974209475
 32
10.0
 13
-74.72557733975376
 23
38.441804974209475
 33
10.0
  0
3DFACE
  5
16C
330
17
100
AcDbEntity
  8
0
100
AcDbFace
 10
-74.48547277097987
 20
38.34235040543559
 30
10.0
 11
-74.72557733975376
 21
38.441804974209475
 31
10.0
 12
-74.74306897195021
 22
38.420491358709796
 32
10.0
 13
-74.74306897195021
 23
38.420491358709796
 33
10.0
  0
3DFACE
  5
16D
330
17
100
AcDbEntity
  8
0
100
AcDbFace
 10
-74.48547277097987
 20
38.34235040543559
 30
10.0
 11
-74.74306897195021
 21
38.420491358709796
 31
10.0
 12
-74.75606642722758
 22
38.39617483019774
 32
10.0
 13
-74.75606642722758
 23
38.39617483019774
 33
10.0
  0
3DFACE
  5
16E
330
17
100
AcDbEntity
  8
0
100
AcDbFace
 10
-74.48547277097987
 20
38.34235040543559
 30
10.0
 11
-74.75606642722758
 21
38.39617483019774
 31
10.0
 12
-74.76407022066857
 22
38.369789859227154
 32
10.0
 13
-74.76407022066857
 23
38.369789859227154
 33
10.0
  0
3DFACE
  5
16F
330
17
100
AcDbEntity
  8
0
100
AcDbFace
 10
-74.48547277097987
 20
38.34235040543559
 30
10.0
 11
-74.76407022066857
 21
38.369789859227154
 31
10.0
 12
-74.76677277097986
 22
38.34235040543559
 32
10.0
 13
-74.76677277097986
 23
38.34235040543559
 33
10.0
  0
3DFACE
  5
170
330
17
100
AcDbEntity
  8
0
100
AcDbFace
 10
-74.48547277097987
 20
38.34235040543559
 30
10.0
 11
-74.76677277097986
 21
38.34235040543559
 31
10.0
 12
-74.76407022066857
 22
38.31491095164402
 32
10.0
 13
-74.76407022066857
 23
38.31491095164402
 33
10.0
  0
3DFACE
  5
171
330
17
100
AcDbEntity
  8
0
100
AcDbFace
 10
-74.48547277097987
 20
38.34235040543559
 30
10.0
 11
-74.76407022066857
 21
38.31491095164402
 31
10.0
 12
-74.75606642722758
 22
38.28852598067344
 32
10.0
 13
-74.75606642722758
 23
38.28852598067344
 33
10.0
  0
3DFACE
  5
172
330
17
100
AcDbEntity
  8
0
100
AcDbFace
 10
-74.48547277097987
 20
38.34235040543559
 30
10.0
 11
-74.75606642722758
 21
38.28852598067344
 31
10.0
 12
-74.74306897195021
 22
38.26420945216138
 32
10.0
 13
-74.74306897195021
 23
38.26420945216138
 33
10.0
  0
3DFACE
  5
173
330
17
100
AcDbEntity
  8
0
100
AcDbFace
 10
-74.48547277097987
 20
38.34235040543559
 30
10.0
 11
-74.74306897195021
 21
38.26420945216138
 31
10.0
 12
-74.72557733975376
 22
38.2428958366617
 32
10.0
 13
-74.72557733975376
 23
38.2428958366617
 33
10.0
  0
3DFACE
  5
174
330
17
100
AcDbEntity
  8
0
100
AcDbFace
 10
-74.48547277097987
 20
38.34235040543559
 30
10.0
 11
-74.72557733975376
 21
38.2428958366617
 31
10.0
 12
-74.70426372425406
 22
38.225404204465235
 32
10.0
 13
-74.70426372425406
 23
38.225404204465235
 33
10.0
  0
3DFACE
  5
175
330
17
100
AcDbEntity
  8
0
100
AcDbFace
 10
-74.48547277097987
 20
38.34235040543559
 30
10.0
 11
-74.70426372425406
 21
38.225404204465235
 31
10.0
 12
-74.67994719574202
 22
38.21240674918788
 32
10.0
 13
-74.67994719574202
 23
38.21240674918788
 33
10.0
  0
3DFACE
  5
176
330
17
100
AcDbEntity
  8
0
100
AcDbFace
 10
-74.48547277097987
 20
38.34235040543559
 30
10.0
 11
-74.67994719574202
 21
38.21240674918788
 31
10.0
 12
-74.65356222477143
 22
38.20440295574687
 32
10.0
 13
-74.65356222477143
 23
38.20440295574687
 33
10.0
  0
3DFACE
  5
177
330
17
100
AcDbEntity
  8
0
100
AcDbFace
 10
-74.48547277097987
 20
38.34235040543559
 30
10.0
 11
-74.65356222477143
 21
38.20440295574687
 31
10.0
 12
-74.62612277097986
 22
38.20170040543559
 32
10.0
 13
-74.62612277097986
 23
38.20170040543559
 33
10.0
  0
3DFACE
  5
178
330
17
100
AcDbEntity
  8
0
100
AcDbFace
 10
-74.48547277097987
 20
38.34235040543559
 30
10.0
 11
-74.62612277097986
 21
38.20170040543559
 31
10.0
 12
-74.59868331718829
 22
38.20440295574687
 32
10.0
 13
-74.59868331718829
 23
38.20440295574687
 33
10.0
  0
3DFACE
  5
179
330
17
100
AcDbEntity
  8
0
100
AcDbFace
 10
-74.48547277097987
 20
38.34235040543559
 30
10.0
 11
-74.59868331718829
 21
38.20440295574687
 31
10.0
 12
-74.5722983462177
 22
38.21240674918788
 32
10.0
 13
-74.5722983462177
 23
38.21240674918788
 33
10.0
  0
3DFACE
  5
17A
330
17
100
AcDbEntity
  8
0
100
AcDbFace
 10
-74.48547277097987
 20
38.34235040543559
 30
10.0
 11
-74.5722983462177
 21
38.21240674918788
 31
10.0
 12
-74.54798181770566
 22
38.225404204465235
 32
10.0
 13
-74.54798181770566
 23
38.225404204465235
 33
10.0
  0
3DFACE
  5
17B
330
17
100
AcDbEntity
  8
0
100
AcDbFace
 10
-74.48547277097987
 20
38.34235040543559
 30
10.0
 11
-74.54798181770566
 21
38.225404204465235
 31
10.0
 12
-74.52666820220597
 22
38.2428958366617
 32
10.0
 13
-74.52666820220597
 23
38.2428958366617
 33
10.0
  0
3DFACE
  5
17C
330
17
100
AcDbEntity
  8
0
100
AcDbFace
 10
-74.48547277097987
 20
38.34235040543559
 30
10.0
 11
-74.52666820220597
 21
38.2428958366617
 31
10.0
 12
-74.50917657000952
 22
38.26420945216138
 32
10.0
 13
-74.50917657000952
 23
38.26420945216138
 33
10.0
  0
3DFACE
  5
17D
330
17
100
AcDbEntity
  8
0
100
AcDbFace
 10
-74.48547277097987
 20
38.34235040543559
 30
10.0
 11
-74.50917657000952
 21
38.26420945216138
 31
10.0
 12
-74.49617911473214
 22
38.28852598067344
 32
10.0
 13
-74.49617911473214
 23
38.28852598067344
 33
10.0
  0
3DFACE
  5
17E
330
17
100
AcDbEntity
  8
0
100
AcDbFace
 10
-74.48547277097987
 20
38.34235040543559
 30
10.0
 11
-74.49617911473214
 21
38.28852598067344
 31
10.0
 12
-74.48817532129115
 22
38.31491095164402
 32
10.0
 13
-74.48817532129115
 23
38.31491095164402
 33
10.0
  0
3DFACE
  5
17F
330
17
100
AcDbEntity
  8
0
100
AcDbFace
 10
-74.48547277097987
 20
38.34235040543559
 30
0.0
 11
-74.48817532129115
 21
38.369789859227154
 31
0.0
 12
-74.48817532129115
 22
38.369789859227154
 32
10.0
 13
-74.48547277097987
 23
38.34235040543559
 33
10.0
  0
3DFACE
  5
180
330
17
100
AcDbEntity
  8
0
100
AcDbFace
 10
-74.48817532129115
 20
38.369789859227154
 30
0.0
 11
-74.49617911473214
 21
38.39617483019774
 31
0.0
 12
-74.49617911473214
 22
38.39617483019774
 32
10.0
 13
-74.48817532129115
 23
38.369789859227154
 33
10.0
  0
3DFACE
  5
181
330
17
100
AcDbEntity
  8
0
100
AcDbFace
 10
-74.49617911473214
 20
38.39617483019774
 30
0.0
 11
-74.50917657000952
 21
38.420491358709796
 31
0.0
 12
-74.50917657000952
 22
38.420491358709796
 32
10.0
 13
-74.49617911473214
 23
38.39617483019774
 33
10.0
  0
3DFACE
  5
182
330
17
100
AcDbEntity
  8
0
100
AcDbFace
 10
-74.50917657000952
 20
38.420491358709796
 30
0.0
 11
-74.52666820220597
 21
38.441804974209475
 31
0.0
 12
-74.52666820220597
 22
38.441804974209475
 32
10.0
 13
-74.50917657000952
 23
38.420491358709796
 33
10.0
  0
3DFACE
  5
183
330
17
100
AcDbEntity
  8
0
100
AcDbFace
 10
-74.52666820220597
 20
38.441804974209475
 30
0.0
 11
-74.54798181770566
 21
38.45929660640594
 31
0.0
 12
-74.54798181770566
 22
38.45929660640594
 32
10.0
 13
-74.52666820220597
 23
38.441804974209475
 33
10.0
  0
3DFACE
  5
184
330
17
100
AcDbEntity
  8
0
100
AcDbFace
 10
-74.54798181770566
 20
38.45929660640594
 30
0.0
 11
-74.5722983462177
 21
38.4722940616833
 31
0.0
 12
-74.5722983462177
 22
38.4722940616833
 32
10.0
 13
-74.54798181770566
 23
38.45929660640594
 33
10.0
  0
3DFACE
  5
185
330
17
100
AcDbEntity
  8
0
100
AcDbFace
 10
-74.5722983462177
 20
38.4722940616833
 30
0.0
 11
-74.59868331718829
 21
38.480297855124306
 31
0.0
 12
-74.59868331718829
 22
38.480297855124306
 32
10.0
 13
-74.5722983462177
 23
38.4722940616833
 33
10.0
  0
3DFACE
  5
186
330
17
100
AcDbEntity
  8
0
100
AcDbFace
 10
-74.59868331718829
 20
38.480297855124306
 30
0.0
 11
-74.62612277097986
 21
38.48300040543559
 31
0.0
 12
-74.62612277097986
 22
38.48300040543559
 32
10.0
 13
-74.59868331718829
 23
38.480297855124306
 33
10.0
  0
3DFACE
  5
187
330
17
100
AcDbEntity
  8
0
100
AcDbFace
 10
-74.62612277097986
 20
38.48300040543559
 30
0.0
 11
-74.65356222477143
 21
38.480297855124306
 31
0.0
 12
-74.65356222477143
 22
38.480297855124306
 32
10.0
 13
-74.62612277097986
 23
38.48300040543559
 33
10.0
  0
3DFACE
  5
188
330
17
100
AcDbEntity
  8
0
100
AcDbFace
 10
-74.65356222477143
 20
38.480297855124306
 30
0.0
 11
-74.67994719574202
 21
38.4722940616833
 31
0.0
 12
-74.67994719574202
 22
38.4722940616833
 32
10.0
 13
-74.65356222477143
 23
38.480297855124306
 33
10.0
  0
3DFACE
  5
189
330
17
100
AcDbEntity
  8
0
100
AcDbFace
 10
-74.67994719574202
 20
38.4722940616833
 30
0.0
 11
-74.70426372425406
 21
38.45929660640594
 31
0.0
 12
-74.70426372425406
 22
38.45929660640594
 32
10.0
 13
-74.67994719574202
 23
38.4722940616833
 33
10.0
  0
3DFACE
  5
18A
330
17
100
AcDbEntity
  8
0
100
AcDbFace
 10
-74.70426372425406
 20
38.45929660640594
 30
0.0
 11
-74.72557733975376
 21
38.441804974209475
 31
0.0
 12
-74.72557733975376
 22
38.441804974209475
 32
10.0
 13
-74.70426372425406
 23
38.45929660640594
 33
10.0
  0
3DFACE
  5
18B
330
17
100
AcDbEntity
  8
0
100
AcDbFace
 10
-74.72557733975376
 20
38.441804974209475
 30
0.0
 11
-74.74306897195021
 21
38.420491358709796
 31
0.0
 12
-74.74306897195021
 22
38.420491358709796
 32
10.0
 13
-74.72557733975376
 23
38.441804974209475
 33
10.0
  0
3DFACE
  5
18C
330
17
100
AcDbEntity
  8
0
100
AcDbFace
 10
-74.74306897195021
 20
38.420491358709796
 30
0.0
 11
-74.75606642722758
 21
38.39617483019774
 31
0.0
 12
-74.75606642722758
 22
38.39617483019774
 32
10.0
 13
-74.74306897195021
 23
38.420491358709796
 33
10.0
  0
3DFACE
  5
18D
330
17
100
AcDbEntity
  8
0
100
AcDbFace
 10
-74.75606642722758
 20
38.39617483019774
 30
0.0
 11
-74.76407022066857
 21
38.369789859227154
 31
0.0
 12
-74.76407022066857
 22
38.369789859227154
 32
10.0
 13
-74.75606642722758
 23
38.39617483019774
 33
10.0
  0
3DFACE
  5
18E
330
17
100
AcDbEntity
  8
0
100
AcDbFace
 10
-74.76407022066857
 20
38.369789859227154
 30
0.0
 11
-74.76677277097986
 21
38.34235040543559
 31
0.0
 12
-74.76677277097986
 22
38.34235040543559
 32
10.0
 13
-74.76407022066857
 23
38.369789859227154
 33
10.0
  0
3DFACE
  5
18F
330
17
100
AcDbEntity
  8
0
100
AcDbFace
 10
-74.76677277097986
 20
38.34235040543559
 30
0.0
 11
-74.76407022066857
 21
38.31491095164402
 31
0.0
 12
-74.76407022066857
 22
38.31491095164402
 32
10.0
 13
-74.76677277097986
 23
38.34235040543559
 33
10.0
  0
3DFACE
  5
190
330
17
100
AcDbEntity
  8
0
100
AcDbFace
 10
-74.76407022066857
 20
38.31491095164402
 30
0.0
 11
-74.75606642722758
 21
38.28852598067344
 31
0.0
 12
-74.75606642722758
 22
38.28852598067344
 32
10.0
 13
-74.76407022066857
 23
38.31491095164402
 33
10.0
  0
3DFACE
  5
191
330
17
100
AcDbEntity
  8
0
100
AcDbFace
 10
-74.75606642722758
 20
38.28852598067344
 30
0.0
 11
-74.74306897195021
 21
38.26420945216138
 31
0.0
 12
-74.74306897195021
 22
38.26420945216138
 32
10.0
 13
-74.75606642722758
 23
38.28852598067344
 33
10.0
  0
3DFACE
  5
192
330
17
100
AcDbEntity
  8
0
100
AcDbFace
 10
-74.74306897195021
 20
38.26420945216138
 30
0.0
 11
-74.72557733975376
 21
38.2428958366617
 31
0.0
 12
-74.72557733975376
 22
38.2428958366617
 32
10.0
 13
-74.74306897195021
 23
38.26420945216138
 33
10.0
  0
3DFACE
  5
193
330
17
100
AcDbEntity
  8
0
100
AcDbFace
 10
-74.72557733975376
 20
38.2428958366617
 30
0.0
 11
-74.70426372425406
 21
38.225404204465235
 31
0.0
 12
-74.70426372425406
 22
38.225404204465235
 32
10.0
 13
-74.72557733975376
 23
38.2428958366617
 33
10.0
  0
3DFACE
  5
194
330
17
100
AcDbEntity
  8
0
100
AcDbFace
 10
-74.70426372425406
 20
38.225404204465235
 30
0.0
 11
-74.67994719574202
 21
38.21240674918788
 31
0.0
 12
-74.67994719574202
 22
38.21240674918788
 32
10.0
 13
-74.70426372425406
 23
38.225404204465235
 33
10.0
  0
3DFACE
  5
195
330
17
100
AcDbEntity
  8
0
100
AcDbFace
 10
-74.67994719574202
 20
38.21240674918788
 30
0.0
 11
-74.65356222477143
 21
38.20440295574687
 31
0.0
 12
-74.65356222477143
 22
38.20440295574687
 32
10.0
 13
-74.67994719574202
 23
38.21240674918788
 33
10.0
  0
3DFACE
  5
196
330
17
100
AcDbEntity
  8
0
100
AcDbFace
 10
-74.65356222477143
 20
38.20440295574687
 30
0.0
 11
-74.62612277097986
 21
38.20170040543559
 31
0.0
 12
-74.62612277097986
 22
38.20170040543559
 32
10.0
 13
-74.65356222477143
 23
38.20440295574687
 33
10.0
  0
3DFACE
  5
197
330
17
100
AcDbEntity
  8
0
100
AcDbFace
 10
-74.62612277097986
 20
38.20170040543559
 30
0.0
 11
-74.59868331718829
 21
38.20440295574687
 31
0.0
 12
-74.59868331718829
 22
38.20440295574687
 32
10.0
 13
-74.62612277097986
 23
38.20170040543559
 33
10.0
  0
3DFACE
  5
198
330
17
100
AcDbEntity
  8
0
100
AcDbFace
 10
-74.59868331718829
 20
38.20440295574687
 30
0.0
 11
-74.5722983462177
 21
38.21240674918788
 31
0.0
 12
-74.5722983462177
 22
38.21240674918788
 32
10.0
 13
-74.59868331718829
 23
38.20440295574687
 33
10.0
  0
3DFACE
  5
199
330
17
100
AcDbEntity
  8
0
100
AcDbFace
 10
-74.5722983462177
 20
38.21240674918788
 30
0.0
 11
-74.54798181770566
 21
38.225404204465235
 31
0.0
 12
-74.54798181770566
 22
38.225404204465235
 32
10.0
 13
-74.5722983462177
 23
38.21240674918788
 33
10.0
  0
3DFACE
  5
19A
330
17
100
AcDbEntity
  8
0
100
AcDbFace
 10
-74.54798181770566
 20
38.225404204465235
 30
0.0
 11
-74.52666820220597
 21
38.2428958366617
 31
0.0
 12
-74.52666820220597
 22
38.2428958366617
 32
10.0
 13
-74.54798181770566
 23
38.225404204465235
 33
10.0
  0
3DFACE
  5
19B
330
17
100
AcDbEntity
  8
0
100
AcDbFace
 10
-74.52666820220597
 20
38.2428958366617
 30
0.0
 11
-74.50917657000952
 21
38.26420945216138
 31
0.0
 12
-74.50917657000952
 22
38.26420945216138
 32
10.0
 13
-74.52666820220597
 23
38.2428958366617
 33
10.0
  0
3DFACE
  5
19C
330
17
100
AcDbEntity
  8
0
100
AcDbFace
 10
-74.50917657000952
 20
38.26420945216138
 30
0.0
 11
-74.49617911473214
 21
38.28852598067344
 31
0.0
 12
-74.49617911473214
 22
38.28852598067344
 32
10.0
 13
-74.50917657000952
 23
38.26420945216138
 33
10.0
  0
3DFACE
  5
19D
330
17
100
AcDbEntity
  8
0
100
AcDbFace
 10
-74.49617911473214
 20
38.28852598067344
 30
0.0
 11
-74.48817532129115
 21
38.31491095164402
 31
0.0
 12
-74.48817532129115
 22
38.31491095164402
 32
10.0
 13
-74.49617911473214
 23
38.28852598067344
 33
10.0
  0
3DFACE
  5
19E
330
17
100
AcDbEntity
  8
0
100
AcDbFace
 10
-74.48817532129115
 20
38.31491095164402
 30
0.0
 11
-74.48547277097987
 21
38.34235040543559
 31
0.0
 12
-74.48547277097987
 22
38.34235040543559
 32
10.0
 13
-74.48817532129115
 23
38.31491095164402
 33
10.0
  0
3DFACE
  5
19F
330
17
100
AcDbEntity
  8
0
100
AcDbFace
 10
-90.25112438796523
 20
40.96734898494008
 30
0.0
 11
-90.26313358771321
 21
41.08928043620016
 31
0.0
 12
-90.29869968014567
 22
41.206526130168264
 32
0.0
 13
-90.29869968014567
 23
41.206526130168264
 33
0.0
  0
3DFACE
  5
1A0
330
17
100
AcDbEntity
  8
0
100
AcDbFace
 10
-90.25112438796523
 20
40.96734898494008
 30
0.0
 11
-90.29869968014567
 21
41.206526130168264
 31
0.0
 12
-90.35645588027614
 22
41.31458038057733
 32
0.0
 13
-90.35645588027614
 23
41.31458038057733
 33
0.0
  0
3DFACE
  5
1A1
330
17
100
AcDbEntity
  8
0
100
AcDbFace
 10
-90.25112438796523
 20
40.96734898494008
 30
0.0
 11
-90.35645588027614
 21
41.31458038057733
 31
0.0
 12
-90.43418264972364
 22
41.40929072318167
 32
0.0
 13
-90.43418264972364
 23
41.40929072318167
 33
0.0
  0
3DFACE
  5
1A2
330
17
100
AcDbEntity
  8
0
100
AcDbFace
 10
-90.25112438796523
 20
40.96734898494008
 30
0.0
 11
-90.43418264972364
 21
41.40929072318167
 31
0.0
 12
-90.52889299232798
 22
41.48701749262917
 32
0.0
 13
-90.52889299232798
 23
41.48701749262917
 33
0.0
  0
3DFACE
  5
1A3
330
17
100
AcDbEntity
  8
0
100
AcDbFace
 10
-90.25112438796523
 20
40.96734898494008
 30
0.0
 11
-90.52889299232798
 21
41.48701749262917
 31
0.0
 12
-90.63694724273705
 22
41.544773692759634
 32
0.0
 13
-90.63694724273705
 23
41.544773692759634
 33
0.0
  0
3DFACE
  5
1A4
330
17
100
AcDbEntity
  8
0
100
AcDbFace
 10
-90.25112438796523
 20
40.96734898494008
 30
0.0
 11
-90.63694724273705
 21
41.544773692759634
 31
0.0
 12
-90.75419293670515
 22
41.5803397851921
 32
0.0
 13
-90.75419293670515
 23
41.5803397851921
 33
0.0
  0
3DFACE
  5
1A5
330
17
100
AcDbEntity
  8
0
100
AcDbFace
 10
-90.25112438796523
 20
40.96734898494008
 30
0.0
 11
-90.75419293670515
 21
41.5803397851921
 31
0.0
 12
-90.87612438796523
 22
41.59234898494008
 32
0.0
 13
-90.87612438796523
 23
41.59234898494008
 33
0.0
  0
3DFACE
  5
1A6
330
17
100
AcDbEntity
  8
0
100
AcDbFace
 10
-90.25112438796523
 20
40.96734898494008
 30
0.0
 11
-90.87612438796523
 21
41.59234898494008
 31
0.0
 12
-90.99805583922532
 22
41.5803397851921
 32
0.0
 13
-90.99805583922532
 23
41.5803397851921
 33
0.0
  0
3DFACE
  5
1A7
330
17
100
AcDbEntity
  8
0
100
AcDbFace
 10
-90.25112438796523
 20
40.96734898494008
 30
0.0
 11
-90.99805583922532
 21
41.5803397851921
 31
0.0
 12
-91.11530153319342
 22
41.544773692759634
 32
0.0
 13
-91.11530153319342
 23
41.544773692759634
 33
0.0
  0
3DFACE
  5
1A8
330
17
100
AcDbEntity
  8
0
100
AcDbFace
 10
-90.25112438796523
 20
40.96734898494008
 30
0.0
 11
-91.11530153319342
 21
41.544773692759634
 31
0.0
 12
-91.22335578360249
 22
41.48701749262917
 32
0.0
 13
-91.22335578360249
 23
41.48701749262917
 33
0.0
  0
3DFACE
  5
1A9
330
17
100
AcDbEntity
  8
0
100
AcDbFace
 10
-90.25112438796523
 20
40.96734898494008
 30
0.0
 11
-91.22335578360249
 21
41.48701749262917
 31
0.0
 12
-91.31806612620683
 22
41.40929072318167
 32
0.0
 13
-91.31806612620683
 23
41.40929072318167
 33
0.0
  0
3DFACE
  5
1AA
330
17
100
AcDbEntity
  8
0
100
AcDbFace
 10
-90.25112438796523
 20
40.96734898494008
 30
0.0
 11
-91.31806612620683
 21
41.40929072318167
 31
0.0
 12
-91.39579289565432
 22
41.31458038057733
 32
0.0
 13
-91.39579289565432
 23
41.31458038057733
 33
0.0
  0
3DFACE
  5
1AB
330
17
100
AcDbEntity
  8
0
100
AcDbFace
 10
-90.25112438796523
 20
40.96734898494008
 30
0.0
 11
-91.39579289565432
 21
41.31458038057733
 31
0.0
 12
-91.4535490957848
 22
41.206526130168264
 32
0.0
 13
-91.4535490957848
 23
41.206526130168264
 33
0.0
  0
3DFACE
  5
1AC
330
17
100
AcDbEntity
  8
0
100
AcDbFace
 10
-90.25112438796523
 20
40.96734898494008
 30
0.0
 11
-91.4535490957848
 21
41.206526130168264
 31
0.0
 12
-91.48911518821726
 22
41.08928043620016
 32
0.0
 13
-91.48911518821726
 23
41.08928043620016
 33
0.0
  0
3DFACE
  5
1AD
330
17
100
AcDbEntity
  8
0
100
AcDbFace
 10
-90.25112438796523
 20
40.96734898494008
 30
0.0
 11
-91.48911518821726
 21
41.08928043620016
 31
0.0
 12
-91.50112438796523
 22
40.96734898494008
 32
0.0
 13
-91.50112438796523
 23
40.96734898494008
 33
0.0
  0
3DFACE
  5
1AE
330
17
100
AcDbEntity
  8
0
100
AcDbFace
 10
-90.25112438796523
 20
40.96734898494008
 30
0.0
 11
-91.50112438796523
 21
40.96734898494008
 31
0.0
 12
-91.48911518821726
 22
40.84541753368
 32
0.0
 13
-91.48911518821726
 23
40.84541753368
 33
0.0
  0
3DFACE
  5
1AF
330
17
100
AcDbEntity
  8
0
100
AcDbFace
 10
-90.25112438796523
 20
40.96734898494008
 30
0.0
 11
-91.48911518821726
 21
40.84541753368
 31
0.0
 12
-91.4535490957848
 22
40.7281718397119
 32
0.0
 13
-91.4535490957848
 23
40.7281718397119
 33
0.0
  0
3DFACE
  5
1B0
330
17
100
AcDbEntity
  8
0
100
AcDbFace
 10
-90.25112438796523
 20
40.96734898494008
 30
0.0
 11
-91.4535490957848
 21
40.7281718397119
 31
0.0
 12
-91.39579289565432
 22
40.62011758930283
 32
0.0
 13
-91.39579289565432
 23
40.62011758930283
 33
0.0
  0
3DFACE
  5
1B1
330
17
100
AcDbEntity
  8
0
100
AcDbFace
 10
-90.25112438796523
 20
40.96734898494008
 30
0.0
 11
-91.39579289565432
 21
40.62011758930283
 31
0.0
 12
-91.31806612620683
 22
40.52540724669849
 32
0.0
 13
-91.31806612620683
 23
40.52540724669849
 33
0.0
  0
3DFACE
  5
1B2
330
17
100
AcDbEntity
  8
0
100
AcDbFace
 10
-90.25112438796523
 20
40.96734898494008
 30
0.0
 11
-91.31806612620683
 21
40.52540724669849
 31
0.0
 12
-91.22335578360249
 22
40.44768047725099
 32
0.0
 13
-91.22335578360249
 23
40.44768047725099
 33
0.0
  0
3DFACE
  5
1B3
330
17
100
AcDbEntity
  8
0
100
AcDbFace
 10
-90.25112438796523
 20
40.96734898494008
 30
0.0
 11
-91.22335578360249
 21
40.44768047725099
 31
0.0
 12
-91.11530153319342
 22
40.38992427712053
 32
0.0
 13
-91.11530153319342
 23
40.38992427712053
 33
0.0
  0
3DFACE
  5
1B4
330
17
100
AcDbEntity
  8
0
100
AcDbFace
 10
-90.25112438796523
 20
40.96734898494008
 30
0.0
 11
-91.11530153319342
 21
40.38992427712053
 31
0.0
 12
-90.99805583922532
 22
40.35435818468806
 32
0.0
 13
-90.99805583922532
 23
40.35435818468806
 33
0.0
  0
3DFACE
  5
1B5
330
17
100
AcDbEntity
  8
0
100
AcDbFace
 10
-90.25112438796523
 20
40.96734898494008
 30
0.0
 11
-90.99805583922532
 21
40.35435818468806
 31
0.0
 12
-90.87612438796523
 22
40.34234898494008
 32
0.0
 13
-90.87612438796523
 23
40.34234898494008
 33
0.0
  0
3DFACE
  5
1B6
330
17
100
AcDbEntity
  8
0
100
AcDbFace
 10
-90.25112438796523
 20
40.96734898494008
 30
0.0
 11
-90.87612438796523
 21
40.34234898494008
 31
0.0
 12
-90.75419293670515
 22
40.35435818468806
 32
0.0
 13
-90.75419293670515
 23
40.35435818468806
 33
0.0
  0
3DFACE
  5
1B7
330
17
100
AcDbEntity
  8
0
100
AcDbFace
 10
-90.25112438796523
 20
40.96734898494008
 30
0.0
 11
-90.75419293670515
 21
40.35435818468806
 31
0.0
 12
-90.63694724273705
 22
40.38992427712053
 32
0.0
 13
-90.63694724273705
 23
40.38992427712053
 33
0.0
  0
3DFACE
  5
1B8
330
17
100
AcDbEntity
  8
0
100
AcDbFace
 10
-90.25112438796523
 20
40.96734898494008
 30
0.0
 11
-90.63694724273705
 21
40.38992427712053
 31
0.0
 12
-90.52889299232798
 22
40.44768047725099
 32
0.0
 13
-90.52889299232798
 23
40.44768047725099
 33
0.0
  0
3DFACE
  5
1B9
330
17
100
AcDbEntity
  8
0
100
AcDbFace
 10
-90.25112438796523
 20
40.96734898494008
 30
0.0
 11
-90.52889299232798
 21
40.44768047725099
 31
0.0
 12
-90.43418264972364
 22
40.525407246698485
 32
0.0
 13
-90.43418264972364
 23
40.525407246698485
 33
0.0
  0
3DFACE
  5
1BA
330
17
100
AcDbEntity
  8
0
100
AcDbFace
 10
-90.25112438796523
 20
40.96734898494008
 30
0.0
 11
-90.43418264972364
 21
40.525407246698485
 31
0.0
 12
-90.35645588027614
 22
40.62011758930283
 32
0.0
 13
-90.35645588027614
 23
40.62011758930283
 33
0.0
  0
3DFACE
  5
1BB
330
17
100
AcDbEntity
  8
0
100
AcDbFace
 10
-90.25112438796523
 20
40.96734898494008
 30
0.0
 11
-90.35645588027614
 21
40.62011758930283
 31
0.0
 12
-90.29869968014567
 22
40.7281718397119
 32
0.0
 13
-90.29869968014567
 23
40.7281718397119
 33
0.0
  0
3DFACE
  5
1BC
330
17
100
AcDbEntity
  8
0
100
AcDbFace
 10
-90.25112438796523
 20
40.96734898494008
 30
0.0
 11
-90.29869968014567
 21
40.7281718397119
 31
0.0
 12
-90.26313358771321
 22
40.84541753368
 32
0.0
 13
-90.26313358771321
 23
40.84541753368
 33
0.0
  0
3DFACE
  5
1BD
330
17
100
AcDbEntity
  8
0
100
AcDbFace
 10
-90.25112438796523
 20
40.96734898494008
 30
10.0
 11
-90.26313358771321
 21
41.08928043620016
 31
10.0
 12
-90.29869968014567
 22
41.206526130168264
 32
10.0
 13
-90.29869968014567
 23
41.206526130168264
 33
10.0
  0
3DFACE
  5
1BE
330
17
100
AcDbEntity
  8
0
100
AcDbFace
 10
-90.25112438796523
 20
40.96734898494008
 30
10.0
 11
-90.29869968014567
 21
41.206526130168264
 31
10.0
 12
-90.35645588027614
 22
41.31458038057733
 32
10.0
 13
-90.35645588027614
 23
41.31458038057733
 33
10.0
  0
3DFACE
  5
1BF
330
17
100
AcDbEntity
  8
0
100
AcDbFace
 10
-90.25112438796523
 20
40.96734898494008
 30
10.0
 11
-90.35645588027614
 21
41.31458038057733
 31
10.0
 12
-90.43418264972364
 22
41.40929072318167
 32
10.0
 13
-90.43418264972364
 23
41.40929072318167
 33
10.0
  0
3DFACE
  5
1C0
330
17
100
AcDbEntity
  8
0
100
AcDbFace
 10
-90.25112438796523
 20
40.96734898494008
 30
10.0
 11
-90.43418264972364
 21
41.40929072318167
 31
10.0
 12
-90.52889299232798
 22
41.48701749262917
 32
10.0
 13
-90.52889299232798
 23
41.48701749262917
 33
10.0
  0
3DFACE
  5
1C1
330
17
100
AcDbEntity
  8
0
100
AcDbFace
 10
-90.25112438796523
 20
40.96734898494008
 30
10.0
 11
-90.52889299232798
 21
41.48701749262917
 31
10.0
 12
-90.63694724273705
 22
41.544773692759634
 32
10.0
 13
-90.63694724273705
 23
41.544773692759634
 33
10.0
  0
3DFACE
  5
1C2
330
17
100
AcDbEntity
  8
0
100
AcDbFace
 10
-90.25112438796523
 20
40.96734898494008
 30
10.0
 11
-90.63694724273705
 21
41.544773692759634
 31
10.0
 12
-90.75419293670515
 22
41.5803397851921
 32
10.0
 13
-90.75419293670515
 23
41.5803397851921
 33
10.0
  0
3DFACE
  5
1C3
330
17
100
AcDbEntity
  8
0
100
AcDbFace
 10
-90.25112438796523
 20
40.96734898494008
 30
10.0
 11
-90.75419293670515
 21
41.5803397851921
 31
10.0
 12
-90.87612438796523
 22
41.59234898494008
 32
10.0
 13
-90.87612438796523
 23
41.59234898494008
 33
10.0
  0
3DFACE
  5
1C4
330
17
100
AcDbEntity
  8
0
100
AcDbFace
 10
-90.25112438796523
 20
40.96734898494008
 30
10.0
 11
-90.87612438796523
 21
41.59234898494008
 31
10.0
 12
-90.99805583922532
 22
41.5803397851921
 32
10.0
 13
-90.99805583922532
 23
41.5803397851921
 33
10.0
  0
3DFACE
  5
1C5
330
17
100
AcDbEntity
  8
0
100
AcDbFace
 10
-90.25112438796523
 20
40.96734898494008
 30
10.0
 11
-90.99805583922532
 21
41.5803397851921
 31
10.0
 12
-91.11530153319342
 22
41.544773692759634
 32
10.0
 13
-91.11530153319342
 23
41.544773692759634
 33
10.0
  0
3DFACE
  5
1C6
330
17
100
AcDbEntity
  8
0
100
AcDbFace
 10
-90.25112438796523
 20
40.96734898494008
 30
10.0
 11
-91.11530153319342
 21
41.544773692759634
 31
10.0
 12
-91.22335578360249
 22
41.48701749262917
 32
10.0
 13
-91.22335578360249
 23
41.48701749262917
 33
10.0
  0
3DFACE
  5
1C7
330
17
100
AcDbEntity
  8
0
100
AcDbFace
 10
-90.25112438796523
 20
40.96734898494008
 30
10.0
 11
-91.22335578360249
 21
41.48701749262917
 31
10.0
 12
-91.31806612620683
 22
41.40929072318167
 32
10.0
 13
-91.31806612620683
 23
41.40929072318167
 33
10.0
  0
3DFACE
  5
1C8
330
17
100
AcDbEntity
  8
0
100
AcDbFace
 10
-90.25112438796523
 20
40.96734898494008
 30
10.0
 11
-91.31806612620683
 21
41.40929072318167
 31
10.0
 12
-91.39579289565432
 22
41.31458038057733
 32
10.0
 13
-91.39579289565432
 23
41.31458038057733
 33
10.0
  0
3DFACE
  5
1C9
330
17
100
AcDbEntity
  8
0
100
AcDbFace
 10
-90.25112438796523
 20
40.96734898494008
 30
10.0
 11
-91.39579289565432
 21
41.31458038057733
 31
10.0
 12
-91.4535490957848
 22
41.206526130168264
 32
10.0
 13
-91.4535490957848
 23
41.206526130168264
 33
10.0
  0
3DFACE
  5
1CA
330
17
100
AcDbEntity
  8
0
100
AcDbFace
 10
-90.25112438796523
 20
40.96734898494008
 30
10.0
 11
-91.4535490957848
 21
41.206526130168264
 31
10.0
 12
-91.48911518821726
 22
41.08928043620016
 32
10.0
 13
-91.48911518821726
 23
41.08928043620016
 33
10.0
  0
3DFACE
  5
1CB
330
17
100
AcDbEntity
  8
0
100
AcDbFace
 10
-90.25112438796523
 20
40.96734898494008
 30
10.0
 11
-91.48911518821726
 21
41.08928043620016
 31
10.0
 12
-91.50112438796523
 22
40.96734898494008
 32
10.0
 13
-91.50112438796523
 23
40.96734898494008
 33
10.0
  0
3DFACE
  5
1CC
330
17
100
AcDbEntity
  8
0
100
AcDbFace
 10
-90.25112438796523
 20
40.96734898494008
 30
10.0
 11
-91.50112438796523
 21
40.96734898494008
 31
10.0
 12
-91.48911518821726
 22
40.84541753368
 32
10.0
 13
-91.48911518821726
 23
40.84541753368
 33
10.0
  0
3DFACE
  5
1CD
330
17
100
AcDbEntity
  8
0
100
AcDbFace
 10
-90.25112438796523
 20
40.96734898494008
 30
10.0
 11
-91.48911518821726
 21
40.84541753368
 31
10.0
 12
-91.4535490957848
 22
40.7281718397119
 32
10.0
 13
-91.4535490957848
 23
40.7281718397119
 33
10.0
  0
3DFACE
  5
1CE
330
17
100
AcDbEntity
  8
0
100
AcDbFace
 10
-90.25112438796523
 20
40.96734898494008
 30
10.0
 11
-91.4535490957848
 21
40.7281718397119
 31
10.0
 12
-91.39579289565432
 22
40.62011758930283
 32
10.0
 13
-91.39579289565432
 23
40.62011758930283
 33
10.0
  0
3DFACE
  5
1CF
330
17
100
AcDbEntity
  8
0
100
AcDbFace
 10
-90.25112438796523
 20
40.96734898494008
 30
10.0
 11
-91.39579289565432
 21
40.62011758930283
 31
10.0
 12
-91.31806612620683
 22
40.52540724669849
 32
10.0
 13
-91.31806612620683
 23
40.52540724669849
 33
10.0
  0
3DFACE
  5
1D0
330
17
100
AcDbEntity
  8
0
100
AcDbFace
 10
-90.25112438796523
 20
40.96734898494008
 30
10.0
 11
-91.31806612620683
 21
40.52540724669849
 31
10.0
 12
-91.22335578360249
 22
40.44768047725099
 32
10.0
 13
-91.22335578360249
 23
40.44768047725099
 33
10.0
  0
3DFACE
  5
1D1
330
17
100
AcDbEntity
  8
0
100
AcDbFace
 10
-90.25112438796523
 20
40.96734898494008
 30
10.0
 11
-91.22335578360249
 21
40.44768047725099
 31
10.0
 12
-91.11530153319342
 22
40.38992427712053
 32
10.0
 13
-91.11530153319342
 23
40.38992427712053
 33
10.0
  0
3DFACE
  5
1D2
330
17
100
AcDbEntity
  8
0
100
AcDbFace
 10
-90.25112438796523
 20
40.96734898494008
 30
10.0
 11
-91.11530153319342
 21
40.38992427712053
 31
10.0
 12
-90.99805583922532
 22
40.35435818468806
 32
10.0
 13
-90.99805583922532
 23
40.35435818468806
 33
10.0
  0
3DFACE
  5
1D3
330
17
100
AcDbEntity
  8
0
100
AcDbFace
 10
-90.25112438796523
 20
40.96734898494008
 30
10.0
 11
-90.99805583922532
 21
40.35435818468806
 31
10.0
 12
-90.87612438796523
 22
40.34234898494008
 32
10.0
 13
-90.87612438796523
 23
40.34234898494008
 33
10.0
  0
3DFACE
  5
1D4
330
17
100
AcDbEntity
  8
0
100
AcDbFace
 10
-90.25112438796523
 20
40.96734898494008
 30
10.0
 11
-90.87612438796523
 21
40.34234898494008
 31
10.0
 12
-90.75419293670515
 22
40.35435818468806
 32
10.0
 13
-90.75419293670515
 23
40.35435818468806
 33
10.0
  0
3DFACE
  5
1D5
330
17
100
AcDbEntity
  8
0
100
AcDbFace
 10
-90.25112438796523
 20
40.96734898494008
 30
10.0
 11
-90.75419293670515
 21
40.35435818468806
 31
10.0
 12
-90.63694724273705
 22
40.38992427712053
 32
10.0
 13
-90.63694724273705
 23
40.38992427712053
 33
10.0
  0
3DFACE
  5
1D6
330
17
100
AcDbEntity
  8
0
100
AcDbFace
 10
-90.25112438796523
 20
40.96734898494008
 30
10.0
 11
-90.63694724273705
 21
40.38992427712053
 31
10.0
 12
-90.52889299232798
 22
40.44768047725099
 32
10.0
 13
-90.52889299232798
 23
40.44768047725099
 33
10.0
  0
3DFACE
  5
1D7
330
17
100
AcDbEntity
  8
0
100
AcDbFace
 10
-90.25112438796523
 20
40.96734898494008
 30
10.0
 11
-90.52889299232798
 21
40.44768047725099
 31
10.0
 12
-90.43418264972364
 22
40.525407246698485
 32
10.0
 13
-90.43418264972364
 23
40.525407246698485
 33
10.0
  0
3DFACE
  5
1D8
330
17
100
AcDbEntity
  8
0
100
AcDbFace
 10
-90.25112438796523
 20
40.96734898494008
 30
10.0
 11
-90.43418264972364
 21
40.525407246698485
 31
10.0
 12
-90.35645588027614
 22
40.62011758930283
 32
10.0
 13
-90.35645588027614
 23
40.62011758930283
 33
10.0
  0
3DFACE
  5
1D9
330
17
100
AcDbEntity
  8
0
100
AcDbFace
 10
-90.25112438796523
 20
40.96734898494008
 30
10.0
 11
-90.35645588027614
 21
40.62011758930283
 31
10.0
 12
-90.29869968014567
 22
40.7281718397119
 32
10.0
 13
-90.29869968014567
 23
40.7281718397119
 33
10.0
  0
3DFACE
  5
1DA
330
17
100
AcDbEntity
  8
0
100
AcDbFace
 10
-90.25112438796523
 20
40.96734898494008
 30
10.0
 11
-90.29869968014567
 21
40.7281718397119
 31
10.0
 12
-90.26313358771321
 22
40.84541753368
 32
10.0
 13
-90.26313358771321
 23
40.84541753368
 33
10.0
  0
3DFACE
  5
1DB
330
17
100
AcDbEntity
  8
0
100
AcDbFace
 10
-90.25112438796523
 20
40.96734898494008
 30
0.0
 11
-90.26313358771321
 21
41.08928043620016
 31
0.0
 12
-90.26313358771321
 22
41.08928043620016
 32
10.0
 13
-90.25112438796523
 23
40.96734898494008
 33
10.0
  0
3DFACE
  5
1DC
330
17
100
AcDbEntity
  8
0
100
AcDbFace
 10
-90.26313358771321
 20
41.08928043620016
 30
0.0
 11
-90.29869968014567
 21
41.206526130168264
 31
0.0
 12
-90.29869968014567
 22
41.206526130168264
 32
10.0
 13
-90.26313358771321
 23
41.08928043620016
 33
10.0
  0
3DFACE
  5
1DD
330
17
100
AcDbEntity
  8
0
100
AcDbFace
 10
-90.29869968014567
 20
41.206526130168264
 30
0.0
 11
-90.35645588027614
 21
41.31458038057733
 31
0.0
 12
-90.35645588027614
 22
41.31458038057733
 32
10.0
 13
-90.29869968014567
 23
41.206526130168264
 33
10.0
  0
3DFACE
  5
1DE
330
17
100
AcDbEntity
  8
0
100
AcDbFace
 10
-90.35645588027614
 20
41.31458038057733
 30
0.0
 11
-90.43418264972364
 21
41.40929072318167
 31
0.0
 12
-90.43418264972364
 22
41.40929072318167
 32
10.0
 13
-90.35645588027614
 23
41.31458038057733
 33
10.0
  0
3DFACE
  5
1DF
330
17
100
AcDbEntity
  8
0
100
AcDbFace
 10
-90.43418264972364
 20
41.40929072318167
 30
0.0
 11
-90.52889299232798
 21
41.48701749262917
 31
0.0
 12
-90.52889299232798
 22
41.48701749262917
 32
10.0
 13
-90.43418264972364
 23
41.40929072318167
 33
10.0
  0
3DFACE
  5
1E0
330
17
100
AcDbEntity
  8
0
100
AcDbFace
 10
-90.52889299232798
 20
41.48701749262917
 30
0.0
 11
-90.63694724273705
 21
41.544773692759634
 31
0.0
 12
-90.63694724273705
 22
41.544773692759634
 32
10.0
 13
-90.52889299232798
 23
41.48701749262917
 33
10.0
  0
3DFACE
  5
1E1
330
17
100
AcDbEntity
  8
0
100
AcDbFace
 10
-90.63694724273705
 20
41.544773692759634
 30
0.0
 11
-90.75419293670515
 21
41.5803397851921
 31
0.0
 12
-90.75419293670515
 22
41.5803397851921
 32
10.0
 13
-90.63694724273705
 23
41.544773692759634
 33
10.0
  0
3DFACE
  5
1E2
330
17
100
AcDbEntity
  8
0
100
AcDbFace
 10
-90.75419293670515
 20
41.5803397851921
 30
0.0
 11
-90.87612438796523
 21
41.59234898494008
 31
0.0
 12
-90.87612438796523
 22
41.59234898494008
 32
10.0
 13
-90.75419293670515
 23
41.5803397851921
 33
10.0
  0
3DFACE
  5
1E3
330
17
100
AcDbEntity
  8
0
100
AcDbFace
 10
-90.87612438796523
 20
41.59234898494008
 30
0.0
 11
-90.99805583922532
 21
41.5803397851921
 31
0.0
 12
-90.99805583922532
 22
41.5803397851921
 32
10.0
 13
-90.87612438796523
 23
41.59234898494008
 33
10.0
  0
3DFACE
  5
1E4
330
17
100
AcDbEntity
  8
0
100
AcDbFace
 10
-90.99805583922532
 20
41.5803397851921
 30
0.0
 11
-91.11530153319342
 21
41.544773692759634
 31
0.0
 12
-91.11530153319342
 22
41.544773692759634
 32
10.0
 13
-90.99805583922532
 23
41.5803397851921
 33
10.0
  0
3DFACE
  5
1E5
330
17
100
AcDbEntity
  8
0
100
AcDbFace
 10
-91.11530153319342
 20
41.544773692759634
 30
0.0
 11
-91.22335578360249
 21
41.48701749262917
 31
0.0
 12
-91.22335578360249
 22
41.48701749262917
 32
10.0
 13
-91.11530153319342
 23
41.544773692759634
 33
10.0
  0
3DFACE
  5
1E6
330
17
100
AcDbEntity
  8
0
100
AcDbFace
 10
-91.22335578360249
 20
41.48701749262917
 30
0.0
 11
-91.31806612620683
 21
41.40929072318167
 31
0.0
 12
-91.31806612620683
 22
41.40929072318167
 32
10.0
 13
-91.22335578360249
 23
41.48701749262917
 33
10.0
  0
3DFACE
  5
1E7
330
17
100
AcDbEntity
  8
0
100
AcDbFace
 10
-91.31806612620683
 20
41.40929072318167
 30
0.0
 11
-91.39579289565432
 21
41.31458038057733
 31
0.0
 12
-91.39579289565432
 22
41.31458038057733
 32
10.0
 13
-91.31806612620683
 23
41.40929072318167
 33
10.0
  0
3DFACE
  5
1E8
330
17
100
AcDbEntity
  8
0
100
AcDbFace
 10
-91.39579289565432
 20
41.31458038057733
 30
0.0
 11
-91.4535490957848
 21
41.206526130168264
 31
0.0
 12
-91.4535490957848
 22
41.206526130168264
 32
10.0
 13
-91.39579289565432
 23
41.31458038057733
 33
10.0
  0
3DFACE
  5
1E9
330
17
100
AcDbEntity
  8
0
100
AcDbFace
 10
-91.4535490957848
 20
41.206526130168264
 30
0.0
 11
-91.48911518821726
 21
41.08928043620016
 31
0.0
 12
-91.48911518821726
 22
41.08928043620016
 32
10.0
 13
-91.4535490957848
 23
41.206526130168264
 33
10.0
  0
3DFACE
  5
1EA
330
17
100
AcDbEntity
  8
0
100
AcDbFace
 10
-91.48911518821726
 20
41.08928043620016
 30
0.0
 11
-91.50112438796523
 21
40.96734898494008
 31
0.0
 12
-91.50112438796523
 22
40.96734898494008
 32
10.0
 13
-91.48911518821726
 23
41.08928043620016
 33
10.0
  0
3DFACE
  5
1EB
330
17
100
AcDbEntity
  8
0
100
AcDbFace
 10
-91.50112438796523
 20
40.96734898494008
 30
0.0
 11
-91.48911518821726
 21
40.84541753368
 31
0.0
 12
-91.48911518821726
 22
40.84541753368
 32
10.0
 13
-91.50112438796523
 23
40.96734898494008
 33
10.0
  0
3DFACE
  5
1EC
330
17
100
AcDbEntity
  8
0
100
AcDbFace
 10
-91.48911518821726
 20
40.84541753368
 30
0.0
 11
-91.4535490957848
 21
40.7281718397119
 31
0.0
 12
-91.4535490957848
 22
40.7281718397119
 32
10.0
 13
-91.48911518821726
 23
40.84541753368
 33
10.0
  0
3DFACE
  5
1ED
330
17
100
AcDbEntity
  8
0
100
AcDbFace
 10
-91.4535490957848
 20
40.7281718397119
 30
0.0
 11
-91.39579289565432
 21
40.62011758930283
 31
0.0
 12
-91.39579289565432
 22
40.62011758930283
 32
10.0
 13
-91.4535490957848
 23
40.7281718397119
 33
10.0
  0
3DFACE
  5
1EE
330
17
100
AcDbEntity
  8
0
100
AcDbFace
 10
-91.39579289565432
 20
40.62011758930283
 30
0.0
 11
-91.31806612620683
 21
40.52540724669849
 31
0.0
 12
-91.31806612620683
 22
40.52540724669849
 32
10.0
 13
-91.39579289565432
 23
40.62011758930283
 33
10.0
  0
3DFACE
  5
1EF
330
17
100
AcDbEntity
  8
0
100
AcDbFace
 10
-91.31806612620683
 20
40.52540724669849
 30
0.0
 11
-91.22335578360249
 21
40.44768047725099
 31
0.0
 12
-91.22335578360249
 22
40.44768047725099
 32
10.0
 13
-91.31806612620683
 23
40.52540724669849
 33
10.0
  0
3DFACE
  5
1F0
330
17
100
AcDbEntity
  8
0
100
AcDbFace
 10
-91.22335578360249
 20
40.44768047725099
 30
0.0
 11
-91.11530153319342
 21
40.38992427712053
 31
0.0
 12
-91.11530153319342
 22
40.38992427712053
 32
10.0
 13
-91.22335578360249
 23
40.44768047725099
 33
10.0
  0
3DFACE
  5
1F1
330
17
100
AcDbEntity
  8
0
100
AcDbFace
 10
-91.11530153319342
 20
40.38992427712053
 30
0.0
 11
-90.99805583922532
 21
40.35435818468806
 31
0.0
 12
-90.99805583922532
 22
40.35435818468806
 32
10.0
 13
-91.11530153319342
 23
40.38992427712053
 33
10.0
  0
3DFACE
  5
1F2
330
17
100
AcDbEntity
  8
0
100
AcDbFace
 10
-90.99805583922532
 20
40.35435818468806
 30
0.0
 11
-90.87612438796523
 21
40.34234898494008
 31
0.0
 12
-90.87612438796523
 22
40.34234898494008
 32
10.0
 13
-90.99805583922532
 23
40.35435818468806
 33
10.0
  0
3DFACE
  5
1F3
330
17
100
AcDbEntity
  8
0
100
AcDbFace
 10
-90.87612438796523
 20
40.34234898494008
 30
0.0
 11
-90.75419293670515
 21
40.35435818468806
 31
0.0
 12
-90.75419293670515
 22
40.35435818468806
 32
10.0
 13
-90.87612438796523
 23
40.34234898494008
 33
10.0
  0
3DFACE
  5
1F4
330
17
100
AcDbEntity
  8
0
100
AcDbFace
 10
-90.75419293670515
 20
40.35435818468806
 30
0.0
 11
-90.63694724273705
 21
40.38992427712053
 31
0.0
 12
-90.63694724273705
 22
40.38992427712053
 32
10.0
 13
-90.75419293670515
 23
40.35435818468806
 33
10.0
  0
3DFACE
  5
1F5
330
17
100
AcDbEntity
  8
0
100
AcDbFace
 10
-90.63694724273705
 20
40.38992427712053
 30
0.0
 11
-90.52889299232798
 21
40.44768047725099
 31
0.0
 12
-90.52889299232798
 22
40.44768047725099
 32
10.0
 13
-90.63694724273705
 23
40.38992427712053
 33
10.0
  0
3DFACE
  5
1F6
330
17
100
AcDbEntity
  8
0
100
AcDbFace
 10
-90.52889299232798
 20
40.44768047725099
 30
0.0
 11
-90.43418264972364
 21
40.525407246698485
 31
0.0
 12
-90.43418264972364
 22
40.525407246698485
 32
10.0
 13
-90.52889299232798
 23
40.44768047725099
 33
10.0
  0
3DFACE
  5
1F7
330
17
100
AcDbEntity
  8
0
100
AcDbFace
 10
-90.43418264972364
 20
40.525407246698485
 30
0.0
 11
-90.35645588027614
 21
40.62011758930283
 31
0.0
 12
-90.35645588027614
 22
40.62011758930283
 32
10.0
 13
-90.43418264972364
 23
40.525407246698485
 33
10.0
  0
3DFACE
  5
1F8
330
17
100
AcDbEntity
  8
0
100
AcDbFace
 10
-90.35645588027614
 20
40.62011758930283
 30
0.0
 11
-90.29869968014567
 21
40.7281718397119
 31
0.0
 12
-90.29869968014567
 22
40.7281718397119
 32
10.0
 13
-90.35645588027614
 23
40.62011758930283
 33
10.0
  0
3DFACE
  5
1F9
330
17
100
AcDbEntity
  8
0
100
AcDbFace
 10
-90.29869968014567
 20
40.7281718397119
 30
0.0
 11
-90.26313358771321
 21
40.84541753368
 31
0.0
 12
-90.26313358771321
 22
40.84541753368
 32
10.0
 13
-90.29869968014567
 23
40.7281718397119
 33
10.0
  0
3DFACE
  5
1FA
330
17
100
AcDbEntity
  8
0
100
AcDbFace
 10
-90.26313358771321
 20
40.84541753368
 30
0.0
 11
-90.25112438796523
 21
40.96734898494008
 31
0.0
 12
-90.25112438796523
 22
40.96734898494008
 32
10.0
 13
-90.26313358771321
 23
40.84541753368
 33
10.0
  0
3DFACE
  5
1FB
330
17
100
AcDbEntity
  8
0
100
AcDbFace
 10
-90.12612438796523
 20
40.96734898494008
 30
0.0
 11
-90.14053542766281
 21
41.11366672645218
 31
0.0
 12
-90.18321473858177
 22
41.2543615592139
 32
0.0
 13
-90.18321473858177
 23
41.2543615592139
 33
0.0
  0
3DFACE
  5
1FC
330
17
100
AcDbEntity
  8
0
100
AcDbFace
 10
-90.12612438796523
 20
40.96734898494008
 30
0.0
 11
-90.18321473858177
 21
41.2543615592139
 31
0.0
 12
-90.25252217873833
 22
41.38402665970478
 32
0.0
 13
-90.25252217873833
 23
41.38402665970478
 33
0.0
  0
3DFACE
  5
1FD
330
17
100
AcDbEntity
  8
0
100
AcDbFace
 10
-90.12612438796523
 20
40.96734898494008
 30
0.0
 11
-90.25252217873833
 21
41.38402665970478
 31
0.0
 12
-90.34579430207532
 22
41.49767907082999
 32
0.0
 13
-90.34579430207532
 23
41.49767907082999
 33
0.0
  0
3DFACE
  5
1FE
330
17
100
AcDbEntity
  8
0
100
AcDbFace
 10
-90.12612438796523
 20
40.96734898494008
 30
0.0
 11
-90.34579430207532
 21
41.49767907082999
 31
0.0
 12
-90.45944671320053
 22
41.59095119416699
 32
0.0
 13
-90.45944671320053
 23
41.59095119416699
 33
0.0
  0
3DFACE
  5
1FF
330
17
100
AcDbEntity
  8
0
100
AcDbFace
 10
-90.12612438796523
 20
40.96734898494008
 30
0.0
 11
-90.45944671320053
 21
41.59095119416699
 31
0.0
 12
-90.58911181369142
 22
41.66025863432355
 32
0.0
 13
-90.58911181369142
 23
41.66025863432355
 33
0.0
  0
3DFACE
  5
200
330
17
100
AcDbEntity
  8
0
100
AcDbFace
 10
-90.12612438796523
 20
40.96734898494008
 30
0.0
 11
-90.58911181369142
 21
41.66025863432355
 31
0.0
 12
-90.72980664645314
 22
41.7029379452425
 32
0.0
 13
-90.72980664645314
 23
41.7029379452425
 33
0.0
  0
3DFACE
  5
201
330
17
100
AcDbEntity
  8
0
100
AcDbFace
 10
-90.12612438796523
 20
40.96734898494008
 30
0.0
 11
-90.72980664645314
 21
41.7029379452425
 31
0.0
 12
-90.87612438796523
 22
41.71734898494008
 32
0.0
 13
-90.87612438796523
 23
41.71734898494008
 33
0.0
  0
3DFACE
  5
202
330
17
100
AcDbEntity
  8
0
100
AcDbFace
 10
-90.12612438796523
 20
40.96734898494008
 30
0.0
 11
-90.87612438796523
 21
41.71734898494008
 31
0.0
 12
-91.02244212947733
 22
41.7029379452425
 32
0.0
 13
-91.02244212947733
 23
41.7029379452425
 33
0.0
  0
3DFACE
  5
203
330
17
100
AcDbEntity
  8
0
100
AcDbFace
 10
-90.12612438796523
 20
40.96734898494008
 30
0.0
 11
-91.02244212947733
 21
41.7029379452425
 31
0.0
 12
-91.16313696223905
 22
41.66025863432355
 32
0.0
 13
-91.16313696223905
 23
41.66025863432355
 33
0.0
  0
3DFACE
  5
204
330
17
100
AcDbEntity
  8
0
100
AcDbFace
 10
-90.12612438796523
 20
40.96734898494008
 30
0.0
 11
-91.16313696223905
 21
41.66025863432355
 31
0.0
 12
-91.29280206272993
 22
41.59095119416699
 32
0.0
 13
-91.29280206272993
 23
41.59095119416699
 33
0.0
  0
3DFACE
  5
205
330
17
100
AcDbEntity
  8
0
100
AcDbFace
 10
-90.12612438796523
 20
40.96734898494008
 30
0.0
 11
-91.29280206272993
 21
41.59095119416699
 31
0.0
 12
-91.40645447385515
 22
41.49767907082999
 32
0.0
 13
-91.40645447385515
 23
41.49767907082999
 33
0.0
  0
3DFACE
  5
206
330
17
100
AcDbEntity
  8
0
100
AcDbFace
 10
-90.12612438796523
 20
40.96734898494008
 30
0.0
 11
-91.40645447385515
 21
41.49767907082999
 31
0.0
 12
-91.49972659719214
 22
41.38402665970478
 32
0.0
 13
-91.49972659719214
 23
41.38402665970478
 33
0.0
  0
3DFACE
  5
207
330
17
100
AcDbEntity
  8
0
100
AcDbFace
 10
-90.12612438796523
 20
40.96734898494008
 30
0.0
 11
-91.49972659719214
 21
41.38402665970478
 31
0.0
 12
-91.5690340373487
 22
41.2543615592139
 32
0.0
 13
-91.5690340373487
 23
41.2543615592139
 33
0.0
  0
3DFACE
  5
208
330
17
100
AcDbEntity
  8
0
100
AcDbFace
 10
-90.12612438796523
 20
40.96734898494008
 30
0.0
 11
-91.5690340373487
 21
41.2543615592139
 31
0.0
 12
-91.61171334826766
 22
41.11366672645218
 32
0.0
 13
-91.61171334826766
 23
41.11366672645218
 33
0.0
  0
3DFACE
  5
209
330
17
100
AcDbEntity
  8
0
100
AcDbFace
 10
-90.12612438796523
 20
40.96734898494008
 30
0.0
 11
-91.61171334826766
 21
41.11366672645218
 31
0.0
 12
-91.62612438796523
 22
40.96734898494008
 32
0.0
 13
-91.62612438796523
 23
40.96734898494008
 33
0.0
  0
3DFACE
  5
20A
330
17
100
AcDbEntity
  8
0
100
AcDbFace
 10
-90.12612438796523
 20
40.96734898494008
 30
0.0
 11
-91.62612438796523
 21
40.96734898494008
 31
0.0
 12
-91.61171334826766
 22
40.82103124342798
 32
0.0
 13
-91.61171334826766
 23
40.82103124342798
 33
0.0
  0
3DFACE
  5
20B
330
17
100
AcDbEntity
  8
0
100
AcDbFace
 10
-90.12612438796523
 20
40.96734898494008
 30
0.0
 11
-91.61171334826766
 21
40.82103124342798
 31
0.0
 12
-91.5690340373487
 22
40.680336410666264
 32
0.0
 13
-91.5690340373487
 23
40.680336410666264
 33
0.0
  0
3DFACE
  5
20C
330
17
100
AcDbEntity
  8
0
100
AcDbFace
 10
-90.12612438796523
 20
40.96734898494008
 30
0.0
 11
-91.5690340373487
 21
40.680336410666264
 31
0.0
 12
-91.49972659719214
 22
40.55067131017538
 32
0.0
 13
-91.49972659719214
 23
40.55067131017538
 33
0.0
  0
3DFACE
  5
20D
330
17
100
AcDbEntity
  8
0
100
AcDbFace
 10
-90.12612438796523
 20
40.96734898494008
 30
0.0
 11
-91.49972659719214
 21
40.55067131017538
 31
0.0
 12
-91.40645447385515
 22
40.43701889905017
 32
0.0
 13
-91.40645447385515
 23
40.43701889905017
 33
0.0
  0
3DFACE
  5
20E
330
17
100
AcDbEntity
  8
0
100
AcDbFace
 10
-90.12612438796523
 20
40.96734898494008
 30
0.0
 11
-91.40645447385515
 21
40.43701889905017
 31
0.0
 12
-91.29280206272993
 22
40.34374677571317
 32
0.0
 13
-91.29280206272993
 23
40.34374677571317
 33
0.0
  0
3DFACE
  5
20F
330
17
100
AcDbEntity
  8
0
100
AcDbFace
 10
-90.12612438796523
 20
40.96734898494008
 30
0.0
 11
-91.29280206272993
 21
40.34374677571317
 31
0.0
 12
-91.16313696223905
 22
40.274439335556615
 32
0.0
 13
-91.16313696223905
 23
40.274439335556615
 33
0.0
  0
3DFACE
  5
210
330
17
100
AcDbEntity
  8
0
100
AcDbFace
 10
-90.12612438796523
 20
40.96734898494008
 30
0.0
 11
-91.16313696223905
 21
40.274439335556615
 31
0.0
 12
-91.02244212947733
 22
40.23176002463766
 32
0.0
 13
-91.02244212947733
 23
40.23176002463766
 33
0.0
  0
3DFACE
  5
211
330
17
100
AcDbEntity
  8
0
100
AcDbFace
 10
-90.12612438796523
 20
40.96734898494008
 30
0.0
 11
-91.02244212947733
 21
40.23176002463766
 31
0.0
 12
-90.87612438796523
 22
40.21734898494008
 32
0.0
 13
-90.87612438796523
 23
40.21734898494008
 33
0.0
  0
3DFACE
  5
212
330
17
100
AcDbEntity
  8
0
100
AcDbFace
 10
-90.12612438796523
 20
40.96734898494008
 30
0.0
 11
-90.87612438796523
 21
40.21734898494008
 31
0.0
 12
-90.72980664645314
 22
40.23176002463766
 32
0.0
 13
-90.72980664645314
 23
40.23176002463766
 33
0.0
  0
3DFACE
  5
213
330
17
100
AcDbEntity
  8
0
100
AcDbFace
 10
-90.12612438796523
 20
40.96734898494008
 30
0.0
 11
-90.72980664645314
 21
40.23176002463766
 31
0.0
 12
-90.58911181369142
 22
40.274439335556615
 32
0.0
 13
-90.58911181369142
 23
40.274439335556615
 33
0.0
  0
3DFACE
  5
214
330
17
100
AcDbEntity
  8
0
100
AcDbFace
 10
-90.12612438796523
 20
40.96734898494008
 30
0.0
 11
-90.58911181369142
 21
40.274439335556615
 31
0.0
 12
-90.45944671320053
 22
40.34374677571317
 32
0.0
 13
-90.45944671320053
 23
40.34374677571317
 33
0.0
  0
3DFACE
  5
215
330
17
100
AcDbEntity
  8
0
100
AcDbFace
 10
-90.12612438796523
 20
40.96734898494008
 30
0.0
 11
-90.45944671320053
 21
40.34374677571317
 31
0.0
 12
-90.34579430207532
 22
40.43701889905017
 32
0.0
 13
-90.34579430207532
 23
40.43701889905017
 33
0.0
  0
3DFACE
  5
216
330
17
100
AcDbEntity
  8
0
100
AcDbFace
 10
-90.12612438796523
 20
40.96734898494008
 30
0.0
 11
-90.34579430207532
 21
40.43701889905017
 31
0.0
 12
-90.25252217873833
 22
40.55067131017538
 32
0.0
 13
-90.25252217873833
 23
40.55067131017538
 33
0.0
  0
3DFACE
  5
217
330
17
100
AcDbEntity
  8
0
100
AcDbFace
 10
-90.12612438796523
 20
40.96734898494008
 30
0.0
 11
-90.25252217873833
 21
40.55067131017538
 31
0.0
 12
-90.18321473858177
 22
40.680336410666264
 32
0.0
 13
-90.18321473858177
 23
40.680336410666264
 33
0.0
  0
3DFACE
  5
218
330
17
100
AcDbEntity
  8
0
100
AcDbFace
 10
-90.12612438796523
 20
40.96734898494008
 30
0.0
 11
-90.18321473858177
 21
40.680336410666264
 31
0.0
 12
-90.14053542766281
 22
40.82103124342798
 32
0.0
 13
-90.14053542766281
 23
40.82103124342798
 33
0.0
  0
3DFACE
  5
219
330
17
100
AcDbEntity
  8
0
100
AcDbFace
 10
-90.12612438796523
 20
40.96734898494008
 30
10.0
 11
-90.14053542766281
 21
41.11366672645218
 31
10.0
 12
-90.18321473858177
 22
41.2543615592139
 32
10.0
 13
-90.18321473858177
 23
41.2543615592139
 33
10.0
  0
3DFACE
  5
21A
330
17
100
AcDbEntity
  8
0
100
AcDbFace
 10
-90.12612438796523
 20
40.96734898494008
 30
10.0
 11
-90.18321473858177
 21
41.2543615592139
 31
10.0
 12
-90.25252217873833
 22
41.38402665970478
 32
10.0
 13
-90.25252217873833
 23
41.38402665970478
 33
10.0
  0
3DFACE
  5
21B
330
17
100
AcDbEntity
  8
0
100
AcDbFace
 10
-90.12612438796523
 20
40.96734898494008
 30
10.0
 11
-90.25252217873833
 21
41.38402665970478
 31
10.0
 12
-90.34579430207532
 22
41.49767907082999
 32
10.0
 13
-90.34579430207532
 23
41.49767907082999
 33
10.0
  0
3DFACE
  5
21C
330
17
100
AcDbEntity
  8
0
100
AcDbFace
 10
-90.12612438796523
 20
40.96734898494008
 30
10.0
 11
-90.34579430207532
 21
41.49767907082999
 31
10.0
 12
-90.45944671320053
 22
41.59095119416699
 32
10.0
 13
-90.45944671320053
 23
41.59095119416699
 33
10.0
  0
3DFACE
  5
21D
330
17
100
AcDbEntity
  8
0
100
AcDbFace
 10
-90.12612438796523
 20
40.96734898494008
 30
10.0
 11
-90.45944671320053
 21
41.59095119416699
 31
10.0
 12
-90.58911181369142
 22
41.66025863432355
 32
10.0
 13
-90.58911181369142
 23
41.66025863432355
 33
10.0
  0
3DFACE
  5
21E
330
17
100
AcDbEntity
  8
0
100
AcDbFace
 10
-90.12612438796523
 20
40.96734898494008
 30
10.0
 11
-90.58911181369142
 21
41.66025863432355
 31
10.0
 12
-90.72980664645314
 22
41.7029379452425
 32
10.0
 13
-90.72980664645314
 23
41.7029379452425
 33
10.0
  0
3DFACE
  5
21F
330
17
100
AcDbEntity
  8
0
100
AcDbFace
 10
-90.12612438796523
 20
40.96734898494008
 30
10.0
 11
-90.72980664645314
 21
41.7029379452425
 31
10.0
 12
-90.87612438796523
 22
41.71734898494008
 32
10.0
 13
-90.87612438796523
 23
41.71734898494008
 33
10.0
  0
3DFACE
  5
220
330
17
100
AcDbEntity
  8
0
100
AcDbFace
 10
-90.12612438796523
 20
40.96734898494008
 30
10.0
 11
-90.87612438796523
 21
41.71734898494008
 31
10.0
 12
-91.02244212947733
 22
41.7029379452425
 32
10.0
 13
-91.02244212947733
 23
41.7029379452425
 33
10.0
  0
3DFACE
  5
221
330
17
100
AcDbEntity
  8
0
100
AcDbFace
 10
-90.12612438796523
 20
40.96734898494008
 30
10.0
 11
-91.02244212947733
 21
41.7029379452425
 31
10.0
 12
-91.16313696223905
 22
41.66025863432355
 32
10.0
 13
-91.16313696223905
 23
41.66025863432355
 33
10.0
  0
3DFACE
  5
222
330
17
100
AcDbEntity
  8
0
100
AcDbFace
 10
-90.12612438796523
 20
40.96734898494008
 30
10.0
 11
-91.16313696223905
 21
41.66025863432355
 31
10.0
 12
-91.29280206272993
 22
41.59095119416699
 32
10.0
 13
-91.29280206272993
 23
41.59095119416699
 33
10.0
  0
3DFACE
  5
223
330
17
100
AcDbEntity
  8
0
100
AcDbFace
 10
-90.12612438796523
 20
40.96734898494008
 30
10.0
 11
-91.29280206272993
 21
41.59095119416699
 31
10.0
 12
-91.40645447385515
 22
41.49767907082999
 32
10.0
 13
-91.40645447385515
 23
41.49767907082999
 33
10.0
  0
3DFACE
  5
224
330
17
100
AcDbEntity
  8
0
100
AcDbFace
 10
-90.12612438796523
 20
40.96734898494008
 30
10.0
 11
-91.40645447385515
 21
41.49767907082999
 31
10.0
 12
-91.49972659719214
 22
41.38402665970478
 32
10.0
 13
-91.49972659719214
 23
41.38402665970478
 33
10.0
  0
3DFACE
  5
225
330
17
100
AcDbEntity
  8
0
100
AcDbFace
 10
-90.12612438796523
 20
40.96734898494008
 30
10.0
 11
-91.49972659719214
 21
41.38402665970478
 31
10.0
 12
-91.5690340373487
 22
41.2543615592139
 32
10.0
 13
-91.5690340373487
 23
41.2543615592139
 33
10.0
  0
3DFACE
  5
226
330
17
100
AcDbEntity
  8
0
100
AcDbFace
 10
-90.12612438796523
 20
40.96734898494008
 30
10.0
 11
-91.5690340373487
 21
41.2543615592139
 31
10.0
 12
-91.61171334826766
 22
41.11366672645218
 32
10.0
 13
-91.61171334826766
 23
41.11366672645218
 33
10.0
  0
3DFACE
  5
227
330
17
100
AcDbEntity
  8
0
100
AcDbFace
 10
-90.12612438796523
 20
40.96734898494008
 30
10.0
 11
-91.61171334826766
 21
41.11366672645218
 31
10.0
 12
-91.62612438796523
 22
40.96734898494008
 32
10.0
 13
-91.62612438796523
 23
40.96734898494008
 33
10.0
  0
3DFACE
  5
228
330
17
100
AcDbEntity
  8
0
100
AcDbFace
 10
-90.12612438796523
 20
40.96734898494008
 30
10.0
 11
-91.62612438796523
 21
40.96734898494008
 31
10.0
 12
-91.61171334826766
 22
40.82103124342798
 32
10.0
 13
-91.61171334826766
 23
40.82103124342798
 33
10.0
  0
3DFACE
  5
229
330
17
100
AcDbEntity
  8
0
100
AcDbFace
 10
-90.12612438796523
 20
40.96734898494008
 30
10.0
 11
-91.61171334826766
 21
40.82103124342798
 31
10.0
 12
-91.5690340373487
 22
40.680336410666264
 32
10.0
 13
-91.5690340373487
 23
40.680336410666264
 33
10.0
  0
3DFACE
  5
22A
330
17
100
AcDbEntity
  8
0
100
AcDbFace
 10
-90.12612438796523
 20
40.96734898494008
 30
10.0
 11
-91.5690340373487
 21
40.680336410666264
 31
10.0
 12
-91.49972659719214
 22
40.55067131017538
 32
10.0
 13
-91.49972659719214
 23
40.55067131017538
 33
10.0
  0
3DFACE
  5
22B
330
17
100
AcDbEntity
  8
0
100
AcDbFace
 10
-90.12612438796523
 20
40.96734898494008
 30
10.0
 11
-91.49972659719214
 21
40.55067131017538
 31
10.0
 12
-91.40645447385515
 22
40.43701889905017
 32
10.0
 13
-91.40645447385515
 23
40.43701889905017
 33
10.0
  0
3DFACE
  5
22C
330
17
100
AcDbEntity
  8
0
100
AcDbFace
 10
-90.12612438796523
 20
40.96734898494008
 30
10.0
 11
-91.40645447385515
 21
40.43701889905017
 31
10.0
 12
-91.29280206272993
 22
40.34374677571317
 32
10.0
 13
-91.29280206272993
 23
40.34374677571317
 33
10.0
  0
3DFACE
  5
22D
330
17
100
AcDbEntity
  8
0
100
AcDbFace
 10
-90.12612438796523
 20
40.96734898494008
 30
10.0
 11
-91.29280206272993
 21
40.34374677571317
 31
10.0
 12
-91.16313696223905
 22
40.274439335556615
 32
10.0
 13
-91.16313696223905
 23
40.274439335556615
 33
10.0
  0
3DFACE
  5
22E
330
17
100
AcDbEntity
  8
0
100
AcDbFace
 10
-90.12612438796523
 20
40.96734898494008
 30
10.0
 11
-91.16313696223905
 21
40.274439335556615
 31
10.0
 12
-91.02244212947733
 22
40.23176002463766
 32
10.0
 13
-91.02244212947733
 23
40.23176002463766
 33
10.0
  0
3DFACE
  5
22F
330
17
100
AcDbEntity
  8
0
100
AcDbFace
 10
-90.12612438796523
 20
40.96734898494008
 30
10.0
 11
-91.02244212947733
 21
40.23176002463766
 31
10.0
 12
-90.87612438796523
 22
40.21734898494008
 32
10.0
 13
-90.87612438796523
 23
40.21734898494008
 33
10.0
  0
3DFACE
  5
230
330
17
100
AcDbEntity
  8
0
100
AcDbFace
 10
-90.12612438796523
 20
40.96734898494008
 30
10.0
 11
-90.87612438796523
 21
40.21734898494008
 31
10.0
 12
-90.72980664645314
 22
40.23176002463766
 32
10.0
 13
-90.72980664645314
 23
40.23176002463766
 33
10.0
  0
3DFACE
  5
231
330
17
100
AcDbEntity
  8
0
100
AcDbFace
 10
-90.12612438796523
 20
40.96734898494008
 30
10.0
 11
-90.72980664645314
 21
40.23176002463766
 31
10.0
 12
-90.58911181369142
 22
40.274439335556615
 32
10.0
 13
-90.58911181369142
 23
40.274439335556615
 33
10.0
  0
3DFACE
  5
232
330
17
100
AcDbEntity
  8
0
100
AcDbFace
 10
-90.12612438796523
 20
40.96734898494008
 30
10.0
 11
-90.58911181369142
 21
40.274439335556615
 31
10.0
 12
-90.45944671320053
 22
40.34374677571317
 32
10.0
 13
-90.45944671320053
 23
40.34374677571317
 33
10.0
  0
3DFACE
  5
233
330
17
100
AcDbEntity
  8
0
100
AcDbFace
 10
-90.12612438796523
 20
40.96734898494008
 30
10.0
 11
-90.45944671320053
 21
40.34374677571317
 31
10.0
 12
-90.34579430207532
 22
40.43701889905017
 32
10.0
 13
-90.34579430207532
 23
40.43701889905017
 33
10.0
  0
3DFACE
  5
234
330
17
100
AcDbEntity
  8
0
100
AcDbFace
 10
-90.12612438796523
 20
40.96734898494008
 30
10.0
 11
-90.34579430207532
 21
40.43701889905017
 31
10.0
 12
-90.25252217873833
 22
40.55067131017538
 32
10.0
 13
-90.25252217873833
 23
40.55067131017538
 33
10.0
  0
3DFACE
  5
235
330
17
100
AcDbEntity
  8
0
100
AcDbFace
 10
-90.12612438796523
 20
40.96734898494008
 30
10.0
 11
-90.25252217873833
 21
40.55067131017538
 31
10.0
 12
-90.18321473858177
 22
40.680336410666264
 32
10.0
 13
-90.18321473858177
 23
40.680336410666264
 33
10.0
  0
3DFACE
  5
236
330
17
100
AcDbEntity
  8
0
100
AcDbFace
 10
-90.12612438796523
 20
40.96734898494008
 30
10.0
 11
-90.18321473858177
 21
40.680336410666264
 31
10.0
 12
-90.14053542766281
 22
40.82103124342798
 32
10.0
 13
-90.14053542766281
 23
40.82103124342798
 33
10.0
  0
3DFACE
  5
237
330
17
100
AcDbEntity
  8
0
100
AcDbFace
 10
-90.12612438796523
 20
40.96734898494008
 30
0.0
 11
-90.14053542766281
 21
41.11366672645218
 31
0.0
 12
-90.14053542766281
 22
41.11366672645218
 32
10.0
 13
-90.12612438796523
 23
40.96734898494008
 33
10.0
  0
3DFACE
  5
238
330
17
100
AcDbEntity
  8
0
100
AcDbFace
 10
-90.14053542766281
 20
41.11366672645218
 30
0.0
 11
-90.18321473858177
 21
41.2543615592139
 31
0.0
 12
-90.18321473858177
 22
41.2543615592139
 32
10.0
 13
-90.14053542766281
 23
41.11366672645218
 33
10.0
  0
3DFACE
  5
239
330
17
100
AcDbEntity
  8
0
100
AcDbFace
 10
-90.18321473858177
 20
41.2543615592139
 30
0.0
 11
-90.25252217873833
 21
41.38402665970478
 31
0.0
 12
-90.25252217873833
 22
41.38402665970478
 32
10.0
 13
-90.18321473858177
 23
41.2543615592139
 33
10.0
  0
3DFACE
  5
23A
330
17
100
AcDbEntity
  8
0
100
AcDbFace
 10
-90.25252217873833
 20
41.38402665970478
 30
0.0
 11
-90.34579430207532
 21
41.49767907082999
 31
0.0
 12
-90.34579430207532
 22
41.49767907082999
 32
10.0
 13
-90.25252217873833
 23
41.38402665970478
 33
10.0
  0
3DFACE
  5
23B
330
17
100
AcDbEntity
  8
0
100
AcDbFace
 10
-90.34579430207532
 20
41.49767907082999
 30
0.0
 11
-90.45944671320053
 21
41.59095119416699
 31
0.0
 12
-90.45944671320053
 22
41.59095119416699
 32
10.0
 13
-90.34579430207532
 23
41.49767907082999
 33
10.0
  0
3DFACE
  5
23C
330
17
100
AcDbEntity
  8
0
100
AcDbFace
 10
-90.45944671320053
 20
41.59095119416699
 30
0.0
 11
-90.58911181369142
 21
41.66025863432355
 31
0.0
 12
-90.58911181369142
 22
41.66025863432355
 32
10.0
 13
-90.45944671320053
 23
41.59095119416699
 33
10.0
  0
3DFACE
  5
23D
330
17
100
AcDbEntity
  8
0
100
AcDbFace
 10
-90.58911181369142
 20
41.66025863432355
 30
0.0
 11
-90.72980664645314
 21
41.7029379452425
 31
0.0
 12
-90.72980664645314
 22
41.7029379452425
 32
10.0
 13
-90.58911181369142
 23
41.66025863432355
 33
10.0
  0
3DFACE
  5
23E
330
17
100
AcDbEntity
  8
0
100
AcDbFace
 10
-90.72980664645314
 20
41.7029379452425
 30
0.0
 11
-90.87612438796523
 21
41.71734898494008
 31
0.0
 12
-90.87612438796523
 22
41.71734898494008
 32
10.0
 13
-90.72980664645314
 23
41.7029379452425
 33
10.0
  0
3DFACE
  5
23F
330
17
100
AcDbEntity
  8
0
100
AcDbFace
 10
-90.87612438796523
 20
41.71734898494008
 30
0.0
 11
-91.02244212947733
 21
41.7029379452425
 31
0.0
 12
-91.02244212947733
 22
41.7029379452425
 32
10.0
 13
-90.87612438796523
 23
41.71734898494008
 33
10.0
  0
3DFACE
  5
240
330
17
100
AcDbEntity
  8
0
100
AcDbFace
 10
-91.02244212947733
 20
41.7029379452425
 30
0.0
 11
-91.16313696223905
 21
41.66025863432355
 31
0.0
 12
-91.16313696223905
 22
41.66025863432355
 32
10.0
 13
-91.02244212947733
 23
41.7029379452425
 33
10.0
  0
3DFACE
  5
241
330
17
100
AcDbEntity
  8
0
100
AcDbFace
 10
-91.16313696223905
 20
41.66025863432355
 30
0.0
 11
-91.29280206272993
 21
41.59095119416699
 31
0.0
 12
-91.29280206272993
 22
41.59095119416699
 32
10.0
 13
-91.16313696223905
 23
41.66025863432355
 33
10.0
  0
3DFACE
  5
242
330
17
100
AcDbEntity
  8
0
100
AcDbFace
 10
-91.29280206272993
 20
41.59095119416699
 30
0.0
 11
-91.40645447385515
 21
41.49767907082999
 31
0.0
 12
-91.40645447385515
 22
41.49767907082999
 32
10.0
 13
-91.29280206272993
 23
41.59095119416699
 33
10.0
  0
3DFACE
  5
243
330
17
100
AcDbEntity
  8
0
100
AcDbFace
 10
-91.40645447385515
 20
41.49767907082999
 30
0.0
 11
-91.49972659719214
 21
41.38402665970478
 31
0.0
 12
-91.49972659719214
 22
41.38402665970478
 32
10.0
 13
-91.40645447385515
 23
41.49767907082999
 33
10.0
  0
3DFACE
  5
244
330
17
100
AcDbEntity
  8
0
100
AcDbFace
 10
-91.49972659719214
 20
41.38402665970478
 30
0.0
 11
-91.5690340373487
 21
41.2543615592139
 31
0.0
 12
-91.5690340373487
 22
41.2543615592139
 32
10.0
 13
-91.49972659719214
 23
41.38402665970478
 33
10.0
  0
3DFACE
  5
245
330
17
100
AcDbEntity
  8
0
100
AcDbFace
 10
-91.5690340373487
 20
41.2543615592139
 30
0.0
 11
-91.61171334826766
 21
41.11366672645218
 31
0.0
 12
-91.61171334826766
 22
41.11366672645218
 32
10.0
 13
-91.5690340373487
 23
41.2543615592139
 33
10.0
  0
3DFACE
  5
246
330
17
100
AcDbEntity
  8
0
100
AcDbFace
 10
-91.61171334826766
 20
41.11366672645218
 30
0.0
 11
-91.62612438796523
 21
40.96734898494008
 31
0.0
 12
-91.62612438796523
 22
40.96734898494008
 32
10.0
 13
-91.61171334826766
 23
41.11366672645218
 33
10.0
  0
3DFACE
  5
247
330
17
100
AcDbEntity
  8
0
100
AcDbFace
 10
-91.62612438796523
 20
40.96734898494008
 30
0.0
 11
-91.61171334826766
 21
40.82103124342798
 31
0.0
 12
-91.61171334826766
 22
40.82103124342798
 32
10.0
 13
-91.62612438796523
 23
40.96734898494008
 33
10.0
  0
3DFACE
  5
248
330
17
100
AcDbEntity
  8
0
100
AcDbFace
 10
-91.61171334826766
 20
40.82103124342798
 30
0.0
 11
-91.5690340373487
 21
40.680336410666264
 31
0.0
 12
-91.5690340373487
 22
40.680336410666264
 32
10.0
 13
-91.61171334826766
 23
40.82103124342798
 33
10.0
  0
3DFACE
  5
249
330
17
100
AcDbEntity
  8
0
100
AcDbFace
 10
-91.5690340373487
 20
40.680336410666264
 30
0.0
 11
-91.49972659719214
 21
40.55067131017538
 31
0.0
 12
-91.49972659719214
 22
40.55067131017538
 32
10.0
 13
-91.5690340373487
 23
40.680336410666264
 33
10.0
  0
3DFACE
  5
24A
330
17
100
AcDbEntity
  8
0
100
AcDbFace
 10
-91.49972659719214
 20
40.55067131017538
 30
0.0
 11
-91.40645447385515
 21
40.43701889905017
 31
0.0
 12
-91.40645447385515
 22
40.43701889905017
 32
10.0
 13
-91.49972659719214
 23
40.55067131017538
 33
10.0
  0
3DFACE
  5
24B
330
17
100
AcDbEntity
  8
0
100
AcDbFace
 10
-91.40645447385515
 20
40.43701889905017
 30
0.0
 11
-91.29280206272993
 21
40.34374677571317
 31
0.0
 12
-91.29280206272993
 22
40.34374677571317
 32
10.0
 13
-91.40645447385515
 23
40.43701889905017
 33
10.0
  0
3DFACE
  5
24C
330
17
100
AcDbEntity
  8
0
100
AcDbFace
 10
-91.29280206272993
 20
40.34374677571317
 30
0.0
 11
-91.16313696223905
 21
40.274439335556615
 31
0.0
 12
-91.16313696223905
 22
40.274439335556615
 32
10.0
 13
-91.29280206272993
 23
40.34374677571317
 33
10.0
  0
3DFACE
  5
24D
330
17
100
AcDbEntity
  8
0
100
AcDbFace
 10
-91.16313696223905
 20
40.274439335556615
 30
0.0
 11
-91.02244212947733
 21
40.23176002463766
 31
0.0
 12
-91.02244212947733
 22
40.23176002463766
 32
10.0
 13
-91.16313696223905
 23
40.274439335556615
 33
10.0
  0
3DFACE
  5
24E
330
17
100
AcDbEntity
  8
0
100
AcDbFace
 10
-91.02244212947733
 20
40.23176002463766
 30
0.0
 11
-90.87612438796523
 21
40.21734898494008
 31
0.0
 12
-90.87612438796523
 22
40.21734898494008
 32
10.0
 13
-91.02244212947733
 23
40.23176002463766
 33
10.0
  0
3DFACE
  5
24F
330
17
100
AcDbEntity
  8
0
100
AcDbFace
 10
-90.87612438796523
 20
40.21734898494008
 30
0.0
 11
-90.72980664645314
 21
40.23176002463766
 31
0.0
 12
-90.72980664645314
 22
40.23176002463766
 32
10.0
 13
-90.87612438796523
 23
40.21734898494008
 33
10.0
  0
3DFACE
  5
250
330
17
100
AcDbEntity
  8
0
100
AcDbFace
 10
-90.72980664645314
 20
40.23176002463766
 30
0.0
 11
-90.58911181369142
 21
40.274439335556615
 31
0.0
 12
-90.58911181369142
 22
40.274439335556615
 32
10.0
 13
-90.72980664645314
 23
40.23176002463766
 33
10.0
  0
3DFACE
  5
251
330
17
100
AcDbEntity
  8
0
100
AcDbFace
 10
-90.58911181369142
 20
40.274439335556615
 30
0.0
 11
-90.45944671320053
 21
40.34374677571317
 31
0.0
 12
-90.45944671320053
 22
40.34374677571317
 32
10.0
 13
-90.58911181369142
 23
40.274439335556615
 33
10.0
  0
3DFACE
  5
252
330
17
100
AcDbEntity
  8
0
100
AcDbFace
 10
-90.45944671320053
 20
40.34374677571317
 30
0.0
 11
-90.34579430207532
 21
40.43701889905017
 31
0.0
 12
-90.34579430207532
 22
40.43701889905017
 32
10.0
 13
-90.45944671320053
 23
40.34374677571317
 33
10.0
  0
3DFACE
  5
253
330
17
100
AcDbEntity
  8
0
100
AcDbFace
 10
-90.34579430207532
 20
40.43701889905017
 30
0.0
 11
-90.25252217873833
 21
40.55067131017538
 31
0.0
 12
-90.25252217873833
 22
40.55067131017538
 32
10.0
 13
-90.34579430207532
 23
40.43701889905017
 33
10.0
  0
3DFACE
  5
254
330
17
100
AcDbEntity
  8
0
100
AcDbFace
 10
-90.25252217873833
 20
40.55067131017538
 30
0.0
 11
-90.18321473858177
 21
40.680336410666264
 31
0.0
 12
-90.18321473858177
 22
40.680336410666264
 32
10.0
 13
-90.25252217873833
 23
40.55067131017538
 33
10.0
  0
3DFACE
  5
255
330
17
100
AcDbEntity
  8
0
100
AcDbFace
 10
-90.18321473858177
 20
40.680336410666264
 30
0.0
 11
-90.14053542766281
 21
40.82103124342798
 31
0.0
 12
-90.14053542766281
 22
40.82103124342798
 32
10.0
 13
-90.18321473858177
 23
40.680336410666264
 33
10.0
  0
3DFACE
  5
256
330
17
100
AcDbEntity
  8
0
100
AcDbFace
 10
-90.14053542766281
 20
40.82103124342798
 30
0.0
 11
-90.12612438796523
 21
40.96734898494008
 31
0.0
 12
-90.12612438796523
 22
40.96734898494008
 32
10.0
 13
-90.14053542766281
 23
40.82103124342798
 33
10.0
  0
3DFACE
  5
257
330
17
100
AcDbEntity
  8
0
100
AcDbFace
 10
-95.00112438796523
 20
40.96734898494008
 30
0.0
 11
-95.01313358771321
 21
41.08928043620016
 31
0.0
 12
-95.04869968014567
 22
41.206526130168264
 32
0.0
 13
-95.04869968014567
 23
41.206526130168264
 33
0.0
  0
3DFACE
  5
258
330
17
100
AcDbEntity
  8
0
100
AcDbFace
 10
-95.00112438796523
 20
40.96734898494008
 30
0.0
 11
-95.04869968014567
 21
41.206526130168264
 31
0.0
 12
-95.10645588027614
 22
41.31458038057733
 32
0.0
 13
-95.10645588027614
 23
41.31458038057733
 33
0.0
  0
3DFACE
  5
259
330
17
100
AcDbEntity
  8
0
100
AcDbFace
 10
-95.00112438796523
 20
40.96734898494008
 30
0.0
 11
-95.10645588027614
 21
41.31458038057733
 31
0.0
 12
-95.18418264972364
 22
41.40929072318167
 32
0.0
 13
-95.18418264972364
 23
41.40929072318167
 33
0.0
  0
3DFACE
  5
25A
330
17
100
AcDbEntity
  8
0
100
AcDbFace
 10
-95.00112438796523
 20
40.96734898494008
 30
0.0
 11
-95.18418264972364
 21
41.40929072318167
 31
0.0
 12
-95.27889299232798
 22
41.48701749262917
 32
0.0
 13
-95.27889299232798
 23
41.48701749262917
 33
0.0
  0
3DFACE
  5
25B
330
17
100
AcDbEntity
  8
0
100
AcDbFace
 10
-95.00112438796523
 20
40.96734898494008
 30
0.0
 11
-95.27889299232798
 21
41.48701749262917
 31
0.0
 12
-95.38694724273705
 22
41.544773692759634
 32
0.0
 13
-95.38694724273705
 23
41.544773692759634
 33
0.0
  0
3DFACE
  5
25C
330
17
100
AcDbEntity
  8
0
100
AcDbFace
 10
-95.00112438796523
 20
40.96734898494008
 30
0.0
 11
-95.38694724273705
 21
41.544773692759634
 31
0.0
 12
-95.50419293670515
 22
41.5803397851921
 32
0.0
 13
-95.50419293670515
 23
41.5803397851921
 33
0.0
  0
3DFACE
  5
25D
330
17
100
AcDbEntity
  8
0
100
AcDbFace
 10
-95.00112438796523
 20
40.96734898494008
 30
0.0
 11
-95.50419293670515
 21
41.5803397851921
 31
0.0
 12
-95.62612438796523
 22
41.59234898494008
 32
0.0
 13
-95.62612438796523
 23
41.59234898494008
 33
0.0
  0
3DFACE
  5
25E
330
17
100
AcDbEntity
  8
0
100
AcDbFace
 10
-95.00112438796523
 20
40.96734898494008
 30
0.0
 11
-95.62612438796523
 21
41.59234898494008
 31
0.0
 12
-95.74805583922532
 22
41.5803397851921
 32
0.0
 13
-95.74805583922532
 23
41.5803397851921
 33
0.0
  0
3DFACE
  5
25F
330
17
100
AcDbEntity
  8
0
100
AcDbFace
 10
-95.00112438796523
 20
40.96734898494008
 30
0.0
 11
-95.74805583922532
 21
41.5803397851921
 31
0.0
 12
-95.86530153319342
 22
41.544773692759634
 32
0.0
 13
-95.86530153319342
 23
41.544773692759634
 33
0.0
  0
3DFACE
  5
260
330
17
100
AcDbEntity
  8
0
100
AcDbFace
 10
-95.00112438796523
 20
40.96734898494008
 30
0.0
 11
-95.86530153319342
 21
41.544773692759634
 31
0.0
 12
-95.97335578360249
 22
41.48701749262917
 32
0.0
 13
-95.97335578360249
 23
41.48701749262917
 33
0.0
  0
3DFACE
  5
261
330
17
100
AcDbEntity
  8
0
100
AcDbFace
 10
-95.00112438796523
 20
40.96734898494008
 30
0.0
 11
-95.97335578360249
 21
41.48701749262917
 31
0.0
 12
-96.06806612620683
 22
41.40929072318167
 32
0.0
 13
-96.06806612620683
 23
41.40929072318167
 33
0.0
  0
3DFACE
  5
262
330
17
100
AcDbEntity
  8
0
100
AcDbFace
 10
-95.00112438796523
 20
40.96734898494008
 30
0.0
 11
-96.06806612620683
 21
41.40929072318167
 31
0.0
 12
-96.14579289565432
 22
41.31458038057733
 32
0.0
 13
-96.14579289565432
 23
41.31458038057733
 33
0.0
  0
3DFACE
  5
263
330
17
100
AcDbEntity
  8
0
100
AcDbFace
 10
-95.00112438796523
 20
40.96734898494008
 30
0.0
 11
-96.14579289565432
 21
41.31458038057733
 31
0.0
 12
-96.2035490957848
 22
41.206526130168264
 32
0.0
 13
-96.2035490957848
 23
41.206526130168264
 33
0.0
  0
3DFACE
  5
264
330
17
100
AcDbEntity
  8
0
100
AcDbFace
 10
-95.00112438796523
 20
40.96734898494008
 30
0.0
 11
-96.2035490957848
 21
41.206526130168264
 31
0.0
 12
-96.23911518821726
 22
41.08928043620016
 32
0.0
 13
-96.23911518821726
 23
41.08928043620016
 33
0.0
  0
3DFACE
  5
265
330
17
100
AcDbEntity
  8
0
100
AcDbFace
 10
-95.00112438796523
 20
40.96734898494008
 30
0.0
 11
-96.23911518821726
 21
41.08928043620016
 31
0.0
 12
-96.25112438796523
 22
40.96734898494008
 32
0.0
 13
-96.25112438796523
 23
40.96734898494008
 33
0.0
  0
3DFACE
  5
266
330
17
100
AcDbEntity
  8
0
100
AcDbFace
 10
-95.00112438796523
 20
40.96734898494008
 30
0.0
 11
-96.25112438796523
 21
40.96734898494008
 31
0.0
 12
-96.23911518821726
 22
40.84541753368
 32
0.0
 13
-96.23911518821726
 23
40.84541753368
 33
0.0
  0
3DFACE
  5
267
330
17
100
AcDbEntity
  8
0
100
AcDbFace
 10
-95.00112438796523
 20
40.96734898494008
 30
0.0
 11
-96.23911518821726
 21
40.84541753368
 31
0.0
 12
-96.2035490957848
 22
40.7281718397119
 32
0.0
 13
-96.2035490957848
 23
40.7281718397119
 33
0.0
  0
3DFACE
  5
268
330
17
100
AcDbEntity
  8
0
100
AcDbFace
 10
-95.00112438796523
 20
40.96734898494008
 30
0.0
 11
-96.2035490957848
 21
40.7281718397119
 31
0.0
 12
-96.14579289565432
 22
40.62011758930283
 32
0.0
 13
-96.14579289565432
 23
40.62011758930283
 33
0.0
  0
3DFACE
  5
269
330
17
100
AcDbEntity
  8
0
100
AcDbFace
 10
-95.00112438796523
 20
40.96734898494008
 30
0.0
 11
-96.14579289565432
 21
40.62011758930283
 31
0.0
 12
-96.06806612620683
 22
40.52540724669849
 32
0.0
 13
-96.06806612620683
 23
40.52540724669849
 33
0.0
  0
3DFACE
  5
26A
330
17
100
AcDbEntity
  8
0
100
AcDbFace
 10
-95.00112438796523
 20
40.96734898494008
 30
0.0
 11
-96.06806612620683
 21
40.52540724669849
 31
0.0
 12
-95.97335578360249
 22
40.44768047725099
 32
0.0
 13
-95.97335578360249
 23
40.44768047725099
 33
0.0
  0
3DFACE
  5
26B
330
17
100
AcDbEntity
  8
0
100
AcDbFace
 10
-95.00112438796523
 20
40.96734898494008
 30
0.0
 11
-95.97335578360249
 21
40.44768047725099
 31
0.0
 12
-95.86530153319342
 22
40.38992427712053
 32
0.0
 13
-95.86530153319342
 23
40.38992427712053
 33
0.0
  0
3DFACE
  5
26C
330
17
100
AcDbEntity
  8
0
100
AcDbFace
 10
-95.00112438796523
 20
40.96734898494008
 30
0.0
 11
-95.86530153319342
 21
40.38992427712053
 31
0.0
 12
-95.74805583922532
 22
40.35435818468806
 32
0.0
 13
-95.74805583922532
 23
40.35435818468806
 33
0.0
  0
3DFACE
  5
26D
330
17
100
AcDbEntity
  8
0
100
AcDbFace
 10
-95.00112438796523
 20
40.96734898494008
 30
0.0
 11
-95.74805583922532
 21
40.35435818468806
 31
0.0
 12
-95.62612438796523
 22
40.34234898494008
 32
0.0
 13
-95.62612438796523
 23
40.34234898494008
 33
0.0
  0
3DFACE
  5
26E
330
17
100
AcDbEntity
  8
0
100
AcDbFace
 10
-95.00112438796523
 20
40.96734898494008
 30
0.0
 11
-95.62612438796523
 21
40.34234898494008
 31
0.0
 12
-95.50419293670515
 22
40.35435818468806
 32
0.0
 13
-95.50419293670515
 23
40.35435818468806
 33
0.0
  0
3DFACE
  5
26F
330
17
100
AcDbEntity
  8
0
100
AcDbFace
 10
-95.00112438796523
 20
40.96734898494008
 30
0.0
 11
-95.50419293670515
 21
40.35435818468806
 31
0.0
 12
-95.38694724273705
 22
40.38992427712053
 32
0.0
 13
-95.38694724273705
 23
40.38992427712053
 33
0.0
  0
3DFACE
  5
270
330
17
100
AcDbEntity
  8
0
100
AcDbFace
 10
-95.00112438796523
 20
40.96734898494008
 30
0.0
 11
-95.38694724273705
 21
40.38992427712053
 31
0.0
 12
-95.27889299232798
 22
40.44768047725099
 32
0.0
 13
-95.27889299232798
 23
40.44768047725099
 33
0.0
  0
3DFACE
  5
271
330
17
100
AcDbEntity
  8
0
100
AcDbFace
 10
-95.00112438796523
 20
40.96734898494008
 30
0.0
 11
-95.27889299232798
 21
40.44768047725099
 31
0.0
 12
-95.18418264972364
 22
40.525407246698485
 32
0.0
 13
-95.18418264972364
 23
40.525407246698485
 33
0.0
  0
3DFACE
  5
272
330
17
100
AcDbEntity
  8
0
100
AcDbFace
 10
-95.00112438796523
 20
40.96734898494008
 30
0.0
 11
-95.18418264972364
 21
40.525407246698485
 31
0.0
 12
-95.10645588027614
 22
40.62011758930283
 32
0.0
 13
-95.10645588027614
 23
40.62011758930283
 33
0.0
  0
3DFACE
  5
273
330
17
100
AcDbEntity
  8
0
100
AcDbFace
 10
-95.00112438796523
 20
40.96734898494008
 30
0.0
 11
-95.10645588027614
 21
40.62011758930283
 31
0.0
 12
-95.04869968014567
 22
40.7281718397119
 32
0.0
 13
-95.04869968014567
 23
40.7281718397119
 33
0.0
  0
3DFACE
  5
274
330
17
100
AcDbEntity
  8
0
100
AcDbFace
 10
-95.00112438796523
 20
40.96734898494008
 30
0.0
 11
-95.04869968014567
 21
40.7281718397119
 31
0.0
 12
-95.01313358771321
 22
40.84541753368
 32
0.0
 13
-95.01313358771321
 23
40.84541753368
 33
0.0
  0
3DFACE
  5
275
330
17
100
AcDbEntity
  8
0
100
AcDbFace
 10
-95.00112438796523
 20
40.96734898494008
 30
10.0
 11
-95.01313358771321
 21
41.08928043620016
 31
10.0
 12
-95.04869968014567
 22
41.206526130168264
 32
10.0
 13
-95.04869968014567
 23
41.206526130168264
 33
10.0
  0
3DFACE
  5
276
330
17
100
AcDbEntity
  8
0
100
AcDbFace
 10
-95.00112438796523
 20
40.96734898494008
 30
10.0
 11
-95.04869968014567
 21
41.206526130168264
 31
10.0
 12
-95.10645588027614
 22
41.31458038057733
 32
10.0
 13
-95.10645588027614
 23
41.31458038057733
 33
10.0
  0
3DFACE
  5
277
330
17
100
AcDbEntity
  8
0
100
AcDbFace
 10
-95.00112438796523
 20
40.96734898494008
 30
10.0
 11
-95.10645588027614
 21
41.31458038057733
 31
10.0
 12
-95.18418264972364
 22
41.40929072318167
 32
10.0
 13
-95.18418264972364
 23
41.40929072318167
 33
10.0
  0
3DFACE
  5
278
330
17
100
AcDbEntity
  8
0
100
AcDbFace
 10
-95.00112438796523
 20
40.96734898494008
 30
10.0
 11
-95.18418264972364
 21
41.40929072318167
 31
10.0
 12
-95.27889299232798
 22
41.48701749262917
 32
10.0
 13
-95.27889299232798
 23
41.48701749262917
 33
10.0
  0
3DFACE
  5
279
330
17
100
AcDbEntity
  8
0
100
AcDbFace
 10
-95.00112438796523
 20
40.96734898494008
 30
10.0
 11
-95.27889299232798
 21
41.48701749262917
 31
10.0
 12
-95.38694724273705
 22
41.544773692759634
 32
10.0
 13
-95.38694724273705
 23
41.544773692759634
 33
10.0
  0
3DFACE
  5
27A
330
17
100
AcDbEntity
  8
0
100
AcDbFace
 10
-95.00112438796523
 20
40.96734898494008
 30
10.0
 11
-95.38694724273705
 21
41.544773692759634
 31
10.0
 12
-95.50419293670515
 22
41.5803397851921
 32
10.0
 13
-95.50419293670515
 23
41.5803397851921
 33
10.0
  0
3DFACE
  5
27B
330
17
100
AcDbEntity
  8
0
100
AcDbFace
 10
-95.00112438796523
 20
40.96734898494008
 30
10.0
 11
-95.50419293670515
 21
41.5803397851921
 31
10.0
 12
-95.62612438796523
 22
41.59234898494008
 32
10.0
 13
-95.62612438796523
 23
41.59234898494008
 33
10.0
  0
3DFACE
  5
27C
330
17
100
AcDbEntity
  8
0
100
AcDbFace
 10
-95.00112438796523
 20
40.96734898494008
 30
10.0
 11
-95.62612438796523
 21
41.59234898494008
 31
10.0
 12
-95.74805583922532
 22
41.5803397851921
 32
10.0
 13
-95.74805583922532
 23
41.5803397851921
 33
10.0
  0
3DFACE
  5
27D
330
17
100
AcDbEntity
  8
0
100
AcDbFace
 10
-95.00112438796523
 20
40.96734898494008
 30
10.0
 11
-95.74805583922532
 21
41.5803397851921
 31
10.0
 12
-95.86530153319342
 22
41.544773692759634
 32
10.0
 13
-95.86530153319342
 23
41.544773692759634
 33
10.0
  0
3DFACE
  5
27E
330
17
100
AcDbEntity
  8
0
100
AcDbFace
 10
-95.00112438796523
 20
40.96734898494008
 30
10.0
 11
-95.86530153319342
 21
41.544773692759634
 31
10.0
 12
-95.97335578360249
 22
41.48701749262917
 32
10.0
 13
-95.97335578360249
 23
41.48701749262917
 33
10.0
  0
3DFACE
  5
27F
330
17
100
AcDbEntity
  8
0
100
AcDbFace
 10
-95.00112438796523
 20
40.96734898494008
 30
10.0
 11
-95.97335578360249
 21
41.48701749262917
 31
10.0
 12
-96.06806612620683
 22
41.40929072318167
 32
10.0
 13
-96.06806612620683
 23
41.40929072318167
 33
10.0
  0
3DFACE
  5
280
330
17
100
AcDbEntity
  8
0
100
AcDbFace
 10
-95.00112438796523
 20
40.96734898494008
 30
10.0
 11
-96.06806612620683
 21
41.40929072318167
 31
10.0
 12
-96.14579289565432
 22
41.31458038057733
 32
10.0
 13
-96.14579289565432
 23
41.31458038057733
 33
10.0
  0
3DFACE
  5
281
330
17
100
AcDbEntity
  8
0
100
AcDbFace
 10
-95.00112438796523
 20
40.96734898494008
 30
10.0
 11
-96.14579289565432
 21
41.31458038057733
 31
10.0
 12
-96.2035490957848
 22
41.206526130168264
 32
10.0
 13
-96.2035490957848
 23
41.206526130168264
 33
10.0
  0
3DFACE
  5
282
330
17
100
AcDbEntity
  8
0
100
AcDbFace
 10
-95.00112438796523
 20
40.96734898494008
 30
10.0
 11
-96.2035490957848
 21
41.206526130168264
 31
10.0
 12
-96.23911518821726
 22
41.08928043620016
 32
10.0
 13
-96.23911518821726
 23
41.08928043620016
 33
10.0
  0
3DFACE
  5
283
330
17
100
AcDbEntity
  8
0
100
AcDbFace
 10
-95.00112438796523
 20
40.96734898494008
 30
10.0
 11
-96.23911518821726
 21
41.08928043620016
 31
10.0
 12
-96.25112438796523
 22
40.96734898494008
 32
10.0
 13
-96.25112438796523
 23
40.96734898494008
 33
10.0
  0
3DFACE
  5
284
330
17
100
AcDbEntity
  8
0
100
AcDbFace
 10
-95.00112438796523
 20
40.96734898494008
 30
10.0
 11
-96.25112438796523
 21
40.96734898494008
 31
10.0
 12
-96.23911518821726
 22
40.84541753368
 32
10.0
 13
-96.23911518821726
 23
40.84541753368
 33
10.0
  0
3DFACE
  5
285
330
17
100
AcDbEntity
  8
0
100
AcDbFace
 10
-95.00112438796523
 20
40.96734898494008
 30
10.0
 11
-96.23911518821726
 21
40.84541753368
 31
10.0
 12
-96.2035490957848
 22
40.7281718397119
 32
10.0
 13
-96.2035490957848
 23
40.7281718397119
 33
10.0
  0
3DFACE
  5
286
330
17
100
AcDbEntity
  8
0
100
AcDbFace
 10
-95.00112438796523
 20
40.96734898494008
 30
10.0
 11
-96.2035490957848
 21
40.7281718397119
 31
10.0
 12
-96.14579289565432
 22
40.62011758930283
 32
10.0
 13
-96.14579289565432
 23
40.62011758930283
 33
10.0
  0
3DFACE
  5
287
330
17
100
AcDbEntity
  8
0
100
AcDbFace
 10
-95.00112438796523
 20
40.96734898494008
 30
10.0
 11
-96.14579289565432
 21
40.62011758930283
 31
10.0
 12
-96.06806612620683
 22
40.52540724669849
 32
10.0
 13
-96.06806612620683
 23
40.52540724669849
 33
10.0
  0
3DFACE
  5
288
330
17
100
AcDbEntity
  8
0
100
AcDbFace
 10
-95.00112438796523
 20
40.96734898494008
 30
10.0
 11
-96.06806612620683
 21
40.52540724669849
 31
10.0
 12
-95.97335578360249
 22
40.44768047725099
 32
10.0
 13
-95.97335578360249
 23
40.44768047725099
 33
10.0
  0
3DFACE
  5
289
330
17
100
AcDbEntity
  8
0
100
AcDbFace
 10
-95.00112438796523
 20
40.96734898494008
 30
10.0
 11
-95.97335578360249
 21
40.44768047725099
 31
10.0
 12
-95.86530153319342
 22
40.38992427712053
 32
10.0
 13
-95.86530153319342
 23
40.38992427712053
 33
10.0
  0
3DFACE
  5
28A
330
17
100
AcDbEntity
  8
0
100
AcDbFace
 10
-95.00112438796523
 20
40.96734898494008
 30
10.0
 11
-95.86530153319342
 21
40.38992427712053
 31
10.0
 12
-95.74805583922532
 22
40.35435818468806
 32
10.0
 13
-95.74805583922532
 23
40.35435818468806
 33
10.0
  0
3DFACE
  5
28B
330
17
100
AcDbEntity
  8
0
100
AcDbFace
 10
-95.00112438796523
 20
40.96734898494008
 30
10.0
 11
-95.74805583922532
 21
40.35435818468806
 31
10.0
 12
-95.62612438796523
 22
40.34234898494008
 32
10.0
 13
-95.62612438796523
 23
40.34234898494008
 33
10.0
  0
3DFACE
  5
28C
330
17
100
AcDbEntity
  8
0
100
AcDbFace
 10
-95.00112438796523
 20
40.96734898494008
 30
10.0
 11
-95.62612438796523
 21
40.34234898494008
 31
10.0
 12
-95.50419293670515
 22
40.35435818468806
 32
10.0
 13
-95.50419293670515
 23
40.35435818468806
 33
10.0
  0
3DFACE
  5
28D
330
17
100
AcDbEntity
  8
0
100
AcDbFace
 10
-95.00112438796523
 20
40.96734898494008
 30
10.0
 11
-95.50419293670515
 21
40.35435818468806
 31
10.0
 12
-95.38694724273705
 22
40.38992427712053
 32
10.0
 13
-95.38694724273705
 23
40.38992427712053
 33
10.0
  0
3DFACE
  5
28E
330
17
100
AcDbEntity
  8
0
100
AcDbFace
 10
-95.00112438796523
 20
40.96734898494008
 30
10.0
 11
-95.38694724273705
 21
40.38992427712053
 31
10.0
 12
-95.27889299232798
 22
40.44768047725099
 32
10.0
 13
-95.27889299232798
 23
40.44768047725099
 33
10.0
  0
3DFACE
  5
28F
330
17
100
AcDbEntity
  8
0
100
AcDbFace
 10
-95.00112438796523
 20
40.96734898494008
 30
10.0
 11
-95.27889299232798
 21
40.44768047725099
 31
10.0
 12
-95.18418264972364
 22
40.525407246698485
 32
10.0
 13
-95.18418264972364
 23
40.525407246698485
 33
10.0
  0
3DFACE
  5
290
330
17
100
AcDbEntity
  8
0
100
AcDbFace
 10
-95.00112438796523
 20
40.96734898494008
 30
10.0
 11
-95.18418264972364
 21
40.525407246698485
 31
10.0
 12
-95.10645588027614
 22
40.62011758930283
 32
10.0
 13
-95.10645588027614
 23
40.62011758930283
 33
10.0
  0
3DFACE
  5
291
330
17
100
AcDbEntity
  8
0
100
AcDbFace
 10
-95.00112438796523
 20
40.96734898494008
 30
10.0
 11
-95.10645588027614
 21
40.62011758930283
 31
10.0
 12
-95.04869968014567
 22
40.7281718397119
 32
10.0
 13
-95.04869968014567
 23
40.7281718397119
 33
10.0
  0
3DFACE
  5
292
330
17
100
AcDbEntity
  8
0
100
AcDbFace
 10
-95.00112438796523
 20
40.96734898494008
 30
10.0
 11
-95.04869968014567
 21
40.7281718397119
 31
10.0
 12
-95.01313358771321
 22
40.84541753368
 32
10.0
 13
-95.01313358771321
 23
40.84541753368
 33
10.0
  0
3DFACE
  5
293
330
17
100
AcDbEntity
  8
0
100
AcDbFace
 10
-95.00112438796523
 20
40.96734898494008
 30
0.0
 11
-95.01313358771321
 21
41.08928043620016
 31
0.0
 12
-95.01313358771321
 22
41.08928043620016
 32
10.0
 13
-95.00112438796523
 23
40.96734898494008
 33
10.0
  0
3DFACE
  5
294
330
17
100
AcDbEntity
  8
0
100
AcDbFace
 10
-95.01313358771321
 20
41.08928043620016
 30
0.0
 11
-95.04869968014567
 21
41.206526130168264
 31
0.0
 12
-95.04869968014567
 22
41.206526130168264
 32
10.0
 13
-95.01313358771321
 23
41.08928043620016
 33
10.0
  0
3DFACE
  5
295
330
17
100
AcDbEntity
  8
0
100
AcDbFace
 10
-95.04869968014567
 20
41.206526130168264
 30
0.0
 11
-95.10645588027614
 21
41.31458038057733
 31
0.0
 12
-95.10645588027614
 22
41.31458038057733
 32
10.0
 13
-95.04869968014567
 23
41.206526130168264
 33
10.0
  0
3DFACE
  5
296
330
17
100
AcDbEntity
  8
0
100
AcDbFace
 10
-95.10645588027614
 20
41.31458038057733
 30
0.0
 11
-95.18418264972364
 21
41.40929072318167
 31
0.0
 12
-95.18418264972364
 22
41.40929072318167
 32
10.0
 13
-95.10645588027614
 23
41.31458038057733
 33
10.0
  0
3DFACE
  5
297
330
17
100
AcDbEntity
  8
0
100
AcDbFace
 10
-95.18418264972364
 20
41.40929072318167
 30
0.0
 11
-95.27889299232798
 21
41.48701749262917
 31
0.0
 12
-95.27889299232798
 22
41.48701749262917
 32
10.0
 13
-95.18418264972364
 23
41.40929072318167
 33
10.0
  0
3DFACE
  5
298
330
17
100
AcDbEntity
  8
0
100
AcDbFace
 10
-95.27889299232798
 20
41.48701749262917
 30
0.0
 11
-95.38694724273705
 21
41.544773692759634
 31
0.0
 12
-95.38694724273705
 22
41.544773692759634
 32
10.0
 13
-95.27889299232798
 23
41.48701749262917
 33
10.0
  0
3DFACE
  5
299
330
17
100
AcDbEntity
  8
0
100
AcDbFace
 10
-95.38694724273705
 20
41.544773692759634
 30
0.0
 11
-95.50419293670515
 21
41.5803397851921
 31
0.0
 12
-95.50419293670515
 22
41.5803397851921
 32
10.0
 13
-95.38694724273705
 23
41.544773692759634
 33
10.0
  0
3DFACE
  5
29A
330
17
100
AcDbEntity
  8
0
100
AcDbFace
 10
-95.50419293670515
 20
41.5803397851921
 30
0.0
 11
-95.62612438796523
 21
41.59234898494008
 31
0.0
 12
-95.62612438796523
 22
41.59234898494008
 32
10.0
 13
-95.50419293670515
 23
41.5803397851921
 33
10.0
  0
3DFACE
  5
29B
330
17
100
AcDbEntity
  8
0
100
AcDbFace
 10
-95.62612438796523
 20
41.59234898494008
 30
0.0
 11
-95.74805583922532
 21
41.5803397851921
 31
0.0
 12
-95.74805583922532
 22
41.5803397851921
 32
10.0
 13
-95.62612438796523
 23
41.59234898494008
 33
10.0
  0
3DFACE
  5
29C
330
17
100
AcDbEntity
  8
0
100
AcDbFace
 10
-95.74805583922532
 20
41.5803397851921
 30
0.0
 11
-95.86530153319342
 21
41.544773692759634
 31
0.0
 12
-95.86530153319342
 22
41.544773692759634
 32
10.0
 13
-95.74805583922532
 23
41.5803397851921
 33
10.0
  0
3DFACE
  5
29D
330
17
100
AcDbEntity
  8
0
100
AcDbFace
 10
-95.86530153319342
 20
41.544773692759634
 30
0.0
 11
-95.97335578360249
 21
41.48701749262917
 31
0.0
 12
-95.97335578360249
 22
41.48701749262917
 32
10.0
 13
-95.86530153319342
 23
41.544773692759634
 33
10.0
  0
3DFACE
  5
29E
330
17
100
AcDbEntity
  8
0
100
AcDbFace
 10
-95.97335578360249
 20
41.48701749262917
 30
0.0
 11
-96.06806612620683
 21
41.40929072318167
 31
0.0
 12
-96.06806612620683
 22
41.40929072318167
 32
10.0
 13
-95.97335578360249
 23
41.48701749262917
 33
10.0
  0
3DFACE
  5
29F
330
17
100
AcDbEntity
  8
0
100
AcDbFace
 10
-96.06806612620683
 20
41.40929072318167
 30
0.0
 11
-96.14579289565432
 21
41.31458038057733
 31
0.0
 12
-96.14579289565432
 22
41.31458038057733
 32
10.0
 13
-96.06806612620683
 23
41.40929072318167
 33
10.0
  0
3DFACE
  5
2A0
330
17
100
AcDbEntity
  8
0
100
AcDbFace
 10
-96.14579289565432
 20
41.31458038057733
 30
0.0
 11
-96.2035490957848
 21
41.206526130168264
 31
0.0
 12
-96.2035490957848
 22
41.206526130168264
 32
10.0
 13
-96.14579289565432
 23
41.31458038057733
 33
10.0
  0
3DFACE
  5
2A1
330
17
100
AcDbEntity
  8
0
100
AcDbFace
 10
-96.2035490957848
 20
41.206526130168264
 30
0.0
 11
-96.23911518821726
 21
41.08928043620016
 31
0.0
 12
-96.23911518821726
 22
41.08928043620016
 32
10.0
 13
-96.2035490957848
 23
41.206526130168264
 33
10.0
  0
3DFACE
  5
2A2
330
17
100
AcDbEntity
  8
0
100
AcDbFace
 10
-96.23911518821726
 20
41.08928043620016
 30
0.0
 11
-96.25112438796523
 21
40.96734898494008
 31
0.0
 12
-96.25112438796523
 22
40.96734898494008
 32
10.0
 13
-96.23911518821726
 23
41.08928043620016
 33
10.0
  0
3DFACE
  5
2A3
330
17
100
AcDbEntity
  8
0
100
AcDbFace
 10
-96.25112438796523
 20
40.96734898494008
 30
0.0
 11
-96.23911518821726
 21
40.84541753368
 31
0.0
 12
-96.23911518821726
 22
40.84541753368
 32
10.0
 13
-96.25112438796523
 23
40.96734898494008
 33
10.0
  0
3DFACE
  5
2A4
330
17
100
AcDbEntity
  8
0
100
AcDbFace
 10
-96.23911518821726
 20
40.84541753368
 30
0.0
 11
-96.2035490957848
 21
40.7281718397119
 31
0.0
 12
-96.2035490957848
 22
40.7281718397119
 32
10.0
 13
-96.23911518821726
 23
40.84541753368
 33
10.0
  0
3DFACE
  5
2A5
330
17
100
AcDbEntity
  8
0
100
AcDbFace
 10
-96.2035490957848
 20
40.7281718397119
 30
0.0
 11
-96.14579289565432
 21
40.62011758930283
 31
0.0
 12
-96.14579289565432
 22
40.62011758930283
 32
10.0
 13
-96.2035490957848
 23
40.7281718397119
 33
10.0
  0
3DFACE
  5
2A6
330
17
100
AcDbEntity
  8
0
100
AcDbFace
 10
-96.14579289565432
 20
40.62011758930283
 30
0.0
 11
-96.06806612620683
 21
40.52540724669849
 31
0.0
 12
-96.06806612620683
 22
40.52540724669849
 32
10.0
 13
-96.14579289565432
 23
40.62011758930283
 33
10.0
  0
3DFACE
  5
2A7
330
17
100
AcDbEntity
  8
0
100
AcDbFace
 10
-96.06806612620683
 20
40.52540724669849
 30
0.0
 11
-95.97335578360249
 21
40.44768047725099
 31
0.0
 12
-95.97335578360249
 22
40.44768047725099
 32
10.0
 13
-96.06806612620683
 23
40.52540724669849
 33
10.0
  0
3DFACE
  5
2A8
330
17
100
AcDbEntity
  8
0
100
AcDbFace
 10
-95.97335578360249
 20
40.44768047725099
 30
0.0
 11
-95.86530153319342
 21
40.38992427712053
 31
0.0
 12
-95.86530153319342
 22
40.38992427712053
 32
10.0
 13
-95.97335578360249
 23
40.44768047725099
 33
10.0
  0
3DFACE
  5
2A9
330
17
100
AcDbEntity
  8
0
100
AcDbFace
 10
-95.86530153319342
 20
40.38992427712053
 30
0.0
 11
-95.74805583922532
 21
40.35435818468806
 31
0.0
 12
-95.74805583922532
 22
40.35435818468806
 32
10.0
 13
-95.86530153319342
 23
40.38992427712053
 33
10.0
  0
3DFACE
  5
2AA
330
17
100
AcDbEntity
  8
0
100
AcDbFace
 10
-95.74805583922532
 20
40.35435818468806
 30
0.0
 11
-95.62612438796523
 21
40.34234898494008
 31
0.0
 12
-95.62612438796523
 22
40.34234898494008
 32
10.0
 13
-95.74805583922532
 23
40.35435818468806
 33
10.0
  0
3DFACE
  5
2AB
330
17
100
AcDbEntity
  8
0
100
AcDbFace
 10
-95.62612438796523
 20
40.34234898494008
 30
0.0
 11
-95.50419293670515
 21
40.35435818468806
 31
0.0
 12
-95.50419293670515
 22
40.35435818468806
 32
10.0
 13
-95.62612438796523
 23
40.34234898494008
 33
10.0
  0
3DFACE
  5
2AC
330
17
100
AcDbEntity
  8
0
100
AcDbFace
 10
-95.50419293670515
 20
40.35435818468806
 30
0.0
 11
-95.38694724273705
 21
40.38992427712053
 31
0.0
 12
-95.38694724273705
 22
40.38992427712053
 32
10.0
 13
-95.50419293670515
 23
40.35435818468806
 33
10.0
  0
3DFACE
  5
2AD
330
17
100
AcDbEntity
  8
0
100
AcDbFace
 10
-95.38694724273705
 20
40.38992427712053
 30
0.0
 11
-95.27889299232798
 21
40.44768047725099
 31
0.0
 12
-95.27889299232798
 22
40.44768047725099
 32
10.0
 13
-95.38694724273705
 23
40.38992427712053
 33
10.0
  0
3DFACE
  5
2AE
330
17
100
AcDbEntity
  8
0
100
AcDbFace
 10
-95.27889299232798
 20
40.44768047725099
 30
0.0
 11
-95.18418264972364
 21
40.525407246698485
 31
0.0
 12
-95.18418264972364
 22
40.525407246698485
 32
10.0
 13
-95.27889299232798
 23
40.44768047725099
 33
10.0
  0
3DFACE
  5
2AF
330
17
100
AcDbEntity
  8
0
100
AcDbFace
 10
-95.18418264972364
 20
40.525407246698485
 30
0.0
 11
-95.10645588027614
 21
40.62011758930283
 31
0.0
 12
-95.10645588027614
 22
40.62011758930283
 32
10.0
 13
-95.18418264972364
 23
40.525407246698485
 33
10.0
  0
3DFACE
  5
2B0
330
17
100
AcDbEntity
  8
0
100
AcDbFace
 10
-95.10645588027614
 20
40.62011758930283
 30
0.0
 11
-95.04869968014567
 21
40.7281718397119
 31
0.0
 12
-95.04869968014567
 22
40.7281718397119
 32
10.0
 13
-95.10645588027614
 23
40.62011758930283
 33
10.0
  0
3DFACE
  5
2B1
330
17
100
AcDbEntity
  8
0
100
AcDbFace
 10
-95.04869968014567
 20
40.7281718397119
 30
0.0
 11
-95.01313358771321
 21
40.84541753368
 31
0.0
 12
-95.01313358771321
 22
40.84541753368
 32
10.0
 13
-95.04869968014567
 23
40.7281718397119
 33
10.0
  0
3DFACE
  5
2B2
330
17
100
AcDbEntity
  8
0
100
AcDbFace
 10
-95.01313358771321
 20
40.84541753368
 30
0.0
 11
-95.00112438796523
 21
40.96734898494008
 31
0.0
 12
-95.00112438796523
 22
40.96734898494008
 32
10.0
 13
-95.01313358771321
 23
40.84541753368
 33
10.0
  0
3DFACE
  5
2B3
330
17
100
AcDbEntity
  8
0
100
AcDbFace
 10
-94.87612438796523
 20
40.96734898494008
 30
0.0
 11
-94.89053542766281
 21
41.11366672645218
 31
0.0
 12
-94.93321473858177
 22
41.2543615592139
 32
0.0
 13
-94.93321473858177
 23
41.2543615592139
 33
0.0
  0
3DFACE
  5
2B4
330
17
100
AcDbEntity
  8
0
100
AcDbFace
 10
-94.87612438796523
 20
40.96734898494008
 30
0.0
 11
-94.93321473858177
 21
41.2543615592139
 31
0.0
 12
-95.00252217873833
 22
41.38402665970478
 32
0.0
 13
-95.00252217873833
 23
41.38402665970478
 33
0.0
  0
3DFACE
  5
2B5
330
17
100
AcDbEntity
  8
0
100
AcDbFace
 10
-94.87612438796523
 20
40.96734898494008
 30
0.0
 11
-95.00252217873833
 21
41.38402665970478
 31
0.0
 12
-95.09579430207532
 22
41.49767907082999
 32
0.0
 13
-95.09579430207532
 23
41.49767907082999
 33
0.0
  0
3DFACE
  5
2B6
330
17
100
AcDbEntity
  8
0
100
AcDbFace
 10
-94.87612438796523
 20
40.96734898494008
 30
0.0
 11
-95.09579430207532
 21
41.49767907082999
 31
0.0
 12
-95.20944671320053
 22
41.59095119416699
 32
0.0
 13
-95.20944671320053
 23
41.59095119416699
 33
0.0
  0
3DFACE
  5
2B7
330
17
100
AcDbEntity
  8
0
100
AcDbFace
 10
-94.87612438796523
 20
40.96734898494008
 30
0.0
 11
-95.20944671320053
 21
41.59095119416699
 31
0.0
 12
-95.33911181369142
 22
41.66025863432355
 32
0.0
 13
-95.33911181369142
 23
41.66025863432355
 33
0.0
  0
3DFACE
  5
2B8
330
17
100
AcDbEntity
  8
0
100
AcDbFace
 10
-94.87612438796523
 20
40.96734898494008
 30
0.0
 11
-95.33911181369142
 21
41.66025863432355
 31
0.0
 12
-95.47980664645314
 22
41.7029379452425
 32
0.0
 13
-95.47980664645314
 23
41.7029379452425
 33
0.0
  0
3DFACE
  5
2B9
330
17
100
AcDbEntity
  8
0
100
AcDbFace
 10
-94.87612438796523
 20
40.96734898494008
 30
0.0
 11
-95.47980664645314
 21
41.7029379452425
 31
0.0
 12
-95.62612438796523
 22
41.71734898494008
 32
0.0
 13
-95.62612438796523
 23
41.71734898494008
 33
0.0
  0
3DFACE
  5
2BA
330
17
100
AcDbEntity
  8
0
100
AcDbFace
 10
-94.87612438796523
 20
40.96734898494008
 30
0.0
 11
-95.62612438796523
 21
41.71734898494008
 31
0.0
 12
-95.77244212947733
 22
41.7029379452425
 32
0.0
 13
-95.77244212947733
 23
41.7029379452425
 33
0.0
  0
3DFACE
  5
2BB
330
17
100
AcDbEntity
  8
0
100
AcDbFace
 10
-94.87612438796523
 20
40.96734898494008
 30
0.0
 11
-95.77244212947733
 21
41.7029379452425
 31
0.0
 12
-95.91313696223905
 22
41.66025863432355
 32
0.0
 13
-95.91313696223905
 23
41.66025863432355
 33
0.0
  0
3DFACE
  5
2BC
330
17
100
AcDbEntity
  8
0
100
AcDbFace
 10
-94.87612438796523
 20
40.96734898494008
 30
0.0
 11
-95.91313696223905
 21
41.66025863432355
 31
0.0
 12
-96.04280206272993
 22
41.59095119416699
 32
0.0
 13
-96.04280206272993
 23
41.59095119416699
 33
0.0
  0
3DFACE
  5
2BD
330
17
100
AcDbEntity
  8
0
100
AcDbFace
 10
-94.87612438796523
 20
40.96734898494008
 30
0.0
 11
-96.04280206272993
 21
41.59095119416699
 31
0.0
 12
-96.15645447385515
 22
41.49767907082999
 32
0.0
 13
-96.15645447385515
 23
41.49767907082999
 33
0.0
  0
3DFACE
  5
2BE
330
17
100
AcDbEntity
  8
0
100
AcDbFace
 10
-94.87612438796523
 20
40.96734898494008
 30
0.0
 11
-96.15645447385515
 21
41.49767907082999
 31
0.0
 12
-96.24972659719214
 22
41.38402665970478
 32
0.0
 13
-96.24972659719214
 23
41.38402665970478
 33
0.0
  0
3DFACE
  5
2BF
330
17
100
AcDbEntity
  8
0
100
AcDbFace
 10
-94.87612438796523
 20
40.96734898494008
 30
0.0
 11
-96.24972659719214
 21
41.38402665970478
 31
0.0
 12
-96.3190340373487
 22
41.2543615592139
 32
0.0
 13
-96.3190340373487
 23
41.2543615592139
 33
0.0
  0
3DFACE
  5
2C0
330
17
100
AcDbEntity
  8
0
100
AcDbFace
 10
-94.87612438796523
 20
40.96734898494008
 30
0.0
 11
-96.3190340373487
 21
41.2543615592139
 31
0.0
 12
-96.36171334826766
 22
41.11366672645218
 32
0.0
 13
-96.36171334826766
 23
41.11366672645218
 33
0.0
  0
3DFACE
  5
2C1
330
17
100
AcDbEntity
  8
0
100
AcDbFace
 10
-94.87612438796523
 20
40.96734898494008
 30
0.0
 11
-96.36171334826766
 21
41.11366672645218
 31
0.0
 12
-96.37612438796523
 22
40.96734898494008
 32
0.0
 13
-96.37612438796523
 23
40.96734898494008
 33
0.0
  0
3DFACE
  5
2C2
330
17
100
AcDbEntity
  8
0
100
AcDbFace
 10
-94.87612438796523
 20
40.96734898494008
 30
0.0
 11
-96.37612438796523
 21
40.96734898494008
 31
0.0
 12
-96.36171334826766
 22
40.82103124342798
 32
0.0
 13
-96.36171334826766
 23
40.82103124342798
 33
0.0
  0
3DFACE
  5
2C3
330
17
100
AcDbEntity
  8
0
100
AcDbFace
 10
-94.87612438796523
 20
40.96734898494008
 30
0.0
 11
-96.36171334826766
 21
40.82103124342798
 31
0.0
 12
-96.3190340373487
 22
40.680336410666264
 32
0.0
 13
-96.3190340373487
 23
40.680336410666264
 33
0.0
  0
3DFACE
  5
2C4
330
17
100
AcDbEntity
  8
0
100
AcDbFace
 10
-94.87612438796523
 20
40.96734898494008
 30
0.0
 11
-96.3190340373487
 21
40.680336410666264
 31
0.0
 12
-96.24972659719214
 22
40.55067131017538
 32
0.0
 13
-96.24972659719214
 23
40.55067131017538
 33
0.0
  0
3DFACE
  5
2C5
330
17
100
AcDbEntity
  8
0
100
AcDbFace
 10
-94.87612438796523
 20
40.96734898494008
 30
0.0
 11
-96.24972659719214
 21
40.55067131017538
 31
0.0
 12
-96.15645447385515
 22
40.43701889905017
 32
0.0
 13
-96.15645447385515
 23
40.43701889905017
 33
0.0
  0
3DFACE
  5
2C6
330
17
100
AcDbEntity
  8
0
100
AcDbFace
 10
-94.87612438796523
 20
40.96734898494008
 30
0.0
 11
-96.15645447385515
 21
40.43701889905017
 31
0.0
 12
-96.04280206272993
 22
40.34374677571317
 32
0.0
 13
-96.04280206272993
 23
40.34374677571317
 33
0.0
  0
3DFACE
  5
2C7
330
17
100
AcDbEntity
  8
0
100
AcDbFace
 10
-94.87612438796523
 20
40.96734898494008
 30
0.0
 11
-96.04280206272993
 21
40.34374677571317
 31
0.0
 12
-95.91313696223905
 22
40.274439335556615
 32
0.0
 13
-95.91313696223905
 23
40.274439335556615
 33
0.0
  0
3DFACE
  5
2C8
330
17
100
AcDbEntity
  8
0
100
AcDbFace
 10
-94.87612438796523
 20
40.96734898494008
 30
0.0
 11
-95.91313696223905
 21
40.274439335556615
 31
0.0
 12
-95.77244212947733
 22
40.23176002463766
 32
0.0
 13
-95.77244212947733
 23
40.23176002463766
 33
0.0
  0
3DFACE
  5
2C9
330
17
100
AcDbEntity
  8
0
100
AcDbFace
 10
-94.87612438796523
 20
40.96734898494008
 30
0.0
 11
-95.77244212947733
 21
40.23176002463766
 31
0.0
 12
-95.62612438796523
 22
40.21734898494008
 32
0.0
 13
-95.62612438796523
 23
40.21734898494008
 33
0.0
  0
3DFACE
  5
2CA
330
17
100
AcDbEntity
  8
0
100
AcDbFace
 10
-94.87612438796523
 20
40.96734898494008
 30
0.0
 11
-95.62612438796523
 21
40.21734898494008
 31
0.0
 12
-95.47980664645314
 22
40.23176002463766
 32
0.0
 13
-95.47980664645314
 23
40.23176002463766
 33
0.0
  0
3DFACE
  5
2CB
330
17
100
AcDbEntity
  8
0
100
AcDbFace
 10
-94.87612438796523
 20
40.96734898494008
 30
0.0
 11
-95.47980664645314
 21
40.23176002463766
 31
0.0
 12
-95.33911181369142
 22
40.274439335556615
 32
0.0
 13
-95.33911181369142
 23
40.274439335556615
 33
0.0
  0
3DFACE
  5
2CC
330
17
100
AcDbEntity
  8
0
100
AcDbFace
 10
-94.87612438796523
 20
40.96734898494008
 30
0.0
 11
-95.33911181369142
 21
40.274439335556615
 31
0.0
 12
-95.20944671320053
 22
40.34374677571317
 32
0.0
 13
-95.20944671320053
 23
40.34374677571317
 33
0.0
  0
3DFACE
  5
2CD
330
17
100
AcDbEntity
  8
0
100
AcDbFace
 10
-94.87612438796523
 20
40.96734898494008
 30
0.0
 11
-95.20944671320053
 21
40.34374677571317
 31
0.0
 12
-95.09579430207532
 22
40.43701889905017
 32
0.0
 13
-95.09579430207532
 23
40.43701889905017
 33
0.0
  0
3DFACE
  5
2CE
330
17
100
AcDbEntity
  8
0
100
AcDbFace
 10
-94.87612438796523
 20
40.96734898494008
 30
0.0
 11
-95.09579430207532
 21
40.43701889905017
 31
0.0
 12
-95.00252217873833
 22
40.55067131017538
 32
0.0
 13
-95.00252217873833
 23
40.55067131017538
 33
0.0
  0
3DFACE
  5
2CF
330
17
100
AcDbEntity
  8
0
100
AcDbFace
 10
-94.87612438796523
 20
40.96734898494008
 30
0.0
 11
-95.00252217873833
 21
40.55067131017538
 31
0.0
 12
-94.93321473858177
 22
40.680336410666264
 32
0.0
 13
-94.93321473858177
 23
40.680336410666264
 33
0.0
  0
3DFACE
  5
2D0
330
17
100
AcDbEntity
  8
0
100
AcDbFace
 10
-94.87612438796523
 20
40.96734898494008
 30
0.0
 11
-94.93321473858177
 21
40.680336410666264
 31
0.0
 12
-94.89053542766281
 22
40.82103124342798
 32
0.0
 13
-94.89053542766281
 23
40.82103124342798
 33
0.0
  0
3DFACE
  5
2D1
330
17
100
AcDbEntity
  8
0
100
AcDbFace
 10
-94.87612438796523
 20
40.96734898494008
 30
10.0
 11
-94.89053542766281
 21
41.11366672645218
 31
10.0
 12
-94.93321473858177
 22
41.2543615592139
 32
10.0
 13
-94.93321473858177
 23
41.2543615592139
 33
10.0
  0
3DFACE
  5
2D2
330
17
100
AcDbEntity
  8
0
100
AcDbFace
 10
-94.87612438796523
 20
40.96734898494008
 30
10.0
 11
-94.93321473858177
 21
41.2543615592139
 31
10.0
 12
-95.00252217873833
 22
41.38402665970478
 32
10.0
 13
-95.00252217873833
 23
41.38402665970478
 33
10.0
  0
3DFACE
  5
2D3
330
17
100
AcDbEntity
  8
0
100
AcDbFace
 10
-94.87612438796523
 20
40.96734898494008
 30
10.0
 11
-95.00252217873833
 21
41.38402665970478
 31
10.0
 12
-95.09579430207532
 22
41.49767907082999
 32
10.0
 13
-95.09579430207532
 23
41.49767907082999
 33
10.0
  0
3DFACE
  5
2D4
330
17
100
AcDbEntity
  8
0
100
AcDbFace
 10
-94.87612438796523
 20
40.96734898494008
 30
10.0
 11
-95.09579430207532
 21
41.49767907082999
 31
10.0
 12
-95.20944671320053
 22
41.59095119416699
 32
10.0
 13
-95.20944671320053
 23
41.59095119416699
 33
10.0
  0
3DFACE
  5
2D5
330
17
100
AcDbEntity
  8
0
100
AcDbFace
 10
-94.87612438796523
 20
40.96734898494008
 30
10.0
 11
-95.20944671320053
 21
41.59095119416699
 31
10.0
 12
-95.33911181369142
 22
41.66025863432355
 32
10.0
 13
-95.33911181369142
 23
41.66025863432355
 33
10.0
  0
3DFACE
  5
2D6
330
17
100
AcDbEntity
  8
0
100
AcDbFace
 10
-94.87612438796523
 20
40.96734898494008
 30
10.0
 11
-95.33911181369142
 21
41.66025863432355
 31
10.0
 12
-95.47980664645314
 22
41.7029379452425
 32
10.0
 13
-95.47980664645314
 23
41.7029379452425
 33
10.0
  0
3DFACE
  5
2D7
330
17
100
AcDbEntity
  8
0
100
AcDbFace
 10
-94.87612438796523
 20
40.96734898494008
 30
10.0
 11
-95.47980664645314
 21
41.7029379452425
 31
10.0
 12
-95.62612438796523
 22
41.71734898494008
 32
10.0
 13
-95.62612438796523
 23
41.71734898494008
 33
10.0
  0
3DFACE
  5
2D8
330
17
100
AcDbEntity
  8
0
100
AcDbFace
 10
-94.87612438796523
 20
40.96734898494008
 30
10.0
 11
-95.62612438796523
 21
41.71734898494008
 31
10.0
 12
-95.77244212947733
 22
41.7029379452425
 32
10.0
 13
-95.77244212947733
 23
41.7029379452425
 33
10.0
  0
3DFACE
  5
2D9
330
17
100
AcDbEntity
  8
0
100
AcDbFace
 10
-94.87612438796523
 20
40.96734898494008
 30
10.0
 11
-95.77244212947733
 21
41.7029379452425
 31
10.0
 12
-95.91313696223905
 22
41.66025863432355
 32
10.0
 13
-95.91313696223905
 23
41.66025863432355
 33
10.0
  0
3DFACE
  5
2DA
330
17
100
AcDbEntity
  8
0
100
AcDbFace
 10
-94.87612438796523
 20
40.96734898494008
 30
10.0
 11
-95.91313696223905
 21
41.66025863432355
 31
10.0
 12
-96.04280206272993
 22
41.59095119416699
 32
10.0
 13
-96.04280206272993
 23
41.59095119416699
 33
10.0
  0
3DFACE
  5
2DB
330
17
100
AcDbEntity
  8
0
100
AcDbFace
 10
-94.87612438796523
 20
40.96734898494008
 30
10.0
 11
-96.04280206272993
 21
41.59095119416699
 31
10.0
 12
-96.15645447385515
 22
41.49767907082999
 32
10.0
 13
-96.15645447385515
 23
41.49767907082999
 33
10.0
  0
3DFACE
  5
2DC
330
17
100
AcDbEntity
  8
0
100
AcDbFace
 10
-94.87612438796523
 20
40.96734898494008
 30
10.0
 11
-96.15645447385515
 21
41.49767907082999
 31
10.0
 12
-96.24972659719214
 22
41.38402665970478
 32
10.0
 13
-96.24972659719214
 23
41.38402665970478
 33
10.0
  0
3DFACE
  5
2DD
330
17
100
AcDbEntity
  8
0
100
AcDbFace
 10
-94.87612438796523
 20
40.96734898494008
 30
10.0
 11
-96.24972659719214
 21
41.38402665970478
 31
10.0
 12
-96.3190340373487
 22
41.2543615592139
 32
10.0
 13
-96.3190340373487
 23
41.2543615592139
 33
10.0
  0
3DFACE
  5
2DE
330
17
100
AcDbEntity
  8
0
100
AcDbFace
 10
-94.87612438796523
 20
40.96734898494008
 30
10.0
 11
-96.3190340373487
 21
41.2543615592139
 31
10.0
 12
-96.36171334826766
 22
41.11366672645218
 32
10.0
 13
-96.36171334826766
 23
41.11366672645218
 33
10.0
  0
3DFACE
  5
2DF
330
17
100
AcDbEntity
  8
0
100
AcDbFace
 10
-94.87612438796523
 20
40.96734898494008
 30
10.0
 11
-96.36171334826766
 21
41.11366672645218
 31
10.0
 12
-96.37612438796523
 22
40.96734898494008
 32
10.0
 13
-96.37612438796523
 23
40.96734898494008
 33
10.0
  0
3DFACE
  5
2E0
330
17
100
AcDbEntity
  8
0
100
AcDbFace
 10
-94.87612438796523
 20
40.96734898494008
 30
10.0
 11
-96.37612438796523
 21
40.96734898494008
 31
10.0
 12
-96.36171334826766
 22
40.82103124342798
 32
10.0
 13
-96.36171334826766
 23
40.82103124342798
 33
10.0
  0
3DFACE
  5
2E1
330
17
100
AcDbEntity
  8
0
100
AcDbFace
 10
-94.87612438796523
 20
40.96734898494008
 30
10.0
 11
-96.36171334826766
 21
40.82103124342798
 31
10.0
 12
-96.3190340373487
 22
40.680336410666264
 32
10.0
 13
-96.3190340373487
 23
40.680336410666264
 33
10.0
  0
3DFACE
  5
2E2
330
17
100
AcDbEntity
  8
0
100
AcDbFace
 10
-94.87612438796523
 20
40.96734898494008
 30
10.0
 11
-96.3190340373487
 21
40.680336410666264
 31
10.0
 12
-96.24972659719214
 22
40.55067131017538
 32
10.0
 13
-96.24972659719214
 23
40.55067131017538
 33
10.0
  0
3DFACE
  5
2E3
330
17
100
AcDbEntity
  8
0
100
AcDbFace
 10
-94.87612438796523
 20
40.96734898494008
 30
10.0
 11
-96.24972659719214
 21
40.55067131017538
 31
10.0
 12
-96.15645447385515
 22
40.43701889905017
 32
10.0
 13
-96.15645447385515
 23
40.43701889905017
 33
10.0
  0
3DFACE
  5
2E4
330
17
100
AcDbEntity
  8
0
100
AcDbFace
 10
-94.87612438796523
 20
40.96734898494008
 30
10.0
 11
-96.15645447385515
 21
40.43701889905017
 31
10.0
 12
-96.04280206272993
 22
40.34374677571317
 32
10.0
 13
-96.04280206272993
 23
40.34374677571317
 33
10.0
  0
3DFACE
  5
2E5
330
17
100
AcDbEntity
  8
0
100
AcDbFace
 10
-94.87612438796523
 20
40.96734898494008
 30
10.0
 11
-96.04280206272993
 21
40.34374677571317
 31
10.0
 12
-95.91313696223905
 22
40.274439335556615
 32
10.0
 13
-95.91313696223905
 23
40.274439335556615
 33
10.0
  0
3DFACE
  5
2E6
330
17
100
AcDbEntity
  8
0
100
AcDbFace
 10
-94.87612438796523
 20
40.96734898494008
 30
10.0
 11
-95.91313696223905
 21
40.274439335556615
 31
10.0
 12
-95.77244212947733
 22
40.23176002463766
 32
10.0
 13
-95.77244212947733
 23
40.23176002463766
 33
10.0
  0
3DFACE
  5
2E7
330
17
100
AcDbEntity
  8
0
100
AcDbFace
 10
-94.87612438796523
 20
40.96734898494008
 30
10.0
 11
-95.77244212947733
 21
40.23176002463766
 31
10.0
 12
-95.62612438796523
 22
40.21734898494008
 32
10.0
 13
-95.62612438796523
 23
40.21734898494008
 33
10.0
  0
3DFACE
  5
2E8
330
17
100
AcDbEntity
  8
0
100
AcDbFace
 10
-94.87612438796523
 20
40.96734898494008
 30
10.0
 11
-95.62612438796523
 21
40.21734898494008
 31
10.0
 12
-95.47980664645314
 22
40.23176002463766
 32
10.0
 13
-95.47980664645314
 23
40.23176002463766
 33
10.0
  0
3DFACE
  5
2E9
330
17
100
AcDbEntity
  8
0
100
AcDbFace
 10
-94.87612438796523
 20
40.96734898494008
 30
10.0
 11
-95.47980664645314
 21
40.23176002463766
 31
10.0
 12
-95.33911181369142
 22
40.274439335556615
 32
10.0
 13
-95.33911181369142
 23
40.274439335556615
 33
10.0
  0
3DFACE
  5
2EA
330
17
100
AcDbEntity
  8
0
100
AcDbFace
 10
-94.87612438796523
 20
40.96734898494008
 30
10.0
 11
-95.33911181369142
 21
40.274439335556615
 31
10.0
 12
-95.20944671320053
 22
40.34374677571317
 32
10.0
 13
-95.20944671320053
 23
40.34374677571317
 33
10.0
  0
3DFACE
  5
2EB
330
17
100
AcDbEntity
  8
0
100
AcDbFace
 10
-94.87612438796523
 20
40.96734898494008
 30
10.0
 11
-95.20944671320053
 21
40.34374677571317
 31
10.0
 12
-95.09579430207532
 22
40.43701889905017
 32
10.0
 13
-95.09579430207532
 23
40.43701889905017
 33
10.0
  0
3DFACE
  5
2EC
330
17
100
AcDbEntity
  8
0
100
AcDbFace
 10
-94.87612438796523
 20
40.96734898494008
 30
10.0
 11
-95.09579430207532
 21
40.43701889905017
 31
10.0
 12
-95.00252217873833
 22
40.55067131017538
 32
10.0
 13
-95.00252217873833
 23
40.55067131017538
 33
10.0
  0
3DFACE
  5
2ED
330
17
100
AcDbEntity
  8
0
100
AcDbFace
 10
-94.87612438796523
 20
40.96734898494008
 30
10.0
 11
-95.00252217873833
 21
40.55067131017538
 31
10.0
 12
-94.93321473858177
 22
40.680336410666264
 32
10.0
 13
-94.93321473858177
 23
40.680336410666264
 33
10.0
  0
3DFACE
  5
2EE
330
17
100
AcDbEntity
  8
0
100
AcDbFace
 10
-94.87612438796523
 20
40.96734898494008
 30
10.0
 11
-94.93321473858177
 21
40.680336410666264
 31
10.0
 12
-94.89053542766281
 22
40.82103124342798
 32
10.0
 13
-94.89053542766281
 23
40.82103124342798
 33
10.0
  0
3DFACE
  5
2EF
330
17
100
AcDbEntity
  8
0
100
AcDbFace
 10
-94.87612438796523
 20
40.96734898494008
 30
0.0
 11
-94.89053542766281
 21
41.11366672645218
 31
0.0
 12
-94.89053542766281
 22
41.11366672645218
 32
10.0
 13
-94.87612438796523
 23
40.96734898494008
 33
10.0
  0
3DFACE
  5
2F0
330
17
100
AcDbEntity
  8
0
100
AcDbFace
 10
-94.89053542766281
 20
41.11366672645218
 30
0.0
 11
-94.93321473858177
 21
41.2543615592139
 31
0.0
 12
-94.93321473858177
 22
41.2543615592139
 32
10.0
 13
-94.89053542766281
 23
41.11366672645218
 33
10.0
  0
3DFACE
  5
2F1
330
17
100
AcDbEntity
  8
0
100
AcDbFace
 10
-94.93321473858177
 20
41.2543615592139
 30
0.0
 11
-95.00252217873833
 21
41.38402665970478
 31
0.0
 12
-95.00252217873833
 22
41.38402665970478
 32
10.0
 13
-94.93321473858177
 23
41.2543615592139
 33
10.0
  0
3DFACE
  5
2F2
330
17
100
AcDbEntity
  8
0
100
AcDbFace
 10
-95.00252217873833
 20
41.38402665970478
 30
0.0
 11
-95.09579430207532
 21
41.49767907082999
 31
0.0
 12
-95.09579430207532
 22
41.49767907082999
 32
10.0
 13
-95.00252217873833
 23
41.38402665970478
 33
10.0
  0
3DFACE
  5
2F3
330
17
100
AcDbEntity
  8
0
100
AcDbFace
 10
-95.09579430207532
 20
41.49767907082999
 30
0.0
 11
-95.20944671320053
 21
41.59095119416699
 31
0.0
 12
-95.20944671320053
 22
41.59095119416699
 32
10.0
 13
-95.09579430207532
 23
41.49767907082999
 33
10.0
  0
3DFACE
  5
2F4
330
17
100
AcDbEntity
  8
0
100
AcDbFace
 10
-95.20944671320053
 20
41.59095119416699
 30
0.0
 11
-95.33911181369142
 21
41.66025863432355
 31
0.0
 12
-95.33911181369142
 22
41.66025863432355
 32
10.0
 13
-95.20944671320053
 23
41.59095119416699
 33
10.0
  0
3DFACE
  5
2F5
330
17
100
AcDbEntity
  8
0
100
AcDbFace
 10
-95.33911181369142
 20
41.66025863432355
 30
0.0
 11
-95.47980664645314
 21
41.7029379452425
 31
0.0
 12
-95.47980664645314
 22
41.7029379452425
 32
10.0
 13
-95.33911181369142
 23
41.66025863432355
 33
10.0
  0
3DFACE
  5
2F6
330
17
100
AcDbEntity
  8
0
100
AcDbFace
 10
-95.47980664645314
 20
41.7029379452425
 30
0.0
 11
-95.62612438796523
 21
41.71734898494008
 31
0.0
 12
-95.62612438796523
 22
41.71734898494008
 32
10.0
 13
-95.47980664645314
 23
41.7029379452425
 33
10.0
  0
3DFACE
  5
2F7
330
17
100
AcDbEntity
  8
0
100
AcDbFace
 10
-95.62612438796523
 20
41.71734898494008
 30
0.0
 11
-95.77244212947733
 21
41.7029379452425
 31
0.0
 12
-95.77244212947733
 22
41.7029379452425
 32
10.0
 13
-95.62612438796523
 23
41.71734898494008
 33
10.0
  0
3DFACE
  5
2F8
330
17
100
AcDbEntity
  8
0
100
AcDbFace
 10
-95.77244212947733
 20
41.7029379452425
 30
0.0
 11
-95.91313696223905
 21
41.66025863432355
 31
0.0
 12
-95.91313696223905
 22
41.66025863432355
 32
10.0
 13
-95.77244212947733
 23
41.7029379452425
 33
10.0
  0
3DFACE
  5
2F9
330
17
100
AcDbEntity
  8
0
100
AcDbFace
 10
-95.91313696223905
 20
41.66025863432355
 30
0.0
 11
-96.04280206272993
 21
41.59095119416699
 31
0.0
 12
-96.04280206272993
 22
41.59095119416699
 32
10.0
 13
-95.91313696223905
 23
41.66025863432355
 33
10.0
  0
3DFACE
  5
2FA
330
17
100
AcDbEntity
  8
0
100
AcDbFace
 10
-96.04280206272993
 20
41.59095119416699
 30
0.0
 11
-96.15645447385515
 21
41.49767907082999
 31
0.0
 12
-96.15645447385515
 22
41.49767907082999
 32
10.0
 13
-96.04280206272993
 23
41.59095119416699
 33
10.0
  0
3DFACE
  5
2FB
330
17
100
AcDbEntity
  8
0
100
AcDbFace
 10
-96.15645447385515
 20
41.49767907082999
 30
0.0
 11
-96.24972659719214
 21
41.38402665970478
 31
0.0
 12
-96.24972659719214
 22
41.38402665970478
 32
10.0
 13
-96.15645447385515
 23
41.49767907082999
 33
10.0
  0
3DFACE
  5
2FC
330
17
100
AcDbEntity
  8
0
100
AcDbFace
 10
-96.24972659719214
 20
41.38402665970478
 30
0.0
 11
-96.3190340373487
 21
41.2543615592139
 31
0.0
 12
-96.3190340373487
 22
41.2543615592139
 32
10.0
 13
-96.24972659719214
 23
41.38402665970478
 33
10.0
  0
3DFACE
  5
2FD
330
17
100
AcDbEntity
  8
0
100
AcDbFace
 10
-96.3190340373487
 20
41.2543615592139
 30
0.0
 11
-96.36171334826766
 21
41.11366672645218
 31
0.0
 12
-96.36171334826766
 22
41.11366672645218
 32
10.0
 13
-96.3190340373487
 23
41.2543615592139
 33
10.0
  0
3DFACE
  5
2FE
330
17
100
AcDbEntity
  8
0
100
AcDbFace
 10
-96.36171334826766
 20
41.11366672645218
 30
0.0
 11
-96.37612438796523
 21
40.96734898494008
 31
0.0
 12
-96.37612438796523
 22
40.96734898494008
 32
10.0
 13
-96.36171334826766
 23
41.11366672645218
 33
10.0
  0
3DFACE
  5
2FF
330
17
100
AcDbEntity
  8
0
100
AcDbFace
 10
-96.37612438796523
 20
40.96734898494008
 30
0.0
 11
-96.36171334826766
 21
40.82103124342798
 31
0.0
 12
-96.36171334826766
 22
40.82103124342798
 32
10.0
 13
-96.37612438796523
 23
40.96734898494008
 33
10.0
  0
3DFACE
  5
300
330
17
100
AcDbEntity
  8
0
100
AcDbFace
 10
-96.36171334826766
 20
40.82103124342798
 30
0.0
 11
-96.3190340373487
 21
40.680336410666264
 31
0.0
 12
-96.3190340373487
 22
40.680336410666264
 32
10.0
 13
-96.36171334826766
 23
40.82103124342798
 33
10.0
  0
3DFACE
  5
301
330
17
100
AcDbEntity
  8
0
100
AcDbFace
 10
-96.3190340373487
 20
40.680336410666264
 30
0.0
 11
-96.24972659719214
 21
40.55067131017538
 31
0.0
 12
-96.24972659719214
 22
40.55067131017538
 32
10.0
 13
-96.3190340373487
 23
40.680336410666264
 33
10.0
  0
3DFACE
  5
302
330
17
100
AcDbEntity
  8
0
100
AcDbFace
 10
-96.24972659719214
 20
40.55067131017538
 30
0.0
 11
-96.15645447385515
 21
40.43701889905017
 31
0.0
 12
-96.15645447385515
 22
40.43701889905017
 32
10.0
 13
-96.24972659719214
 23
40.55067131017538
 33
10.0
  0
3DFACE
  5
303
330
17
100
AcDbEntity
  8
0
100
AcDbFace
 10
-96.15645447385515
 20
40.43701889905017
 30
0.0
 11
-96.04280206272993
 21
40.34374677571317
 31
0.0
 12
-96.04280206272993
 22
40.34374677571317
 32
10.0
 13
-96.15645447385515
 23
40.43701889905017
 33
10.0
  0
3DFACE
  5
304
330
17
100
AcDbEntity
  8
0
100
AcDbFace
 10
-96.04280206272993
 20
40.34374677571317
 30
0.0
 11
-95.91313696223905
 21
40.274439335556615
 31
0.0
 12
-95.91313696223905
 22
40.274439335556615
 32
10.0
 13
-96.04280206272993
 23
40.34374677571317
 33
10.0
  0
3DFACE
  5
305
330
17
100
AcDbEntity
  8
0
100
AcDbFace
 10
-95.91313696223905
 20
40.274439335556615
 30
0.0
 11
-95.77244212947733
 21
40.23176002463766
 31
0.0
 12
-95.77244212947733
 22
40.23176002463766
 32
10.0
 13
-95.91313696223905
 23
40.274439335556615
 33
10.0
  0
3DFACE
  5
306
330
17
100
AcDbEntity
  8
0
100
AcDbFace
 10
-95.77244212947733
 20
40.23176002463766
 30
0.0
 11
-95.62612438796523
 21
40.21734898494008
 31
0.0
 12
-95.62612438796523
 22
40.21734898494008
 32
10.0
 13
-95.77244212947733
 23
40.23176002463766
 33
10.0
  0
3DFACE
  5
307
330
17
100
AcDbEntity
  8
0
100
AcDbFace
 10
-95.62612438796523
 20
40.21734898494008
 30
0.0
 11
-95.47980664645314
 21
40.23176002463766
 31
0.0
 12
-95.47980664645314
 22
40.23176002463766
 32
10.0
 13
-95.62612438796523
 23
40.21734898494008
 33
10.0
  0
3DFACE
  5
308
330
17
100
AcDbEntity
  8
0
100
AcDbFace
 10
-95.47980664645314
 20
40.23176002463766
 30
0.0
 11
-95.33911181369142
 21
40.274439335556615
 31
0.0
 12
-95.33911181369142
 22
40.274439335556615
 32
10.0
 13
-95.47980664645314
 23
40.23176002463766
 33
10.0
  0
3DFACE
  5
309
330
17
100
AcDbEntity
  8
0
100
AcDbFace
 10
-95.33911181369142
 20
40.274439335556615
 30
0.0
 11
-95.20944671320053
 21
40.34374677571317
 31
0.0
 12
-95.20944671320053
 22
40.34374677571317
 32
10.0
 13
-95.33911181369142
 23
40.274439335556615
 33
10.0
  0
3DFACE
  5
30A
330
17
100
AcDbEntity
  8
0
100
AcDbFace
 10
-95.20944671320053
 20
40.34374677571317
 30
0.0
 11
-95.09579430207532
 21
40.43701889905017
 31
0.0
 12
-95.09579430207532
 22
40.43701889905017
 32
10.0
 13
-95.20944671320053
 23
40.34374677571317
 33
10.0
  0
3DFACE
  5
30B
330
17
100
AcDbEntity
  8
0
100
AcDbFace
 10
-95.09579430207532
 20
40.43701889905017
 30
0.0
 11
-95.00252217873833
 21
40.55067131017538
 31
0.0
 12
-95.00252217873833
 22
40.55067131017538
 32
10.0
 13
-95.09579430207532
 23
40.43701889905017
 33
10.0
  0
3DFACE
  5
30C
330
17
100
AcDbEntity
  8
0
100
AcDbFace
 10
-95.00252217873833
 20
40.55067131017538
 30
0.0
 11
-94.93321473858177
 21
40.680336410666264
 31
0.0
 12
-94.93321473858177
 22
40.680336410666264
 32
10.0
 13
-95.00252217873833
 23
40.55067131017538
 33
10.0
  0
3DFACE
  5
30D
330
17
100
AcDbEntity
  8
0
100
AcDbFace
 10
-94.93321473858177
 20
40.680336410666264
 30
0.0
 11
-94.89053542766281
 21
40.82103124342798
 31
0.0
 12
-94.89053542766281
 22
40.82103124342798
 32
10.0
 13
-94.93321473858177
 23
40.680336410666264
 33
10.0
  0
3DFACE
  5
30E
330
17
100
AcDbEntity
  8
0
100
AcDbFace
 10
-94.89053542766281
 20
40.82103124342798
 30
0.0
 11
-94.87612438796523
 21
40.96734898494008
 31
0.0
 12
-94.87612438796523
 22
40.96734898494008
 32
10.0
 13
-94.89053542766281
 23
40.82103124342798
 33
10.0
  0
3DFACE
  5
30F
330
17
100
AcDbEntity
  8
0
100
AcDbFace
 10
-99.7511243879652
 20
40.96734898494008
 30
0.0
 11
-99.76313358771318
 21
41.08928043620016
 31
0.0
 12
-99.79869968014565
 22
41.206526130168264
 32
0.0
 13
-99.79869968014565
 23
41.206526130168264
 33
0.0
  0
3DFACE
  5
310
330
17
100
AcDbEntity
  8
0
100
AcDbFace
 10
-99.7511243879652
 20
40.96734898494008
 30
0.0
 11
-99.79869968014565
 21
41.206526130168264
 31
0.0
 12
-99.85645588027612
 22
41.31458038057733
 32
0.0
 13
-99.85645588027612
 23
41.31458038057733
 33
0.0
  0
3DFACE
  5
311
330
17
100
AcDbEntity
  8
0
100
AcDbFace
 10
-99.7511243879652
 20
40.96734898494008
 30
0.0
 11
-99.85645588027612
 21
41.31458038057733
 31
0.0
 12
-99.93418264972361
 22
41.40929072318167
 32
0.0
 13
-99.93418264972361
 23
41.40929072318167
 33
0.0
  0
3DFACE
  5
312
330
17
100
AcDbEntity
  8
0
100
AcDbFace
 10
-99.7511243879652
 20
40.96734898494008
 30
0.0
 11
-99.93418264972361
 21
41.40929072318167
 31
0.0
 12
-100.02889299232795
 22
41.48701749262917
 32
0.0
 13
-100.02889299232795
 23
41.48701749262917
 33
0.0
  0
3DFACE
  5
313
330
17
100
AcDbEntity
  8
0
100
AcDbFace
 10
-99.7511243879652
 20
40.96734898494008
 30
0.0
 11
-100.02889299232795
 21
41.48701749262917
 31
0.0
 12
-100.13694724273702
 22
41.544773692759634
 32
0.0
 13
-100.13694724273702
 23
41.544773692759634
 33
0.0
  0
3DFACE
  5
314
330
17
100
AcDbEntity
  8
0
100
AcDbFace
 10
-99.7511243879652
 20
40.96734898494008
 30
0.0
 11
-100.13694724273702
 21
41.544773692759634
 31
0.0
 12
-100.25419293670512
 22
41.5803397851921
 32
0.0
 13
-100.25419293670512
 23
41.5803397851921
 33
0.0
  0
3DFACE
  5
315
330
17
100
AcDbEntity
  8
0
100
AcDbFace
 10
-99.7511243879652
 20
40.96734898494008
 30
0.0
 11
-100.25419293670512
 21
41.5803397851921
 31
0.0
 12
-100.3761243879652
 22
41.59234898494008
 32
0.0
 13
-100.3761243879652
 23
41.59234898494008
 33
0.0
  0
3DFACE
  5
316
330
17
100
AcDbEntity
  8
0
100
AcDbFace
 10
-99.7511243879652
 20
40.96734898494008
 30
0.0
 11
-100.3761243879652
 21
41.59234898494008
 31
0.0
 12
-100.49805583922529
 22
41.5803397851921
 32
0.0
 13
-100.49805583922529
 23
41.5803397851921
 33
0.0
  0
3DFACE
  5
317
330
17
100
AcDbEntity
  8
0
100
AcDbFace
 10
-99.7511243879652
 20
40.96734898494008
 30
0.0
 11
-100.49805583922529
 21
41.5803397851921
 31
0.0
 12
-100.61530153319339
 22
41.544773692759634
 32
0.0
 13
-100.61530153319339
 23
41.544773692759634
 33
0.0
  0
3DFACE
  5
318
330
17
100
AcDbEntity
  8
0
100
AcDbFace
 10
-99.7511243879652
 20
40.96734898494008
 30
0.0
 11
-100.61530153319339
 21
41.544773692759634
 31
0.0
 12
-100.72335578360246
 22
41.48701749262917
 32
0.0
 13
-100.72335578360246
 23
41.48701749262917
 33
0.0
  0
3DFACE
  5
319
330
17
100
AcDbEntity
  8
0
100
AcDbFace
 10
-99.7511243879652
 20
40.96734898494008
 30
0.0
 11
-100.72335578360246
 21
41.48701749262917
 31
0.0
 12
-100.8180661262068
 22
41.40929072318167
 32
0.0
 13
-100.8180661262068
 23
41.40929072318167
 33
0.0
  0
3DFACE
  5
31A
330
17
100
AcDbEntity
  8
0
100
AcDbFace
 10
-99.7511243879652
 20
40.96734898494008
 30
0.0
 11
-100.8180661262068
 21
41.40929072318167
 31
0.0
 12
-100.8957928956543
 22
41.31458038057733
 32
0.0
 13
-100.8957928956543
 23
41.31458038057733
 33
0.0
  0
3DFACE
  5
31B
330
17
100
AcDbEntity
  8
0
100
AcDbFace
 10
-99.7511243879652
 20
40.96734898494008
 30
0.0
 11
-100.8957928956543
 21
41.31458038057733
 31
0.0
 12
-100.95354909578477
 22
41.206526130168264
 32
0.0
 13
-100.95354909578477
 23
41.206526130168264
 33
0.0
  0
3DFACE
  5
31C
330
17
100
AcDbEntity
  8
0
100
AcDbFace
 10
-99.7511243879652
 20
40.96734898494008
 30
0.0
 11
-100.95354909578477
 21
41.206526130168264
 31
0.0
 12
-100.98911518821723
 22
41.08928043620016
 32
0.0
 13
-100.98911518821723
 23
41.08928043620016
 33
0.0
  0
3DFACE
  5
31D
330
17
100
AcDbEntity
  8
0
100
AcDbFace
 10
-99.7511243879652
 20
40.96734898494008
 30
0.0
 11
-100.98911518821723
 21
41.08928043620016
 31
0.0
 12
-101.0011243879652
 22
40.96734898494008
 32
0.0
 13
-101.0011243879652
 23
40.96734898494008
 33
0.0
  0
3DFACE
  5
31E
330
17
100
AcDbEntity
  8
0
100
AcDbFace
 10
-99.7511243879652
 20
40.96734898494008
 30
0.0
 11
-101.0011243879652
 21
40.96734898494008
 31
0.0
 12
-100.98911518821723
 22
40.84541753368
 32
0.0
 13
-100.98911518821723
 23
40.84541753368
 33
0.0
  0
3DFACE
  5
31F
330
17
100
AcDbEntity
  8
0
100
AcDbFace
 10
-99.7511243879652
 20
40.96734898494008
 30
0.0
 11
-100.98911518821723
 21
40.84541753368
 31
0.0
 12
-100.95354909578477
 22
40.7281718397119
 32
0.0
 13
-100.95354909578477
 23
40.7281718397119
 33
0.0
  0
3DFACE
  5
320
330
17
100
AcDbEntity
  8
0
100
AcDbFace
 10
-99.7511243879652
 20
40.96734898494008
 30
0.0
 11
-100.95354909578477
 21
40.7281718397119
 31
0.0
 12
-100.8957928956543
 22
40.62011758930283
 32
0.0
 13
-100.8957928956543
 23
40.62011758930283
 33
0.0
  0
3DFACE
  5
321
330
17
100
AcDbEntity
  8
0
100
AcDbFace
 10
-99.7511243879652
 20
40.96734898494008
 30
0.0
 11
-100.8957928956543
 21
40.62011758930283
 31
0.0
 12
-100.8180661262068
 22
40.52540724669849
 32
0.0
 13
-100.8180661262068
 23
40.52540724669849
 33
0.0
  0
3DFACE
  5
322
330
17
100
AcDbEntity
  8
0
100
AcDbFace
 10
-99.7511243879652
 20
40.96734898494008
 30
0.0
 11
-100.8180661262068
 21
40.52540724669849
 31
0.0
 12
-100.72335578360246
 22
40.44768047725099
 32
0.0
 13
-100.72335578360246
 23
40.44768047725099
 33
0.0
  0
3DFACE
  5
323
330
17
100
AcDbEntity
  8
0
100
AcDbFace
 10
-99.7511243879652
 20
40.96734898494008
 30
0.0
 11
-100.72335578360246
 21
40.44768047725099
 31
0.0
 12
-100.61530153319339
 22
40.38992427712053
 32
0.0
 13
-100.61530153319339
 23
40.38992427712053
 33
0.0
  0
3DFACE
  5
324
330
17
100
AcDbEntity
  8
0
100
AcDbFace
 10
-99.7511243879652
 20
40.96734898494008
 30
0.0
 11
-100.61530153319339
 21
40.38992427712053
 31
0.0
 12
-100.49805583922529
 22
40.35435818468806
 32
0.0
 13
-100.49805583922529
 23
40.35435818468806
 33
0.0
  0
3DFACE
  5
325
330
17
100
AcDbEntity
  8
0
100
AcDbFace
 10
-99.7511243879652
 20
40.96734898494008
 30
0.0
 11
-100.49805583922529
 21
40.35435818468806
 31
0.0
 12
-100.3761243879652
 22
40.34234898494008
 32
0.0
 13
-100.3761243879652
 23
40.34234898494008
 33
0.0
  0
3DFACE
  5
326
330
17
100
AcDbEntity
  8
0
100
AcDbFace
 10
-99.7511243879652
 20
40.96734898494008
 30
0.0
 11
-100.3761243879652
 21
40.34234898494008
 31
0.0
 12
-100.25419293670512
 22
40.35435818468806
 32
0.0
 13
-100.25419293670512
 23
40.35435818468806
 33
0.0
  0
3DFACE
  5
327
330
17
100
AcDbEntity
  8
0
100
AcDbFace
 10
-99.7511243879652
 20
40.96734898494008
 30
0.0
 11
-100.25419293670512
 21
40.35435818468806
 31
0.0
 12
-100.13694724273702
 22
40.38992427712053
 32
0.0
 13
-100.13694724273702
 23
40.38992427712053
 33
0.0
  0
3DFACE
  5
328
330
17
100
AcDbEntity
  8
0
100
AcDbFace
 10
-99.7511243879652
 20
40.96734898494008
 30
0.0
 11
-100.13694724273702
 21
40.38992427712053
 31
0.0
 12
-100.02889299232795
 22
40.44768047725099
 32
0.0
 13
-100.02889299232795
 23
40.44768047725099
 33
0.0
  0
3DFACE
  5
329
330
17
100
AcDbEntity
  8
0
100
AcDbFace
 10
-99.7511243879652
 20
40.96734898494008
 30
0.0
 11
-100.02889299232795
 21
40.44768047725099
 31
0.0
 12
-99.93418264972361
 22
40.525407246698485
 32
0.0
 13
-99.93418264972361
 23
40.525407246698485
 33
0.0
  0
3DFACE
  5
32A
330
17
100
AcDbEntity
  8
0
100
AcDbFace
 10
-99.7511243879652
 20
40.96734898494008
 30
0.0
 11
-99.93418264972361
 21
40.525407246698485
 31
0.0
 12
-99.85645588027612
 22
40.62011758930283
 32
0.0
 13
-99.85645588027612
 23
40.62011758930283
 33
0.0
  0
3DFACE
  5
32B
330
17
100
AcDbEntity
  8
0
100
AcDbFace
 10
-99.7511243879652
 20
40.96734898494008
 30
0.0
 11
-99.85645588027612
 21
40.62011758930283
 31
0.0
 12
-99.79869968014565
 22
40.7281718397119
 32
0.0
 13
-99.79869968014565
 23
40.7281718397119
 33
0.0
  0
3DFACE
  5
32C
330
17
100
AcDbEntity
  8
0
100
AcDbFace
 10
-99.7511243879652
 20
40.96734898494008
 30
0.0
 11
-99.79869968014565
 21
40.7281718397119
 31
0.0
 12
-99.76313358771318
 22
40.84541753368
 32
0.0
 13
-99.76313358771318
 23
40.84541753368
 33
0.0
  0
3DFACE
  5
32D
330
17
100
AcDbEntity
  8
0
100
AcDbFace
 10
-99.7511243879652
 20
40.96734898494008
 30
10.0
 11
-99.76313358771318
 21
41.08928043620016
 31
10.0
 12
-99.79869968014565
 22
41.206526130168264
 32
10.0
 13
-99.79869968014565
 23
41.206526130168264
 33
10.0
  0
3DFACE
  5
32E
330
17
100
AcDbEntity
  8
0
100
AcDbFace
 10
-99.7511243879652
 20
40.96734898494008
 30
10.0
 11
-99.79869968014565
 21
41.206526130168264
 31
10.0
 12
-99.85645588027612
 22
41.31458038057733
 32
10.0
 13
-99.85645588027612
 23
41.31458038057733
 33
10.0
  0
3DFACE
  5
32F
330
17
100
AcDbEntity
  8
0
100
AcDbFace
 10
-99.7511243879652
 20
40.96734898494008
 30
10.0
 11
-99.85645588027612
 21
41.31458038057733
 31
10.0
 12
-99.93418264972361
 22
41.40929072318167
 32
10.0
 13
-99.93418264972361
 23
41.40929072318167
 33
10.0
  0
3DFACE
  5
330
330
17
100
AcDbEntity
  8
0
100
AcDbFace
 10
-99.7511243879652
 20
40.96734898494008
 30
10.0
 11
-99.93418264972361
 21
41.40929072318167
 31
10.0
 12
-100.02889299232795
 22
41.48701749262917
 32
10.0
 13
-100.02889299232795
 23
41.48701749262917
 33
10.0
  0
3DFACE
  5
331
330
17
100
AcDbEntity
  8
0
100
AcDbFace
 10
-99.7511243879652
 20
40.96734898494008
 30
10.0
 11
-100.02889299232795
 21
41.48701749262917
 31
10.0
 12
-100.13694724273702
 22
41.544773692759634
 32
10.0
 13
-100.13694724273702
 23
41.544773692759634
 33
10.0
  0
3DFACE
  5
332
330
17
100
AcDbEntity
  8
0
100
AcDbFace
 10
-99.7511243879652
 20
40.96734898494008
 30
10.0
 11
-100.13694724273702
 21
41.544773692759634
 31
10.0
 12
-100.25419293670512
 22
41.5803397851921
 32
10.0
 13
-100.25419293670512
 23
41.5803397851921
 33
10.0
  0
3DFACE
  5
333
330
17
100
AcDbEntity
  8
0
100
AcDbFace
 10
-99.7511243879652
 20
40.96734898494008
 30
10.0
 11
-100.25419293670512
 21
41.5803397851921
 31
10.0
 12
-100.3761243879652
 22
41.59234898494008
 32
10.0
 13
-100.3761243879652
 23
41.59234898494008
 33
10.0
  0
3DFACE
  5
334
330
17
100
AcDbEntity
  8
0
100
AcDbFace
 10
-99.7511243879652
 20
40.96734898494008
 30
10.0
 11
-100.3761243879652
 21
41.59234898494008
 31
10.0
 12
-100.49805583922529
 22
41.5803397851921
 32
10.0
 13
-100.49805583922529
 23
41.5803397851921
 33
10.0
  0
3DFACE
  5
335
330
17
100
AcDbEntity
  8
0
100
AcDbFace
 10
-99.7511243879652
 20
40.96734898494008
 30
10.0
 11
-100.49805583922529
 21
41.5803397851921
 31
10.0
 12
-100.61530153319339
 22
41.544773692759634
 32
10.0
 13
-100.61530153319339
 23
41.544773692759634
 33
10.0
  0
3DFACE
  5
336
330
17
100
AcDbEntity
  8
0
100
AcDbFace
 10
-99.7511243879652
 20
40.96734898494008
 30
10.0
 11
-100.61530153319339
 21
41.544773692759634
 31
10.0
 12
-100.72335578360246
 22
41.48701749262917
 32
10.0
 13
-100.72335578360246
 23
41.48701749262917
 33
10.0
  0
3DFACE
  5
337
330
17
100
AcDbEntity
  8
0
100
AcDbFace
 10
-99.7511243879652
 20
40.96734898494008
 30
10.0
 11
-100.72335578360246
 21
41.48701749262917
 31
10.0
 12
-100.8180661262068
 22
41.40929072318167
 32
10.0
 13
-100.8180661262068
 23
41.40929072318167
 33
10.0
  0
3DFACE
  5
338
330
17
100
AcDbEntity
  8
0
100
AcDbFace
 10
-99.7511243879652
 20
40.96734898494008
 30
10.0
 11
-100.8180661262068
 21
41.40929072318167
 31
10.0
 12
-100.8957928956543
 22
41.31458038057733
 32
10.0
 13
-100.8957928956543
 23
41.31458038057733
 33
10.0
  0
3DFACE
  5
339
330
17
100
AcDbEntity
  8
0
100
AcDbFace
 10
-99.7511243879652
 20
40.96734898494008
 30
10.0
 11
-100.8957928956543
 21
41.31458038057733
 31
10.0
 12
-100.95354909578477
 22
41.206526130168264
 32
10.0
 13
-100.95354909578477
 23
41.206526130168264
 33
10.0
  0
3DFACE
  5
33A
330
17
100
AcDbEntity
  8
0
100
AcDbFace
 10
-99.7511243879652
 20
40.96734898494008
 30
10.0
 11
-100.95354909578477
 21
41.206526130168264
 31
10.0
 12
-100.98911518821723
 22
41.08928043620016
 32
10.0
 13
-100.98911518821723
 23
41.08928043620016
 33
10.0
  0
3DFACE
  5
33B
330
17
100
AcDbEntity
  8
0
100
AcDbFace
 10
-99.7511243879652
 20
40.96734898494008
 30
10.0
 11
-100.98911518821723
 21
41.08928043620016
 31
10.0
 12
-101.0011243879652
 22
40.96734898494008
 32
10.0
 13
-101.0011243879652
 23
40.96734898494008
 33
10.0
  0
3DFACE
  5
33C
330
17
100
AcDbEntity
  8
0
100
AcDbFace
 10
-99.7511243879652
 20
40.96734898494008
 30
10.0
 11
-101.0011243879652
 21
40.96734898494008
 31
10.0
 12
-100.98911518821723
 22
40.84541753368
 32
10.0
 13
-100.98911518821723
 23
40.84541753368
 33
10.0
  0
3DFACE
  5
33D
330
17
100
AcDbEntity
  8
0
100
AcDbFace
 10
-99.7511243879652
 20
40.96734898494008
 30
10.0
 11
-100.98911518821723
 21
40.84541753368
 31
10.0
 12
-100.95354909578477
 22
40.7281718397119
 32
10.0
 13
-100.95354909578477
 23
40.7281718397119
 33
10.0
  0
3DFACE
  5
33E
330
17
100
AcDbEntity
  8
0
100
AcDbFace
 10
-99.7511243879652
 20
40.96734898494008
 30
10.0
 11
-100.95354909578477
 21
40.7281718397119
 31
10.0
 12
-100.8957928956543
 22
40.62011758930283
 32
10.0
 13
-100.8957928956543
 23
40.62011758930283
 33
10.0
  0
3DFACE
  5
33F
330
17
100
AcDbEntity
  8
0
100
AcDbFace
 10
-99.7511243879652
 20
40.96734898494008
 30
10.0
 11
-100.8957928956543
 21
40.62011758930283
 31
10.0
 12
-100.8180661262068
 22
40.52540724669849
 32
10.0
 13
-100.8180661262068
 23
40.52540724669849
 33
10.0
  0
3DFACE
  5
340
330
17
100
AcDbEntity
  8
0
100
AcDbFace
 10
-99.7511243879652
 20
40.96734898494008
 30
10.0
 11
-100.8180661262068
 21
40.52540724669849
 31
10.0
 12
-100.72335578360246
 22
40.44768047725099
 32
10.0
 13
-100.72335578360246
 23
40.44768047725099
 33
10.0
  0
3DFACE
  5
341
330
17
100
AcDbEntity
  8
0
100
AcDbFace
 10
-99.7511243879652
 20
40.96734898494008
 30
10.0
 11
-100.72335578360246
 21
40.44768047725099
 31
10.0
 12
-100.61530153319339
 22
40.38992427712053
 32
10.0
 13
-100.61530153319339
 23
40.38992427712053
 33
10.0
  0
3DFACE
  5
342
330
17
100
AcDbEntity
  8
0
100
AcDbFace
 10
-99.7511243879652
 20
40.96734898494008
 30
10.0
 11
-100.61530153319339
 21
40.38992427712053
 31
10.0
 12
-100.49805583922529
 22
40.35435818468806
 32
10.0
 13
-100.49805583922529
 23
40.35435818468806
 33
10.0
  0
3DFACE
  5
343
330
17
100
AcDbEntity
  8
0
100
AcDbFace
 10
-99.7511243879652
 20
40.96734898494008
 30
10.0
 11
-100.49805583922529
 21
40.35435818468806
 31
10.0
 12
-100.3761243879652
 22
40.34234898494008
 32
10.0
 13
-100.3761243879652
 23
40.34234898494008
 33
10.0
  0
3DFACE
  5
344
330
17
100
AcDbEntity
  8
0
100
AcDbFace
 10
-99.7511243879652
 20
40.96734898494008
 30
10.0
 11
-100.3761243879652
 21
40.34234898494008
 31
10.0
 12
-100.25419293670512
 22
40.35435818468806
 32
10.0
 13
-100.25419293670512
 23
40.35435818468806
 33
10.0
  0
3DFACE
  5
345
330
17
100
AcDbEntity
  8
0
100
AcDbFace
 10
-99.7511243879652
 20
40.96734898494008
 30
10.0
 11
-100.25419293670512
 21
40.35435818468806
 31
10.0
 12
-100.13694724273702
 22
40.38992427712053
 32
10.0
 13
-100.13694724273702
 23
40.38992427712053
 33
10.0
  0
3DFACE
  5
346
330
17
100
AcDbEntity
  8
0
100
AcDbFace
 10
-99.7511243879652
 20
40.96734898494008
 30
10.0
 11
-100.13694724273702
 21
40.38992427712053
 31
10.0
 12
-100.02889299232795
 22
40.44768047725099
 32
10.0
 13
-100.02889299232795
 23
40.44768047725099
 33
10.0
  0
3DFACE
  5
347
330
17
100
AcDbEntity
  8
0
100
AcDbFace
 10
-99.7511243879652
 20
40.96734898494008
 30
10.0
 11
-100.02889299232795
 21
40.44768047725099
 31
10.0
 12
-99.93418264972361
 22
40.525407246698485
 32
10.0
 13
-99.93418264972361
 23
40.525407246698485
 33
10.0
  0
3DFACE
  5
348
330
17
100
AcDbEntity
  8
0
100
AcDbFace
 10
-99.7511243879652
 20
40.96734898494008
 30
10.0
 11
-99.93418264972361
 21
40.525407246698485
 31
10.0
 12
-99.85645588027612
 22
40.62011758930283
 32
10.0
 13
-99.85645588027612
 23
40.62011758930283
 33
10.0
  0
3DFACE
  5
349
330
17
100
AcDbEntity
  8
0
100
AcDbFace
 10
-99.7511243879652
 20
40.96734898494008
 30
10.0
 11
-99.85645588027612
 21
40.62011758930283
 31
10.0
 12
-99.79869968014565
 22
40.7281718397119
 32
10.0
 13
-99.79869968014565
 23
40.7281718397119
 33
10.0
  0
3DFACE
  5
34A
330
17
100
AcDbEntity
  8
0
100
AcDbFace
 10
-99.7511243879652
 20
40.96734898494008
 30
10.0
 11
-99.79869968014565
 21
40.7281718397119
 31
10.0
 12
-99.76313358771318
 22
40.84541753368
 32
10.0
 13
-99.76313358771318
 23
40.84541753368
 33
10.0
  0
3DFACE
  5
34B
330
17
100
AcDbEntity
  8
0
100
AcDbFace
 10
-99.7511243879652
 20
40.96734898494008
 30
0.0
 11
-99.76313358771318
 21
41.08928043620016
 31
0.0
 12
-99.76313358771318
 22
41.08928043620016
 32
10.0
 13
-99.7511243879652
 23
40.96734898494008
 33
10.0
  0
3DFACE
  5
34C
330
17
100
AcDbEntity
  8
0
100
AcDbFace
 10
-99.76313358771318
 20
41.08928043620016
 30
0.0
 11
-99.79869968014565
 21
41.206526130168264
 31
0.0
 12
-99.79869968014565
 22
41.206526130168264
 32
10.0
 13
-99.76313358771318
 23
41.08928043620016
 33
10.0
  0
3DFACE
  5
34D
330
17
100
AcDbEntity
  8
0
100
AcDbFace
 10
-99.79869968014565
 20
41.206526130168264
 30
0.0
 11
-99.85645588027612
 21
41.31458038057733
 31
0.0
 12
-99.85645588027612
 22
41.31458038057733
 32
10.0
 13
-99.79869968014565
 23
41.206526130168264
 33
10.0
  0
3DFACE
  5
34E
330
17
100
AcDbEntity
  8
0
100
AcDbFace
 10
-99.85645588027612
 20
41.31458038057733
 30
0.0
 11
-99.93418264972361
 21
41.40929072318167
 31
0.0
 12
-99.93418264972361
 22
41.40929072318167
 32
10.0
 13
-99.85645588027612
 23
41.31458038057733
 33
10.0
  0
3DFACE
  5
34F
330
17
100
AcDbEntity
  8
0
100
AcDbFace
 10
-99.93418264972361
 20
41.40929072318167
 30
0.0
 11
-100.02889299232795
 21
41.48701749262917
 31
0.0
 12
-100.02889299232795
 22
41.48701749262917
 32
10.0
 13
-99.93418264972361
 23
41.40929072318167
 33
10.0
  0
3DFACE
  5
350
330
17
100
AcDbEntity
  8
0
100
AcDbFace
 10
-100.02889299232795
 20
41.48701749262917
 30
0.0
 11
-100.13694724273702
 21
41.544773692759634
 31
0.0
 12
-100.13694724273702
 22
41.544773692759634
 32
10.0
 13
-100.02889299232795
 23
41.48701749262917
 33
10.0
  0
3DFACE
  5
351
330
17
100
AcDbEntity
  8
0
100
AcDbFace
 10
-100.13694724273702
 20
41.544773692759634
 30
0.0
 11
-100.25419293670512
 21
41.5803397851921
 31
0.0
 12
-100.25419293670512
 22
41.5803397851921
 32
10.0
 13
-100.13694724273702
 23
41.544773692759634
 33
10.0
  0
3DFACE
  5
352
330
17
100
AcDbEntity
  8
0
100
AcDbFace
 10
-100.25419293670512
 20
41.5803397851921
 30
0.0
 11
-100.3761243879652
 21
41.59234898494008
 31
0.0
 12
-100.3761243879652
 22
41.59234898494008
 32
10.0
 13
-100.25419293670512
 23
41.5803397851921
 33
10.0
  0
3DFACE
  5
353
330
17
100
AcDbEntity
  8
0
100
AcDbFace
 10
-100.3761243879652
 20
41.59234898494008
 30
0.0
 11
-100.49805583922529
 21
41.5803397851921
 31
0.0
 12
-100.49805583922529
 22
41.5803397851921
 32
10.0
 13
-100.3761243879652
 23
41.59234898494008
 33
10.0
  0
3DFACE
  5
354
330
17
100
AcDbEntity
  8
0
100
AcDbFace
 10
-100.49805583922529
 20
41.5803397851921
 30
0.0
 11
-100.61530153319339
 21
41.544773692759634
 31
0.0
 12
-100.61530153319339
 22
41.544773692759634
 32
10.0
 13
-100.49805583922529
 23
41.5803397851921
 33
10.0
  0
3DFACE
  5
355
330
17
100
AcDbEntity
  8
0
100
AcDbFace
 10
-100.61530153319339
 20
41.544773692759634
 30
0.0
 11
-100.72335578360246
 21
41.48701749262917
 31
0.0
 12
-100.72335578360246
 22
41.48701749262917
 32
10.0
 13
-100.61530153319339
 23
41.544773692759634
 33
10.0
  0
3DFACE
  5
356
330
17
100
AcDbEntity
  8
0
100
AcDbFace
 10
-100.72335578360246
 20
41.48701749262917
 30
0.0
 11
-100.8180661262068
 21
41.40929072318167
 31
0.0
 12
-100.8180661262068
 22
41.40929072318167
 32
10.0
 13
-100.72335578360246
 23
41.48701749262917
 33
10.0
  0
3DFACE
  5
357
330
17
100
AcDbEntity
  8
0
100
AcDbFace
 10
-100.8180661262068
 20
41.40929072318167
 30
0.0
 11
-100.8957928956543
 21
41.31458038057733
 31
0.0
 12
-100.8957928956543
 22
41.31458038057733
 32
10.0
 13
-100.8180661262068
 23
41.40929072318167
 33
10.0
  0
3DFACE
  5
358
330
17
100
AcDbEntity
  8
0
100
AcDbFace
 10
-100.8957928956543
 20
41.31458038057733
 30
0.0
 11
-100.95354909578477
 21
41.206526130168264
 31
0.0
 12
-100.95354909578477
 22
41.206526130168264
 32
10.0
 13
-100.8957928956543
 23
41.31458038057733
 33
10.0
  0
3DFACE
  5
359
330
17
100
AcDbEntity
  8
0
100
AcDbFace
 10
-100.95354909578477
 20
41.206526130168264
 30
0.0
 11
-100.98911518821723
 21
41.08928043620016
 31
0.0
 12
-100.98911518821723
 22
41.08928043620016
 32
10.0
 13
-100.95354909578477
 23
41.206526130168264
 33
10.0
  0
3DFACE
  5
35A
330
17
100
AcDbEntity
  8
0
100
AcDbFace
 10
-100.98911518821723
 20
41.08928043620016
 30
0.0
 11
-101.0011243879652
 21
40.96734898494008
 31
0.0
 12
-101.0011243879652
 22
40.96734898494008
 32
10.0
 13
-100.98911518821723
 23
41.08928043620016
 33
10.0
  0
3DFACE
  5
35B
330
17
100
AcDbEntity
  8
0
100
AcDbFace
 10
-101.0011243879652
 20
40.96734898494008
 30
0.0
 11
-100.98911518821723
 21
40.84541753368
 31
0.0
 12
-100.98911518821723
 22
40.84541753368
 32
10.0
 13
-101.0011243879652
 23
40.96734898494008
 33
10.0
  0
3DFACE
  5
35C
330
17
100
AcDbEntity
  8
0
100
AcDbFace
 10
-100.98911518821723
 20
40.84541753368
 30
0.0
 11
-100.95354909578477
 21
40.7281718397119
 31
0.0
 12
-100.95354909578477
 22
40.7281718397119
 32
10.0
 13
-100.98911518821723
 23
40.84541753368
 33
10.0
  0
3DFACE
  5
35D
330
17
100
AcDbEntity
  8
0
100
AcDbFace
 10
-100.95354909578477
 20
40.7281718397119
 30
0.0
 11
-100.8957928956543
 21
40.62011758930283
 31
0.0
 12
-100.8957928956543
 22
40.62011758930283
 32
10.0
 13
-100.95354909578477
 23
40.7281718397119
 33
10.0
  0
3DFACE
  5
35E
330
17
100
AcDbEntity
  8
0
100
AcDbFace
 10
-100.8957928956543
 20
40.62011758930283
 30
0.0
 11
-100.8180661262068
 21
40.52540724669849
 31
0.0
 12
-100.8180661262068
 22
40.52540724669849
 32
10.0
 13
-100.8957928956543
 23
40.62011758930283
 33
10.0
  0
3DFACE
  5
35F
330
17
100
AcDbEntity
  8
0
100
AcDbFace
 10
-100.8180661262068
 20
40.52540724669849
 30
0.0
 11
-100.72335578360246
 21
40.44768047725099
 31
0.0
 12
-100.72335578360246
 22
40.44768047725099
 32
10.0
 13
-100.8180661262068
 23
40.52540724669849
 33
10.0
  0
3DFACE
  5
360
330
17
100
AcDbEntity
  8
0
100
AcDbFace
 10
-100.72335578360246
 20
40.44768047725099
 30
0.0
 11
-100.61530153319339
 21
40.38992427712053
 31
0.0
 12
-100.61530153319339
 22
40.38992427712053
 32
10.0
 13
-100.72335578360246
 23
40.44768047725099
 33
10.0
  0
3DFACE
  5
361
330
17
100
AcDbEntity
  8
0
100
AcDbFace
 10
-100.61530153319339
 20
40.38992427712053
 30
0.0
 11
-100.49805583922529
 21
40.35435818468806
 31
0.0
 12
-100.49805583922529
 22
40.35435818468806
 32
10.0
 13
-100.61530153319339
 23
40.38992427712053
 33
10.0
  0
3DFACE
  5
362
330
17
100
AcDbEntity
  8
0
100
AcDbFace
 10
-100.49805583922529
 20
40.35435818468806
 30
0.0
 11
-100.3761243879652
 21
40.34234898494008
 31
0.0
 12
-100.3761243879652
 22
40.34234898494008
 32
10.0
 13
-100.49805583922529
 23
40.35435818468806
 33
10.0
  0
3DFACE
  5
363
330
17
100
AcDbEntity
  8
0
100
AcDbFace
 10
-100.3761243879652
 20
40.34234898494008
 30
0.0
 11
-100.25419293670512
 21
40.35435818468806
 31
0.0
 12
-100.25419293670512
 22
40.35435818468806
 32
10.0
 13
-100.3761243879652
 23
40.34234898494008
 33
10.0
  0
3DFACE
  5
364
330
17
100
AcDbEntity
  8
0
100
AcDbFace
 10
-100.25419293670512
 20
40.35435818468806
 30
0.0
 11
-100.13694724273702
 21
40.38992427712053
 31
0.0
 12
-100.13694724273702
 22
40.38992427712053
 32
10.0
 13
-100.25419293670512
 23
40.35435818468806
 33
10.0
  0
3DFACE
  5
365
330
17
100
AcDbEntity
  8
0
100
AcDbFace
 10
-100.13694724273702
 20
40.38992427712053
 30
0.0
 11
-100.02889299232795
 21
40.44768047725099
 31
0.0
 12
-100.02889299232795
 22
40.44768047725099
 32
10.0
 13
-100.13694724273702
 23
40.38992427712053
 33
10.0
  0
3DFACE
  5
366
330
17
100
AcDbEntity
  8
0
100
AcDbFace
 10
-100.02889299232795
 20
40.44768047725099
 30
0.0
 11
-99.93418264972361
 21
40.525407246698485
 31
0.0
 12
-99.93418264972361
 22
40.525407246698485
 32
10.0
 13
-100.02889299232795
 23
40.44768047725099
 33
10.0
  0
3DFACE
  5
367
330
17
100
AcDbEntity
  8
0
100
AcDbFace
 10
-99.93418264972361
 20
40.525407246698485
 30
0.0
 11
-99.85645588027612
 21
40.62011758930283
 31
0.0
 12
-99.85645588027612
 22
40.62011758930283
 32
10.0
 13
-99.93418264972361
 23
40.525407246698485
 33
10.0
  0
3DFACE
  5
368
330
17
100
AcDbEntity
  8
0
100
AcDbFace
 10
-99.85645588027612
 20
40.62011758930283
 30
0.0
 11
-99.79869968014565
 21
40.7281718397119
 31
0.0
 12
-99.79869968014565
 22
40.7281718397119
 32
10.0
 13
-99.85645588027612
 23
40.62011758930283
 33
10.0
  0
3DFACE
  5
369
330
17
100
AcDbEntity
  8
0
100
AcDbFace
 10
-99.79869968014565
 20
40.7281718397119
 30
0.0
 11
-99.76313358771318
 21
40.84541753368
 31
0.0
 12
-99.76313358771318
 22
40.84541753368
 32
10.0
 13
-99.79869968014565
 23
40.7281718397119
 33
10.0
  0
3DFACE
  5
36A
330
17
100
AcDbEntity
  8
0
100
AcDbFace
 10
-99.76313358771318
 20
40.84541753368
 30
0.0
 11
-99.7511243879652
 21
40.96734898494008
 31
0.0
 12
-99.7511243879652
 22
40.96734898494008
 32
10.0
 13
-99.76313358771318
 23
40.84541753368
 33
10.0
  0
3DFACE
  5
36B
330
17
100
AcDbEntity
  8
0
100
AcDbFace
 10
-99.6261243879652
 20
40.96734898494008
 30
0.0
 11
-99.64053542766278
 21
41.11366672645218
 31
0.0
 12
-99.68321473858174
 22
41.2543615592139
 32
0.0
 13
-99.68321473858174
 23
41.2543615592139
 33
0.0
  0
3DFACE
  5
36C
330
17
100
AcDbEntity
  8
0
100
AcDbFace
 10
-99.6261243879652
 20
40.96734898494008
 30
0.0
 11
-99.68321473858174
 21
41.2543615592139
 31
0.0
 12
-99.7525221787383
 22
41.38402665970478
 32
0.0
 13
-99.7525221787383
 23
41.38402665970478
 33
0.0
  0
3DFACE
  5
36D
330
17
100
AcDbEntity
  8
0
100
AcDbFace
 10
-99.6261243879652
 20
40.96734898494008
 30
0.0
 11
-99.7525221787383
 21
41.38402665970478
 31
0.0
 12
-99.84579430207529
 22
41.49767907082999
 32
0.0
 13
-99.84579430207529
 23
41.49767907082999
 33
0.0
  0
3DFACE
  5
36E
330
17
100
AcDbEntity
  8
0
100
AcDbFace
 10
-99.6261243879652
 20
40.96734898494008
 30
0.0
 11
-99.84579430207529
 21
41.49767907082999
 31
0.0
 12
-99.9594467132005
 22
41.59095119416699
 32
0.0
 13
-99.9594467132005
 23
41.59095119416699
 33
0.0
  0
3DFACE
  5
36F
330
17
100
AcDbEntity
  8
0
100
AcDbFace
 10
-99.6261243879652
 20
40.96734898494008
 30
0.0
 11
-99.9594467132005
 21
41.59095119416699
 31
0.0
 12
-100.08911181369139
 22
41.66025863432355
 32
0.0
 13
-100.08911181369139
 23
41.66025863432355
 33
0.0
  0
3DFACE
  5
370
330
17
100
AcDbEntity
  8
0
100
AcDbFace
 10
-99.6261243879652
 20
40.96734898494008
 30
0.0
 11
-100.08911181369139
 21
41.66025863432355
 31
0.0
 12
-100.22980664645311
 22
41.7029379452425
 32
0.0
 13
-100.22980664645311
 23
41.7029379452425
 33
0.0
  0
3DFACE
  5
371
330
17
100
AcDbEntity
  8
0
100
AcDbFace
 10
-99.6261243879652
 20
40.96734898494008
 30
0.0
 11
-100.22980664645311
 21
41.7029379452425
 31
0.0
 12
-100.3761243879652
 22
41.71734898494008
 32
0.0
 13
-100.3761243879652
 23
41.71734898494008
 33
0.0
  0
3DFACE
  5
372
330
17
100
AcDbEntity
  8
0
100
AcDbFace
 10
-99.6261243879652
 20
40.96734898494008
 30
0.0
 11
-100.3761243879652
 21
41.71734898494008
 31
0.0
 12
-100.5224421294773
 22
41.7029379452425
 32
0.0
 13
-100.5224421294773
 23
41.7029379452425
 33
0.0
  0
3DFACE
  5
373
330
17
100
AcDbEntity
  8
0
100
AcDbFace
 10
-99.6261243879652
 20
40.96734898494008
 30
0.0
 11
-100.5224421294773
 21
41.7029379452425
 31
0.0
 12
-100.66313696223902
 22
41.66025863432355
 32
0.0
 13
-100.66313696223902
 23
41.66025863432355
 33
0.0
  0
3DFACE
  5
374
330
17
100
AcDbEntity
  8
0
100
AcDbFace
 10
-99.6261243879652
 20
40.96734898494008
 30
0.0
 11
-100.66313696223902
 21
41.66025863432355
 31
0.0
 12
-100.7928020627299
 22
41.59095119416699
 32
0.0
 13
-100.7928020627299
 23
41.59095119416699
 33
0.0
  0
3DFACE
  5
375
330
17
100
AcDbEntity
  8
0
100
AcDbFace
 10
-99.6261243879652
 20
40.96734898494008
 30
0.0
 11
-100.7928020627299
 21
41.59095119416699
 31
0.0
 12
-100.90645447385512
 22
41.49767907082999
 32
0.0
 13
-100.90645447385512
 23
41.49767907082999
 33
0.0
  0
3DFACE
  5
376
330
17
100
AcDbEntity
  8
0
100
AcDbFace
 10
-99.6261243879652
 20
40.96734898494008
 30
0.0
 11
-100.90645447385512
 21
41.49767907082999
 31
0.0
 12
-100.99972659719211
 22
41.38402665970478
 32
0.0
 13
-100.99972659719211
 23
41.38402665970478
 33
0.0
  0
3DFACE
  5
377
330
17
100
AcDbEntity
  8
0
100
AcDbFace
 10
-99.6261243879652
 20
40.96734898494008
 30
0.0
 11
-100.99972659719211
 21
41.38402665970478
 31
0.0
 12
-101.06903403734867
 22
41.2543615592139
 32
0.0
 13
-101.06903403734867
 23
41.2543615592139
 33
0.0
  0
3DFACE
  5
378
330
17
100
AcDbEntity
  8
0
100
AcDbFace
 10
-99.6261243879652
 20
40.96734898494008
 30
0.0
 11
-101.06903403734867
 21
41.2543615592139
 31
0.0
 12
-101.11171334826763
 22
41.11366672645218
 32
0.0
 13
-101.11171334826763
 23
41.11366672645218
 33
0.0
  0
3DFACE
  5
379
330
17
100
AcDbEntity
  8
0
100
AcDbFace
 10
-99.6261243879652
 20
40.96734898494008
 30
0.0
 11
-101.11171334826763
 21
41.11366672645218
 31
0.0
 12
-101.1261243879652
 22
40.96734898494008
 32
0.0
 13
-101.1261243879652
 23
40.96734898494008
 33
0.0
  0
3DFACE
  5
37A
330
17
100
AcDbEntity
  8
0
100
AcDbFace
 10
-99.6261243879652
 20
40.96734898494008
 30
0.0
 11
-101.1261243879652
 21
40.96734898494008
 31
0.0
 12
-101.11171334826763
 22
40.82103124342798
 32
0.0
 13
-101.11171334826763
 23
40.82103124342798
 33
0.0
  0
3DFACE
  5
37B
330
17
100
AcDbEntity
  8
0
100
AcDbFace
 10
-99.6261243879652
 20
40.96734898494008
 30
0.0
 11
-101.11171334826763
 21
40.82103124342798
 31
0.0
 12
-101.06903403734867
 22
40.680336410666264
 32
0.0
 13
-101.06903403734867
 23
40.680336410666264
 33
0.0
  0
3DFACE
  5
37C
330
17
100
AcDbEntity
  8
0
100
AcDbFace
 10
-99.6261243879652
 20
40.96734898494008
 30
0.0
 11
-101.06903403734867
 21
40.680336410666264
 31
0.0
 12
-100.99972659719211
 22
40.55067131017538
 32
0.0
 13
-100.99972659719211
 23
40.55067131017538
 33
0.0
  0
3DFACE
  5
37D
330
17
100
AcDbEntity
  8
0
100
AcDbFace
 10
-99.6261243879652
 20
40.96734898494008
 30
0.0
 11
-100.99972659719211
 21
40.55067131017538
 31
0.0
 12
-100.90645447385512
 22
40.43701889905017
 32
0.0
 13
-100.90645447385512
 23
40.43701889905017
 33
0.0
  0
3DFACE
  5
37E
330
17
100
AcDbEntity
  8
0
100
AcDbFace
 10
-99.6261243879652
 20
40.96734898494008
 30
0.0
 11
-100.90645447385512
 21
40.43701889905017
 31
0.0
 12
-100.7928020627299
 22
40.34374677571317
 32
0.0
 13
-100.7928020627299
 23
40.34374677571317
 33
0.0
  0
3DFACE
  5
37F
330
17
100
AcDbEntity
  8
0
100
AcDbFace
 10
-99.6261243879652
 20
40.96734898494008
 30
0.0
 11
-100.7928020627299
 21
40.34374677571317
 31
0.0
 12
-100.66313696223902
 22
40.274439335556615
 32
0.0
 13
-100.66313696223902
 23
40.274439335556615
 33
0.0
  0
3DFACE
  5
380
330
17
100
AcDbEntity
  8
0
100
AcDbFace
 10
-99.6261243879652
 20
40.96734898494008
 30
0.0
 11
-100.66313696223902
 21
40.274439335556615
 31
0.0
 12
-100.5224421294773
 22
40.23176002463766
 32
0.0
 13
-100.5224421294773
 23
40.23176002463766
 33
0.0
  0
3DFACE
  5
381
330
17
100
AcDbEntity
  8
0
100
AcDbFace
 10
-99.6261243879652
 20
40.96734898494008
 30
0.0
 11
-100.5224421294773
 21
40.23176002463766
 31
0.0
 12
-100.3761243879652
 22
40.21734898494008
 32
0.0
 13
-100.3761243879652
 23
40.21734898494008
 33
0.0
  0
3DFACE
  5
382
330
17
100
AcDbEntity
  8
0
100
AcDbFace
 10
-99.6261243879652
 20
40.96734898494008
 30
0.0
 11
-100.3761243879652
 21
40.21734898494008
 31
0.0
 12
-100.22980664645311
 22
40.23176002463766
 32
0.0
 13
-100.22980664645311
 23
40.23176002463766
 33
0.0
  0
3DFACE
  5
383
330
17
100
AcDbEntity
  8
0
100
AcDbFace
 10
-99.6261243879652
 20
40.96734898494008
 30
0.0
 11
-100.22980664645311
 21
40.23176002463766
 31
0.0
 12
-100.08911181369139
 22
40.274439335556615
 32
0.0
 13
-100.08911181369139
 23
40.274439335556615
 33
0.0
  0
3DFACE
  5
384
330
17
100
AcDbEntity
  8
0
100
AcDbFace
 10
-99.6261243879652
 20
40.96734898494008
 30
0.0
 11
-100.08911181369139
 21
40.274439335556615
 31
0.0
 12
-99.9594467132005
 22
40.34374677571317
 32
0.0
 13
-99.9594467132005
 23
40.34374677571317
 33
0.0
  0
3DFACE
  5
385
330
17
100
AcDbEntity
  8
0
100
AcDbFace
 10
-99.6261243879652
 20
40.96734898494008
 30
0.0
 11
-99.9594467132005
 21
40.34374677571317
 31
0.0
 12
-99.84579430207529
 22
40.43701889905017
 32
0.0
 13
-99.84579430207529
 23
40.43701889905017
 33
0.0
  0
3DFACE
  5
386
330
17
100
AcDbEntity
  8
0
100
AcDbFace
 10
-99.6261243879652
 20
40.96734898494008
 30
0.0
 11
-99.84579430207529
 21
40.43701889905017
 31
0.0
 12
-99.7525221787383
 22
40.55067131017538
 32
0.0
 13
-99.7525221787383
 23
40.55067131017538
 33
0.0
  0
3DFACE
  5
387
330
17
100
AcDbEntity
  8
0
100
AcDbFace
 10
-99.6261243879652
 20
40.96734898494008
 30
0.0
 11
-99.7525221787383
 21
40.55067131017538
 31
0.0
 12
-99.68321473858174
 22
40.680336410666264
 32
0.0
 13
-99.68321473858174
 23
40.680336410666264
 33
0.0
  0
3DFACE
  5
388
330
17
100
AcDbEntity
  8
0
100
AcDbFace
 10
-99.6261243879652
 20
40.96734898494008
 30
0.0
 11
-99.68321473858174
 21
40.680336410666264
 31
0.0
 12
-99.64053542766278
 22
40.82103124342798
 32
0.0
 13
-99.64053542766278
 23
40.82103124342798
 33
0.0
  0
3DFACE
  5
389
330
17
100
AcDbEntity
  8
0
100
AcDbFace
 10
-99.6261243879652
 20
40.96734898494008
 30
10.0
 11
-99.64053542766278
 21
41.11366672645218
 31
10.0
 12
-99.68321473858174
 22
41.2543615592139
 32
10.0
 13
-99.68321473858174
 23
41.2543615592139
 33
10.0
  0
3DFACE
  5
38A
330
17
100
AcDbEntity
  8
0
100
AcDbFace
 10
-99.6261243879652
 20
40.96734898494008
 30
10.0
 11
-99.68321473858174
 21
41.2543615592139
 31
10.0
 12
-99.7525221787383
 22
41.38402665970478
 32
10.0
 13
-99.7525221787383
 23
41.38402665970478
 33
10.0
  0
3DFACE
  5
38B
330
17
100
AcDbEntity
  8
0
100
AcDbFace
 10
-99.6261243879652
 20
40.96734898494008
 30
10.0
 11
-99.7525221787383
 21
41.38402665970478
 31
10.0
 12
-99.84579430207529
 22
41.49767907082999
 32
10.0
 13
-99.84579430207529
 23
41.49767907082999
 33
10.0
  0
3DFACE
  5
38C
330
17
100
AcDbEntity
  8
0
100
AcDbFace
 10
-99.6261243879652
 20
40.96734898494008
 30
10.0
 11
-99.84579430207529
 21
41.49767907082999
 31
10.0
 12
-99.9594467132005
 22
41.59095119416699
 32
10.0
 13
-99.9594467132005
 23
41.59095119416699
 33
10.0
  0
3DFACE
  5
38D
330
17
100
AcDbEntity
  8
0
100
AcDbFace
 10
-99.6261243879652
 20
40.96734898494008
 30
10.0
 11
-99.9594467132005
 21
41.59095119416699
 31
10.0
 12
-100.08911181369139
 22
41.66025863432355
 32
10.0
 13
-100.08911181369139
 23
41.66025863432355
 33
10.0
  0
3DFACE
  5
38E
330
17
100
AcDbEntity
  8
0
100
AcDbFace
 10
-99.6261243879652
 20
40.96734898494008
 30
10.0
 11
-100.08911181369139
 21
41.66025863432355
 31
10.0
 12
-100.22980664645311
 22
41.7029379452425
 32
10.0
 13
-100.22980664645311
 23
41.7029379452425
 33
10.0
  0
3DFACE
  5
38F
330
17
100
AcDbEntity
  8
0
100
AcDbFace
 10
-99.6261243879652
 20
40.96734898494008
 30
10.0
 11
-100.22980664645311
 21
41.7029379452425
 31
10.0
 12
-100.3761243879652
 22
41.71734898494008
 32
10.0
 13
-100.3761243879652
 23
41.71734898494008
 33
10.0
  0
3DFACE
  5
390
330
17
100
AcDbEntity
  8
0
100
AcDbFace
 10
-99.6261243879652
 20
40.96734898494008
 30
10.0
 11
-100.3761243879652
 21
41.71734898494008
 31
10.0
 12
-100.5224421294773
 22
41.7029379452425
 32
10.0
 13
-100.5224421294773
 23
41.7029379452425
 33
10.0
  0
3DFACE
  5
391
330
17
100
AcDbEntity
  8
0
100
AcDbFace
 10
-99.6261243879652
 20
40.96734898494008
 30
10.0
 11
-100.5224421294773
 21
41.7029379452425
 31
10.0
 12
-100.66313696223902
 22
41.66025863432355
 32
10.0
 13
-100.66313696223902
 23
41.66025863432355
 33
10.0
  0
3DFACE
  5
392
330
17
100
AcDbEntity
  8
0
100
AcDbFace
 10
-99.6261243879652
 20
40.96734898494008
 30
10.0
 11
-100.66313696223902
 21
41.66025863432355
 31
10.0
 12
-100.7928020627299
 22
41.59095119416699
 32
10.0
 13
-100.7928020627299
 23
41.59095119416699
 33
10.0
  0
3DFACE
  5
393
330
17
100
AcDbEntity
  8
0
100
AcDbFace
 10
-99.6261243879652
 20
40.96734898494008
 30
10.0
 11
-100.7928020627299
 21
41.59095119416699
 31
10.0
 12
-100.90645447385512
 22
41.49767907082999
 32
10.0
 13
-100.90645447385512
 23
41.49767907082999
 33
10.0
  0
3DFACE
  5
394
330
17
100
AcDbEntity
  8
0
100
AcDbFace
 10
-99.6261243879652
 20
40.96734898494008
 30
10.0
 11
-100.90645447385512
 21
41.49767907082999
 31
10.0
 12
-100.99972659719211
 22
41.38402665970478
 32
10.0
 13
-100.99972659719211
 23
41.38402665970478
 33
10.0
  0
3DFACE
  5
395
330
17
100
AcDbEntity
  8
0
100
AcDbFace
 10
-99.6261243879652
 20
40.96734898494008
 30
10.0
 11
-100.99972659719211
 21
41.38402665970478
 31
10.0
 12
-101.06903403734867
 22
41.2543615592139
 32
10.0
 13
-101.06903403734867
 23
41.2543615592139
 33
10.0
  0
3DFACE
  5
396
330
17
100
AcDbEntity
  8
0
100
AcDbFace
 10
-99.6261243879652
 20
40.96734898494008
 30
10.0
 11
-101.06903403734867
 21
41.2543615592139
 31
10.0
 12
-101.11171334826763
 22
41.11366672645218
 32
10.0
 13
-101.11171334826763
 23
41.11366672645218
 33
10.0
  0
3DFACE
  5
397
330
17
100
AcDbEntity
  8
0
100
AcDbFace
 10
-99.6261243879652
 20
40.96734898494008
 30
10.0
 11
-101.11171334826763
 21
41.11366672645218
 31
10.0
 12
-101.1261243879652
 22
40.96734898494008
 32
10.0
 13
-101.1261243879652
 23
40.96734898494008
 33
10.0
  0
3DFACE
  5
398
330
17
100
AcDbEntity
  8
0
100
AcDbFace
 10
-99.6261243879652
 20
40.96734898494008
 30
10.0
 11
-101.1261243879652
 21
40.96734898494008
 31
10.0
 12
-101.11171334826763
 22
40.82103124342798
 32
10.0
 13
-101.11171334826763
 23
40.82103124342798
 33
10.0
  0
3DFACE
  5
399
330
17
100
AcDbEntity
  8
0
100
AcDbFace
 10
-99.6261243879652
 20
40.96734898494008
 30
10.0
 11
-101.11171334826763
 21
40.82103124342798
 31
10.0
 12
-101.06903403734867
 22
40.680336410666264
 32
10.0
 13
-101.06903403734867
 23
40.680336410666264
 33
10.0
  0
3DFACE
  5
39A
330
17
100
AcDbEntity
  8
0
100
AcDbFace
 10
-99.6261243879652
 20
40.96734898494008
 30
10.0
 11
-101.06903403734867
 21
40.680336410666264
 31
10.0
 12
-100.99972659719211
 22
40.55067131017538
 32
10.0
 13
-100.99972659719211
 23
40.55067131017538
 33
10.0
  0
3DFACE
  5
39B
330
17
100
AcDbEntity
  8
0
100
AcDbFace
 10
-99.6261243879652
 20
40.96734898494008
 30
10.0
 11
-100.99972659719211
 21
40.55067131017538
 31
10.0
 12
-100.90645447385512
 22
40.43701889905017
 32
10.0
 13
-100.90645447385512
 23
40.43701889905017
 33
10.0
  0
3DFACE
  5
39C
330
17
100
AcDbEntity
  8
0
100
AcDbFace
 10
-99.6261243879652
 20
40.96734898494008
 30
10.0
 11
-100.90645447385512
 21
40.43701889905017
 31
10.0
 12
-100.7928020627299
 22
40.34374677571317
 32
10.0
 13
-100.7928020627299
 23
40.34374677571317
 33
10.0
  0
3DFACE
  5
39D
330
17
100
AcDbEntity
  8
0
100
AcDbFace
 10
-99.6261243879652
 20
40.96734898494008
 30
10.0
 11
-100.7928020627299
 21
40.34374677571317
 31
10.0
 12
-100.66313696223902
 22
40.274439335556615
 32
10.0
 13
-100.66313696223902
 23
40.274439335556615
 33
10.0
  0
3DFACE
  5
39E
330
17
100
AcDbEntity
  8
0
100
AcDbFace
 10
-99.6261243879652
 20
40.96734898494008
 30
10.0
 11
-100.66313696223902
 21
40.274439335556615
 31
10.0
 12
-100.5224421294773
 22
40.23176002463766
 32
10.0
 13
-100.5224421294773
 23
40.23176002463766
 33
10.0
  0
3DFACE
  5
39F
330
17
100
AcDbEntity
  8
0
100
AcDbFace
 10
-99.6261243879652
 20
40.96734898494008
 30
10.0
 11
-100.5224421294773
 21
40.23176002463766
 31
10.0
 12
-100.3761243879652
 22
40.21734898494008
 32
10.0
 13
-100.3761243879652
 23
40.21734898494008
 33
10.0
  0
3DFACE
  5
3A0
330
17
100
AcDbEntity
  8
0
100
AcDbFace
 10
-99.6261243879652
 20
40.96734898494008
 30
10.0
 11
-100.3761243879652
 21
40.21734898494008
 31
10.0
 12
-100.22980664645311
 22
40.23176002463766
 32
10.0
 13
-100.22980664645311
 23
40.23176002463766
 33
10.0
  0
3DFACE
  5
3A1
330
17
100
AcDbEntity
  8
0
100
AcDbFace
 10
-99.6261243879652
 20
40.96734898494008
 30
10.0
 11
-100.22980664645311
 21
40.23176002463766
 31
10.0
 12
-100.08911181369139
 22
40.274439335556615
 32
10.0
 13
-100.08911181369139
 23
40.274439335556615
 33
10.0
  0
3DFACE
  5
3A2
330
17
100
AcDbEntity
  8
0
100
AcDbFace
 10
-99.6261243879652
 20
40.96734898494008
 30
10.0
 11
-100.08911181369139
 21
40.274439335556615
 31
10.0
 12
-99.9594467132005
 22
40.34374677571317
 32
10.0
 13
-99.9594467132005
 23
40.34374677571317
 33
10.0
  0
3DFACE
  5
3A3
330
17
100
AcDbEntity
  8
0
100
AcDbFace
 10
-99.6261243879652
 20
40.96734898494008
 30
10.0
 11
-99.9594467132005
 21
40.34374677571317
 31
10.0
 12
-99.84579430207529
 22
40.43701889905017
 32
10.0
 13
-99.84579430207529
 23
40.43701889905017
 33
10.0
  0
3DFACE
  5
3A4
330
17
100
AcDbEntity
  8
0
100
AcDbFace
 10
-99.6261243879652
 20
40.96734898494008
 30
10.0
 11
-99.84579430207529
 21
40.43701889905017
 31
10.0
 12
-99.7525221787383
 22
40.55067131017538
 32
10.0
 13
-99.7525221787383
 23
40.55067131017538
 33
10.0
  0
3DFACE
  5
3A5
330
17
100
AcDbEntity
  8
0
100
AcDbFace
 10
-99.6261243879652
 20
40.96734898494008
 30
10.0
 11
-99.7525221787383
 21
40.55067131017538
 31
10.0
 12
-99.68321473858174
 22
40.680336410666264
 32
10.0
 13
-99.68321473858174
 23
40.680336410666264
 33
10.0
  0
3DFACE
  5
3A6
330
17
100
AcDbEntity
  8
0
100
AcDbFace
 10
-99.6261243879652
 20
40.96734898494008
 30
10.0
 11
-99.68321473858174
 21
40.680336410666264
 31
10.0
 12
-99.64053542766278
 22
40.82103124342798
 32
10.0
 13
-99.64053542766278
 23
40.82103124342798
 33
10.0
  0
3DFACE
  5
3A7
330
17
100
AcDbEntity
  8
0
100
AcDbFace
 10
-99.6261243879652
 20
40.96734898494008
 30
0.0
 11
-99.64053542766278
 21
41.11366672645218
 31
0.0
 12
-99.64053542766278
 22
41.11366672645218
 32
10.0
 13
-99.6261243879652
 23
40.96734898494008
 33
10.0
  0
3DFACE
  5
3A8
330
17
100
AcDbEntity
  8
0
100
AcDbFace
 10
-99.64053542766278
 20
41.11366672645218
 30
0.0
 11
-99.68321473858174
 21
41.2543615592139
 31
0.0
 12
-99.68321473858174
 22
41.2543615592139
 32
10.0
 13
-99.64053542766278
 23
41.11366672645218
 33
10.0
  0
3DFACE
  5
3A9
330
17
100
AcDbEntity
  8
0
100
AcDbFace
 10
-99.68321473858174
 20
41.2543615592139
 30
0.0
 11
-99.7525221787383
 21
41.38402665970478
 31
0.0
 12
-99.7525221787383
 22
41.38402665970478
 32
10.0
 13
-99.68321473858174
 23
41.2543615592139
 33
10.0
  0
3DFACE
  5
3AA
330
17
100
AcDbEntity
  8
0
100
AcDbFace
 10
-99.7525221787383
 20
41.38402665970478
 30
0.0
 11
-99.84579430207529
 21
41.49767907082999
 31
0.0
 12
-99.84579430207529
 22
41.49767907082999
 32
10.0
 13
-99.7525221787383
 23
41.38402665970478
 33
10.0
  0
3DFACE
  5
3AB
330
17
100
AcDbEntity
  8
0
100
AcDbFace
 10
-99.84579430207529
 20
41.49767907082999
 30
0.0
 11
-99.9594467132005
 21
41.59095119416699
 31
0.0
 12
-99.9594467132005
 22
41.59095119416699
 32
10.0
 13
-99.84579430207529
 23
41.49767907082999
 33
10.0
  0
3DFACE
  5
3AC
330
17
100
AcDbEntity
  8
0
100
AcDbFace
 10
-99.9594467132005
 20
41.59095119416699
 30
0.0
 11
-100.08911181369139
 21
41.66025863432355
 31
0.0
 12
-100.08911181369139
 22
41.66025863432355
 32
10.0
 13
-99.9594467132005
 23
41.59095119416699
 33
10.0
  0
3DFACE
  5
3AD
330
17
100
AcDbEntity
  8
0
100
AcDbFace
 10
-100.08911181369139
 20
41.66025863432355
 30
0.0
 11
-100.22980664645311
 21
41.7029379452425
 31
0.0
 12
-100.22980664645311
 22
41.7029379452425
 32
10.0
 13
-100.08911181369139
 23
41.66025863432355
 33
10.0
  0
3DFACE
  5
3AE
330
17
100
AcDbEntity
  8
0
100
AcDbFace
 10
-100.22980664645311
 20
41.7029379452425
 30
0.0
 11
-100.3761243879652
 21
41.71734898494008
 31
0.0
 12
-100.3761243879652
 22
41.71734898494008
 32
10.0
 13
-100.22980664645311
 23
41.7029379452425
 33
10.0
  0
3DFACE
  5
3AF
330
17
100
AcDbEntity
  8
0
100
AcDbFace
 10
-100.3761243879652
 20
41.71734898494008
 30
0.0
 11
-100.5224421294773
 21
41.7029379452425
 31
0.0
 12
-100.5224421294773
 22
41.7029379452425
 32
10.0
 13
-100.3761243879652
 23
41.71734898494008
 33
10.0
  0
3DFACE
  5
3B0
330
17
100
AcDbEntity
  8
0
100
AcDbFace
 10
-100.5224421294773
 20
41.7029379452425
 30
0.0
 11
-100.66313696223902
 21
41.66025863432355
 31
0.0
 12
-100.66313696223902
 22
41.66025863432355
 32
10.0
 13
-100.5224421294773
 23
41.7029379452425
 33
10.0
  0
3DFACE
  5
3B1
330
17
100
AcDbEntity
  8
0
100
AcDbFace
 10
-100.66313696223902
 20
41.66025863432355
 30
0.0
 11
-100.7928020627299
 21
41.59095119416699
 31
0.0
 12
-100.7928020627299
 22
41.59095119416699
 32
10.0
 13
-100.66313696223902
 23
41.66025863432355
 33
10.0
  0
3DFACE
  5
3B2
330
17
100
AcDbEntity
  8
0
100
AcDbFace
 10
-100.7928020627299
 20
41.59095119416699
 30
0.0
 11
-100.90645447385512
 21
41.49767907082999
 31
0.0
 12
-100.90645447385512
 22
41.49767907082999
 32
10.0
 13
-100.7928020627299
 23
41.59095119416699
 33
10.0
  0
3DFACE
  5
3B3
330
17
100
AcDbEntity
  8
0
100
AcDbFace
 10
-100.90645447385512
 20
41.49767907082999
 30
0.0
 11
-100.99972659719211
 21
41.38402665970478
 31
0.0
 12
-100.99972659719211
 22
41.38402665970478
 32
10.0
 13
-100.90645447385512
 23
41.49767907082999
 33
10.0
  0
3DFACE
  5
3B4
330
17
100
AcDbEntity
  8
0
100
AcDbFace
 10
-100.99972659719211
 20
41.38402665970478
 30
0.0
 11
-101.06903403734867
 21
41.2543615592139
 31
0.0
 12
-101.06903403734867
 22
41.2543615592139
 32
10.0
 13
-100.99972659719211
 23
41.38402665970478
 33
10.0
  0
3DFACE
  5
3B5
330
17
100
AcDbEntity
  8
0
100
AcDbFace
 10
-101.06903403734867
 20
41.2543615592139
 30
0.0
 11
-101.11171334826763
 21
41.11366672645218
 31
0.0
 12
-101.11171334826763
 22
41.11366672645218
 32
10.0
 13
-101.06903403734867
 23
41.2543615592139
 33
10.0
  0
3DFACE
  5
3B6
330
17
100
AcDbEntity
  8
0
100
AcDbFace
 10
-101.11171334826763
 20
41.11366672645218
 30
0.0
 11
-101.1261243879652
 21
40.96734898494008
 31
0.0
 12
-101.1261243879652
 22
40.96734898494008
 32
10.0
 13
-101.11171334826763
 23
41.11366672645218
 33
10.0
  0
3DFACE
  5
3B7
330
17
100
AcDbEntity
  8
0
100
AcDbFace
 10
-101.1261243879652
 20
40.96734898494008
 30
0.0
 11
-101.11171334826763
 21
40.82103124342798
 31
0.0
 12
-101.11171334826763
 22
40.82103124342798
 32
10.0
 13
-101.1261243879652
 23
40.96734898494008
 33
10.0
  0
3DFACE
  5
3B8
330
17
100
AcDbEntity
  8
0
100
AcDbFace
 10
-101.11171334826763
 20
40.82103124342798
 30
0.0
 11
-101.06903403734867
 21
40.680336410666264
 31
0.0
 12
-101.06903403734867
 22
40.680336410666264
 32
10.0
 13
-101.11171334826763
 23
40.82103124342798
 33
10.0
  0
3DFACE
  5
3B9
330
17
100
AcDbEntity
  8
0
100
AcDbFace
 10
-101.06903403734867
 20
40.680336410666264
 30
0.0
 11
-100.99972659719211
 21
40.55067131017538
 31
0.0
 12
-100.99972659719211
 22
40.55067131017538
 32
10.0
 13
-101.06903403734867
 23
40.680336410666264
 33
10.0
  0
3DFACE
  5
3BA
330
17
100
AcDbEntity
  8
0
100
AcDbFace
 10
-100.99972659719211
 20
40.55067131017538
 30
0.0
 11
-100.90645447385512
 21
40.43701889905017
 31
0.0
 12
-100.90645447385512
 22
40.43701889905017
 32
10.0
 13
-100.99972659719211
 23
40.55067131017538
 33
10.0
  0
3DFACE
  5
3BB
330
17
100
AcDbEntity
  8
0
100
AcDbFace
 10
-100.90645447385512
 20
40.43701889905017
 30
0.0
 11
-100.7928020627299
 21
40.34374677571317
 31
0.0
 12
-100.7928020627299
 22
40.34374677571317
 32
10.0
 13
-100.90645447385512
 23
40.43701889905017
 33
10.0
  0
3DFACE
  5
3BC
330
17
100
AcDbEntity
  8
0
100
AcDbFace
 10
-100.7928020627299
 20
40.34374677571317
 30
0.0
 11
-100.66313696223902
 21
40.274439335556615
 31
0.0
 12
-100.66313696223902
 22
40.274439335556615
 32
10.0
 13
-100.7928020627299
 23
40.34374677571317
 33
10.0
  0
3DFACE
  5
3BD
330
17
100
AcDbEntity
  8
0
100
AcDbFace
 10
-100.66313696223902
 20
40.274439335556615
 30
0.0
 11
-100.5224421294773
 21
40.23176002463766
 31
0.0
 12
-100.5224421294773
 22
40.23176002463766
 32
10.0
 13
-100.66313696223902
 23
40.274439335556615
 33
10.0
  0
3DFACE
  5
3BE
330
17
100
AcDbEntity
  8
0
100
AcDbFace
 10
-100.5224421294773
 20
40.23176002463766
 30
0.0
 11
-100.3761243879652
 21
40.21734898494008
 31
0.0
 12
-100.3761243879652
 22
40.21734898494008
 32
10.0
 13
-100.5224421294773
 23
40.23176002463766
 33
10.0
  0
3DFACE
  5
3BF
330
17
100
AcDbEntity
  8
0
100
AcDbFace
 10
-100.3761243879652
 20
40.21734898494008
 30
0.0
 11
-100.22980664645311
 21
40.23176002463766
 31
0.0
 12
-100.22980664645311
 22
40.23176002463766
 32
10.0
 13
-100.3761243879652
 23
40.21734898494008
 33
10.0
  0
3DFACE
  5
3C0
330
17
100
AcDbEntity
  8
0
100
AcDbFace
 10
-100.22980664645311
 20
40.23176002463766
 30
0.0
 11
-100.08911181369139
 21
40.274439335556615
 31
0.0
 12
-100.08911181369139
 22
40.274439335556615
 32
10.0
 13
-100.22980664645311
 23
40.23176002463766
 33
10.0
  0
3DFACE
  5
3C1
330
17
100
AcDbEntity
  8
0
100
AcDbFace
 10
-100.08911181369139
 20
40.274439335556615
 30
0.0
 11
-99.9594467132005
 21
40.34374677571317
 31
0.0
 12
-99.9594467132005
 22
40.34374677571317
 32
10.0
 13
-100.08911181369139
 23
40.274439335556615
 33
10.0
  0
3DFACE
  5
3C2
330
17
100
AcDbEntity
  8
0
100
AcDbFace
 10
-99.9594467132005
 20
40.34374677571317
 30
0.0
 11
-99.84579430207529
 21
40.43701889905017
 31
0.0
 12
-99.84579430207529
 22
40.43701889905017
 32
10.0
 13
-99.9594467132005
 23
40.34374677571317
 33
10.0
  0
3DFACE
  5
3C3
330
17
100
AcDbEntity
  8
0
100
AcDbFace
 10
-99.84579430207529
 20
40.43701889905017
 30
0.0
 11
-99.7525221787383
 21
40.55067131017538
 31
0.0
 12
-99.7525221787383
 22
40.55067131017538
 32
10.0
 13
-99.84579430207529
 23
40.43701889905017
 33
10.0
  0
3DFACE
  5
3C4
330
17
100
AcDbEntity
  8
0
100
AcDbFace
 10
-99.7525221787383
 20
40.55067131017538
 30
0.0
 11
-99.68321473858174
 21
40.680336410666264
 31
0.0
 12
-99.68321473858174
 22
40.680336410666264
 32
10.0
 13
-99.7525221787383
 23
40.55067131017538
 33
10.0
  0
3DFACE
  5
3C5
330
17
100
AcDbEntity
  8
0
100
AcDbFace
 10
-99.68321473858174
 20
40.680336410666264
 30
0.0
 11
-99.64053542766278
 21
40.82103124342798
 31
0.0
 12
-99.64053542766278
 22
40.82103124342798
 32
10.0
 13
-99.68321473858174
 23
40.680336410666264
 33
10.0
  0
3DFACE
  5
3C6
330
17
100
AcDbEntity
  8
0
100
AcDbFace
 10
-99.64053542766278
 20
40.82103124342798
 30
0.0
 11
-99.6261243879652
 21
40.96734898494008
 31
0.0
 12
-99.6261243879652
 22
40.96734898494008
 32
10.0
 13
-99.64053542766278
 23
40.82103124342798
 33
10.0
  0
3DFACE
  5
3C7
330
17
100
AcDbEntity
  8
0
100
AcDbFace
 10
-97.78987686185133
 20
54.23686646112832
 30
0.0
 11
-97.79283444840962
 21
54.266895341390885
 31
0.0
 12
-97.80159354969173
 22
54.295770228625344
 32
0.0
 13
-97.80159354969173
 23
54.295770228625344
 33
0.0
  0
3DFACE
  5
3C8
330
17
100
AcDbEntity
  8
0
100
AcDbFace
 10
-97.78987686185133
 20
54.23686646112832
 30
0.0
 11
-97.80159354969173
 21
54.295770228625344
 31
0.0
 12
-97.81581755834753
 22
54.32238147710851
 32
0.0
 13
-97.81581755834753
 23
54.32238147710851
 33
0.0
  0
3DFACE
  5
3C9
330
17
100
AcDbEntity
  8
0
100
AcDbFace
 10
-97.78987686185133
 20
54.23686646112832
 30
0.0
 11
-97.81581755834753
 21
54.32238147710851
 31
0.0
 12
-97.8349598537013
 22
54.34570643148493
 32
0.0
 13
-97.8349598537013
 23
54.34570643148493
 33
0.0
  0
3DFACE
  5
3CA
330
17
100
AcDbEntity
  8
0
100
AcDbFace
 10
-97.78987686185133
 20
54.23686646112832
 30
0.0
 11
-97.8349598537013
 21
54.34570643148493
 31
0.0
 12
-97.85828480807773
 22
54.3648487268387
 32
0.0
 13
-97.85828480807773
 23
54.3648487268387
 33
0.0
  0
3DFACE
  5
3CB
330
17
100
AcDbEntity
  8
0
100
AcDbFace
 10
-97.78987686185133
 20
54.23686646112832
 30
0.0
 11
-97.85828480807773
 21
54.3648487268387
 31
0.0
 12
-97.88489605656089
 22
54.37907273549451
 32
0.0
 13
-97.88489605656089
 23
54.37907273549451
 33
0.0
  0
3DFACE
  5
3CC
330
17
100
AcDbEntity
  8
0
100
AcDbFace
 10
-97.78987686185133
 20
54.23686646112832
 30
0.0
 11
-97.88489605656089
 21
54.37907273549451
 31
0.0
 12
-97.91377094379536
 22
54.38783183677662
 32
0.0
 13
-97.91377094379536
 23
54.38783183677662
 33
0.0
  0
3DFACE
  5
3CD
330
17
100
AcDbEntity
  8
0
100
AcDbFace
 10
-97.78987686185133
 20
54.23686646112832
 30
0.0
 11
-97.91377094379536
 21
54.38783183677662
 31
0.0
 12
-97.94379982405792
 22
54.39078942333492
 32
0.0
 13
-97.94379982405792
 23
54.39078942333492
 33
0.0
  0
3DFACE
  5
3CE
330
17
100
AcDbEntity
  8
0
100
AcDbFace
 10
-97.78987686185133
 20
54.23686646112832
 30
0.0
 11
-97.94379982405792
 21
54.39078942333492
 31
0.0
 12
-97.97382870432048
 22
54.38783183677662
 32
0.0
 13
-97.97382870432048
 23
54.38783183677662
 33
0.0
  0
3DFACE
  5
3CF
330
17
100
AcDbEntity
  8
0
100
AcDbFace
 10
-97.78987686185133
 20
54.23686646112832
 30
0.0
 11
-97.97382870432048
 21
54.38783183677662
 31
0.0
 12
-98.00270359155495
 22
54.37907273549451
 32
0.0
 13
-98.00270359155495
 23
54.37907273549451
 33
0.0
  0
3DFACE
  5
3D0
330
17
100
AcDbEntity
  8
0
100
AcDbFace
 10
-97.78987686185133
 20
54.23686646112832
 30
0.0
 11
-98.00270359155495
 21
54.37907273549451
 31
0.0
 12
-98.02931484003811
 22
54.3648487268387
 32
0.0
 13
-98.02931484003811
 23
54.3648487268387
 33
0.0
  0
3DFACE
  5
3D1
330
17
100
AcDbEntity
  8
0
100
AcDbFace
 10
-97.78987686185133
 20
54.23686646112832
 30
0.0
 11
-98.02931484003811
 21
54.3648487268387
 31
0.0
 12
-98.05263979441453
 22
54.34570643148493
 32
0.0
 13
-98.05263979441453
 23
54.34570643148493
 33
0.0
  0
3DFACE
  5
3D2
330
17
100
AcDbEntity
  8
0
100
AcDbFace
 10
-97.78987686185133
 20
54.23686646112832
 30
0.0
 11
-98.05263979441453
 21
54.34570643148493
 31
0.0
 12
-98.0717820897683
 22
54.32238147710851
 32
0.0
 13
-98.0717820897683
 23
54.32238147710851
 33
0.0
  0
3DFACE
  5
3D3
330
17
100
AcDbEntity
  8
0
100
AcDbFace
 10
-97.78987686185133
 20
54.23686646112832
 30
0.0
 11
-98.0717820897683
 21
54.32238147710851
 31
0.0
 12
-98.08600609842411
 22
54.295770228625344
 32
0.0
 13
-98.08600609842411
 23
54.295770228625344
 33
0.0
  0
3DFACE
  5
3D4
330
17
100
AcDbEntity
  8
0
100
AcDbFace
 10
-97.78987686185133
 20
54.23686646112832
 30
0.0
 11
-98.08600609842411
 21
54.295770228625344
 31
0.0
 12
-98.09476519970622
 22
54.266895341390885
 32
0.0
 13
-98.09476519970622
 23
54.266895341390885
 33
0.0
  0
3DFACE
  5
3D5
330
17
100
AcDbEntity
  8
0
100
AcDbFace
 10
-97.78987686185133
 20
54.23686646112832
 30
0.0
 11
-98.09476519970622
 21
54.266895341390885
 31
0.0
 12
-98.09772278626451
 22
54.23686646112832
 32
0.0
 13
-98.09772278626451
 23
54.23686646112832
 33
0.0
  0
3DFACE
  5
3D6
330
17
100
AcDbEntity
  8
0
100
AcDbFace
 10
-97.78987686185133
 20
54.23686646112832
 30
0.0
 11
-98.09772278626451
 21
54.23686646112832
 31
0.0
 12
-98.09476519970622
 22
54.20683758086576
 32
0.0
 13
-98.09476519970622
 23
54.20683758086576
 33
0.0
  0
3DFACE
  5
3D7
330
17
100
AcDbEntity
  8
0
100
AcDbFace
 10
-97.78987686185133
 20
54.23686646112832
 30
0.0
 11
-98.09476519970622
 21
54.20683758086576
 31
0.0
 12
-98.08600609842411
 22
54.1779626936313
 32
0.0
 13
-98.08600609842411
 23
54.1779626936313
 33
0.0
  0
3DFACE
  5
3D8
330
17
100
AcDbEntity
  8
0
100
AcDbFace
 10
-97.78987686185133
 20
54.23686646112832
 30
0.0
 11
-98.08600609842411
 21
54.1779626936313
 31
0.0
 12
-98.0717820897683
 22
54.15135144514814
 32
0.0
 13
-98.0717820897683
 23
54.15135144514814
 33
0.0
  0
3DFACE
  5
3D9
330
17
100
AcDbEntity
  8
0
100
AcDbFace
 10
-97.78987686185133
 20
54.23686646112832
 30
0.0
 11
-98.0717820897683
 21
54.15135144514814
 31
0.0
 12
-98.05263979441453
 22
54.12802649077172
 32
0.0
 13
-98.05263979441453
 23
54.12802649077172
 33
0.0
  0
3DFACE
  5
3DA
330
17
100
AcDbEntity
  8
0
100
AcDbFace
 10
-97.78987686185133
 20
54.23686646112832
 30
0.0
 11
-98.05263979441453
 21
54.12802649077172
 31
0.0
 12
-98.02931484003811
 22
54.10888419541794
 32
0.0
 13
-98.02931484003811
 23
54.10888419541794
 33
0.0
  0
3DFACE
  5
3DB
330
17
100
AcDbEntity
  8
0
100
AcDbFace
 10
-97.78987686185133
 20
54.23686646112832
 30
0.0
 11
-98.02931484003811
 21
54.10888419541794
 31
0.0
 12
-98.00270359155495
 22
54.094660186762134
 32
0.0
 13
-98.00270359155495
 23
54.094660186762134
 33
0.0
  0
3DFACE
  5
3DC
330
17
100
AcDbEntity
  8
0
100
AcDbFace
 10
-97.78987686185133
 20
54.23686646112832
 30
0.0
 11
-98.00270359155495
 21
54.094660186762134
 31
0.0
 12
-97.97382870432048
 22
54.085901085480025
 32
0.0
 13
-97.97382870432048
 23
54.085901085480025
 33
0.0
  0
3DFACE
  5
3DD
330
17
100
AcDbEntity
  8
0
100
AcDbFace
 10
-97.78987686185133
 20
54.23686646112832
 30
0.0
 11
-97.97382870432048
 21
54.085901085480025
 31
0.0
 12
-97.94379982405792
 22
54.08294349892172
 32
0.0
 13
-97.94379982405792
 23
54.08294349892172
 33
0.0
  0
3DFACE
  5
3DE
330
17
100
AcDbEntity
  8
0
100
AcDbFace
 10
-97.78987686185133
 20
54.23686646112832
 30
0.0
 11
-97.94379982405792
 21
54.08294349892172
 31
0.0
 12
-97.91377094379536
 22
54.085901085480025
 32
0.0
 13
-97.91377094379536
 23
54.085901085480025
 33
0.0
  0
3DFACE
  5
3DF
330
17
100
AcDbEntity
  8
0
100
AcDbFace
 10
-97.78987686185133
 20
54.23686646112832
 30
0.0
 11
-97.91377094379536
 21
54.085901085480025
 31
0.0
 12
-97.88489605656089
 22
54.094660186762134
 32
0.0
 13
-97.88489605656089
 23
54.094660186762134
 33
0.0
  0
3DFACE
  5
3E0
330
17
100
AcDbEntity
  8
0
100
AcDbFace
 10
-97.78987686185133
 20
54.23686646112832
 30
0.0
 11
-97.88489605656089
 21
54.094660186762134
 31
0.0
 12
-97.85828480807773
 22
54.10888419541794
 32
0.0
 13
-97.85828480807773
 23
54.10888419541794
 33
0.0
  0
3DFACE
  5
3E1
330
17
100
AcDbEntity
  8
0
100
AcDbFace
 10
-97.78987686185133
 20
54.23686646112832
 30
0.0
 11
-97.85828480807773
 21
54.10888419541794
 31
0.0
 12
-97.8349598537013
 22
54.12802649077172
 32
0.0
 13
-97.8349598537013
 23
54.12802649077172
 33
0.0
  0
3DFACE
  5
3E2
330
17
100
AcDbEntity
  8
0
100
AcDbFace
 10
-97.78987686185133
 20
54.23686646112832
 30
0.0
 11
-97.8349598537013
 21
54.12802649077172
 31
0.0
 12
-97.81581755834753
 22
54.15135144514814
 32
0.0
 13
-97.81581755834753
 23
54.15135144514814
 33
0.0
  0
3DFACE
  5
3E3
330
17
100
AcDbEntity
  8
0
100
AcDbFace
 10
-97.78987686185133
 20
54.23686646112832
 30
0.0
 11
-97.81581755834753
 21
54.15135144514814
 31
0.0
 12
-97.80159354969173
 22
54.1779626936313
 32
0.0
 13
-97.80159354969173
 23
54.1779626936313
 33
0.0
  0
3DFACE
  5
3E4
330
17
100
AcDbEntity
  8
0
100
AcDbFace
 10
-97.78987686185133
 20
54.23686646112832
 30
0.0
 11
-97.80159354969173
 21
54.1779626936313
 31
0.0
 12
-97.79283444840962
 22
54.20683758086576
 32
0.0
 13
-97.79283444840962
 23
54.20683758086576
 33
0.0
  0
3DFACE
  5
3E5
330
17
100
AcDbEntity
  8
0
100
AcDbFace
 10
-97.78987686185133
 20
54.23686646112832
 30
10.0
 11
-97.79283444840962
 21
54.266895341390885
 31
10.0
 12
-97.80159354969173
 22
54.295770228625344
 32
10.0
 13
-97.80159354969173
 23
54.295770228625344
 33
10.0
  0
3DFACE
  5
3E6
330
17
100
AcDbEntity
  8
0
100
AcDbFace
 10
-97.78987686185133
 20
54.23686646112832
 30
10.0
 11
-97.80159354969173
 21
54.295770228625344
 31
10.0
 12
-97.81581755834753
 22
54.32238147710851
 32
10.0
 13
-97.81581755834753
 23
54.32238147710851
 33
10.0
  0
3DFACE
  5
3E7
330
17
100
AcDbEntity
  8
0
100
AcDbFace
 10
-97.78987686185133
 20
54.23686646112832
 30
10.0
 11
-97.81581755834753
 21
54.32238147710851
 31
10.0
 12
-97.8349598537013
 22
54.34570643148493
 32
10.0
 13
-97.8349598537013
 23
54.34570643148493
 33
10.0
  0
3DFACE
  5
3E8
330
17
100
AcDbEntity
  8
0
100
AcDbFace
 10
-97.78987686185133
 20
54.23686646112832
 30
10.0
 11
-97.8349598537013
 21
54.34570643148493
 31
10.0
 12
-97.85828480807773
 22
54.3648487268387
 32
10.0
 13
-97.85828480807773
 23
54.3648487268387
 33
10.0
  0
3DFACE
  5
3E9
330
17
100
AcDbEntity
  8
0
100
AcDbFace
 10
-97.78987686185133
 20
54.23686646112832
 30
10.0
 11
-97.85828480807773
 21
54.3648487268387
 31
10.0
 12
-97.88489605656089
 22
54.37907273549451
 32
10.0
 13
-97.88489605656089
 23
54.37907273549451
 33
10.0
  0
3DFACE
  5
3EA
330
17
100
AcDbEntity
  8
0
100
AcDbFace
 10
-97.78987686185133
 20
54.23686646112832
 30
10.0
 11
-97.88489605656089
 21
54.37907273549451
 31
10.0
 12
-97.91377094379536
 22
54.38783183677662
 32
10.0
 13
-97.91377094379536
 23
54.38783183677662
 33
10.0
  0
3DFACE
  5
3EB
330
17
100
AcDbEntity
  8
0
100
AcDbFace
 10
-97.78987686185133
 20
54.23686646112832
 30
10.0
 11
-97.91377094379536
 21
54.38783183677662
 31
10.0
 12
-97.94379982405792
 22
54.39078942333492
 32
10.0
 13
-97.94379982405792
 23
54.39078942333492
 33
10.0
  0
3DFACE
  5
3EC
330
17
100
AcDbEntity
  8
0
100
AcDbFace
 10
-97.78987686185133
 20
54.23686646112832
 30
10.0
 11
-97.94379982405792
 21
54.39078942333492
 31
10.0
 12
-97.97382870432048
 22
54.38783183677662
 32
10.0
 13
-97.97382870432048
 23
54.38783183677662
 33
10.0
  0
3DFACE
  5
3ED
330
17
100
AcDbEntity
  8
0
100
AcDbFace
 10
-97.78987686185133
 20
54.23686646112832
 30
10.0
 11
-97.97382870432048
 21
54.38783183677662
 31
10.0
 12
-98.00270359155495
 22
54.37907273549451
 32
10.0
 13
-98.00270359155495
 23
54.37907273549451
 33
10.0
  0
3DFACE
  5
3EE
330
17
100
AcDbEntity
  8
0
100
AcDbFace
 10
-97.78987686185133
 20
54.23686646112832
 30
10.0
 11
-98.00270359155495
 21
54.37907273549451
 31
10.0
 12
-98.02931484003811
 22
54.3648487268387
 32
10.0
 13
-98.02931484003811
 23
54.3648487268387
 33
10.0
  0
3DFACE
  5
3EF
330
17
100
AcDbEntity
  8
0
100
AcDbFace
 10
-97.78987686185133
 20
54.23686646112832
 30
10.0
 11
-98.02931484003811
 21
54.3648487268387
 31
10.0
 12
-98.05263979441453
 22
54.34570643148493
 32
10.0
 13
-98.05263979441453
 23
54.34570643148493
 33
10.0
  0
3DFACE
  5
3F0
330
17
100
AcDbEntity
  8
0
100
AcDbFace
 10
-97.78987686185133
 20
54.23686646112832
 30
10.0
 11
-98.05263979441453
 21
54.34570643148493
 31
10.0
 12
-98.0717820897683
 22
54.32238147710851
 32
10.0
 13
-98.0717820897683
 23
54.32238147710851
 33
10.0
  0
3DFACE
  5
3F1
330
17
100
AcDbEntity
  8
0
100
AcDbFace
 10
-97.78987686185133
 20
54.23686646112832
 30
10.0
 11
-98.0717820897683
 21
54.32238147710851
 31
10.0
 12
-98.08600609842411
 22
54.295770228625344
 32
10.0
 13
-98.08600609842411
 23
54.295770228625344
 33
10.0
  0
3DFACE
  5
3F2
330
17
100
AcDbEntity
  8
0
100
AcDbFace
 10
-97.78987686185133
 20
54.23686646112832
 30
10.0
 11
-98.08600609842411
 21
54.295770228625344
 31
10.0
 12
-98.09476519970622
 22
54.266895341390885
 32
10.0
 13
-98.09476519970622
 23
54.266895341390885
 33
10.0
  0
3DFACE
  5
3F3
330
17
100
AcDbEntity
  8
0
100
AcDbFace
 10
-97.78987686185133
 20
54.23686646112832
 30
10.0
 11
-98.09476519970622
 21
54.266895341390885
 31
10.0
 12
-98.09772278626451
 22
54.23686646112832
 32
10.0
 13
-98.09772278626451
 23
54.23686646112832
 33
10.0
  0
3DFACE
  5
3F4
330
17
100
AcDbEntity
  8
0
100
AcDbFace
 10
-97.78987686185133
 20
54.23686646112832
 30
10.0
 11
-98.09772278626451
 21
54.23686646112832
 31
10.0
 12
-98.09476519970622
 22
54.20683758086576
 32
10.0
 13
-98.09476519970622
 23
54.20683758086576
 33
10.0
  0
3DFACE
  5
3F5
330
17
100
AcDbEntity
  8
0
100
AcDbFace
 10
-97.78987686185133
 20
54.23686646112832
 30
10.0
 11
-98.09476519970622
 21
54.20683758086576
 31
10.0
 12
-98.08600609842411
 22
54.1779626936313
 32
10.0
 13
-98.08600609842411
 23
54.1779626936313
 33
10.0
  0
3DFACE
  5
3F6
330
17
100
AcDbEntity
  8
0
100
AcDbFace
 10
-97.78987686185133
 20
54.23686646112832
 30
10.0
 11
-98.08600609842411
 21
54.1779626936313
 31
10.0
 12
-98.0717820897683
 22
54.15135144514814
 32
10.0
 13
-98.0717820897683
 23
54.15135144514814
 33
10.0
  0
3DFACE
  5
3F7
330
17
100
AcDbEntity
  8
0
100
AcDbFace
 10
-97.78987686185133
 20
54.23686646112832
 30
10.0
 11
-98.0717820897683
 21
54.15135144514814
 31
10.0
 12
-98.05263979441453
 22
54.12802649077172
 32
10.0
 13
-98.05263979441453
 23
54.12802649077172
 33
10.0
  0
3DFACE
  5
3F8
330
17
100
AcDbEntity
  8
0
100
AcDbFace
 10
-97.78987686185133
 20
54.23686646112832
 30
10.0
 11
-98.05263979441453
 21
54.12802649077172
 31
10.0
 12
-98.02931484003811
 22
54.10888419541794
 32
10.0
 13
-98.02931484003811
 23
54.10888419541794
 33
10.0
  0
3DFACE
  5
3F9
330
17
100
AcDbEntity
  8
0
100
AcDbFace
 10
-97.78987686185133
 20
54.23686646112832
 30
10.0
 11
-98.02931484003811
 21
54.10888419541794
 31
10.0
 12
-98.00270359155495
 22
54.094660186762134
 32
10.0
 13
-98.00270359155495
 23
54.094660186762134
 33
10.0
  0
3DFACE
  5
3FA
330
17
100
AcDbEntity
  8
0
100
AcDbFace
 10
-97.78987686185133
 20
54.23686646112832
 30
10.0
 11
-98.00270359155495
 21
54.094660186762134
 31
10.0
 12
-97.97382870432048
 22
54.085901085480025
 32
10.0
 13
-97.97382870432048
 23
54.085901085480025
 33
10.0
  0
3DFACE
  5
3FB
330
17
100
AcDbEntity
  8
0
100
AcDbFace
 10
-97.78987686185133
 20
54.23686646112832
 30
10.0
 11
-97.97382870432048
 21
54.085901085480025
 31
10.0
 12
-97.94379982405792
 22
54.08294349892172
 32
10.0
 13
-97.94379982405792
 23
54.08294349892172
 33
10.0
  0
3DFACE
  5
3FC
330
17
100
AcDbEntity
  8
0
100
AcDbFace
 10
-97.78987686185133
 20
54.23686646112832
 30
10.0
 11
-97.94379982405792
 21
54.08294349892172
 31
10.0
 12
-97.91377094379536
 22
54.085901085480025
 32
10.0
 13
-97.91377094379536
 23
54.085901085480025
 33
10.0
  0
3DFACE
  5
3FD
330
17
100
AcDbEntity
  8
0
100
AcDbFace
 10
-97.78987686185133
 20
54.23686646112832
 30
10.0
 11
-97.91377094379536
 21
54.085901085480025
 31
10.0
 12
-97.88489605656089
 22
54.094660186762134
 32
10.0
 13
-97.88489605656089
 23
54.094660186762134
 33
10.0
  0
3DFACE
  5
3FE
330
17
100
AcDbEntity
  8
0
100
AcDbFace
 10
-97.78987686185133
 20
54.23686646112832
 30
10.0
 11
-97.88489605656089
 21
54.094660186762134
 31
10.0
 12
-97.85828480807773
 22
54.10888419541794
 32
10.0
 13
-97.85828480807773
 23
54.10888419541794
 33
10.0
  0
3DFACE
  5
3FF
330
17
100
AcDbEntity
  8
0
100
AcDbFace
 10
-97.78987686185133
 20
54.23686646112832
 30
10.0
 11
-97.85828480807773
 21
54.10888419541794
 31
10.0
 12
-97.8349598537013
 22
54.12802649077172
 32
10.0
 13
-97.8349598537013
 23
54.12802649077172
 33
10.0
  0
3DFACE
  5
400
330
17
100
AcDbEntity
  8
0
100
AcDbFace
 10
-97.78987686185133
 20
54.23686646112832
 30
10.0
 11
-97.8349598537013
 21
54.12802649077172
 31
10.0
 12
-97.81581755834753
 22
54.15135144514814
 32
10.0
 13
-97.81581755834753
 23
54.15135144514814
 33
10.0
  0
3DFACE
  5
401
330
17
100
AcDbEntity
  8
0
100
AcDbFace
 10
-97.78987686185133
 20
54.23686646112832
 30
10.0
 11
-97.81581755834753
 21
54.15135144514814
 31
10.0
 12
-97.80159354969173
 22
54.1779626936313
 32
10.0
 13
-97.80159354969173
 23
54.1779626936313
 33
10.0
  0
3DFACE
  5
402
330
17
100
AcDbEntity
  8
0
100
AcDbFace
 10
-97.78987686185133
 20
54.23686646112832
 30
10.0
 11
-97.80159354969173
 21
54.1779626936313
 31
10.0
 12
-97.79283444840962
 22
54.20683758086576
 32
10.0
 13
-97.79283444840962
 23
54.20683758086576
 33
10.0
  0
3DFACE
  5
403
330
17
100
AcDbEntity
  8
0
100
AcDbFace
 10
-97.78987686185133
 20
54.23686646112832
 30
0.0
 11
-97.79283444840962
 21
54.266895341390885
 31
0.0
 12
-97.79283444840962
 22
54.266895341390885
 32
10.0
 13
-97.78987686185133
 23
54.23686646112832
 33
10.0
  0
3DFACE
  5
404
330
17
100
AcDbEntity
  8
0
100
AcDbFace
 10
-97.79283444840962
 20
54.266895341390885
 30
0.0
 11
-97.80159354969173
 21
54.295770228625344
 31
0.0
 12
-97.80159354969173
 22
54.295770228625344
 32
10.0
 13
-97.79283444840962
 23
54.266895341390885
 33
10.0
  0
3DFACE
  5
405
330
17
100
AcDbEntity
  8
0
100
AcDbFace
 10
-97.80159354969173
 20
54.295770228625344
 30
0.0
 11
-97.81581755834753
 21
54.32238147710851
 31
0.0
 12
-97.81581755834753
 22
54.32238147710851
 32
10.0
 13
-97.80159354969173
 23
54.295770228625344
 33
10.0
  0
3DFACE
  5
406
330
17
100
AcDbEntity
  8
0
100
AcDbFace
 10
-97.81581755834753
 20
54.32238147710851
 30
0.0
 11
-97.8349598537013
 21
54.34570643148493
 31
0.0
 12
-97.8349598537013
 22
54.34570643148493
 32
10.0
 13
-97.81581755834753
 23
54.32238147710851
 33
10.0
  0
3DFACE
  5
407
330
17
100
AcDbEntity
  8
0
100
AcDbFace
 10
-97.8349598537013
 20
54.34570643148493
 30
0.0
 11
-97.85828480807773
 21
54.3648487268387
 31
0.0
 12
-97.85828480807773
 22
54.3648487268387
 32
10.0
 13
-97.8349598537013
 23
54.34570643148493
 33
10.0
  0
3DFACE
  5
408
330
17
100
AcDbEntity
  8
0
100
AcDbFace
 10
-97.85828480807773
 20
54.3648487268387
 30
0.0
 11
-97.88489605656089
 21
54.37907273549451
 31
0.0
 12
-97.88489605656089
 22
54.37907273549451
 32
10.0
 13
-97.85828480807773
 23
54.3648487268387
 33
10.0
  0
3DFACE
  5
409
330
17
100
AcDbEntity
  8
0
100
AcDbFace
 10
-97.88489605656089
 20
54.37907273549451
 30
0.0
 11
-97.91377094379536
 21
54.38783183677662
 31
0.0
 12
-97.91377094379536
 22
54.38783183677662
 32
10.0
 13
-97.88489605656089
 23
54.37907273549451
 33
10.0
  0
3DFACE
  5
40A
330
17
100
AcDbEntity
  8
0
100
AcDbFace
 10
-97.91377094379536
 20
54.38783183677662
 30
0.0
 11
-97.94379982405792
 21
54.39078942333492
 31
0.0
 12
-97.94379982405792
 22
54.39078942333492
 32
10.0
 13
-97.91377094379536
 23
54.38783183677662
 33
10.0
  0
3DFACE
  5
40B
330
17
100
AcDbEntity
  8
0
100
AcDbFace
 10
-97.94379982405792
 20
54.39078942333492
 30
0.0
 11
-97.97382870432048
 21
54.38783183677662
 31
0.0
 12
-97.97382870432048
 22
54.38783183677662
 32
10.0
 13
-97.94379982405792
 23
54.39078942333492
 33
10.0
  0
3DFACE
  5
40C
330
17
100
AcDbEntity
  8
0
100
AcDbFace
 10
-97.97382870432048
 20
54.38783183677662
 30
0.0
 11
-98.00270359155495
 21
54.37907273549451
 31
0.0
 12
-98.00270359155495
 22
54.37907273549451
 32
10.0
 13
-97.97382870432048
 23
54.38783183677662
 33
10.0
  0
3DFACE
  5
40D
330
17
100
AcDbEntity
  8
0
100
AcDbFace
 10
-98.00270359155495
 20
54.37907273549451
 30
0.0
 11
-98.02931484003811
 21
54.3648487268387
 31
0.0
 12
-98.02931484003811
 22
54.3648487268387
 32
10.0
 13
-98.00270359155495
 23
54.37907273549451
 33
10.0
  0
3DFACE
  5
40E
330
17
100
AcDbEntity
  8
0
100
AcDbFace
 10
-98.02931484003811
 20
54.3648487268387
 30
0.0
 11
-98.05263979441453
 21
54.34570643148493
 31
0.0
 12
-98.05263979441453
 22
54.34570643148493
 32
10.0
 13
-98.02931484003811
 23
54.3648487268387
 33
10.0
  0
3DFACE
  5
40F
330
17
100
AcDbEntity
  8
0
100
AcDbFace
 10
-98.05263979441453
 20
54.34570643148493
 30
0.0
 11
-98.0717820897683
 21
54.32238147710851
 31
0.0
 12
-98.0717820897683
 22
54.32238147710851
 32
10.0
 13
-98.05263979441453
 23
54.34570643148493
 33
10.0
  0
3DFACE
  5
410
330
17
100
AcDbEntity
  8
0
100
AcDbFace
 10
-98.0717820897683
 20
54.32238147710851
 30
0.0
 11
-98.08600609842411
 21
54.295770228625344
 31
0.0
 12
-98.08600609842411
 22
54.295770228625344
 32
10.0
 13
-98.0717820897683
 23
54.32238147710851
 33
10.0
  0
3DFACE
  5
411
330
17
100
AcDbEntity
  8
0
100
AcDbFace
 10
-98.08600609842411
 20
54.295770228625344
 30
0.0
 11
-98.09476519970622
 21
54.266895341390885
 31
0.0
 12
-98.09476519970622
 22
54.266895341390885
 32
10.0
 13
-98.08600609842411
 23
54.295770228625344
 33
10.0
  0
3DFACE
  5
412
330
17
100
AcDbEntity
  8
0
100
AcDbFace
 10
-98.09476519970622
 20
54.266895341390885
 30
0.0
 11
-98.09772278626451
 21
54.23686646112832
 31
0.0
 12
-98.09772278626451
 22
54.23686646112832
 32
10.0
 13
-98.09476519970622
 23
54.266895341390885
 33
10.0
  0
3DFACE
  5
413
330
17
100
AcDbEntity
  8
0
100
AcDbFace
 10
-98.09772278626451
 20
54.23686646112832
 30
0.0
 11
-98.09476519970622
 21
54.20683758086576
 31
0.0
 12
-98.09476519970622
 22
54.20683758086576
 32
10.0
 13
-98.09772278626451
 23
54.23686646112832
 33
10.0
  0
3DFACE
  5
414
330
17
100
AcDbEntity
  8
0
100
AcDbFace
 10
-98.09476519970622
 20
54.20683758086576
 30
0.0
 11
-98.08600609842411
 21
54.1779626936313
 31
0.0
 12
-98.08600609842411
 22
54.1779626936313
 32
10.0
 13
-98.09476519970622
 23
54.20683758086576
 33
10.0
  0
3DFACE
  5
415
330
17
100
AcDbEntity
  8
0
100
AcDbFace
 10
-98.08600609842411
 20
54.1779626936313
 30
0.0
 11
-98.0717820897683
 21
54.15135144514814
 31
0.0
 12
-98.0717820897683
 22
54.15135144514814
 32
10.0
 13
-98.08600609842411
 23
54.1779626936313
 33
10.0
  0
3DFACE
  5
416
330
17
100
AcDbEntity
  8
0
100
AcDbFace
 10
-98.0717820897683
 20
54.15135144514814
 30
0.0
 11
-98.05263979441453
 21
54.12802649077172
 31
0.0
 12
-98.05263979441453
 22
54.12802649077172
 32
10.0
 13
-98.0717820897683
 23
54.15135144514814
 33
10.0
  0
3DFACE
  5
417
330
17
100
AcDbEntity
  8
0
100
AcDbFace
 10
-98.05263979441453
 20
54.12802649077172
 30
0.0
 11
-98.02931484003811
 21
54.10888419541794
 31
0.0
 12
-98.02931484003811
 22
54.10888419541794
 32
10.0
 13
-98.05263979441453
 23
54.12802649077172
 33
10.0
  0
3DFACE
  5
418
330
17
100
AcDbEntity
  8
0
100
AcDbFace
 10
-98.02931484003811
 20
54.10888419541794
 30
0.0
 11
-98.00270359155495
 21
54.094660186762134
 31
0.0
 12
-98.00270359155495
 22
54.094660186762134
 32
10.0
 13
-98.02931484003811
 23
54.10888419541794
 33
10.0
  0
3DFACE
  5
419
330
17
100
AcDbEntity
  8
0
100
AcDbFace
 10
-98.00270359155495
 20
54.094660186762134
 30
0.0
 11
-97.97382870432048
 21
54.085901085480025
 31
0.0
 12
-97.97382870432048
 22
54.085901085480025
 32
10.0
 13
-98.00270359155495
 23
54.094660186762134
 33
10.0
  0
3DFACE
  5
41A
330
17
100
AcDbEntity
  8
0
100
AcDbFace
 10
-97.97382870432048
 20
54.085901085480025
 30
0.0
 11
-97.94379982405792
 21
54.08294349892172
 31
0.0
 12
-97.94379982405792
 22
54.08294349892172
 32
10.0
 13
-97.97382870432048
 23
54.085901085480025
 33
10.0
  0
3DFACE
  5
41B
330
17
100
AcDbEntity
  8
0
100
AcDbFace
 10
-97.94379982405792
 20
54.08294349892172
 30
0.0
 11
-97.91377094379536
 21
54.085901085480025
 31
0.0
 12
-97.91377094379536
 22
54.085901085480025
 32
10.0
 13
-97.94379982405792
 23
54.08294349892172
 33
10.0
  0
3DFACE
  5
41C
330
17
100
AcDbEntity
  8
0
100
AcDbFace
 10
-97.91377094379536
 20
54.085901085480025
 30
0.0
 11
-97.88489605656089
 21
54.094660186762134
 31
0.0
 12
-97.88489605656089
 22
54.094660186762134
 32
10.0
 13
-97.91377094379536
 23
54.085901085480025
 33
10.0
  0
3DFACE
  5
41D
330
17
100
AcDbEntity
  8
0
100
AcDbFace
 10
-97.88489605656089
 20
54.094660186762134
 30
0.0
 11
-97.85828480807773
 21
54.10888419541794
 31
0.0
 12
-97.85828480807773
 22
54.10888419541794
 32
10.0
 13
-97.88489605656089
 23
54.094660186762134
 33
10.0
  0
3DFACE
  5
41E
330
17
100
AcDbEntity
  8
0
100
AcDbFace
 10
-97.85828480807773
 20
54.10888419541794
 30
0.0
 11
-97.8349598537013
 21
54.12802649077172
 31
0.0
 12
-97.8349598537013
 22
54.12802649077172
 32
10.0
 13
-97.85828480807773
 23
54.10888419541794
 33
10.0
  0
3DFACE
  5
41F
330
17
100
AcDbEntity
  8
0
100
AcDbFace
 10
-97.8349598537013
 20
54.12802649077172
 30
0.0
 11
-97.81581755834753
 21
54.15135144514814
 31
0.0
 12
-97.81581755834753
 22
54.15135144514814
 32
10.0
 13
-97.8349598537013
 23
54.12802649077172
 33
10.0
  0
3DFACE
  5
420
330
17
100
AcDbEntity
  8
0
100
AcDbFace
 10
-97.81581755834753
 20
54.15135144514814
 30
0.0
 11
-97.80159354969173
 21
54.1779626936313
 31
0.0
 12
-97.80159354969173
 22
54.1779626936313
 32
10.0
 13
-97.81581755834753
 23
54.15135144514814
 33
10.0
  0
3DFACE
  5
421
330
17
100
AcDbEntity
  8
0
100
AcDbFace
 10
-97.80159354969173
 20
54.1779626936313
 30
0.0
 11
-97.79283444840962
 21
54.20683758086576
 31
0.0
 12
-97.79283444840962
 22
54.20683758086576
 32
10.0
 13
-97.80159354969173
 23
54.1779626936313
 33
10.0
  0
3DFACE
  5
422
330
17
100
AcDbEntity
  8
0
100
AcDbFace
 10
-97.79283444840962
 20
54.20683758086576
 30
0.0
 11
-97.78987686185133
 21
54.23686646112832
 31
0.0
 12
-97.78987686185133
 22
54.23686646112832
 32
10.0
 13
-97.79283444840962
 23
54.20683758086576
 33
10.0
  0
3DFACE
  5
423
330
17
100
AcDbEntity
  8
0
100
AcDbFace
 10
-97.78987686185133
 20
54.23686646112832
 30
0.0
 11
-97.79283444840962
 21
54.266895341390885
 31
0.0
 12
-97.80159354969173
 22
54.295770228625344
 32
0.0
 13
-97.80159354969173
 23
54.295770228625344
 33
0.0
  0
3DFACE
  5
424
330
17
100
AcDbEntity
  8
0
100
AcDbFace
 10
-97.78987686185133
 20
54.23686646112832
 30
0.0
 11
-97.80159354969173
 21
54.295770228625344
 31
0.0
 12
-97.81581755834753
 22
54.32238147710851
 32
0.0
 13
-97.81581755834753
 23
54.32238147710851
 33
0.0
  0
3DFACE
  5
425
330
17
100
AcDbEntity
  8
0
100
AcDbFace
 10
-97.78987686185133
 20
54.23686646112832
 30
0.0
 11
-97.81581755834753
 21
54.32238147710851
 31
0.0
 12
-97.8349598537013
 22
54.34570643148493
 32
0.0
 13
-97.8349598537013
 23
54.34570643148493
 33
0.0
  0
3DFACE
  5
426
330
17
100
AcDbEntity
  8
0
100
AcDbFace
 10
-97.78987686185133
 20
54.23686646112832
 30
0.0
 11
-97.8349598537013
 21
54.34570643148493
 31
0.0
 12
-97.85828480807773
 22
54.3648487268387
 32
0.0
 13
-97.85828480807773
 23
54.3648487268387
 33
0.0
  0
3DFACE
  5
427
330
17
100
AcDbEntity
  8
0
100
AcDbFace
 10
-97.78987686185133
 20
54.23686646112832
 30
0.0
 11
-97.85828480807773
 21
54.3648487268387
 31
0.0
 12
-97.88489605656089
 22
54.37907273549451
 32
0.0
 13
-97.88489605656089
 23
54.37907273549451
 33
0.0
  0
3DFACE
  5
428
330
17
100
AcDbEntity
  8
0
100
AcDbFace
 10
-97.78987686185133
 20
54.23686646112832
 30
0.0
 11
-97.88489605656089
 21
54.37907273549451
 31
0.0
 12
-97.91377094379536
 22
54.38783183677662
 32
0.0
 13
-97.91377094379536
 23
54.38783183677662
 33
0.0
  0
3DFACE
  5
429
330
17
100
AcDbEntity
  8
0
100
AcDbFace
 10
-97.78987686185133
 20
54.23686646112832
 30
0.0
 11
-97.91377094379536
 21
54.38783183677662
 31
0.0
 12
-97.94379982405792
 22
54.39078942333492
 32
0.0
 13
-97.94379982405792
 23
54.39078942333492
 33
0.0
  0
3DFACE
  5
42A
330
17
100
AcDbEntity
  8
0
100
AcDbFace
 10
-97.78987686185133
 20
54.23686646112832
 30
0.0
 11
-97.94379982405792
 21
54.39078942333492
 31
0.0
 12
-97.97382870432048
 22
54.38783183677662
 32
0.0
 13
-97.97382870432048
 23
54.38783183677662
 33
0.0
  0
3DFACE
  5
42B
330
17
100
AcDbEntity
  8
0
100
AcDbFace
 10
-97.78987686185133
 20
54.23686646112832
 30
0.0
 11
-97.97382870432048
 21
54.38783183677662
 31
0.0
 12
-98.00270359155495
 22
54.37907273549451
 32
0.0
 13
-98.00270359155495
 23
54.37907273549451
 33
0.0
  0
3DFACE
  5
42C
330
17
100
AcDbEntity
  8
0
100
AcDbFace
 10
-97.78987686185133
 20
54.23686646112832
 30
0.0
 11
-98.00270359155495
 21
54.37907273549451
 31
0.0
 12
-98.02931484003811
 22
54.3648487268387
 32
0.0
 13
-98.02931484003811
 23
54.3648487268387
 33
0.0
  0
3DFACE
  5
42D
330
17
100
AcDbEntity
  8
0
100
AcDbFace
 10
-97.78987686185133
 20
54.23686646112832
 30
0.0
 11
-98.02931484003811
 21
54.3648487268387
 31
0.0
 12
-98.05263979441453
 22
54.34570643148493
 32
0.0
 13
-98.05263979441453
 23
54.34570643148493
 33
0.0
  0
3DFACE
  5
42E
330
17
100
AcDbEntity
  8
0
100
AcDbFace
 10
-97.78987686185133
 20
54.23686646112832
 30
0.0
 11
-98.05263979441453
 21
54.34570643148493
 31
0.0
 12
-98.0717820897683
 22
54.32238147710851
 32
0.0
 13
-98.0717820897683
 23
54.32238147710851
 33
0.0
  0
3DFACE
  5
42F
330
17
100
AcDbEntity
  8
0
100
AcDbFace
 10
-97.78987686185133
 20
54.23686646112832
 30
0.0
 11
-98.0717820897683
 21
54.32238147710851
 31
0.0
 12
-98.08600609842411
 22
54.295770228625344
 32
0.0
 13
-98.08600609842411
 23
54.295770228625344
 33
0.0
  0
3DFACE
  5
430
330
17
100
AcDbEntity
  8
0
100
AcDbFace
 10
-97.78987686185133
 20
54.23686646112832
 30
0.0
 11
-98.08600609842411
 21
54.295770228625344
 31
0.0
 12
-98.09476519970622
 22
54.266895341390885
 32
0.0
 13
-98.09476519970622
 23
54.266895341390885
 33
0.0
  0
3DFACE
  5
431
330
17
100
AcDbEntity
  8
0
100
AcDbFace
 10
-97.78987686185133
 20
54.23686646112832
 30
0.0
 11
-98.09476519970622
 21
54.266895341390885
 31
0.0
 12
-98.09772278626451
 22
54.23686646112832
 32
0.0
 13
-98.09772278626451
 23
54.23686646112832
 33
0.0
  0
3DFACE
  5
432
330
17
100
AcDbEntity
  8
0
100
AcDbFace
 10
-97.78987686185133
 20
54.23686646112832
 30
0.0
 11
-98.09772278626451
 21
54.23686646112832
 31
0.0
 12
-98.09476519970622
 22
54.20683758086576
 32
0.0
 13
-98.09476519970622
 23
54.20683758086576
 33
0.0
  0
3DFACE
  5
433
330
17
100
AcDbEntity
  8
0
100
AcDbFace
 10
-97.78987686185133
 20
54.23686646112832
 30
0.0
 11
-98.09476519970622
 21
54.20683758086576
 31
0.0
 12
-98.08600609842411
 22
54.1779626936313
 32
0.0
 13
-98.08600609842411
 23
54.1779626936313
 33
0.0
  0
3DFACE
  5
434
330
17
100
AcDbEntity
  8
0
100
AcDbFace
 10
-97.78987686185133
 20
54.23686646112832
 30
0.0
 11
-98.08600609842411
 21
54.1779626936313
 31
0.0
 12
-98.0717820897683
 22
54.15135144514814
 32
0.0
 13
-98.0717820897683
 23
54.15135144514814
 33
0.0
  0
3DFACE
  5
435
330
17
100
AcDbEntity
  8
0
100
AcDbFace
 10
-97.78987686185133
 20
54.23686646112832
 30
0.0
 11
-98.0717820897683
 21
54.15135144514814
 31
0.0
 12
-98.05263979441453
 22
54.12802649077172
 32
0.0
 13
-98.05263979441453
 23
54.12802649077172
 33
0.0
  0
3DFACE
  5
436
330
17
100
AcDbEntity
  8
0
100
AcDbFace
 10
-97.78987686185133
 20
54.23686646112832
 30
0.0
 11
-98.05263979441453
 21
54.12802649077172
 31
0.0
 12
-98.02931484003811
 22
54.10888419541794
 32
0.0
 13
-98.02931484003811
 23
54.10888419541794
 33
0.0
  0
3DFACE
  5
437
330
17
100
AcDbEntity
  8
0
100
AcDbFace
 10
-97.78987686185133
 20
54.23686646112832
 30
0.0
 11
-98.02931484003811
 21
54.10888419541794
 31
0.0
 12
-98.00270359155495
 22
54.094660186762134
 32
0.0
 13
-98.00270359155495
 23
54.094660186762134
 33
0.0
  0
3DFACE
  5
438
330
17
100
AcDbEntity
  8
0
100
AcDbFace
 10
-97.78987686185133
 20
54.23686646112832
 30
0.0
 11
-98.00270359155495
 21
54.094660186762134
 31
0.0
 12
-97.97382870432048
 22
54.085901085480025
 32
0.0
 13
-97.97382870432048
 23
54.085901085480025
 33
0.0
  0
3DFACE
  5
439
330
17
100
AcDbEntity
  8
0
100
AcDbFace
 10
-97.78987686185133
 20
54.23686646112832
 30
0.0
 11
-97.97382870432048
 21
54.085901085480025
 31
0.0
 12
-97.94379982405792
 22
54.08294349892172
 32
0.0
 13
-97.94379982405792
 23
54.08294349892172
 33
0.0
  0
3DFACE
  5
43A
330
17
100
AcDbEntity
  8
0
100
AcDbFace
 10
-97.78987686185133
 20
54.23686646112832
 30
0.0
 11
-97.94379982405792
 21
54.08294349892172
 31
0.0
 12
-97.91377094379536
 22
54.085901085480025
 32
0.0
 13
-97.91377094379536
 23
54.085901085480025
 33
0.0
  0
3DFACE
  5
43B
330
17
100
AcDbEntity
  8
0
100
AcDbFace
 10
-97.78987686185133
 20
54.23686646112832
 30
0.0
 11
-97.91377094379536
 21
54.085901085480025
 31
0.0
 12
-97.88489605656089
 22
54.094660186762134
 32
0.0
 13
-97.88489605656089
 23
54.094660186762134
 33
0.0
  0
3DFACE
  5
43C
330
17
100
AcDbEntity
  8
0
100
AcDbFace
 10
-97.78987686185133
 20
54.23686646112832
 30
0.0
 11
-97.88489605656089
 21
54.094660186762134
 31
0.0
 12
-97.85828480807773
 22
54.10888419541794
 32
0.0
 13
-97.85828480807773
 23
54.10888419541794
 33
0.0
  0
3DFACE
  5
43D
330
17
100
AcDbEntity
  8
0
100
AcDbFace
 10
-97.78987686185133
 20
54.23686646112832
 30
0.0
 11
-97.85828480807773
 21
54.10888419541794
 31
0.0
 12
-97.8349598537013
 22
54.12802649077172
 32
0.0
 13
-97.8349598537013
 23
54.12802649077172
 33
0.0
  0
3DFACE
  5
43E
330
17
100
AcDbEntity
  8
0
100
AcDbFace
 10
-97.78987686185133
 20
54.23686646112832
 30
0.0
 11
-97.8349598537013
 21
54.12802649077172
 31
0.0
 12
-97.81581755834753
 22
54.15135144514814
 32
0.0
 13
-97.81581755834753
 23
54.15135144514814
 33
0.0
  0
3DFACE
  5
43F
330
17
100
AcDbEntity
  8
0
100
AcDbFace
 10
-97.78987686185133
 20
54.23686646112832
 30
0.0
 11
-97.81581755834753
 21
54.15135144514814
 31
0.0
 12
-97.80159354969173
 22
54.1779626936313
 32
0.0
 13
-97.80159354969173
 23
54.1779626936313
 33
0.0
  0
3DFACE
  5
440
330
17
100
AcDbEntity
  8
0
100
AcDbFace
 10
-97.78987686185133
 20
54.23686646112832
 30
0.0
 11
-97.80159354969173
 21
54.1779626936313
 31
0.0
 12
-97.79283444840962
 22
54.20683758086576
 32
0.0
 13
-97.79283444840962
 23
54.20683758086576
 33
0.0
  0
3DFACE
  5
441
330
17
100
AcDbEntity
  8
0
100
AcDbFace
 10
-97.78987686185133
 20
54.23686646112832
 30
10.0
 11
-97.79283444840962
 21
54.266895341390885
 31
10.0
 12
-97.80159354969173
 22
54.295770228625344
 32
10.0
 13
-97.80159354969173
 23
54.295770228625344
 33
10.0
  0
3DFACE
  5
442
330
17
100
AcDbEntity
  8
0
100
AcDbFace
 10
-97.78987686185133
 20
54.23686646112832
 30
10.0
 11
-97.80159354969173
 21
54.295770228625344
 31
10.0
 12
-97.81581755834753
 22
54.32238147710851
 32
10.0
 13
-97.81581755834753
 23
54.32238147710851
 33
10.0
  0
3DFACE
  5
443
330
17
100
AcDbEntity
  8
0
100
AcDbFace
 10
-97.78987686185133
 20
54.23686646112832
 30
10.0
 11
-97.81581755834753
 21
54.32238147710851
 31
10.0
 12
-97.8349598537013
 22
54.34570643148493
 32
10.0
 13
-97.8349598537013
 23
54.34570643148493
 33
10.0
  0
3DFACE
  5
444
330
17
100
AcDbEntity
  8
0
100
AcDbFace
 10
-97.78987686185133
 20
54.23686646112832
 30
10.0
 11
-97.8349598537013
 21
54.34570643148493
 31
10.0
 12
-97.85828480807773
 22
54.3648487268387
 32
10.0
 13
-97.85828480807773
 23
54.3648487268387
 33
10.0
  0
3DFACE
  5
445
330
17
100
AcDbEntity
  8
0
100
AcDbFace
 10
-97.78987686185133
 20
54.23686646112832
 30
10.0
 11
-97.85828480807773
 21
54.3648487268387
 31
10.0
 12
-97.88489605656089
 22
54.37907273549451
 32
10.0
 13
-97.88489605656089
 23
54.37907273549451
 33
10.0
  0
3DFACE
  5
446
330
17
100
AcDbEntity
  8
0
100
AcDbFace
 10
-97.78987686185133
 20
54.23686646112832
 30
10.0
 11
-97.88489605656089
 21
54.37907273549451
 31
10.0
 12
-97.91377094379536
 22
54.38783183677662
 32
10.0
 13
-97.91377094379536
 23
54.38783183677662
 33
10.0
  0
3DFACE
  5
447
330
17
100
AcDbEntity
  8
0
100
AcDbFace
 10
-97.78987686185133
 20
54.23686646112832
 30
10.0
 11
-97.91377094379536
 21
54.38783183677662
 31
10.0
 12
-97.94379982405792
 22
54.39078942333492
 32
10.0
 13
-97.94379982405792
 23
54.39078942333492
 33
10.0
  0
3DFACE
  5
448
330
17
100
AcDbEntity
  8
0
100
AcDbFace
 10
-97.78987686185133
 20
54.23686646112832
 30
10.0
 11
-97.94379982405792
 21
54.39078942333492
 31
10.0
 12
-97.97382870432048
 22
54.38783183677662
 32
10.0
 13
-97.97382870432048
 23
54.38783183677662
 33
10.0
  0
3DFACE
  5
449
330
17
100
AcDbEntity
  8
0
100
AcDbFace
 10
-97.78987686185133
 20
54.23686646112832
 30
10.0
 11
-97.97382870432048
 21
54.38783183677662
 31
10.0
 12
-98.00270359155495
 22
54.37907273549451
 32
10.0
 13
-98.00270359155495
 23
54.37907273549451
 33
10.0
  0
3DFACE
  5
44A
330
17
100
AcDbEntity
  8
0
100
AcDbFace
 10
-97.78987686185133
 20
54.23686646112832
 30
10.0
 11
-98.00270359155495
 21
54.37907273549451
 31
10.0
 12
-98.02931484003811
 22
54.3648487268387
 32
10.0
 13
-98.02931484003811
 23
54.3648487268387
 33
10.0
  0
3DFACE
  5
44B
330
17
100
AcDbEntity
  8
0
100
AcDbFace
 10
-97.78987686185133
 20
54.23686646112832
 30
10.0
 11
-98.02931484003811
 21
54.3648487268387
 31
10.0
 12
-98.05263979441453
 22
54.34570643148493
 32
10.0
 13
-98.05263979441453
 23
54.34570643148493
 33
10.0
  0
3DFACE
  5
44C
330
17
100
AcDbEntity
  8
0
100
AcDbFace
 10
-97.78987686185133
 20
54.23686646112832
 30
10.0
 11
-98.05263979441453
 21
54.34570643148493
 31
10.0
 12
-98.0717820897683
 22
54.32238147710851
 32
10.0
 13
-98.0717820897683
 23
54.32238147710851
 33
10.0
  0
3DFACE
  5
44D
330
17
100
AcDbEntity
  8
0
100
AcDbFace
 10
-97.78987686185133
 20
54.23686646112832
 30
10.0
 11
-98.0717820897683
 21
54.32238147710851
 31
10.0
 12
-98.08600609842411
 22
54.295770228625344
 32
10.0
 13
-98.08600609842411
 23
54.295770228625344
 33
10.0
  0
3DFACE
  5
44E
330
17
100
AcDbEntity
  8
0
100
AcDbFace
 10
-97.78987686185133
 20
54.23686646112832
 30
10.0
 11
-98.08600609842411
 21
54.295770228625344
 31
10.0
 12
-98.09476519970622
 22
54.266895341390885
 32
10.0
 13
-98.09476519970622
 23
54.266895341390885
 33
10.0
  0
3DFACE
  5
44F
330
17
100
AcDbEntity
  8
0
100
AcDbFace
 10
-97.78987686185133
 20
54.23686646112832
 30
10.0
 11
-98.09476519970622
 21
54.266895341390885
 31
10.0
 12
-98.09772278626451
 22
54.23686646112832
 32
10.0
 13
-98.09772278626451
 23
54.23686646112832
 33
10.0
  0
3DFACE
  5
450
330
17
100
AcDbEntity
  8
0
100
AcDbFace
 10
-97.78987686185133
 20
54.23686646112832
 30
10.0
 11
-98.09772278626451
 21
54.23686646112832
 31
10.0
 12
-98.09476519970622
 22
54.20683758086576
 32
10.0
 13
-98.09476519970622
 23
54.20683758086576
 33
10.0
  0
3DFACE
  5
451
330
17
100
AcDbEntity
  8
0
100
AcDbFace
 10
-97.78987686185133
 20
54.23686646112832
 30
10.0
 11
-98.09476519970622
 21
54.20683758086576
 31
10.0
 12
-98.08600609842411
 22
54.1779626936313
 32
10.0
 13
-98.08600609842411
 23
54.1779626936313
 33
10.0
  0
3DFACE
  5
452
330
17
100
AcDbEntity
  8
0
100
AcDbFace
 10
-97.78987686185133
 20
54.23686646112832
 30
10.0
 11
-98.08600609842411
 21
54.1779626936313
 31
10.0
 12
-98.0717820897683
 22
54.15135144514814
 32
10.0
 13
-98.0717820897683
 23
54.15135144514814
 33
10.0
  0
3DFACE
  5
453
330
17
100
AcDbEntity
  8
0
100
AcDbFace
 10
-97.78987686185133
 20
54.23686646112832
 30
10.0
 11
-98.0717820897683
 21
54.15135144514814
 31
10.0
 12
-98.05263979441453
 22
54.12802649077172
 32
10.0
 13
-98.05263979441453
 23
54.12802649077172
 33
10.0
  0
3DFACE
  5
454
330
17
100
AcDbEntity
  8
0
100
AcDbFace
 10
-97.78987686185133
 20
54.23686646112832
 30
10.0
 11
-98.05263979441453
 21
54.12802649077172
 31
10.0
 12
-98.02931484003811
 22
54.10888419541794
 32
10.0
 13
-98.02931484003811
 23
54.10888419541794
 33
10.0
  0
3DFACE
  5
455
330
17
100
AcDbEntity
  8
0
100
AcDbFace
 10
-97.78987686185133
 20
54.23686646112832
 30
10.0
 11
-98.02931484003811
 21
54.10888419541794
 31
10.0
 12
-98.00270359155495
 22
54.094660186762134
 32
10.0
 13
-98.00270359155495
 23
54.094660186762134
 33
10.0
  0
3DFACE
  5
456
330
17
100
AcDbEntity
  8
0
100
AcDbFace
 10
-97.78987686185133
 20
54.23686646112832
 30
10.0
 11
-98.00270359155495
 21
54.094660186762134
 31
10.0
 12
-97.97382870432048
 22
54.085901085480025
 32
10.0
 13
-97.97382870432048
 23
54.085901085480025
 33
10.0
  0
3DFACE
  5
457
330
17
100
AcDbEntity
  8
0
100
AcDbFace
 10
-97.78987686185133
 20
54.23686646112832
 30
10.0
 11
-97.97382870432048
 21
54.085901085480025
 31
10.0
 12
-97.94379982405792
 22
54.08294349892172
 32
10.0
 13
-97.94379982405792
 23
54.08294349892172
 33
10.0
  0
3DFACE
  5
458
330
17
100
AcDbEntity
  8
0
100
AcDbFace
 10
-97.78987686185133
 20
54.23686646112832
 30
10.0
 11
-97.94379982405792
 21
54.08294349892172
 31
10.0
 12
-97.91377094379536
 22
54.085901085480025
 32
10.0
 13
-97.91377094379536
 23
54.085901085480025
 33
10.0
  0
3DFACE
  5
459
330
17
100
AcDbEntity
  8
0
100
AcDbFace
 10
-97.78987686185133
 20
54.23686646112832
 30
10.0
 11
-97.91377094379536
 21
54.085901085480025
 31
10.0
 12
-97.88489605656089
 22
54.094660186762134
 32
10.0
 13
-97.88489605656089
 23
54.094660186762134
 33
10.0
  0
3DFACE
  5
45A
330
17
100
AcDbEntity
  8
0
100
AcDbFace
 10
-97.78987686185133
 20
54.23686646112832
 30
10.0
 11
-97.88489605656089
 21
54.094660186762134
 31
10.0
 12
-97.85828480807773
 22
54.10888419541794
 32
10.0
 13
-97.85828480807773
 23
54.10888419541794
 33
10.0
  0
3DFACE
  5
45B
330
17
100
AcDbEntity
  8
0
100
AcDbFace
 10
-97.78987686185133
 20
54.23686646112832
 30
10.0
 11
-97.85828480807773
 21
54.10888419541794
 31
10.0
 12
-97.8349598537013
 22
54.12802649077172
 32
10.0
 13
-97.8349598537013
 23
54.12802649077172
 33
10.0
  0
3DFACE
  5
45C
330
17
100
AcDbEntity
  8
0
100
AcDbFace
 10
-97.78987686185133
 20
54.23686646112832
 30
10.0
 11
-97.8349598537013
 21
54.12802649077172
 31
10.0
 12
-97.81581755834753
 22
54.15135144514814
 32
10.0
 13
-97.81581755834753
 23
54.15135144514814
 33
10.0
  0
3DFACE
  5
45D
330
17
100
AcDbEntity
  8
0
100
AcDbFace
 10
-97.78987686185133
 20
54.23686646112832
 30
10.0
 11
-97.81581755834753
 21
54.15135144514814
 31
10.0
 12
-97.80159354969173
 22
54.1779626936313
 32
10.0
 13
-97.80159354969173
 23
54.1779626936313
 33
10.0
  0
3DFACE
  5
45E
330
17
100
AcDbEntity
  8
0
100
AcDbFace
 10
-97.78987686185133
 20
54.23686646112832
 30
10.0
 11
-97.80159354969173
 21
54.1779626936313
 31
10.0
 12
-97.79283444840962
 22
54.20683758086576
 32
10.0
 13
-97.79283444840962
 23
54.20683758086576
 33
10.0
  0
3DFACE
  5
45F
330
17
100
AcDbEntity
  8
0
100
AcDbFace
 10
-97.78987686185133
 20
54.23686646112832
 30
0.0
 11
-97.79283444840962
 21
54.266895341390885
 31
0.0
 12
-97.79283444840962
 22
54.266895341390885
 32
10.0
 13
-97.78987686185133
 23
54.23686646112832
 33
10.0
  0
3DFACE
  5
460
330
17
100
AcDbEntity
  8
0
100
AcDbFace
 10
-97.79283444840962
 20
54.266895341390885
 30
0.0
 11
-97.80159354969173
 21
54.295770228625344
 31
0.0
 12
-97.80159354969173
 22
54.295770228625344
 32
10.0
 13
-97.79283444840962
 23
54.266895341390885
 33
10.0
  0
3DFACE
  5
461
330
17
100
AcDbEntity
  8
0
100
AcDbFace
 10
-97.80159354969173
 20
54.295770228625344
 30
0.0
 11
-97.81581755834753
 21
54.32238147710851
 31
0.0
 12
-97.81581755834753
 22
54.32238147710851
 32
10.0
 13
-97.80159354969173
 23
54.295770228625344
 33
10.0
  0
3DFACE
  5
462
330
17
100
AcDbEntity
  8
0
100
AcDbFace
 10
-97.81581755834753
 20
54.32238147710851
 30
0.0
 11
-97.8349598537013
 21
54.34570643148493
 31
0.0
 12
-97.8349598537013
 22
54.34570643148493
 32
10.0
 13
-97.81581755834753
 23
54.32238147710851
 33
10.0
  0
3DFACE
  5
463
330
17
100
AcDbEntity
  8
0
100
AcDbFace
 10
-97.8349598537013
 20
54.34570643148493
 30
0.0
 11
-97.85828480807773
 21
54.3648487268387
 31
0.0
 12
-97.85828480807773
 22
54.3648487268387
 32
10.0
 13
-97.8349598537013
 23
54.34570643148493
 33
10.0
  0
3DFACE
  5
464
330
17
100
AcDbEntity
  8
0
100
AcDbFace
 10
-97.85828480807773
 20
54.3648487268387
 30
0.0
 11
-97.88489605656089
 21
54.37907273549451
 31
0.0
 12
-97.88489605656089
 22
54.37907273549451
 32
10.0
 13
-97.85828480807773
 23
54.3648487268387
 33
10.0
  0
3DFACE
  5
465
330
17
100
AcDbEntity
  8
0
100
AcDbFace
 10
-97.88489605656089
 20
54.37907273549451
 30
0.0
 11
-97.91377094379536
 21
54.38783183677662
 31
0.0
 12
-97.91377094379536
 22
54.38783183677662
 32
10.0
 13
-97.88489605656089
 23
54.37907273549451
 33
10.0
  0
3DFACE
  5
466
330
17
100
AcDbEntity
  8
0
100
AcDbFace
 10
-97.91377094379536
 20
54.38783183677662
 30
0.0
 11
-97.94379982405792
 21
54.39078942333492
 31
0.0
 12
-97.94379982405792
 22
54.39078942333492
 32
10.0
 13
-97.91377094379536
 23
54.38783183677662
 33
10.0
  0
3DFACE
  5
467
330
17
100
AcDbEntity
  8
0
100
AcDbFace
 10
-97.94379982405792
 20
54.39078942333492
 30
0.0
 11
-97.97382870432048
 21
54.38783183677662
 31
0.0
 12
-97.97382870432048
 22
54.38783183677662
 32
10.0
 13
-97.94379982405792
 23
54.39078942333492
 33
10.0
  0
3DFACE
  5
468
330
17
100
AcDbEntity
  8
0
100
AcDbFace
 10
-97.97382870432048
 20
54.38783183677662
 30
0.0
 11
-98.00270359155495
 21
54.37907273549451
 31
0.0
 12
-98.00270359155495
 22
54.37907273549451
 32
10.0
 13
-97.97382870432048
 23
54.38783183677662
 33
10.0
  0
3DFACE
  5
469
330
17
100
AcDbEntity
  8
0
100
AcDbFace
 10
-98.00270359155495
 20
54.37907273549451
 30
0.0
 11
-98.02931484003811
 21
54.3648487268387
 31
0.0
 12
-98.02931484003811
 22
54.3648487268387
 32
10.0
 13
-98.00270359155495
 23
54.37907273549451
 33
10.0
  0
3DFACE
  5
46A
330
17
100
AcDbEntity
  8
0
100
AcDbFace
 10
-98.02931484003811
 20
54.3648487268387
 30
0.0
 11
-98.05263979441453
 21
54.34570643148493
 31
0.0
 12
-98.05263979441453
 22
54.34570643148493
 32
10.0
 13
-98.02931484003811
 23
54.3648487268387
 33
10.0
  0
3DFACE
  5
46B
330
17
100
AcDbEntity
  8
0
100
AcDbFace
 10
-98.05263979441453
 20
54.34570643148493
 30
0.0
 11
-98.0717820897683
 21
54.32238147710851
 31
0.0
 12
-98.0717820897683
 22
54.32238147710851
 32
10.0
 13
-98.05263979441453
 23
54.34570643148493
 33
10.0
  0
3DFACE
  5
46C
330
17
100
AcDbEntity
  8
0
100
AcDbFace
 10
-98.0717820897683
 20
54.32238147710851
 30
0.0
 11
-98.08600609842411
 21
54.295770228625344
 31
0.0
 12
-98.08600609842411
 22
54.295770228625344
 32
10.0
 13
-98.0717820897683
 23
54.32238147710851
 33
10.0
  0
3DFACE
  5
46D
330
17
100
AcDbEntity
  8
0
100
AcDbFace
 10
-98.08600609842411
 20
54.295770228625344
 30
0.0
 11
-98.09476519970622
 21
54.266895341390885
 31
0.0
 12
-98.09476519970622
 22
54.266895341390885
 32
10.0
 13
-98.08600609842411
 23
54.295770228625344
 33
10.0
  0
3DFACE
  5
46E
330
17
100
AcDbEntity
  8
0
100
AcDbFace
 10
-98.09476519970622
 20
54.266895341390885
 30
0.0
 11
-98.09772278626451
 21
54.23686646112832
 31
0.0
 12
-98.09772278626451
 22
54.23686646112832
 32
10.0
 13
-98.09476519970622
 23
54.266895341390885
 33
10.0
  0
3DFACE
  5
46F
330
17
100
AcDbEntity
  8
0
100
AcDbFace
 10
-98.09772278626451
 20
54.23686646112832
 30
0.0
 11
-98.09476519970622
 21
54.20683758086576
 31
0.0
 12
-98.09476519970622
 22
54.20683758086576
 32
10.0
 13
-98.09772278626451
 23
54.23686646112832
 33
10.0
  0
3DFACE
  5
470
330
17
100
AcDbEntity
  8
0
100
AcDbFace
 10
-98.09476519970622
 20
54.20683758086576
 30
0.0
 11
-98.08600609842411
 21
54.1779626936313
 31
0.0
 12
-98.08600609842411
 22
54.1779626936313
 32
10.0
 13
-98.09476519970622
 23
54.20683758086576
 33
10.0
  0
3DFACE
  5
471
330
17
100
AcDbEntity
  8
0
100
AcDbFace
 10
-98.08600609842411
 20
54.1779626936313
 30
0.0
 11
-98.0717820897683
 21
54.15135144514814
 31
0.0
 12
-98.0717820897683
 22
54.15135144514814
 32
10.0
 13
-98.08600609842411
 23
54.1779626936313
 33
10.0
  0
3DFACE
  5
472
330
17
100
AcDbEntity
  8
0
100
AcDbFace
 10
-98.0717820897683
 20
54.15135144514814
 30
0.0
 11
-98.05263979441453
 21
54.12802649077172
 31
0.0
 12
-98.05263979441453
 22
54.12802649077172
 32
10.0
 13
-98.0717820897683
 23
54.15135144514814
 33
10.0
  0
3DFACE
  5
473
330
17
100
AcDbEntity
  8
0
100
AcDbFace
 10
-98.05263979441453
 20
54.12802649077172
 30
0.0
 11
-98.02931484003811
 21
54.10888419541794
 31
0.0
 12
-98.02931484003811
 22
54.10888419541794
 32
10.0
 13
-98.05263979441453
 23
54.12802649077172
 33
10.0
  0
3DFACE
  5
474
330
17
100
AcDbEntity
  8
0
100
AcDbFace
 10
-98.02931484003811
 20
54.10888419541794
 30
0.0
 11
-98.00270359155495
 21
54.094660186762134
 31
0.0
 12
-98.00270359155495
 22
54.094660186762134
 32
10.0
 13
-98.02931484003811
 23
54.10888419541794
 33
10.0
  0
3DFACE
  5
475
330
17
100
AcDbEntity
  8
0
100
AcDbFace
 10
-98.00270359155495
 20
54.094660186762134
 30
0.0
 11
-97.97382870432048
 21
54.085901085480025
 31
0.0
 12
-97.97382870432048
 22
54.085901085480025
 32
10.0
 13
-98.00270359155495
 23
54.094660186762134
 33
10.0
  0
3DFACE
  5
476
330
17
100
AcDbEntity
  8
0
100
AcDbFace
 10
-97.97382870432048
 20
54.085901085480025
 30
0.0
 11
-97.94379982405792
 21
54.08294349892172
 31
0.0
 12
-97.94379982405792
 22
54.08294349892172
 32
10.0
 13
-97.97382870432048
 23
54.085901085480025
 33
10.0
  0
3DFACE
  5
477
330
17
100
AcDbEntity
  8
0
100
AcDbFace
 10
-97.94379982405792
 20
54.08294349892172
 30
0.0
 11
-97.91377094379536
 21
54.085901085480025
 31
0.0
 12
-97.91377094379536
 22
54.085901085480025
 32
10.0
 13
-97.94379982405792
 23
54.08294349892172
 33
10.0
  0
3DFACE
  5
478
330
17
100
AcDbEntity
  8
0
100
AcDbFace
 10
-97.91377094379536
 20
54.085901085480025
 30
0.0
 11
-97.88489605656089
 21
54.094660186762134
 31
0.0
 12
-97.88489605656089
 22
54.094660186762134
 32
10.0
 13
-97.91377094379536
 23
54.085901085480025
 33
10.0
  0
3DFACE
  5
479
330
17
100
AcDbEntity
  8
0
100
AcDbFace
 10
-97.88489605656089
 20
54.094660186762134
 30
0.0
 11
-97.85828480807773
 21
54.10888419541794
 31
0.0
 12
-97.85828480807773
 22
54.10888419541794
 32
10.0
 13
-97.88489605656089
 23
54.094660186762134
 33
10.0
  0
3DFACE
  5
47A
330
17
100
AcDbEntity
  8
0
100
AcDbFace
 10
-97.85828480807773
 20
54.10888419541794
 30
0.0
 11
-97.8349598537013
 21
54.12802649077172
 31
0.0
 12
-97.8349598537013
 22
54.12802649077172
 32
10.0
 13
-97.85828480807773
 23
54.10888419541794
 33
10.0
  0
3DFACE
  5
47B
330
17
100
AcDbEntity
  8
0
100
AcDbFace
 10
-97.8349598537013
 20
54.12802649077172
 30
0.0
 11
-97.81581755834753
 21
54.15135144514814
 31
0.0
 12
-97.81581755834753
 22
54.15135144514814
 32
10.0
 13
-97.8349598537013
 23
54.12802649077172
 33
10.0
  0
3DFACE
  5
47C
330
17
100
AcDbEntity
  8
0
100
AcDbFace
 10
-97.81581755834753
 20
54.15135144514814
 30
0.0
 11
-97.80159354969173
 21
54.1779626936313
 31
0.0
 12
-97.80159354969173
 22
54.1779626936313
 32
10.0
 13
-97.81581755834753
 23
54.15135144514814
 33
10.0
  0
3DFACE
  5
47D
330
17
100
AcDbEntity
  8
0
100
AcDbFace
 10
-97.80159354969173
 20
54.1779626936313
 30
0.0
 11
-97.79283444840962
 21
54.20683758086576
 31
0.0
 12
-97.79283444840962
 22
54.20683758086576
 32
10.0
 13
-97.80159354969173
 23
54.1779626936313
 33
10.0
  0
3DFACE
  5
47E
330
17
100
AcDbEntity
  8
0
100
AcDbFace
 10
-97.79283444840962
 20
54.20683758086576
 30
0.0
 11
-97.78987686185133
 21
54.23686646112832
 31
0.0
 12
-97.78987686185133
 22
54.23686646112832
 32
10.0
 13
-97.79283444840962
 23
54.20683758086576
 33
10.0
  0
3DFACE
  5
47F
330
17
100
AcDbEntity
  8
0
100
AcDbFace
 10
-93.03920736995008
 20
54.15235973677959
 30
0.0
 11
-93.04216495650837
 21
54.18238861704215
 31
0.0
 12
-93.05092405779048
 22
54.21126350427661
 32
0.0
 13
-93.05092405779048
 23
54.21126350427661
 33
0.0
  0
3DFACE
  5
480
330
17
100
AcDbEntity
  8
0
100
AcDbFace
 10
-93.03920736995008
 20
54.15235973677959
 30
0.0
 11
-93.05092405779048
 21
54.21126350427661
 31
0.0
 12
-93.06514806644628
 22
54.23787475275977
 32
0.0
 13
-93.06514806644628
 23
54.23787475275977
 33
0.0
  0
3DFACE
  5
481
330
17
100
AcDbEntity
  8
0
100
AcDbFace
 10
-93.03920736995008
 20
54.15235973677959
 30
0.0
 11
-93.06514806644628
 21
54.23787475275977
 31
0.0
 12
-93.08429036180006
 22
54.26119970713619
 32
0.0
 13
-93.08429036180006
 23
54.26119970713619
 33
0.0
  0
3DFACE
  5
482
330
17
100
AcDbEntity
  8
0
100
AcDbFace
 10
-93.03920736995008
 20
54.15235973677959
 30
0.0
 11
-93.08429036180006
 21
54.26119970713619
 31
0.0
 12
-93.10761531617648
 22
54.28034200248997
 32
0.0
 13
-93.10761531617648
 23
54.28034200248997
 33
0.0
  0
3DFACE
  5
483
330
17
100
AcDbEntity
  8
0
100
AcDbFace
 10
-93.03920736995008
 20
54.15235973677959
 30
0.0
 11
-93.10761531617648
 21
54.28034200248997
 31
0.0
 12
-93.13422656465964
 22
54.294566011145776
 32
0.0
 13
-93.13422656465964
 23
54.294566011145776
 33
0.0
  0
3DFACE
  5
484
330
17
100
AcDbEntity
  8
0
100
AcDbFace
 10
-93.03920736995008
 20
54.15235973677959
 30
0.0
 11
-93.13422656465964
 21
54.294566011145776
 31
0.0
 12
-93.16310145189411
 22
54.303325112427885
 32
0.0
 13
-93.16310145189411
 23
54.303325112427885
 33
0.0
  0
3DFACE
  5
485
330
17
100
AcDbEntity
  8
0
100
AcDbFace
 10
-93.03920736995008
 20
54.15235973677959
 30
0.0
 11
-93.16310145189411
 21
54.303325112427885
 31
0.0
 12
-93.19313033215667
 22
54.30628269898619
 32
0.0
 13
-93.19313033215667
 23
54.30628269898619
 33
0.0
  0
3DFACE
  5
486
330
17
100
AcDbEntity
  8
0
100
AcDbFace
 10
-93.03920736995008
 20
54.15235973677959
 30
0.0
 11
-93.19313033215667
 21
54.30628269898619
 31
0.0
 12
-93.22315921241923
 22
54.303325112427885
 32
0.0
 13
-93.22315921241923
 23
54.303325112427885
 33
0.0
  0
3DFACE
  5
487
330
17
100
AcDbEntity
  8
0
100
AcDbFace
 10
-93.03920736995008
 20
54.15235973677959
 30
0.0
 11
-93.22315921241923
 21
54.303325112427885
 31
0.0
 12
-93.2520340996537
 22
54.294566011145776
 32
0.0
 13
-93.2520340996537
 23
54.294566011145776
 33
0.0
  0
3DFACE
  5
488
330
17
100
AcDbEntity
  8
0
100
AcDbFace
 10
-93.03920736995008
 20
54.15235973677959
 30
0.0
 11
-93.2520340996537
 21
54.294566011145776
 31
0.0
 12
-93.27864534813686
 22
54.28034200248997
 32
0.0
 13
-93.27864534813686
 23
54.28034200248997
 33
0.0
  0
3DFACE
  5
489
330
17
100
AcDbEntity
  8
0
100
AcDbFace
 10
-93.03920736995008
 20
54.15235973677959
 30
0.0
 11
-93.27864534813686
 21
54.28034200248997
 31
0.0
 12
-93.30197030251328
 22
54.26119970713619
 32
0.0
 13
-93.30197030251328
 23
54.26119970713619
 33
0.0
  0
3DFACE
  5
48A
330
17
100
AcDbEntity
  8
0
100
AcDbFace
 10
-93.03920736995008
 20
54.15235973677959
 30
0.0
 11
-93.30197030251328
 21
54.26119970713619
 31
0.0
 12
-93.32111259786706
 22
54.23787475275977
 32
0.0
 13
-93.32111259786706
 23
54.23787475275977
 33
0.0
  0
3DFACE
  5
48B
330
17
100
AcDbEntity
  8
0
100
AcDbFace
 10
-93.03920736995008
 20
54.15235973677959
 30
0.0
 11
-93.32111259786706
 21
54.23787475275977
 31
0.0
 12
-93.33533660652286
 22
54.21126350427661
 32
0.0
 13
-93.33533660652286
 23
54.21126350427661
 33
0.0
  0
3DFACE
  5
48C
330
17
100
AcDbEntity
  8
0
100
AcDbFace
 10
-93.03920736995008
 20
54.15235973677959
 30
0.0
 11
-93.33533660652286
 21
54.21126350427661
 31
0.0
 12
-93.34409570780497
 22
54.18238861704215
 32
0.0
 13
-93.34409570780497
 23
54.18238861704215
 33
0.0
  0
3DFACE
  5
48D
330
17
100
AcDbEntity
  8
0
100
AcDbFace
 10
-93.03920736995008
 20
54.15235973677959
 30
0.0
 11
-93.34409570780497
 21
54.18238861704215
 31
0.0
 12
-93.34705329436326
 22
54.15235973677959
 32
0.0
 13
-93.34705329436326
 23
54.15235973677959
 33
0.0
  0
3DFACE
  5
48E
330
17
100
AcDbEntity
  8
0
100
AcDbFace
 10
-93.03920736995008
 20
54.15235973677959
 30
0.0
 11
-93.34705329436326
 21
54.15235973677959
 31
0.0
 12
-93.34409570780497
 22
54.122330856517024
 32
0.0
 13
-93.34409570780497
 23
54.122330856517024
 33
0.0
  0
3DFACE
  5
48F
330
17
100
AcDbEntity
  8
0
100
AcDbFace
 10
-93.03920736995008
 20
54.15235973677959
 30
0.0
 11
-93.34409570780497
 21
54.122330856517024
 31
0.0
 12
-93.33533660652286
 22
54.093455969282566
 32
0.0
 13
-93.33533660652286
 23
54.093455969282566
 33
0.0
  0
3DFACE
  5
490
330
17
100
AcDbEntity
  8
0
100
AcDbFace
 10
-93.03920736995008
 20
54.15235973677959
 30
0.0
 11
-93.33533660652286
 21
54.093455969282566
 31
0.0
 12
-93.32111259786706
 22
54.0668447207994
 32
0.0
 13
-93.32111259786706
 23
54.0668447207994
 33
0.0
  0
3DFACE
  5
491
330
17
100
AcDbEntity
  8
0
100
AcDbFace
 10
-93.03920736995008
 20
54.15235973677959
 30
0.0
 11
-93.32111259786706
 21
54.0668447207994
 31
0.0
 12
-93.30197030251328
 22
54.04351976642298
 32
0.0
 13
-93.30197030251328
 23
54.04351976642298
 33
0.0
  0
3DFACE
  5
492
330
17
100
AcDbEntity
  8
0
100
AcDbFace
 10
-93.03920736995008
 20
54.15235973677959
 30
0.0
 11
-93.30197030251328
 21
54.04351976642298
 31
0.0
 12
-93.27864534813686
 22
54.02437747106921
 32
0.0
 13
-93.27864534813686
 23
54.02437747106921
 33
0.0
  0
3DFACE
  5
493
330
17
100
AcDbEntity
  8
0
100
AcDbFace
 10
-93.03920736995008
 20
54.15235973677959
 30
0.0
 11
-93.27864534813686
 21
54.02437747106921
 31
0.0
 12
-93.2520340996537
 22
54.0101534624134
 32
0.0
 13
-93.2520340996537
 23
54.0101534624134
 33
0.0
  0
3DFACE
  5
494
330
17
100
AcDbEntity
  8
0
100
AcDbFace
 10
-93.03920736995008
 20
54.15235973677959
 30
0.0
 11
-93.2520340996537
 21
54.0101534624134
 31
0.0
 12
-93.22315921241923
 22
54.00139436113129
 32
0.0
 13
-93.22315921241923
 23
54.00139436113129
 33
0.0
  0
3DFACE
  5
495
330
17
100
AcDbEntity
  8
0
100
AcDbFace
 10
-93.03920736995008
 20
54.15235973677959
 30
0.0
 11
-93.22315921241923
 21
54.00139436113129
 31
0.0
 12
-93.19313033215667
 22
53.99843677457299
 32
0.0
 13
-93.19313033215667
 23
53.99843677457299
 33
0.0
  0
3DFACE
  5
496
330
17
100
AcDbEntity
  8
0
100
AcDbFace
 10
-93.03920736995008
 20
54.15235973677959
 30
0.0
 11
-93.19313033215667
 21
53.99843677457299
 31
0.0
 12
-93.16310145189411
 22
54.00139436113129
 32
0.0
 13
-93.16310145189411
 23
54.00139436113129
 33
0.0
  0
3DFACE
  5
497
330
17
100
AcDbEntity
  8
0
100
AcDbFace
 10
-93.03920736995008
 20
54.15235973677959
 30
0.0
 11
-93.16310145189411
 21
54.00139436113129
 31
0.0
 12
-93.13422656465964
 22
54.0101534624134
 32
0.0
 13
-93.13422656465964
 23
54.0101534624134
 33
0.0
  0
3DFACE
  5
498
330
17
100
AcDbEntity
  8
0
100
AcDbFace
 10
-93.03920736995008
 20
54.15235973677959
 30
0.0
 11
-93.13422656465964
 21
54.0101534624134
 31
0.0
 12
-93.10761531617648
 22
54.02437747106921
 32
0.0
 13
-93.10761531617648
 23
54.02437747106921
 33
0.0
  0
3DFACE
  5
499
330
17
100
AcDbEntity
  8
0
100
AcDbFace
 10
-93.03920736995008
 20
54.15235973677959
 30
0.0
 11
-93.10761531617648
 21
54.02437747106921
 31
0.0
 12
-93.08429036180006
 22
54.04351976642298
 32
0.0
 13
-93.08429036180006
 23
54.04351976642298
 33
0.0
  0
3DFACE
  5
49A
330
17
100
AcDbEntity
  8
0
100
AcDbFace
 10
-93.03920736995008
 20
54.15235973677959
 30
0.0
 11
-93.08429036180006
 21
54.04351976642298
 31
0.0
 12
-93.06514806644628
 22
54.0668447207994
 32
0.0
 13
-93.06514806644628
 23
54.0668447207994
 33
0.0
  0
3DFACE
  5
49B
330
17
100
AcDbEntity
  8
0
100
AcDbFace
 10
-93.03920736995008
 20
54.15235973677959
 30
0.0
 11
-93.06514806644628
 21
54.0668447207994
 31
0.0
 12
-93.05092405779048
 22
54.093455969282566
 32
0.0
 13
-93.05092405779048
 23
54.093455969282566
 33
0.0
  0
3DFACE
  5
49C
330
17
100
AcDbEntity
  8
0
100
AcDbFace
 10
-93.03920736995008
 20
54.15235973677959
 30
0.0
 11
-93.05092405779048
 21
54.093455969282566
 31
0.0
 12
-93.04216495650837
 22
54.122330856517024
 32
0.0
 13
-93.04216495650837
 23
54.122330856517024
 33
0.0
  0
3DFACE
  5
49D
330
17
100
AcDbEntity
  8
0
100
AcDbFace
 10
-93.03920736995008
 20
54.15235973677959
 30
10.0
 11
-93.04216495650837
 21
54.18238861704215
 31
10.0
 12
-93.05092405779048
 22
54.21126350427661
 32
10.0
 13
-93.05092405779048
 23
54.21126350427661
 33
10.0
  0
3DFACE
  5
49E
330
17
100
AcDbEntity
  8
0
100
AcDbFace
 10
-93.03920736995008
 20
54.15235973677959
 30
10.0
 11
-93.05092405779048
 21
54.21126350427661
 31
10.0
 12
-93.06514806644628
 22
54.23787475275977
 32
10.0
 13
-93.06514806644628
 23
54.23787475275977
 33
10.0
  0
3DFACE
  5
49F
330
17
100
AcDbEntity
  8
0
100
AcDbFace
 10
-93.03920736995008
 20
54.15235973677959
 30
10.0
 11
-93.06514806644628
 21
54.23787475275977
 31
10.0
 12
-93.08429036180006
 22
54.26119970713619
 32
10.0
 13
-93.08429036180006
 23
54.26119970713619
 33
10.0
  0
3DFACE
  5
4A0
330
17
100
AcDbEntity
  8
0
100
AcDbFace
 10
-93.03920736995008
 20
54.15235973677959
 30
10.0
 11
-93.08429036180006
 21
54.26119970713619
 31
10.0
 12
-93.10761531617648
 22
54.28034200248997
 32
10.0
 13
-93.10761531617648
 23
54.28034200248997
 33
10.0
  0
3DFACE
  5
4A1
330
17
100
AcDbEntity
  8
0
100
AcDbFace
 10
-93.03920736995008
 20
54.15235973677959
 30
10.0
 11
-93.10761531617648
 21
54.28034200248997
 31
10.0
 12
-93.13422656465964
 22
54.294566011145776
 32
10.0
 13
-93.13422656465964
 23
54.294566011145776
 33
10.0
  0
3DFACE
  5
4A2
330
17
100
AcDbEntity
  8
0
100
AcDbFace
 10
-93.03920736995008
 20
54.15235973677959
 30
10.0
 11
-93.13422656465964
 21
54.294566011145776
 31
10.0
 12
-93.16310145189411
 22
54.303325112427885
 32
10.0
 13
-93.16310145189411
 23
54.303325112427885
 33
10.0
  0
3DFACE
  5
4A3
330
17
100
AcDbEntity
  8
0
100
AcDbFace
 10
-93.03920736995008
 20
54.15235973677959
 30
10.0
 11
-93.16310145189411
 21
54.303325112427885
 31
10.0
 12
-93.19313033215667
 22
54.30628269898619
 32
10.0
 13
-93.19313033215667
 23
54.30628269898619
 33
10.0
  0
3DFACE
  5
4A4
330
17
100
AcDbEntity
  8
0
100
AcDbFace
 10
-93.03920736995008
 20
54.15235973677959
 30
10.0
 11
-93.19313033215667
 21
54.30628269898619
 31
10.0
 12
-93.22315921241923
 22
54.303325112427885
 32
10.0
 13
-93.22315921241923
 23
54.303325112427885
 33
10.0
  0
3DFACE
  5
4A5
330
17
100
AcDbEntity
  8
0
100
AcDbFace
 10
-93.03920736995008
 20
54.15235973677959
 30
10.0
 11
-93.22315921241923
 21
54.303325112427885
 31
10.0
 12
-93.2520340996537
 22
54.294566011145776
 32
10.0
 13
-93.2520340996537
 23
54.294566011145776
 33
10.0
  0
3DFACE
  5
4A6
330
17
100
AcDbEntity
  8
0
100
AcDbFace
 10
-93.03920736995008
 20
54.15235973677959
 30
10.0
 11
-93.2520340996537
 21
54.294566011145776
 31
10.0
 12
-93.27864534813686
 22
54.28034200248997
 32
10.0
 13
-93.27864534813686
 23
54.28034200248997
 33
10.0
  0
3DFACE
  5
4A7
330
17
100
AcDbEntity
  8
0
100
AcDbFace
 10
-93.03920736995008
 20
54.15235973677959
 30
10.0
 11
-93.27864534813686
 21
54.28034200248997
 31
10.0
 12
-93.30197030251328
 22
54.26119970713619
 32
10.0
 13
-93.30197030251328
 23
54.26119970713619
 33
10.0
  0
3DFACE
  5
4A8
330
17
100
AcDbEntity
  8
0
100
AcDbFace
 10
-93.03920736995008
 20
54.15235973677959
 30
10.0
 11
-93.30197030251328
 21
54.26119970713619
 31
10.0
 12
-93.32111259786706
 22
54.23787475275977
 32
10.0
 13
-93.32111259786706
 23
54.23787475275977
 33
10.0
  0
3DFACE
  5
4A9
330
17
100
AcDbEntity
  8
0
100
AcDbFace
 10
-93.03920736995008
 20
54.15235973677959
 30
10.0
 11
-93.32111259786706
 21
54.23787475275977
 31
10.0
 12
-93.33533660652286
 22
54.21126350427661
 32
10.0
 13
-93.33533660652286
 23
54.21126350427661
 33
10.0
  0
3DFACE
  5
4AA
330
17
100
AcDbEntity
  8
0
100
AcDbFace
 10
-93.03920736995008
 20
54.15235973677959
 30
10.0
 11
-93.33533660652286
 21
54.21126350427661
 31
10.0
 12
-93.34409570780497
 22
54.18238861704215
 32
10.0
 13
-93.34409570780497
 23
54.18238861704215
 33
10.0
  0
3DFACE
  5
4AB
330
17
100
AcDbEntity
  8
0
100
AcDbFace
 10
-93.03920736995008
 20
54.15235973677959
 30
10.0
 11
-93.34409570780497
 21
54.18238861704215
 31
10.0
 12
-93.34705329436326
 22
54.15235973677959
 32
10.0
 13
-93.34705329436326
 23
54.15235973677959
 33
10.0
  0
3DFACE
  5
4AC
330
17
100
AcDbEntity
  8
0
100
AcDbFace
 10
-93.03920736995008
 20
54.15235973677959
 30
10.0
 11
-93.34705329436326
 21
54.15235973677959
 31
10.0
 12
-93.34409570780497
 22
54.122330856517024
 32
10.0
 13
-93.34409570780497
 23
54.122330856517024
 33
10.0
  0
3DFACE
  5
4AD
330
17
100
AcDbEntity
  8
0
100
AcDbFace
 10
-93.03920736995008
 20
54.15235973677959
 30
10.0
 11
-93.34409570780497
 21
54.122330856517024
 31
10.0
 12
-93.33533660652286
 22
54.093455969282566
 32
10.0
 13
-93.33533660652286
 23
54.093455969282566
 33
10.0
  0
3DFACE
  5
4AE
330
17
100
AcDbEntity
  8
0
100
AcDbFace
 10
-93.03920736995008
 20
54.15235973677959
 30
10.0
 11
-93.33533660652286
 21
54.093455969282566
 31
10.0
 12
-93.32111259786706
 22
54.0668447207994
 32
10.0
 13
-93.32111259786706
 23
54.0668447207994
 33
10.0
  0
3DFACE
  5
4AF
330
17
100
AcDbEntity
  8
0
100
AcDbFace
 10
-93.03920736995008
 20
54.15235973677959
 30
10.0
 11
-93.32111259786706
 21
54.0668447207994
 31
10.0
 12
-93.30197030251328
 22
54.04351976642298
 32
10.0
 13
-93.30197030251328
 23
54.04351976642298
 33
10.0
  0
3DFACE
  5
4B0
330
17
100
AcDbEntity
  8
0
100
AcDbFace
 10
-93.03920736995008
 20
54.15235973677959
 30
10.0
 11
-93.30197030251328
 21
54.04351976642298
 31
10.0
 12
-93.27864534813686
 22
54.02437747106921
 32
10.0
 13
-93.27864534813686
 23
54.02437747106921
 33
10.0
  0
3DFACE
  5
4B1
330
17
100
AcDbEntity
  8
0
100
AcDbFace
 10
-93.03920736995008
 20
54.15235973677959
 30
10.0
 11
-93.27864534813686
 21
54.02437747106921
 31
10.0
 12
-93.2520340996537
 22
54.0101534624134
 32
10.0
 13
-93.2520340996537
 23
54.0101534624134
 33
10.0
  0
3DFACE
  5
4B2
330
17
100
AcDbEntity
  8
0
100
AcDbFace
 10
-93.03920736995008
 20
54.15235973677959
 30
10.0
 11
-93.2520340996537
 21
54.0101534624134
 31
10.0
 12
-93.22315921241923
 22
54.00139436113129
 32
10.0
 13
-93.22315921241923
 23
54.00139436113129
 33
10.0
  0
3DFACE
  5
4B3
330
17
100
AcDbEntity
  8
0
100
AcDbFace
 10
-93.03920736995008
 20
54.15235973677959
 30
10.0
 11
-93.22315921241923
 21
54.00139436113129
 31
10.0
 12
-93.19313033215667
 22
53.99843677457299
 32
10.0
 13
-93.19313033215667
 23
53.99843677457299
 33
10.0
  0
3DFACE
  5
4B4
330
17
100
AcDbEntity
  8
0
100
AcDbFace
 10
-93.03920736995008
 20
54.15235973677959
 30
10.0
 11
-93.19313033215667
 21
53.99843677457299
 31
10.0
 12
-93.16310145189411
 22
54.00139436113129
 32
10.0
 13
-93.16310145189411
 23
54.00139436113129
 33
10.0
  0
3DFACE
  5
4B5
330
17
100
AcDbEntity
  8
0
100
AcDbFace
 10
-93.03920736995008
 20
54.15235973677959
 30
10.0
 11
-93.16310145189411
 21
54.00139436113129
 31
10.0
 12
-93.13422656465964
 22
54.0101534624134
 32
10.0
 13
-93.13422656465964
 23
54.0101534624134
 33
10.0
  0
3DFACE
  5
4B6
330
17
100
AcDbEntity
  8
0
100
AcDbFace
 10
-93.03920736995008
 20
54.15235973677959
 30
10.0
 11
-93.13422656465964
 21
54.0101534624134
 31
10.0
 12
-93.10761531617648
 22
54.02437747106921
 32
10.0
 13
-93.10761531617648
 23
54.02437747106921
 33
10.0
  0
3DFACE
  5
4B7
330
17
100
AcDbEntity
  8
0
100
AcDbFace
 10
-93.03920736995008
 20
54.15235973677959
 30
10.0
 11
-93.10761531617648
 21
54.02437747106921
 31
10.0
 12
-93.08429036180006
 22
54.04351976642298
 32
10.0
 13
-93.08429036180006
 23
54.04351976642298
 33
10.0
  0
3DFACE
  5
4B8
330
17
100
AcDbEntity
  8
0
100
AcDbFace
 10
-93.03920736995008
 20
54.15235973677959
 30
10.0
 11
-93.08429036180006
 21
54.04351976642298
 31
10.0
 12
-93.06514806644628
 22
54.0668447207994
 32
10.0
 13
-93.06514806644628
 23
54.0668447207994
 33
10.0
  0
3DFACE
  5
4B9
330
17
100
AcDbEntity
  8
0
100
AcDbFace
 10
-93.03920736995008
 20
54.15235973677959
 30
10.0
 11
-93.06514806644628
 21
54.0668447207994
 31
10.0
 12
-93.05092405779048
 22
54.093455969282566
 32
10.0
 13
-93.05092405779048
 23
54.093455969282566
 33
10.0
  0
3DFACE
  5
4BA
330
17
100
AcDbEntity
  8
0
100
AcDbFace
 10
-93.03920736995008
 20
54.15235973677959
 30
10.0
 11
-93.05092405779048
 21
54.093455969282566
 31
10.0
 12
-93.04216495650837
 22
54.122330856517024
 32
10.0
 13
-93.04216495650837
 23
54.122330856517024
 33
10.0
  0
3DFACE
  5
4BB
330
17
100
AcDbEntity
  8
0
100
AcDbFace
 10
-93.03920736995008
 20
54.15235973677959
 30
0.0
 11
-93.04216495650837
 21
54.18238861704215
 31
0.0
 12
-93.04216495650837
 22
54.18238861704215
 32
10.0
 13
-93.03920736995008
 23
54.15235973677959
 33
10.0
  0
3DFACE
  5
4BC
330
17
100
AcDbEntity
  8
0
100
AcDbFace
 10
-93.04216495650837
 20
54.18238861704215
 30
0.0
 11
-93.05092405779048
 21
54.21126350427661
 31
0.0
 12
-93.05092405779048
 22
54.21126350427661
 32
10.0
 13
-93.04216495650837
 23
54.18238861704215
 33
10.0
  0
3DFACE
  5
4BD
330
17
100
AcDbEntity
  8
0
100
AcDbFace
 10
-93.05092405779048
 20
54.21126350427661
 30
0.0
 11
-93.06514806644628
 21
54.23787475275977
 31
0.0
 12
-93.06514806644628
 22
54.23787475275977
 32
10.0
 13
-93.05092405779048
 23
54.21126350427661
 33
10.0
  0
3DFACE
  5
4BE
330
17
100
AcDbEntity
  8
0
100
AcDbFace
 10
-93.06514806644628
 20
54.23787475275977
 30
0.0
 11
-93.08429036180006
 21
54.26119970713619
 31
0.0
 12
-93.08429036180006
 22
54.26119970713619
 32
10.0
 13
-93.06514806644628
 23
54.23787475275977
 33
10.0
  0
3DFACE
  5
4BF
330
17
100
AcDbEntity
  8
0
100
AcDbFace
 10
-93.08429036180006
 20
54.26119970713619
 30
0.0
 11
-93.10761531617648
 21
54.28034200248997
 31
0.0
 12
-93.10761531617648
 22
54.28034200248997
 32
10.0
 13
-93.08429036180006
 23
54.26119970713619
 33
10.0
  0
3DFACE
  5
4C0
330
17
100
AcDbEntity
  8
0
100
AcDbFace
 10
-93.10761531617648
 20
54.28034200248997
 30
0.0
 11
-93.13422656465964
 21
54.294566011145776
 31
0.0
 12
-93.13422656465964
 22
54.294566011145776
 32
10.0
 13
-93.10761531617648
 23
54.28034200248997
 33
10.0
  0
3DFACE
  5
4C1
330
17
100
AcDbEntity
  8
0
100
AcDbFace
 10
-93.13422656465964
 20
54.294566011145776
 30
0.0
 11
-93.16310145189411
 21
54.303325112427885
 31
0.0
 12
-93.16310145189411
 22
54.303325112427885
 32
10.0
 13
-93.13422656465964
 23
54.294566011145776
 33
10.0
  0
3DFACE
  5
4C2
330
17
100
AcDbEntity
  8
0
100
AcDbFace
 10
-93.16310145189411
 20
54.303325112427885
 30
0.0
 11
-93.19313033215667
 21
54.30628269898619
 31
0.0
 12
-93.19313033215667
 22
54.30628269898619
 32
10.0
 13
-93.16310145189411
 23
54.303325112427885
 33
10.0
  0
3DFACE
  5
4C3
330
17
100
AcDbEntity
  8
0
100
AcDbFace
 10
-93.19313033215667
 20
54.30628269898619
 30
0.0
 11
-93.22315921241923
 21
54.303325112427885
 31
0.0
 12
-93.22315921241923
 22
54.303325112427885
 32
10.0
 13
-93.19313033215667
 23
54.30628269898619
 33
10.0
  0
3DFACE
  5
4C4
330
17
100
AcDbEntity
  8
0
100
AcDbFace
 10
-93.22315921241923
 20
54.303325112427885
 30
0.0
 11
-93.2520340996537
 21
54.294566011145776
 31
0.0
 12
-93.2520340996537
 22
54.294566011145776
 32
10.0
 13
-93.22315921241923
 23
54.303325112427885
 33
10.0
  0
3DFACE
  5
4C5
330
17
100
AcDbEntity
  8
0
100
AcDbFace
 10
-93.2520340996537
 20
54.294566011145776
 30
0.0
 11
-93.27864534813686
 21
54.28034200248997
 31
0.0
 12
-93.27864534813686
 22
54.28034200248997
 32
10.0
 13
-93.2520340996537
 23
54.294566011145776
 33
10.0
  0
3DFACE
  5
4C6
330
17
100
AcDbEntity
  8
0
100
AcDbFace
 10
-93.27864534813686
 20
54.28034200248997
 30
0.0
 11
-93.30197030251328
 21
54.26119970713619
 31
0.0
 12
-93.30197030251328
 22
54.26119970713619
 32
10.0
 13
-93.27864534813686
 23
54.28034200248997
 33
10.0
  0
3DFACE
  5
4C7
330
17
100
AcDbEntity
  8
0
100
AcDbFace
 10
-93.30197030251328
 20
54.26119970713619
 30
0.0
 11
-93.32111259786706
 21
54.23787475275977
 31
0.0
 12
-93.32111259786706
 22
54.23787475275977
 32
10.0
 13
-93.30197030251328
 23
54.26119970713619
 33
10.0
  0
3DFACE
  5
4C8
330
17
100
AcDbEntity
  8
0
100
AcDbFace
 10
-93.32111259786706
 20
54.23787475275977
 30
0.0
 11
-93.33533660652286
 21
54.21126350427661
 31
0.0
 12
-93.33533660652286
 22
54.21126350427661
 32
10.0
 13
-93.32111259786706
 23
54.23787475275977
 33
10.0
  0
3DFACE
  5
4C9
330
17
100
AcDbEntity
  8
0
100
AcDbFace
 10
-93.33533660652286
 20
54.21126350427661
 30
0.0
 11
-93.34409570780497
 21
54.18238861704215
 31
0.0
 12
-93.34409570780497
 22
54.18238861704215
 32
10.0
 13
-93.33533660652286
 23
54.21126350427661
 33
10.0
  0
3DFACE
  5
4CA
330
17
100
AcDbEntity
  8
0
100
AcDbFace
 10
-93.34409570780497
 20
54.18238861704215
 30
0.0
 11
-93.34705329436326
 21
54.15235973677959
 31
0.0
 12
-93.34705329436326
 22
54.15235973677959
 32
10.0
 13
-93.34409570780497
 23
54.18238861704215
 33
10.0
  0
3DFACE
  5
4CB
330
17
100
AcDbEntity
  8
0
100
AcDbFace
 10
-93.34705329436326
 20
54.15235973677959
 30
0.0
 11
-93.34409570780497
 21
54.122330856517024
 31
0.0
 12
-93.34409570780497
 22
54.122330856517024
 32
10.0
 13
-93.34705329436326
 23
54.15235973677959
 33
10.0
  0
3DFACE
  5
4CC
330
17
100
AcDbEntity
  8
0
100
AcDbFace
 10
-93.34409570780497
 20
54.122330856517024
 30
0.0
 11
-93.33533660652286
 21
54.093455969282566
 31
0.0
 12
-93.33533660652286
 22
54.093455969282566
 32
10.0
 13
-93.34409570780497
 23
54.122330856517024
 33
10.0
  0
3DFACE
  5
4CD
330
17
100
AcDbEntity
  8
0
100
AcDbFace
 10
-93.33533660652286
 20
54.093455969282566
 30
0.0
 11
-93.32111259786706
 21
54.0668447207994
 31
0.0
 12
-93.32111259786706
 22
54.0668447207994
 32
10.0
 13
-93.33533660652286
 23
54.093455969282566
 33
10.0
  0
3DFACE
  5
4CE
330
17
100
AcDbEntity
  8
0
100
AcDbFace
 10
-93.32111259786706
 20
54.0668447207994
 30
0.0
 11
-93.30197030251328
 21
54.04351976642298
 31
0.0
 12
-93.30197030251328
 22
54.04351976642298
 32
10.0
 13
-93.32111259786706
 23
54.0668447207994
 33
10.0
  0
3DFACE
  5
4CF
330
17
100
AcDbEntity
  8
0
100
AcDbFace
 10
-93.30197030251328
 20
54.04351976642298
 30
0.0
 11
-93.27864534813686
 21
54.02437747106921
 31
0.0
 12
-93.27864534813686
 22
54.02437747106921
 32
10.0
 13
-93.30197030251328
 23
54.04351976642298
 33
10.0
  0
3DFACE
  5
4D0
330
17
100
AcDbEntity
  8
0
100
AcDbFace
 10
-93.27864534813686
 20
54.02437747106921
 30
0.0
 11
-93.2520340996537
 21
54.0101534624134
 31
0.0
 12
-93.2520340996537
 22
54.0101534624134
 32
10.0
 13
-93.27864534813686
 23
54.02437747106921
 33
10.0
  0
3DFACE
  5
4D1
330
17
100
AcDbEntity
  8
0
100
AcDbFace
 10
-93.2520340996537
 20
54.0101534624134
 30
0.0
 11
-93.22315921241923
 21
54.00139436113129
 31
0.0
 12
-93.22315921241923
 22
54.00139436113129
 32
10.0
 13
-93.2520340996537
 23
54.0101534624134
 33
10.0
  0
3DFACE
  5
4D2
330
17
100
AcDbEntity
  8
0
100
AcDbFace
 10
-93.22315921241923
 20
54.00139436113129
 30
0.0
 11
-93.19313033215667
 21
53.99843677457299
 31
0.0
 12
-93.19313033215667
 22
53.99843677457299
 32
10.0
 13
-93.22315921241923
 23
54.00139436113129
 33
10.0
  0
3DFACE
  5
4D3
330
17
100
AcDbEntity
  8
0
100
AcDbFace
 10
-93.19313033215667
 20
53.99843677457299
 30
0.0
 11
-93.16310145189411
 21
54.00139436113129
 31
0.0
 12
-93.16310145189411
 22
54.00139436113129
 32
10.0
 13
-93.19313033215667
 23
53.99843677457299
 33
10.0
  0
3DFACE
  5
4D4
330
17
100
AcDbEntity
  8
0
100
AcDbFace
 10
-93.16310145189411
 20
54.00139436113129
 30
0.0
 11
-93.13422656465964
 21
54.0101534624134
 31
0.0
 12
-93.13422656465964
 22
54.0101534624134
 32
10.0
 13
-93.16310145189411
 23
54.00139436113129
 33
10.0
  0
3DFACE
  5
4D5
330
17
100
AcDbEntity
  8
0
100
AcDbFace
 10
-93.13422656465964
 20
54.0101534624134
 30
0.0
 11
-93.10761531617648
 21
54.02437747106921
 31
0.0
 12
-93.10761531617648
 22
54.02437747106921
 32
10.0
 13
-93.13422656465964
 23
54.0101534624134
 33
10.0
  0
3DFACE
  5
4D6
330
17
100
AcDbEntity
  8
0
100
AcDbFace
 10
-93.10761531617648
 20
54.02437747106921
 30
0.0
 11
-93.08429036180006
 21
54.04351976642298
 31
0.0
 12
-93.08429036180006
 22
54.04351976642298
 32
10.0
 13
-93.10761531617648
 23
54.02437747106921
 33
10.0
  0
3DFACE
  5
4D7
330
17
100
AcDbEntity
  8
0
100
AcDbFace
 10
-93.08429036180006
 20
54.04351976642298
 30
0.0
 11
-93.06514806644628
 21
54.0668447207994
 31
0.0
 12
-93.06514806644628
 22
54.0668447207994
 32
10.0
 13
-93.08429036180006
 23
54.04351976642298
 33
10.0
  0
3DFACE
  5
4D8
330
17
100
AcDbEntity
  8
0
100
AcDbFace
 10
-93.06514806644628
 20
54.0668447207994
 30
0.0
 11
-93.05092405779048
 21
54.093455969282566
 31
0.0
 12
-93.05092405779048
 22
54.093455969282566
 32
10.0
 13
-93.06514806644628
 23
54.0668447207994
 33
10.0
  0
3DFACE
  5
4D9
330
17
100
AcDbEntity
  8
0
100
AcDbFace
 10
-93.05092405779048
 20
54.093455969282566
 30
0.0
 11
-93.04216495650837
 21
54.122330856517024
 31
0.0
 12
-93.04216495650837
 22
54.122330856517024
 32
10.0
 13
-93.05092405779048
 23
54.093455969282566
 33
10.0
  0
3DFACE
  5
4DA
330
17
100
AcDbEntity
  8
0
100
AcDbFace
 10
-93.04216495650837
 20
54.122330856517024
 30
0.0
 11
-93.03920736995008
 21
54.15235973677959
 31
0.0
 12
-93.03920736995008
 22
54.15235973677959
 32
10.0
 13
-93.04216495650837
 23
54.122330856517024
 33
10.0
  0
3DFACE
  5
4DB
330
17
100
AcDbEntity
  8
0
100
AcDbFace
 10
-93.03920736995008
 20
54.15235973677959
 30
0.0
 11
-93.04216495650837
 21
54.18238861704215
 31
0.0
 12
-93.05092405779048
 22
54.21126350427661
 32
0.0
 13
-93.05092405779048
 23
54.21126350427661
 33
0.0
  0
3DFACE
  5
4DC
330
17
100
AcDbEntity
  8
0
100
AcDbFace
 10
-93.03920736995008
 20
54.15235973677959
 30
0.0
 11
-93.05092405779048
 21
54.21126350427661
 31
0.0
 12
-93.06514806644628
 22
54.23787475275977
 32
0.0
 13
-93.06514806644628
 23
54.23787475275977
 33
0.0
  0
3DFACE
  5
4DD
330
17
100
AcDbEntity
  8
0
100
AcDbFace
 10
-93.03920736995008
 20
54.15235973677959
 30
0.0
 11
-93.06514806644628
 21
54.23787475275977
 31
0.0
 12
-93.08429036180006
 22
54.26119970713619
 32
0.0
 13
-93.08429036180006
 23
54.26119970713619
 33
0.0
  0
3DFACE
  5
4DE
330
17
100
AcDbEntity
  8
0
100
AcDbFace
 10
-93.03920736995008
 20
54.15235973677959
 30
0.0
 11
-93.08429036180006
 21
54.26119970713619
 31
0.0
 12
-93.10761531617648
 22
54.28034200248997
 32
0.0
 13
-93.10761531617648
 23
54.28034200248997
 33
0.0
  0
3DFACE
  5
4DF
330
17
100
AcDbEntity
  8
0
100
AcDbFace
 10
-93.03920736995008
 20
54.15235973677959
 30
0.0
 11
-93.10761531617648
 21
54.28034200248997
 31
0.0
 12
-93.13422656465964
 22
54.294566011145776
 32
0.0
 13
-93.13422656465964
 23
54.294566011145776
 33
0.0
  0
3DFACE
  5
4E0
330
17
100
AcDbEntity
  8
0
100
AcDbFace
 10
-93.03920736995008
 20
54.15235973677959
 30
0.0
 11
-93.13422656465964
 21
54.294566011145776
 31
0.0
 12
-93.16310145189411
 22
54.303325112427885
 32
0.0
 13
-93.16310145189411
 23
54.303325112427885
 33
0.0
  0
3DFACE
  5
4E1
330
17
100
AcDbEntity
  8
0
100
AcDbFace
 10
-93.03920736995008
 20
54.15235973677959
 30
0.0
 11
-93.16310145189411
 21
54.303325112427885
 31
0.0
 12
-93.19313033215667
 22
54.30628269898619
 32
0.0
 13
-93.19313033215667
 23
54.30628269898619
 33
0.0
  0
3DFACE
  5
4E2
330
17
100
AcDbEntity
  8
0
100
AcDbFace
 10
-93.03920736995008
 20
54.15235973677959
 30
0.0
 11
-93.19313033215667
 21
54.30628269898619
 31
0.0
 12
-93.22315921241923
 22
54.303325112427885
 32
0.0
 13
-93.22315921241923
 23
54.303325112427885
 33
0.0
  0
3DFACE
  5
4E3
330
17
100
AcDbEntity
  8
0
100
AcDbFace
 10
-93.03920736995008
 20
54.15235973677959
 30
0.0
 11
-93.22315921241923
 21
54.303325112427885
 31
0.0
 12
-93.2520340996537
 22
54.294566011145776
 32
0.0
 13
-93.2520340996537
 23
54.294566011145776
 33
0.0
  0
3DFACE
  5
4E4
330
17
100
AcDbEntity
  8
0
100
AcDbFace
 10
-93.03920736995008
 20
54.15235973677959
 30
0.0
 11
-93.2520340996537
 21
54.294566011145776
 31
0.0
 12
-93.27864534813686
 22
54.28034200248997
 32
0.0
 13
-93.27864534813686
 23
54.28034200248997
 33
0.0
  0
3DFACE
  5
4E5
330
17
100
AcDbEntity
  8
0
100
AcDbFace
 10
-93.03920736995008
 20
54.15235973677959
 30
0.0
 11
-93.27864534813686
 21
54.28034200248997
 31
0.0
 12
-93.30197030251328
 22
54.26119970713619
 32
0.0
 13
-93.30197030251328
 23
54.26119970713619
 33
0.0
  0
3DFACE
  5
4E6
330
17
100
AcDbEntity
  8
0
100
AcDbFace
 10
-93.03920736995008
 20
54.15235973677959
 30
0.0
 11
-93.30197030251328
 21
54.26119970713619
 31
0.0
 12
-93.32111259786706
 22
54.23787475275977
 32
0.0
 13
-93.32111259786706
 23
54.23787475275977
 33
0.0
  0
3DFACE
  5
4E7
330
17
100
AcDbEntity
  8
0
100
AcDbFace
 10
-93.03920736995008
 20
54.15235973677959
 30
0.0
 11
-93.32111259786706
 21
54.23787475275977
 31
0.0
 12
-93.33533660652286
 22
54.21126350427661
 32
0.0
 13
-93.33533660652286
 23
54.21126350427661
 33
0.0
  0
3DFACE
  5
4E8
330
17
100
AcDbEntity
  8
0
100
AcDbFace
 10
-93.03920736995008
 20
54.15235973677959
 30
0.0
 11
-93.33533660652286
 21
54.21126350427661
 31
0.0
 12
-93.34409570780497
 22
54.18238861704215
 32
0.0
 13
-93.34409570780497
 23
54.18238861704215
 33
0.0
  0
3DFACE
  5
4E9
330
17
100
AcDbEntity
  8
0
100
AcDbFace
 10
-93.03920736995008
 20
54.15235973677959
 30
0.0
 11
-93.34409570780497
 21
54.18238861704215
 31
0.0
 12
-93.34705329436326
 22
54.15235973677959
 32
0.0
 13
-93.34705329436326
 23
54.15235973677959
 33
0.0
  0
3DFACE
  5
4EA
330
17
100
AcDbEntity
  8
0
100
AcDbFace
 10
-93.03920736995008
 20
54.15235973677959
 30
0.0
 11
-93.34705329436326
 21
54.15235973677959
 31
0.0
 12
-93.34409570780497
 22
54.122330856517024
 32
0.0
 13
-93.34409570780497
 23
54.122330856517024
 33
0.0
  0
3DFACE
  5
4EB
330
17
100
AcDbEntity
  8
0
100
AcDbFace
 10
-93.03920736995008
 20
54.15235973677959
 30
0.0
 11
-93.34409570780497
 21
54.122330856517024
 31
0.0
 12
-93.33533660652286
 22
54.093455969282566
 32
0.0
 13
-93.33533660652286
 23
54.093455969282566
 33
0.0
  0
3DFACE
  5
4EC
330
17
100
AcDbEntity
  8
0
100
AcDbFace
 10
-93.03920736995008
 20
54.15235973677959
 30
0.0
 11
-93.33533660652286
 21
54.093455969282566
 31
0.0
 12
-93.32111259786706
 22
54.0668447207994
 32
0.0
 13
-93.32111259786706
 23
54.0668447207994
 33
0.0
  0
3DFACE
  5
4ED
330
17
100
AcDbEntity
  8
0
100
AcDbFace
 10
-93.03920736995008
 20
54.15235973677959
 30
0.0
 11
-93.32111259786706
 21
54.0668447207994
 31
0.0
 12
-93.30197030251328
 22
54.04351976642298
 32
0.0
 13
-93.30197030251328
 23
54.04351976642298
 33
0.0
  0
3DFACE
  5
4EE
330
17
100
AcDbEntity
  8
0
100
AcDbFace
 10
-93.03920736995008
 20
54.15235973677959
 30
0.0
 11
-93.30197030251328
 21
54.04351976642298
 31
0.0
 12
-93.27864534813686
 22
54.02437747106921
 32
0.0
 13
-93.27864534813686
 23
54.02437747106921
 33
0.0
  0
3DFACE
  5
4EF
330
17
100
AcDbEntity
  8
0
100
AcDbFace
 10
-93.03920736995008
 20
54.15235973677959
 30
0.0
 11
-93.27864534813686
 21
54.02437747106921
 31
0.0
 12
-93.2520340996537
 22
54.0101534624134
 32
0.0
 13
-93.2520340996537
 23
54.0101534624134
 33
0.0
  0
3DFACE
  5
4F0
330
17
100
AcDbEntity
  8
0
100
AcDbFace
 10
-93.03920736995008
 20
54.15235973677959
 30
0.0
 11
-93.2520340996537
 21
54.0101534624134
 31
0.0
 12
-93.22315921241923
 22
54.00139436113129
 32
0.0
 13
-93.22315921241923
 23
54.00139436113129
 33
0.0
  0
3DFACE
  5
4F1
330
17
100
AcDbEntity
  8
0
100
AcDbFace
 10
-93.03920736995008
 20
54.15235973677959
 30
0.0
 11
-93.22315921241923
 21
54.00139436113129
 31
0.0
 12
-93.19313033215667
 22
53.99843677457299
 32
0.0
 13
-93.19313033215667
 23
53.99843677457299
 33
0.0
  0
3DFACE
  5
4F2
330
17
100
AcDbEntity
  8
0
100
AcDbFace
 10
-93.03920736995008
 20
54.15235973677959
 30
0.0
 11
-93.19313033215667
 21
53.99843677457299
 31
0.0
 12
-93.16310145189411
 22
54.00139436113129
 32
0.0
 13
-93.16310145189411
 23
54.00139436113129
 33
0.0
  0
3DFACE
  5
4F3
330
17
100
AcDbEntity
  8
0
100
AcDbFace
 10
-93.03920736995008
 20
54.15235973677959
 30
0.0
 11
-93.16310145189411
 21
54.00139436113129
 31
0.0
 12
-93.13422656465964
 22
54.0101534624134
 32
0.0
 13
-93.13422656465964
 23
54.0101534624134
 33
0.0
  0
3DFACE
  5
4F4
330
17
100
AcDbEntity
  8
0
100
AcDbFace
 10
-93.03920736995008
 20
54.15235973677959
 30
0.0
 11
-93.13422656465964
 21
54.0101534624134
 31
0.0
 12
-93.10761531617648
 22
54.02437747106921
 32
0.0
 13
-93.10761531617648
 23
54.02437747106921
 33
0.0
  0
3DFACE
  5
4F5
330
17
100
AcDbEntity
  8
0
100
AcDbFace
 10
-93.03920736995008
 20
54.15235973677959
 30
0.0
 11
-93.10761531617648
 21
54.02437747106921
 31
0.0
 12
-93.08429036180006
 22
54.04351976642298
 32
0.0
 13
-93.08429036180006
 23
54.04351976642298
 33
0.0
  0
3DFACE
  5
4F6
330
17
100
AcDbEntity
  8
0
100
AcDbFace
 10
-93.03920736995008
 20
54.15235973677959
 30
0.0
 11
-93.08429036180006
 21
54.04351976642298
 31
0.0
 12
-93.06514806644628
 22
54.0668447207994
 32
0.0
 13
-93.06514806644628
 23
54.0668447207994
 33
0.0
  0
3DFACE
  5
4F7
330
17
100
AcDbEntity
  8
0
100
AcDbFace
 10
-93.03920736995008
 20
54.15235973677959
 30
0.0
 11
-93.06514806644628
 21
54.0668447207994
 31
0.0
 12
-93.05092405779048
 22
54.093455969282566
 32
0.0
 13
-93.05092405779048
 23
54.093455969282566
 33
0.0
  0
3DFACE
  5
4F8
330
17
100
AcDbEntity
  8
0
100
AcDbFace
 10
-93.03920736995008
 20
54.15235973677959
 30
0.0
 11
-93.05092405779048
 21
54.093455969282566
 31
0.0
 12
-93.04216495650837
 22
54.122330856517024
 32
0.0
 13
-93.04216495650837
 23
54.122330856517024
 33
0.0
  0
3DFACE
  5
4F9
330
17
100
AcDbEntity
  8
0
100
AcDbFace
 10
-93.03920736995008
 20
54.15235973677959
 30
10.0
 11
-93.04216495650837
 21
54.18238861704215
 31
10.0
 12
-93.05092405779048
 22
54.21126350427661
 32
10.0
 13
-93.05092405779048
 23
54.21126350427661
 33
10.0
  0
3DFACE
  5
4FA
330
17
100
AcDbEntity
  8
0
100
AcDbFace
 10
-93.03920736995008
 20
54.15235973677959
 30
10.0
 11
-93.05092405779048
 21
54.21126350427661
 31
10.0
 12
-93.06514806644628
 22
54.23787475275977
 32
10.0
 13
-93.06514806644628
 23
54.23787475275977
 33
10.0
  0
3DFACE
  5
4FB
330
17
100
AcDbEntity
  8
0
100
AcDbFace
 10
-93.03920736995008
 20
54.15235973677959
 30
10.0
 11
-93.06514806644628
 21
54.23787475275977
 31
10.0
 12
-93.08429036180006
 22
54.26119970713619
 32
10.0
 13
-93.08429036180006
 23
54.26119970713619
 33
10.0
  0
3DFACE
  5
4FC
330
17
100
AcDbEntity
  8
0
100
AcDbFace
 10
-93.03920736995008
 20
54.15235973677959
 30
10.0
 11
-93.08429036180006
 21
54.26119970713619
 31
10.0
 12
-93.10761531617648
 22
54.28034200248997
 32
10.0
 13
-93.10761531617648
 23
54.28034200248997
 33
10.0
  0
3DFACE
  5
4FD
330
17
100
AcDbEntity
  8
0
100
AcDbFace
 10
-93.03920736995008
 20
54.15235973677959
 30
10.0
 11
-93.10761531617648
 21
54.28034200248997
 31
10.0
 12
-93.13422656465964
 22
54.294566011145776
 32
10.0
 13
-93.13422656465964
 23
54.294566011145776
 33
10.0
  0
3DFACE
  5
4FE
330
17
100
AcDbEntity
  8
0
100
AcDbFace
 10
-93.03920736995008
 20
54.15235973677959
 30
10.0
 11
-93.13422656465964
 21
54.294566011145776
 31
10.0
 12
-93.16310145189411
 22
54.303325112427885
 32
10.0
 13
-93.16310145189411
 23
54.303325112427885
 33
10.0
  0
3DFACE
  5
4FF
330
17
100
AcDbEntity
  8
0
100
AcDbFace
 10
-93.03920736995008
 20
54.15235973677959
 30
10.0
 11
-93.16310145189411
 21
54.303325112427885
 31
10.0
 12
-93.19313033215667
 22
54.30628269898619
 32
10.0
 13
-93.19313033215667
 23
54.30628269898619
 33
10.0
  0
3DFACE
  5
500
330
17
100
AcDbEntity
  8
0
100
AcDbFace
 10
-93.03920736995008
 20
54.15235973677959
 30
10.0
 11
-93.19313033215667
 21
54.30628269898619
 31
10.0
 12
-93.22315921241923
 22
54.303325112427885
 32
10.0
 13
-93.22315921241923
 23
54.303325112427885
 33
10.0
  0
3DFACE
  5
501
330
17
100
AcDbEntity
  8
0
100
AcDbFace
 10
-93.03920736995008
 20
54.15235973677959
 30
10.0
 11
-93.22315921241923
 21
54.303325112427885
 31
10.0
 12
-93.2520340996537
 22
54.294566011145776
 32
10.0
 13
-93.2520340996537
 23
54.294566011145776
 33
10.0
  0
3DFACE
  5
502
330
17
100
AcDbEntity
  8
0
100
AcDbFace
 10
-93.03920736995008
 20
54.15235973677959
 30
10.0
 11
-93.2520340996537
 21
54.294566011145776
 31
10.0
 12
-93.27864534813686
 22
54.28034200248997
 32
10.0
 13
-93.27864534813686
 23
54.28034200248997
 33
10.0
  0
3DFACE
  5
503
330
17
100
AcDbEntity
  8
0
100
AcDbFace
 10
-93.03920736995008
 20
54.15235973677959
 30
10.0
 11
-93.27864534813686
 21
54.28034200248997
 31
10.0
 12
-93.30197030251328
 22
54.26119970713619
 32
10.0
 13
-93.30197030251328
 23
54.26119970713619
 33
10.0
  0
3DFACE
  5
504
330
17
100
AcDbEntity
  8
0
100
AcDbFace
 10
-93.03920736995008
 20
54.15235973677959
 30
10.0
 11
-93.30197030251328
 21
54.26119970713619
 31
10.0
 12
-93.32111259786706
 22
54.23787475275977
 32
10.0
 13
-93.32111259786706
 23
54.23787475275977
 33
10.0
  0
3DFACE
  5
505
330
17
100
AcDbEntity
  8
0
100
AcDbFace
 10
-93.03920736995008
 20
54.15235973677959
 30
10.0
 11
-93.32111259786706
 21
54.23787475275977
 31
10.0
 12
-93.33533660652286
 22
54.21126350427661
 32
10.0
 13
-93.33533660652286
 23
54.21126350427661
 33
10.0
  0
3DFACE
  5
506
330
17
100
AcDbEntity
  8
0
100
AcDbFace
 10
-93.03920736995008
 20
54.15235973677959
 30
10.0
 11
-93.33533660652286
 21
54.21126350427661
 31
10.0
 12
-93.34409570780497
 22
54.18238861704215
 32
10.0
 13
-93.34409570780497
 23
54.18238861704215
 33
10.0
  0
3DFACE
  5
507
330
17
100
AcDbEntity
  8
0
100
AcDbFace
 10
-93.03920736995008
 20
54.15235973677959
 30
10.0
 11
-93.34409570780497
 21
54.18238861704215
 31
10.0
 12
-93.34705329436326
 22
54.15235973677959
 32
10.0
 13
-93.34705329436326
 23
54.15235973677959
 33
10.0
  0
3DFACE
  5
508
330
17
100
AcDbEntity
  8
0
100
AcDbFace
 10
-93.03920736995008
 20
54.15235973677959
 30
10.0
 11
-93.34705329436326
 21
54.15235973677959
 31
10.0
 12
-93.34409570780497
 22
54.122330856517024
 32
10.0
 13
-93.34409570780497
 23
54.122330856517024
 33
10.0
  0
3DFACE
  5
509
330
17
100
AcDbEntity
  8
0
100
AcDbFace
 10
-93.03920736995008
 20
54.15235973677959
 30
10.0
 11
-93.34409570780497
 21
54.122330856517024
 31
10.0
 12
-93.33533660652286
 22
54.093455969282566
 32
10.0
 13
-93.33533660652286
 23
54.093455969282566
 33
10.0
  0
3DFACE
  5
50A
330
17
100
AcDbEntity
  8
0
100
AcDbFace
 10
-93.03920736995008
 20
54.15235973677959
 30
10.0
 11
-93.33533660652286
 21
54.093455969282566
 31
10.0
 12
-93.32111259786706
 22
54.0668447207994
 32
10.0
 13
-93.32111259786706
 23
54.0668447207994
 33
10.0
  0
3DFACE
  5
50B
330
17
100
AcDbEntity
  8
0
100
AcDbFace
 10
-93.03920736995008
 20
54.15235973677959
 30
10.0
 11
-93.32111259786706
 21
54.0668447207994
 31
10.0
 12
-93.30197030251328
 22
54.04351976642298
 32
10.0
 13
-93.30197030251328
 23
54.04351976642298
 33
10.0
  0
3DFACE
  5
50C
330
17
100
AcDbEntity
  8
0
100
AcDbFace
 10
-93.03920736995008
 20
54.15235973677959
 30
10.0
 11
-93.30197030251328
 21
54.04351976642298
 31
10.0
 12
-93.27864534813686
 22
54.02437747106921
 32
10.0
 13
-93.27864534813686
 23
54.02437747106921
 33
10.0
  0
3DFACE
  5
50D
330
17
100
AcDbEntity
  8
0
100
AcDbFace
 10
-93.03920736995008
 20
54.15235973677959
 30
10.0
 11
-93.27864534813686
 21
54.02437747106921
 31
10.0
 12
-93.2520340996537
 22
54.0101534624134
 32
10.0
 13
-93.2520340996537
 23
54.0101534624134
 33
10.0
  0
3DFACE
  5
50E
330
17
100
AcDbEntity
  8
0
100
AcDbFace
 10
-93.03920736995008
 20
54.15235973677959
 30
10.0
 11
-93.2520340996537
 21
54.0101534624134
 31
10.0
 12
-93.22315921241923
 22
54.00139436113129
 32
10.0
 13
-93.22315921241923
 23
54.00139436113129
 33
10.0
  0
3DFACE
  5
50F
330
17
100
AcDbEntity
  8
0
100
AcDbFace
 10
-93.03920736995008
 20
54.15235973677959
 30
10.0
 11
-93.22315921241923
 21
54.00139436113129
 31
10.0
 12
-93.19313033215667
 22
53.99843677457299
 32
10.0
 13
-93.19313033215667
 23
53.99843677457299
 33
10.0
  0
3DFACE
  5
510
330
17
100
AcDbEntity
  8
0
100
AcDbFace
 10
-93.03920736995008
 20
54.15235973677959
 30
10.0
 11
-93.19313033215667
 21
53.99843677457299
 31
10.0
 12
-93.16310145189411
 22
54.00139436113129
 32
10.0
 13
-93.16310145189411
 23
54.00139436113129
 33
10.0
  0
3DFACE
  5
511
330
17
100
AcDbEntity
  8
0
100
AcDbFace
 10
-93.03920736995008
 20
54.15235973677959
 30
10.0
 11
-93.16310145189411
 21
54.00139436113129
 31
10.0
 12
-93.13422656465964
 22
54.0101534624134
 32
10.0
 13
-93.13422656465964
 23
54.0101534624134
 33
10.0
  0
3DFACE
  5
512
330
17
100
AcDbEntity
  8
0
100
AcDbFace
 10
-93.03920736995008
 20
54.15235973677959
 30
10.0
 11
-93.13422656465964
 21
54.0101534624134
 31
10.0
 12
-93.10761531617648
 22
54.02437747106921
 32
10.0
 13
-93.10761531617648
 23
54.02437747106921
 33
10.0
  0
3DFACE
  5
513
330
17
100
AcDbEntity
  8
0
100
AcDbFace
 10
-93.03920736995008
 20
54.15235973677959
 30
10.0
 11
-93.10761531617648
 21
54.02437747106921
 31
10.0
 12
-93.08429036180006
 22
54.04351976642298
 32
10.0
 13
-93.08429036180006
 23
54.04351976642298
 33
10.0
  0
3DFACE
  5
514
330
17
100
AcDbEntity
  8
0
100
AcDbFace
 10
-93.03920736995008
 20
54.15235973677959
 30
10.0
 11
-93.08429036180006
 21
54.04351976642298
 31
10.0
 12
-93.06514806644628
 22
54.0668447207994
 32
10.0
 13
-93.06514806644628
 23
54.0668447207994
 33
10.0
  0
3DFACE
  5
515
330
17
100
AcDbEntity
  8
0
100
AcDbFace
 10
-93.03920736995008
 20
54.15235973677959
 30
10.0
 11
-93.06514806644628
 21
54.0668447207994
 31
10.0
 12
-93.05092405779048
 22
54.093455969282566
 32
10.0
 13
-93.05092405779048
 23
54.093455969282566
 33
10.0
  0
3DFACE
  5
516
330
17
100
AcDbEntity
  8
0
100
AcDbFace
 10
-93.03920736995008
 20
54.15235973677959
 30
10.0
 11
-93.05092405779048
 21
54.093455969282566
 31
10.0
 12
-93.04216495650837
 22
54.122330856517024
 32
10.0
 13
-93.04216495650837
 23
54.122330856517024
 33
10.0
  0
3DFACE
  5
517
330
17
100
AcDbEntity
  8
0
100
AcDbFace
 10
-93.03920736995008
 20
54.15235973677959
 30
0.0
 11
-93.04216495650837
 21
54.18238861704215
 31
0.0
 12
-93.04216495650837
 22
54.18238861704215
 32
10.0
 13
-93.03920736995008
 23
54.15235973677959
 33
10.0
  0
3DFACE
  5
518
330
17
100
AcDbEntity
  8
0
100
AcDbFace
 10
-93.04216495650837
 20
54.18238861704215
 30
0.0
 11
-93.05092405779048
 21
54.21126350427661
 31
0.0
 12
-93.05092405779048
 22
54.21126350427661
 32
10.0
 13
-93.04216495650837
 23
54.18238861704215
 33
10.0
  0
3DFACE
  5
519
330
17
100
AcDbEntity
  8
0
100
AcDbFace
 10
-93.05092405779048
 20
54.21126350427661
 30
0.0
 11
-93.06514806644628
 21
54.23787475275977
 31
0.0
 12
-93.06514806644628
 22
54.23787475275977
 32
10.0
 13
-93.05092405779048
 23
54.21126350427661
 33
10.0
  0
3DFACE
  5
51A
330
17
100
AcDbEntity
  8
0
100
AcDbFace
 10
-93.06514806644628
 20
54.23787475275977
 30
0.0
 11
-93.08429036180006
 21
54.26119970713619
 31
0.0
 12
-93.08429036180006
 22
54.26119970713619
 32
10.0
 13
-93.06514806644628
 23
54.23787475275977
 33
10.0
  0
3DFACE
  5
51B
330
17
100
AcDbEntity
  8
0
100
AcDbFace
 10
-93.08429036180006
 20
54.26119970713619
 30
0.0
 11
-93.10761531617648
 21
54.28034200248997
 31
0.0
 12
-93.10761531617648
 22
54.28034200248997
 32
10.0
 13
-93.08429036180006
 23
54.26119970713619
 33
10.0
  0
3DFACE
  5
51C
330
17
100
AcDbEntity
  8
0
100
AcDbFace
 10
-93.10761531617648
 20
54.28034200248997
 30
0.0
 11
-93.13422656465964
 21
54.294566011145776
 31
0.0
 12
-93.13422656465964
 22
54.294566011145776
 32
10.0
 13
-93.10761531617648
 23
54.28034200248997
 33
10.0
  0
3DFACE
  5
51D
330
17
100
AcDbEntity
  8
0
100
AcDbFace
 10
-93.13422656465964
 20
54.294566011145776
 30
0.0
 11
-93.16310145189411
 21
54.303325112427885
 31
0.0
 12
-93.16310145189411
 22
54.303325112427885
 32
10.0
 13
-93.13422656465964
 23
54.294566011145776
 33
10.0
  0
3DFACE
  5
51E
330
17
100
AcDbEntity
  8
0
100
AcDbFace
 10
-93.16310145189411
 20
54.303325112427885
 30
0.0
 11
-93.19313033215667
 21
54.30628269898619
 31
0.0
 12
-93.19313033215667
 22
54.30628269898619
 32
10.0
 13
-93.16310145189411
 23
54.303325112427885
 33
10.0
  0
3DFACE
  5
51F
330
17
100
AcDbEntity
  8
0
100
AcDbFace
 10
-93.19313033215667
 20
54.30628269898619
 30
0.0
 11
-93.22315921241923
 21
54.303325112427885
 31
0.0
 12
-93.22315921241923
 22
54.303325112427885
 32
10.0
 13
-93.19313033215667
 23
54.30628269898619
 33
10.0
  0
3DFACE
  5
520
330
17
100
AcDbEntity
  8
0
100
AcDbFace
 10
-93.22315921241923
 20
54.303325112427885
 30
0.0
 11
-93.2520340996537
 21
54.294566011145776
 31
0.0
 12
-93.2520340996537
 22
54.294566011145776
 32
10.0
 13
-93.22315921241923
 23
54.303325112427885
 33
10.0
  0
3DFACE
  5
521
330
17
100
AcDbEntity
  8
0
100
AcDbFace
 10
-93.2520340996537
 20
54.294566011145776
 30
0.0
 11
-93.27864534813686
 21
54.28034200248997
 31
0.0
 12
-93.27864534813686
 22
54.28034200248997
 32
10.0
 13
-93.2520340996537
 23
54.294566011145776
 33
10.0
  0
3DFACE
  5
522
330
17
100
AcDbEntity
  8
0
100
AcDbFace
 10
-93.27864534813686
 20
54.28034200248997
 30
0.0
 11
-93.30197030251328
 21
54.26119970713619
 31
0.0
 12
-93.30197030251328
 22
54.26119970713619
 32
10.0
 13
-93.27864534813686
 23
54.28034200248997
 33
10.0
  0
3DFACE
  5
523
330
17
100
AcDbEntity
  8
0
100
AcDbFace
 10
-93.30197030251328
 20
54.26119970713619
 30
0.0
 11
-93.32111259786706
 21
54.23787475275977
 31
0.0
 12
-93.32111259786706
 22
54.23787475275977
 32
10.0
 13
-93.30197030251328
 23
54.26119970713619
 33
10.0
  0
3DFACE
  5
524
330
17
100
AcDbEntity
  8
0
100
AcDbFace
 10
-93.32111259786706
 20
54.23787475275977
 30
0.0
 11
-93.33533660652286
 21
54.21126350427661
 31
0.0
 12
-93.33533660652286
 22
54.21126350427661
 32
10.0
 13
-93.32111259786706
 23
54.23787475275977
 33
10.0
  0
3DFACE
  5
525
330
17
100
AcDbEntity
  8
0
100
AcDbFace
 10
-93.33533660652286
 20
54.21126350427661
 30
0.0
 11
-93.34409570780497
 21
54.18238861704215
 31
0.0
 12
-93.34409570780497
 22
54.18238861704215
 32
10.0
 13
-93.33533660652286
 23
54.21126350427661
 33
10.0
  0
3DFACE
  5
526
330
17
100
AcDbEntity
  8
0
100
AcDbFace
 10
-93.34409570780497
 20
54.18238861704215
 30
0.0
 11
-93.34705329436326
 21
54.15235973677959
 31
0.0
 12
-93.34705329436326
 22
54.15235973677959
 32
10.0
 13
-93.34409570780497
 23
54.18238861704215
 33
10.0
  0
3DFACE
  5
527
330
17
100
AcDbEntity
  8
0
100
AcDbFace
 10
-93.34705329436326
 20
54.15235973677959
 30
0.0
 11
-93.34409570780497
 21
54.122330856517024
 31
0.0
 12
-93.34409570780497
 22
54.122330856517024
 32
10.0
 13
-93.34705329436326
 23
54.15235973677959
 33
10.0
  0
3DFACE
  5
528
330
17
100
AcDbEntity
  8
0
100
AcDbFace
 10
-93.34409570780497
 20
54.122330856517024
 30
0.0
 11
-93.33533660652286
 21
54.093455969282566
 31
0.0
 12
-93.33533660652286
 22
54.093455969282566
 32
10.0
 13
-93.34409570780497
 23
54.122330856517024
 33
10.0
  0
3DFACE
  5
529
330
17
100
AcDbEntity
  8
0
100
AcDbFace
 10
-93.33533660652286
 20
54.093455969282566
 30
0.0
 11
-93.32111259786706
 21
54.0668447207994
 31
0.0
 12
-93.32111259786706
 22
54.0668447207994
 32
10.0
 13
-93.33533660652286
 23
54.093455969282566
 33
10.0
  0
3DFACE
  5
52A
330
17
100
AcDbEntity
  8
0
100
AcDbFace
 10
-93.32111259786706
 20
54.0668447207994
 30
0.0
 11
-93.30197030251328
 21
54.04351976642298
 31
0.0
 12
-93.30197030251328
 22
54.04351976642298
 32
10.0
 13
-93.32111259786706
 23
54.0668447207994
 33
10.0
  0
3DFACE
  5
52B
330
17
100
AcDbEntity
  8
0
100
AcDbFace
 10
-93.30197030251328
 20
54.04351976642298
 30
0.0
 11
-93.27864534813686
 21
54.02437747106921
 31
0.0
 12
-93.27864534813686
 22
54.02437747106921
 32
10.0
 13
-93.30197030251328
 23
54.04351976642298
 33
10.0
  0
3DFACE
  5
52C
330
17
100
AcDbEntity
  8
0
100
AcDbFace
 10
-93.27864534813686
 20
54.02437747106921
 30
0.0
 11
-93.2520340996537
 21
54.0101534624134
 31
0.0
 12
-93.2520340996537
 22
54.0101534624134
 32
10.0
 13
-93.27864534813686
 23
54.02437747106921
 33
10.0
  0
3DFACE
  5
52D
330
17
100
AcDbEntity
  8
0
100
AcDbFace
 10
-93.2520340996537
 20
54.0101534624134
 30
0.0
 11
-93.22315921241923
 21
54.00139436113129
 31
0.0
 12
-93.22315921241923
 22
54.00139436113129
 32
10.0
 13
-93.2520340996537
 23
54.0101534624134
 33
10.0
  0
3DFACE
  5
52E
330
17
100
AcDbEntity
  8
0
100
AcDbFace
 10
-93.22315921241923
 20
54.00139436113129
 30
0.0
 11
-93.19313033215667
 21
53.99843677457299
 31
0.0
 12
-93.19313033215667
 22
53.99843677457299
 32
10.0
 13
-93.22315921241923
 23
54.00139436113129
 33
10.0
  0
3DFACE
  5
52F
330
17
100
AcDbEntity
  8
0
100
AcDbFace
 10
-93.19313033215667
 20
53.99843677457299
 30
0.0
 11
-93.16310145189411
 21
54.00139436113129
 31
0.0
 12
-93.16310145189411
 22
54.00139436113129
 32
10.0
 13
-93.19313033215667
 23
53.99843677457299
 33
10.0
  0
3DFACE
  5
530
330
17
100
AcDbEntity
  8
0
100
AcDbFace
 10
-93.16310145189411
 20
54.00139436113129
 30
0.0
 11
-93.13422656465964
 21
54.0101534624134
 31
0.0
 12
-93.13422656465964
 22
54.0101534624134
 32
10.0
 13
-93.16310145189411
 23
54.00139436113129
 33
10.0
  0
3DFACE
  5
531
330
17
100
AcDbEntity
  8
0
100
AcDbFace
 10
-93.13422656465964
 20
54.0101534624134
 30
0.0
 11
-93.10761531617648
 21
54.02437747106921
 31
0.0
 12
-93.10761531617648
 22
54.02437747106921
 32
10.0
 13
-93.13422656465964
 23
54.0101534624134
 33
10.0
  0
3DFACE
  5
532
330
17
100
AcDbEntity
  8
0
100
AcDbFace
 10
-93.10761531617648
 20
54.02437747106921
 30
0.0
 11
-93.08429036180006
 21
54.04351976642298
 31
0.0
 12
-93.08429036180006
 22
54.04351976642298
 32
10.0
 13
-93.10761531617648
 23
54.02437747106921
 33
10.0
  0
3DFACE
  5
533
330
17
100
AcDbEntity
  8
0
100
AcDbFace
 10
-93.08429036180006
 20
54.04351976642298
 30
0.0
 11
-93.06514806644628
 21
54.0668447207994
 31
0.0
 12
-93.06514806644628
 22
54.0668447207994
 32
10.0
 13
-93.08429036180006
 23
54.04351976642298
 33
10.0
  0
3DFACE
  5
534
330
17
100
AcDbEntity
  8
0
100
AcDbFace
 10
-93.06514806644628
 20
54.0668447207994
 30
0.0
 11
-93.05092405779048
 21
54.093455969282566
 31
0.0
 12
-93.05092405779048
 22
54.093455969282566
 32
10.0
 13
-93.06514806644628
 23
54.0668447207994
 33
10.0
  0
3DFACE
  5
535
330
17
100
AcDbEntity
  8
0
100
AcDbFace
 10
-93.05092405779048
 20
54.093455969282566
 30
0.0
 11
-93.04216495650837
 21
54.122330856517024
 31
0.0
 12
-93.04216495650837
 22
54.122330856517024
 32
10.0
 13
-93.05092405779048
 23
54.093455969282566
 33
10.0
  0
3DFACE
  5
536
330
17
100
AcDbEntity
  8
0
100
AcDbFace
 10
-93.04216495650837
 20
54.122330856517024
 30
0.0
 11
-93.03920736995008
 21
54.15235973677959
 31
0.0
 12
-93.03920736995008
 22
54.15235973677959
 32
10.0
 13
-93.04216495650837
 23
54.122330856517024
 33
10.0
  0
3DFACE
  5
537
330
17
100
AcDbEntity
  8
0
100
AcDbFace
 10
-26.88619603198921
 20
77.09629939633068
 30
0.0
 11
-24.88619603198921
 21
77.09629939633068
 31
0.0
 12
-24.88619603198921
 22
76.09629939633133
 32
0.0
 13
-24.88619603198921
 23
76.09629939633133
 33
0.0
  0
3DFACE
  5
538
330
17
100
AcDbEntity
  8
0
100
AcDbFace
 10
-26.88619603198921
 20
77.09629939633068
 30
0.0
 11
-24.88619603198921
 21
76.09629939633133
 31
0.0
 12
-22.88017658378165
 22
76.09629939633133
 32
0.0
 13
-22.88017658378165
 23
76.09629939633133
 33
0.0
  0
3DFACE
  5
539
330
17
100
AcDbEntity
  8
0
100
AcDbFace
 10
-26.88619603198921
 20
77.09629939633068
 30
0.0
 11
-22.88017658378165
 21
76.09629939633133
 31
0.0
 12
-23.01119603198927
 22
78.59629939633122
 32
0.0
 13
-23.01119603198927
 23
78.59629939633122
 33
0.0
  0
3DFACE
  5
53A
330
17
100
AcDbEntity
  8
0
100
AcDbFace
 10
-26.88619603198921
 20
77.09629939633068
 30
0.0
 11
-23.01119603198927
 21
78.59629939633122
 31
0.0
 12
-26.88619603198921
 22
78.59629939633122
 32
0.0
 13
-26.88619603198921
 23
78.59629939633122
 33
0.0
  0
3DFACE
  5
53B
330
17
100
AcDbEntity
  8
0
100
AcDbFace
 10
-26.88619603198921
 20
77.09629939633068
 30
10.0
 11
-24.88619603198921
 21
77.09629939633068
 31
10.0
 12
-24.88619603198921
 22
76.09629939633133
 32
10.0
 13
-24.88619603198921
 23
76.09629939633133
 33
10.0
  0
3DFACE
  5
53C
330
17
100
AcDbEntity
  8
0
100
AcDbFace
 10
-26.88619603198921
 20
77.09629939633068
 30
10.0
 11
-24.88619603198921
 21
76.09629939633133
 31
10.0
 12
-22.88017658378165
 22
76.09629939633133
 32
10.0
 13
-22.88017658378165
 23
76.09629939633133
 33
10.0
  0
3DFACE
  5
53D
330
17
100
AcDbEntity
  8
0
100
AcDbFace
 10
-26.88619603198921
 20
77.09629939633068
 30
10.0
 11
-22.88017658378165
 21
76.09629939633133
 31
10.0
 12
-23.01119603198927
 22
78.59629939633122
 32
10.0
 13
-23.01119603198927
 23
78.59629939633122
 33
10.0
  0
3DFACE
  5
53E
330
17
100
AcDbEntity
  8
0
100
AcDbFace
 10
-26.88619603198921
 20
77.09629939633068
 30
10.0
 11
-23.01119603198927
 21
78.59629939633122
 31
10.0
 12
-26.88619603198921
 22
78.59629939633122
 32
10.0
 13
-26.88619603198921
 23
78.59629939633122
 33
10.0
  0
3DFACE
  5
53F
330
17
100
AcDbEntity
  8
0
100
AcDbFace
 10
-26.88619603198921
 20
77.09629939633068
 30
0.0
 11
-24.88619603198921
 21
77.09629939633068
 31
0.0
 12
-24.88619603198921
 22
77.09629939633068
 32
10.0
 13
-26.88619603198921
 23
77.09629939633068
 33
10.0
  0
3DFACE
  5
540
330
17
100
AcDbEntity
  8
0
100
AcDbFace
 10
-24.88619603198921
 20
77.09629939633068
 30
0.0
 11
-24.88619603198921
 21
76.09629939633133
 31
0.0
 12
-24.88619603198921
 22
76.09629939633133
 32
10.0
 13
-24.88619603198921
 23
77.09629939633068
 33
10.0
  0
3DFACE
  5
541
330
17
100
AcDbEntity
  8
0
100
AcDbFace
 10
-24.88619603198921
 20
76.09629939633133
 30
0.0
 11
-22.88017658378165
 21
76.09629939633133
 31
0.0
 12
-22.88017658378165
 22
76.09629939633133
 32
10.0
 13
-24.88619603198921
 23
76.09629939633133
 33
10.0
  0
3DFACE
  5
542
330
17
100
AcDbEntity
  8
0
100
AcDbFace
 10
-22.88017658378165
 20
76.09629939633133
 30
0.0
 11
-23.01119603198927
 21
78.59629939633122
 31
0.0
 12
-23.01119603198927
 22
78.59629939633122
 32
10.0
 13
-22.88017658378165
 23
76.09629939633133
 33
10.0
  0
3DFACE
  5
543
330
17
100
AcDbEntity
  8
0
100
AcDbFace
 10
-23.01119603198927
 20
78.59629939633122
 30
0.0
 11
-26.88619603198921
 21
78.59629939633122
 31
0.0
 12
-26.88619603198921
 22
78.59629939633122
 32
10.0
 13
-23.01119603198927
 23
78.59629939633122
 33
10.0
  0
3DFACE
  5
544
330
17
100
AcDbEntity
  8
0
100
AcDbFace
 10
-26.88619603198921
 20
78.59629939633122
 30
0.0
 11
-26.88619603198921
 21
77.09629939633068
 31
0.0
 12
-26.88619603198921
 22
77.09629939633068
 32
10.0
 13
-26.88619603198921
 23
78.59629939633122
 33
10.0
  0
3DFACE
  5
545
330
17
100
AcDbEntity
  8
0
100
AcDbFace
 10
-22.88017658378165
 20
55.97445607835898
 30
0.0
 11
-23.24804140721149
 21
59.47445607835886
 31
0.0
 12
-27.26119603198921
 22
59.47445607835886
 32
0.0
 13
-27.26119603198921
 23
59.47445607835886
 33
0.0
  0
3DFACE
  5
546
330
17
100
AcDbEntity
  8
0
100
AcDbFace
 10
-22.88017658378165
 20
55.97445607835898
 30
0.0
 11
-27.26119603198921
 21
59.47445607835886
 31
0.0
 12
-27.26119603198921
 22
55.97445607835898
 32
0.0
 13
-27.26119603198921
 23
55.97445607835898
 33
0.0
  0
3DFACE
  5
547
330
17
100
AcDbEntity
  8
0
100
AcDbFace
 10
-22.88017658378165
 20
55.97445607835898
 30
10.0
 11
-23.24804140721149
 21
59.47445607835886
 31
10.0
 12
-27.26119603198921
 22
59.47445607835886
 32
10.0
 13
-27.26119603198921
 23
59.47445607835886
 33
10.0
  0
3DFACE
  5
548
330
17
100
AcDbEntity
  8
0
100
AcDbFace
 10
-22.88017658378165
 20
55.97445607835898
 30
10.0
 11
-27.26119603198921
 21
59.47445607835886
 31
10.0
 12
-27.26119603198921
 22
55.97445607835898
 32
10.0
 13
-27.26119603198921
 23
55.97445607835898
 33
10.0
  0
3DFACE
  5
549
330
17
100
AcDbEntity
  8
0
100
AcDbFace
 10
-22.88017658378165
 20
55.97445607835898
 30
0.0
 11
-23.24804140721149
 21
59.47445607835886
 31
0.0
 12
-23.24804140721149
 22
59.47445607835886
 32
10.0
 13
-22.88017658378165
 23
55.97445607835898
 33
10.0
  0
3DFACE
  5
54A
330
17
100
AcDbEntity
  8
0
100
AcDbFace
 10
-23.24804140721149
 20
59.47445607835886
 30
0.0
 11
-27.26119603198921
 21
59.47445607835886
 31
0.0
 12
-27.26119603198921
 22
59.47445607835886
 32
10.0
 13
-23.24804140721149
 23
59.47445607835886
 33
10.0
  0
3DFACE
  5
54B
330
17
100
AcDbEntity
  8
0
100
AcDbFace
 10
-27.26119603198921
 20
59.47445607835886
 30
0.0
 11
-27.26119603198921
 21
55.97445607835898
 31
0.0
 12
-27.26119603198921
 22
55.97445607835898
 32
10.0
 13
-27.26119603198921
 23
59.47445607835886
 33
10.0
  0
3DFACE
  5
54C
330
17
100
AcDbEntity
  8
0
100
AcDbFace
 10
-27.26119603198921
 20
55.97445607835898
 30
0.0
 11
-22.88017658378165
 21
55.97445607835898
 31
0.0
 12
-22.88017658378165
 22
55.97445607835898
 32
10.0
 13
-27.26119603198921
 23
55.97445607835898
 33
10.0
  0
3DFACE
  5
54D
330
17
100
AcDbEntity
  8
0
100
AcDbFace
 10
-20.8411836190234
 20
38.76413349771381
 30
0.0
 11
-24.34118361902325
 21
42.2641334977137
 31
0.0
 12
-28.34118361902325
 22
42.2641334977137
 32
0.0
 13
-28.34118361902325
 23
42.2641334977137
 33
0.0
  0
3DFACE
  5
54E
330
17
100
AcDbEntity
  8
0
100
AcDbFace
 10
-20.8411836190234
 20
38.76413349771381
 30
0.0
 11
-28.34118361902325
 21
42.2641334977137
 31
0.0
 12
-28.34118361902325
 22
38.76413349771381
 32
0.0
 13
-28.34118361902325
 23
38.76413349771381
 33
0.0
  0
3DFACE
  5
54F
330
17
100
AcDbEntity
  8
0
100
AcDbFace
 10
-20.8411836190234
 20
38.76413349771381
 30
10.0
 11
-24.34118361902325
 21
42.2641334977137
 31
10.0
 12
-28.34118361902325
 22
42.2641334977137
 32
10.0
 13
-28.34118361902325
 23
42.2641334977137
 33
10.0
  0
3DFACE
  5
550
330
17
100
AcDbEntity
  8
0
100
AcDbFace
 10
-20.8411836190234
 20
38.76413349771381
 30
10.0
 11
-28.34118361902325
 21
42.2641334977137
 31
10.0
 12
-28.34118361902325
 22
38.76413349771381
 32
10.0
 13
-28.34118361902325
 23
38.76413349771381
 33
10.0
  0
3DFACE
  5
551
330
17
100
AcDbEntity
  8
0
100
AcDbFace
 10
-20.8411836190234
 20
38.76413349771381
 30
0.0
 11
-24.34118361902325
 21
42.2641334977137
 31
0.0
 12
-24.34118361902325
 22
42.2641334977137
 32
10.0
 13
-20.8411836190234
 23
38.76413349771381
 33
10.0
  0
3DFACE
  5
552
330
17
100
AcDbEntity
  8
0
100
AcDbFace
 10
-24.34118361902325
 20
42.2641334977137
 30
0.0
 11
-28.34118361902325
 21
42.2641334977137
 31
0.0
 12
-28.34118361902325
 22
42.2641334977137
 32
10.0
 13
-24.34118361902325
 23
42.2641334977137
 33
10.0
  0
3DFACE
  5
553
330
17
100
AcDbEntity
  8
0
100
AcDbFace
 10
-28.34118361902325
 20
42.2641334977137
 30
0.0
 11
-28.34118361902325
 21
38.76413349771381
 31
0.0
 12
-28.34118361902325
 22
38.76413349771381
 32
10.0
 13
-28.34118361902325
 23
42.2641334977137
 33
10.0
  0
3DFACE
  5
554
330
17
100
AcDbEntity
  8
0
100
AcDbFace
 10
-28.34118361902325
 20
38.76413349771381
 30
0.0
 11
-20.8411836190234
 21
38.76413349771381
 31
0.0
 12
-20.8411836190234
 22
38.76413349771381
 32
10.0
 13
-28.34118361902325
 23
38.76413349771381
 33
10.0
  0
ENDSEC
  0
SECTION
  2
OBJECTS
  0
DICTIONARY
  5
A
330
0
100
AcDbDictionary
281
1
  3
ACAD_COLOR
350
B
  3
ACAD_GROUP
350
C
  3
ACAD_LAYOUT
350
D
  3
ACAD_MATERIAL
350
E
  3
ACAD_MLEADERSTYLE
350
F
  3
ACAD_MLINESTYLE
350
10
  3
ACAD_PLOTSETTINGS
350
11
  3
ACAD_PLOTSTYLENAME
350
12
  3
ACAD_SCALELIST
350
14
  3
ACAD_TABLESTYLE
350
15
  3
ACAD_VISUALSTYLE
350
16
  3
EZDXF_META
350
2D
  0
DICTIONARY
  5
B
330
A
100
AcDbDictionary
281
1
  0
DICTIONARY
  5
C
330
A
100
AcDbDictionary
281
1
  0
DICTIONARY
  5
D
330
A
100
AcDbDictionary
281
1
  3
Model
350
1A
  3
Layout1
350
1E
  0
DICTIONARY
  5
E
330
A
100
AcDbDictionary
281
1
  3
ByBlock
350
1F
  3
ByLayer
350
20
  3
Global
350
21
  0
DICTIONARY
  5
F
330
A
100
AcDbDictionary
281
1
  3
Standard
350
2C
  0
DICTIONARY
  5
10
330
A
100
AcDbDictionary
281
1
  3
Standard
350
22
  0
DICTIONARY
  5
11
330
A
100
AcDbDictionary
281
1
  0
ACDBDICTIONARYWDFLT
  5
12
330
A
100
AcDbDictionary
281
1
  3
Normal
350
13
100
AcDbDictionaryWithDefault
340
13
  0
ACDBPLACEHOLDER
  5
13
330
12
  0
DICTIONARY
  5
14
330
A
100
AcDbDictionary
281
1
  0
DICTIONARY
  5
15
330
A
100
AcDbDictionary
281
1
  0
DICTIONARY
  5
16
330
A
100
AcDbDictionary
281
1
  0
LAYOUT
  5
1A
330
D
100
AcDbPlotSettings
  1

  4
A3
  6

 40
7.5
 41
20.0
 42
7.5
 43
20.0
 44
420.0
 45
297.0
 46
0.0
 47
0.0
 48
0.0
 49
0.0
140
0.0
141
0.0
142
1.0
143
1.0
 70
1024
 72
1
 73
0
 74
5
  7

 75
16
 76
0
 77
2
 78
300
147
1.0
148
0.0
149
0.0
100
AcDbLayout
  1
Model
 70
1
 71
0
 10
0.0
 20
0.0
 11
420.0
 21
297.0
 12
0.0
 22
0.0
 32
0.0
 14
1e+20
 24
1e+20
 34
1e+20
 15
-1e+20
 25
-1e+20
 35
-1e+20
146
0.0
 13
0.0
 23
0.0
 33
0.0
 16
1.0
 26
0.0
 36
0.0
 17
0.0
 27
1.0
 37
0.0
 76
1
330
17
  0
LAYOUT
  5
1E
330
D
100
AcDbPlotSettings
  1

  4
A3
  6

 40
7.5
 41
20.0
 42
7.5
 43
20.0
 44
420.0
 45
297.0
 46
0.0
 47
0.0
 48
0.0
 49
0.0
140
0.0
141
0.0
142
1.0
143
1.0
 70
0
 72
1
 73
0
 74
5
  7

 75
16
 76
0
 77
2
 78
300
147
1.0
148
0.0
149
0.0
100
AcDbLayout
  1
Layout1
 70
1
 71
1
 10
0.0
 20
0.0
 11
420.0
 21
297.0
 12
0.0
 22
0.0
 32
0.0
 14
1e+20
 24
1e+20
 34
1e+20
 15
-1e+20
 25
-1e+20
 35
-1e+20
146
0.0
 13
0.0
 23
0.0
 33
0.0
 16
1.0
 26
0.0
 36
0.0
 17
0.0
 27
1.0
 37
0.0
 76
1
330
1B
  0
MATERIAL
  5
1F
102
{ACAD_REACTORS
330
E
102
}
330
E
100
AcDbMaterial
  1
ByBlock
  2

 70
0
 40
1.0
 71
1
 41
1.0
 91
-1023410177
 42
1.0
 72
1
  3

 73
1
 74
1
 75
1
 44
0.5
 73
0
 45
1.0
 46
1.0
 77
1
  4

 78
1
 79
1
170
1
 48
1.0
171
1
  6

172
1
173
1
174
1
140
1.0
141
1.0
175
1
  7

176
1
177
1
178
1
143
1.0
179
1
  8

270
1
271
1
272
1
145
1.0
146
1.0
273
1
  9

274
1
275
1
276
1
 42
1.0
 72
1
  3

 73
1
 74
1
 75
1
 94
63
  0
MATERIAL
  5
20
102
{ACAD_REACTORS
330
E
102
}
330
E
100
AcDbMaterial
  1
ByLayer
  2

 70
0
 40
1.0
 71
1
 41
1.0
 91
-1023410177
 42
1.0
 72
1
  3

 73
1
 74
1
 75
1
 44
0.5
 73
0
 45
1.0
 46
1.0
 77
1
  4

 78
1
 79
1
170
1
 48
1.0
171
1
  6

172
1
173
1
174
1
140
1.0
141
1.0
175
1
  7

176
1
177
1
178
1
143
1.0
179
1
  8

270
1
271
1
272
1
145
1.0
146
1.0
273
1
  9

274
1
275
1
276
1
 42
1.0
 72
1
  3

 73
1
 74
1
 75
1
 94
63
  0
MATERIAL
  5
21
102
{ACAD_REACTORS
330
E
102
}
330
E
100
AcDbMaterial
  1
Global
  2

 70
0
 40
1.0
 71
1
 41
1.0
 91
-1023410177
 42
1.0
 72
1
  3

 73
1
 74
1
 75
1
 44
0.5
 73
0
 45
1.0
 46
1.0
 77
1
  4

 78
1
 79
1
170
1
 48
1.0
171
1
  6

172
1
173
1
174
1
140
1.0
141
1.0
175
1
  7

176
1
177
1
178
1
143
1.0
179
1
  8

270
1
271
1
272
1
145
1.0
146
1.0
273
1
  9

274
1
275
1
276
1
 42
1.0
 72
1
  3

 73
1
 74
1
 75
1
 94
63
  0
MLINESTYLE
  5
22
102
{ACAD_REACTORS
330
10
102
}
330
10
100
AcDbMlineStyle
  2
Standard
 70
0
  3

 62
256
 51
90.0
 52
90.0
 71
2
 49
0.5
 62
256
  6
BYLAYER
 49
-0.5
 62
256
  6
BYLAYER
  0
MLEADERSTYLE
  5
2C
102
{ACAD_REACTORS
330
F
102
}
330
F
100
AcDbMLeaderStyle
179
2
170
2
171
1
172
0
 90
2
 40
0.0
 41
0.0
173
1
 91
-1056964608
 92
-2
290
1
 42
2.0
291
1
 43
8.0
  3
Standard
 44
4.0
300

342
29
174
1
175
1
176
0
178
1
 93
-1056964608
 45
4.0
292
0
297
0
 46
4.0
 94
-1056964608
 47
1.0
 49
1.0
140
1.0
294
1
141
0.0
177
0
142
1.0
295
0
296
0
143
3.75
271
0
272
9
273
9
  0
DICTIONARY
  5
2D
330
A
100
AcDbDictionary
280
1
281
1
  3
CREATED_BY_EZDXF
350
2E
  3
WRITTEN_BY_EZDXF
350
557
  0
DICTIONARYVAR
  5
2E
330
2D
100
DictionaryVariables
280
0
  1
1.4.4 @ 2026-08-12T10:34:03.382886+00:00
  0
DICTIONARYVAR
  5
557
330
2D
100
DictionaryVariables
280
0
  1
1.4.4 @ 2026-08-12T10:34:03.451541+00:00
  0
ENDSEC
  0
EOF
