  0
SECTION
  2
HEADER
  9
$ACADVER
  1
AC1018
  9
$ACADMAINTVER
 70
     0
  9
$DWGCODEPAGE
  3
ANSI_1252
  9
$LASTSAVEDBY
  1
SYSTEM
  9
$INSBASE
 10
0.0
 20
0.0
 30
0.0
  9
$EXTMIN
 10
1.000000000000000E+20
 20
1.000000000000000E+20
 30
1.000000000000000E+20
  9
$EXTMAX
 10
-1.000000000000000E+20
 20
-1.000000000000000E+20
 30
-1.000000000000000E+20
  9
$LIMMIN
 10
0.0
 20
0.0
  9
$LIMMAX
 10
12.0
 20
9.0
  9
$ORTHOMODE
 70
     0
  9
$REGENMODE
 70
     1
  9
$FILLMODE
 70
     1
  9
$QTEXTMODE
 70
     0
  9
$MIRRTEXT
 70
     1
  9
$LTSCALE
 40
1.0
  9
$ATTMODE
 70
     1
  9
$TEXTSIZE
 40
0.2
  9
$TRACEWID
 40
0.05
  9
$TEXTSTYLE
  7
STEVE
  9
$CLAYER
  8
CONSTRUCTION
  9
$CELTYPE
  6
BYLAYER
  9
$CECOLOR
 62
   256
  9
$CELTSCALE
 40
1.0
  9
$DISPSILH
 70
     0
  9
$DIMSCALE
 40
1.0
  9
$DIMASZ
 40
0.18
  9
$DIMEXO
 40
0.0625
  9
$DIMDLI
 40
0.38
  9
$DIMRND
 40
0.0
  9
$DIMDLE
 40
0.0
  9
$DIMEXE
 40
0.18
  9
$DIMTP
 40
0.0
  9
$DIMTM
 40
0.0
  9
$DIMTXT
 40
0.18
  9
$DIMCEN
 40
0.09
  9
$DIMTSZ
 40
0.0
  9
$DIMTOL
 70
     0
  9
$DIMLIM
 70
     0
  9
$DIMTIH
 70
     1
  9
$DIMTOH
 70
     1
  9
$DIMSE1
 70
     0
  9
$DIMSE2
 70
     0
  9
$DIMTAD
 70
     0
  9
$DIMZIN
 70
     0
  9
$DIMBLK
  1

  9
$DIMASO
 70
     1
  9
$DIMSHO
 70
     1
  9
$DIMPOST
  1

  9
$DIMAPOST
  1

  9
$DIMALT
 70
     0
  9
$DIMALTD
 70
     2
  9
$DIMALTF
 40
25.4
  9
$DIMLFAC
 40
1.0
  9
$DIMTOFL
 70
     0
  9
$DIMTVP
 40
0.0
  9
$DIMTIX
 70
     0
  9
$DIMSOXD
 70
     0
  9
$DIMSAH
 70
     0
  9
$DIMBLK1
  1

  9
$DIMBLK2
  1

  9
$DIMSTYLE
  2
STANDARD
  9
$DIMCLRD
 70
     0
  9
$DIMCLRE
 70
     0
  9
$DIMCLRT
 70
     0
  9
$DIMTFAC
 40
1.0
  9
$DIMGAP
 40
0.09
  9
$DIMJUST
 70
     0
  9
$DIMSD1
 70
     0
  9
$DIMSD2
 70
     0
  9
$DIMTOLJ
 70
     1
  9
$DIMTZIN
 70
     0
  9
$DIMALTZ
 70
     0
  9
$DIMALTTZ
 70
     0
  9
$DIMUPT
 70
     0
  9
$DIMDEC
 70
     4
  9
$DIMTDEC
 70
     4
  9
$DIMALTU
 70
     2
  9
$DIMALTTD
 70
     2
  9
$DIMTXSTY
  7
STANDARD
  9
$DIMAUNIT
 70
     0
  9
$DIMADEC
 70
     0
  9
$DIMALTRND
 40
0.0
  9
$DIMAZIN
 70
     0
  9
$DIMDSEP
 70
    46
  9
$DIMATFIT
 70
     3
  9
$DIMFRAC
 70
     0
  9
$DIMLDRBLK
  1

  9
$DIMLUNIT
 70
     2
  9
$DIMLWD
 70
    -2
  9
$DIMLWE
 70
    -2
  9
$DIMTMOVE
 70
     2
  9
$LUNITS
 70
     2
  9
$LUPREC
 70
     4
  9
$SKETCHINC
 40
0.1
  9
$FILLETRAD
 40
0.0
  9
$AUNITS
 70
     0
  9
$AUPREC
 70
     0
  9
$MENU
  1
.
  9
$ELEVATION
 40
0.0
  9
$PELEVATION
 40
0.0
  9
$THICKNESS
 40
0.0
  9
$LIMCHECK
 70
     0
  9
$CHAMFERA
 40
0.0
  9
$CHAMFERB
 40
0.0
  9
$CHAMFERC
 40
0.0
  9
$CHAMFERD
 40
0.0
  9
$SKPOLY
 70
     0
  9
$TDCREATE
 40
2461253.377921655
  9
$TDUCREATE
 40
2461253.586254988
  9
$TDUPDATE
 40
2461253.377966817
  9
$TDUUPDATE
 40
2461253.58630015
  9
$TDINDWG
 40
0.0000000116
  9
$TDUSRTIMER
 40
0.0000000116
  9
$USRTIMER
 70
     1
  9
$ANGBASE
 50
0.0
  9
$ANGDIR
 70
     0
  9
$PDMODE
 70
     0
  9
$PDSIZE
 40
0.0
  9
$PLINEWID
 40
0.0
  9
$SPLFRAME
 70
     0
  9
$SPLINETYPE
 70
     6
  9
$SPLINESEGS
 70
     8
  9
$HANDSEED
  5
1866
  9
$SURFTAB1
 70
     6
  9
$SURFTAB2
 70
     6
  9
$SURFTYPE
 70
     6
  9
$SURFU
 70
     6
  9
$SURFV
 70
     6
  9
$UCSBASE
  2

  9
$UCSNAME
  2

  9
$UCSORG
 10
0.0
 20
0.0
 30
0.0
  9
$UCSXDIR
 10
1.0
 20
0.0
 30
0.0
  9
$UCSYDIR
 10
0.0
 20
1.0
 30
0.0
  9
$UCSORTHOREF
  2

  9
$UCSORTHOVIEW
 70
     0
  9
$UCSORGTOP
 10
0.0
 20
0.0
 30
0.0
  9
$UCSORGBOTTOM
 10
0.0
 20
0.0
 30
0.0
  9
$UCSORGLEFT
 10
0.0
 20
0.0
 30
0.0
  9
$UCSORGRIGHT
 10
0.0
 20
0.0
 30
0.0
  9
$UCSORGFRONT
 10
0.0
 20
0.0
 30
0.0
  9
$UCSORGBACK
 10
0.0
 20
0.0
 30
0.0
  9
$PUCSBASE
  2

  9
$PUCSNAME
  2

  9
$PUCSORG
 10
0.0
 20
0.0
 30
0.0
  9
$PUCSXDIR
 10
1.0
 20
0.0
 30
0.0
  9
$PUCSYDIR
 10
0.0
 20
1.0
 30
0.0
  9
$PUCSORTHOREF
  2

  9
$PUCSORTHOVIEW
 70
     0
  9
$PUCSORGTOP
 10
0.0
 20
0.0
 30
0.0
  9
$PUCSORGBOTTOM
 10
0.0
 20
0.0
 30
0.0
  9
$PUCSORGLEFT
 10
0.0
 20
0.0
 30
0.0
  9
$PUCSORGRIGHT
 10
0.0
 20
0.0
 30
0.0
  9
$PUCSORGFRONT
 10
0.0
 20
0.0
 30
0.0
  9
$PUCSORGBACK
 10
0.0
 20
0.0
 30
0.0
  9
$USERI1
 70
     0
  9
$USERI2
 70
     0
  9
$USERI3
 70
     0
  9
$USERI4
 70
     0
  9
$USERI5
 70
     0
  9
$USERR1
 40
0.0
  9
$USERR2
 40
0.0
  9
$USERR3
 40
0.0
  9
$USERR4
 40
0.0
  9
$USERR5
 40
0.0
  9
$WORLDVIEW
 70
     1
  9
$SHADEDGE
 70
     3
  9
$SHADEDIF
 70
    70
  9
$TILEMODE
 70
     1
  9
$MAXACTVP
 70
    64
  9
$PINSBASE
 10
0.0
 20
0.0
 30
0.0
  9
$PLIMCHECK
 70
     0
  9
$PEXTMIN
 10
1.000000000000000E+20
 20
1.000000000000000E+20
 30
1.000000000000000E+20
  9
$PEXTMAX
 10
-1.000000000000000E+20
 20
-1.000000000000000E+20
 30
-1.000000000000000E+20
  9
$PLIMMIN
 10
0.0
 20
0.0
  9
$PLIMMAX
 10
12.0
 20
9.0
  9
$UNITMODE
 70
     0
  9
$VISRETAIN
 70
     1
  9
$PLINEGEN
 70
     0
  9
$PSLTSCALE
 70
     1
  9
$TREEDEPTH
 70
  3020
  9
$CMLSTYLE
  2
DEFAULT
  9
$CMLJUST
 70
     0
  9
$CMLSCALE
 40
1.0
  9
$PROXYGRAPHICS
 70
     1
  9
$MEASUREMENT
 70
     0
  9
$CELWEIGHT
370
    -1
  9
$ENDCAPS
280
     0
  9
$JOINSTYLE
280
     0
  9
$LWDISPLAY
290
     1
  9
$INSUNITS
 70
     1
  9
$HYPERLINKBASE
  1

  9
$STYLESHEET
  1

  9
$XEDIT
290
     1
  9
$CEPSNTYPE
380
     0
  9
$PSTYLEMODE
290
     1
  9
$FINGERPRINTGUID
  2
{752a4249-4a9d-4cc0-80d8-61c49ec73bb8}
  9
$VERSIONGUID
  2
{FAEB1C32-E019-11D5-929B-00C0DF256EC4}
  9
$EXTNAMES
290
     1
  9
$PSVPSCALE
 40
0.0
  9
$OLESTARTUP
290
     0
  9
$SORTENTS
280
   127
  9
$INDEXCTL
280
     0
  9
$HIDETEXT
280
     1
  9
$XCLIPFRAME
290
     0
  9
$HALOGAP
280
     0
  9
$OBSCOLOR
 70
   257
  9
$OBSLTYPE
280
     0
  9
$INTERSECTIONDISPLAY
280
     0
  9
$INTERSECTIONCOLOR
 70
   257
  9
$DIMASSOC
280
     2
  9
$PROJECTNAME
  1

  0
ENDSEC
  0
SECTION
  2
CLASSES
  0
CLASS
  1
ACDBDICTIONARYWDFLT
  2
AcDbDictionaryWithDefault
  3
ObjectDBX Classes
 90
        0
 91
        3
280
     0
281
     0
  0
CLASS
  1
VISUALSTYLE
  2
AcDbVisualStyle
  3
ObjectDBX Classes
 90
     4095
 91
        3
280
     0
281
     0
  0
CLASS
  1
MATERIAL
  2
AcDbMaterial
  3
ObjectDBX Classes
 90
     1153
 91
        3
280
     0
281
     0
  0
CLASS
  1
SCALE
  2
AcDbScale
  3
ObjectDBX Classes
 90
     1153
 91
        3
280
     0
281
     0
  0
CLASS
  1
TABLESTYLE
  2
AcDbTableStyle
  3
ObjectDBX Classes
 90
     4095
 91
        3
280
     0
281
     0
  0
CLASS
  1
MLEADERSTYLE
  2
AcDbMLeaderStyle
  3
ACDB_MLEADERSTYLE_CLASS
 90
     4095
 91
        3
280
     0
281
     0
  0
CLASS
  1
SUN
  2
AcDbSun
  3
SCENEOE
 90
     1153
 91
        3
280
     0
281
     0
  0
CLASS
  1
LSINTERNALCOMPONENT
  2
AcDbLSInternalComponent
  3
AcDgnLS
 90
        0
 91
        1
280
     1
281
     0
  0
CLASS
  1
LSDEFINITION
  2
AcDbLSDefinition
  3
AcDgnLS
 90
        0
 91
        1
280
     1
281
     0
  0
CLASS
  1
MULTILEADER
  2
AcDbMLeader
  3
ACDB_MLEADER_CLASS
 90
     1025
 91
        3
280
     0
281
     1
  0
CLASS
  1
DIMASSOC
  2
AcDbDimAssoc
  3
"AcDbDimAssoc|Product Desc:     AcDim ARX App For Dimension|Company:          Autodesk, Inc.|WEB Address:      www.autodesk.com"
 90
        0
 91
        3
280
     0
281
     0
  0
CLASS
  1
DICTIONARYVAR
  2
AcDbDictionaryVar
  3
ObjectDBX Classes
 90
        0
 91
        3
280
     0
281
     0
  0
CLASS
  1
XRECORD
  2
AcDbXrecord
  3
ObjectDBX Classes
 90
        0
 91
        1
280
     0
281
     0
  0
CLASS
  1
LWPOLYLINE
  2
AcDbPolyline
  3
ObjectDBX Classes
 90
        0
 91
        1
280
     0
281
     1
  0
CLASS
  1
HATCH
  2
AcDbHatch
  3
ObjectDBX Classes
 90
        0
 91
        1
280
     0
281
     1
  0
CLASS
  1
ACDBPLACEHOLDER
  2
AcDbPlaceHolder
  3
ObjectDBX Classes
 90
        0
 91
        1
280
     0
281
     0
  0
CLASS
  1
LAYOUT
  2
AcDbLayout
  3
ObjectDBX Classes
 90
        0
 91
        1
280
     0
281
     0
  0
CLASS
  1
CELLSTYLEMAP
  2
AcDbCellStyleMap
  3
ObjectDBX Classes
 90
     1152
 91
        3
280
     0
281
     0
  0
ENDSEC
  0
SECTION
  2
TABLES
  0
TABLE
  2
VPORT
  5
ED7
102
{ACAD_XDICTIONARY
360
1822
102
}
330
0
100
AcDbSymbolTable
 70
     1
  0
VPORT
  5
EF7
330
ED7
100
AcDbSymbolTableRecord
100
AcDbViewportTableRecord
  2
*ACTIVE
 70
     0
 10
0.0
 20
0.0
 11
1.0
 21
1.0
 12
0.0
 22
0.0
 13
0.0
 23
0.0
 14
0.5
 24
0.5
 15
0.5
 25
0.5
 16
0.0
 26
0.0
 36
1.0
 17
-69.13850393700787
 27
46.27650393700787
 37
0.0
 40
98.28
 41
2.073647871116226
 42
50.0
 43
0.0
 44
0.0
 50
0.0
 51
0.0
 71
     0
 72
   100
 73
     1
 74
     3
 75
     0
 76
     0
 77
     0
 78
     0
281
     0
 65
     1
110
0.0
120
0.0
130
0.0
111
1.0
121
0.0
131
0.0
112
0.0
122
1.0
132
0.0
 79
     0
146
0.0
  0
ENDTAB
  0
TABLE
  2
LTYPE
  5
ED4
330
0
100
AcDbSymbolTable
 70
     8
  0
LTYPE
  5
EE2
330
ED4
100
AcDbSymbolTableRecord
100
AcDbLinetypeTableRecord
  2
BYBLOCK
 70
     0
  3

 72
    65
 73
     0
 40
0.0
  0
LTYPE
  5
EE3
330
ED4
100
AcDbSymbolTableRecord
100
AcDbLinetypeTableRecord
  2
BYLAYER
 70
     0
  3

 72
    65
 73
     0
 40
0.0
  0
LTYPE
  5
EE4
330
ED4
100
AcDbSymbolTableRecord
100
AcDbLinetypeTableRecord
  2
CONTINUOUS
 70
     0
  3
Solid line
 72
    65
 73
     0
 40
0.0
  0
LTYPE
  5
F2C
102
{ACAD_XDICTIONARY
360
F2F
102
}
330
ED4
100
AcDbSymbolTableRecord
100
AcDbLinetypeTableRecord
  2
DGN1
 70
     0
  3
internal stroke component
 72
    65
 73
     2
 40
0.6789498482175547
 49
0.0
 74
     0
 49
-0.6789498482175547
 74
     0
  0
LTYPE
  5
F31
102
{ACAD_XDICTIONARY
360
F33
102
}
330
ED4
100
AcDbSymbolTableRecord
100
AcDbLinetypeTableRecord
  2
DGN2
 70
     0
  3
internal stroke component
 72
    65
 73
     2
 40
0.9052664642900728
 49
0.4526332321450364
 74
     0
 49
-0.4526332321450364
 74
     0
  0
LTYPE
  5
F35
102
{ACAD_XDICTIONARY
360
F37
102
}
330
ED4
100
AcDbSymbolTableRecord
100
AcDbLinetypeTableRecord
  2
DGN3
 70
     0
  3
internal stroke component
 72
    65
 73
     2
 40
1.357899696435109
 49
0.9052664642900728
 74
     0
 49
-0.4526332321450364
 74
     0
  0
LTYPE
  5
F39
102
{ACAD_XDICTIONARY
360
F3B
102
}
330
ED4
100
AcDbSymbolTableRecord
100
AcDbLinetypeTableRecord
  2
DGN4
 70
     0
  3
internal stroke component
 72
    65
 73
     4
 40
1.810532928580146
 49
0.9052664642900728
 74
     0
 49
-0.4526332321450364
 74
     0
 49
0.0
 74
     0
 49
-0.4526332321450364
 74
     0
  0
LTYPE
  5
F3D
102
{ACAD_XDICTIONARY
360
F3F
102
}
330
ED4
100
AcDbSymbolTableRecord
100
AcDbLinetypeTableRecord
  2
DGN5
 70
     0
  3
internal stroke component
 72
    65
 73
     2
 40
0.6789498482175547
 49
0.2263166160725182
 74
     0
 49
-0.4526332321450364
 74
     0
  0
LTYPE
  5
F41
102
{ACAD_XDICTIONARY
360
F43
102
}
330
ED4
100
AcDbSymbolTableRecord
100
AcDbLinetypeTableRecord
  2
DGN6
 70
     0
  3
internal stroke component
 72
    65
 73
     6
 40
1.697374620543887
 49
0.0
 74
     0
 49
-0.3394749241087773
 74
     0
 49
0.6789498482175547
 74
     0
 49
-0.3394749241087773
 74
     0
 49
0.0
 74
     0
 49
-0.3394749241087773
 74
     0
  0
LTYPE
  5
F45
102
{ACAD_XDICTIONARY
360
F47
102
}
330
ED4
100
AcDbSymbolTableRecord
100
AcDbLinetypeTableRecord
  2
DGN7
 70
     0
  3
internal stroke component
 72
    65
 73
     4
 40
1.810532928580146
 49
0.9052664642900728
 74
     0
 49
-0.3394749241087773
 74
     0
 49
0.2263166160725182
 74
     0
 49
-0.3394749241087773
 74
     0
  0
ENDTAB
  0
TABLE
  2
LAYER
  5
ED2
330
0
100
AcDbSymbolTable
 70
    14
  0
LAYER
  5
EDF
330
ED2
100
AcDbSymbolTableRecord
100
AcDbLayerTableRecord
  2
0
 70
     0
 62
     7
  6
CONTINUOUS
370
    -3
390
17CF
1001
ACCMTRANSPARENCY
1071
 33554687
1001
ACAECLAYERSTANDARD
1000

1000

  0
LAYER
  5
F49
330
ED2
100
AcDbSymbolTableRecord
100
AcDbLayerTableRecord
  2
CONSTRUCTION
 70
     0
 62
     4
  6
CONTINUOUS
370
    -3
390
17CF
1001
ACCMTRANSPARENCY
1071
 33554687
1001
ACAECLAYERSTANDARD
1000

1000

  0
LAYER
  5
F4C
330
ED2
100
AcDbSymbolTableRecord
100
AcDbLayerTableRecord
  2
HIDDEN
 70
     0
 62
     3
  6
DGN2
370
    -3
390
17CF
1001
ACCMTRANSPARENCY
1071
 33554687
1001
ACAECLAYERSTANDARD
1000

1000

  0
LAYER
  5
F4D
330
ED2
100
AcDbSymbolTableRecord
100
AcDbLayerTableRecord
  2
CENTER
 70
     0
 62
     6
  6
DGN7
370
    -3
390
17CF
1001
ACCMTRANSPARENCY
1071
 33554687
1001
ACAECLAYERSTANDARD
1000

1000

  0
LAYER
  5
F4E
330
ED2
100
AcDbSymbolTableRecord
100
AcDbLayerTableRecord
  2
HATCH
 70
     0
 62
     7
  6
CONTINUOUS
370
    -3
390
17CF
1001
ACCMTRANSPARENCY
1071
 33554687
1001
ACAECLAYERSTANDARD
1000

1000

  0
LAYER
  5
F4F
330
ED2
100
AcDbSymbolTableRecord
100
AcDbLayerTableRecord
  2
PHANTOM
 70
     0
 62
    30
  6
DGN6
370
    -3
390
17CF
1001
ACCMTRANSPARENCY
1071
 33554687
1001
ACAECLAYERSTANDARD
1000

1000

  0
LAYER
  5
F50
330
ED2
100
AcDbSymbolTableRecord
100
AcDbLayerTableRecord
  2
CONTRUCTION
 70
     0
 62
     4
  6
CONTINUOUS
370
    -3
390
17CF
1001
ACCMTRANSPARENCY
1071
 33554687
1001
ACAECLAYERSTANDARD
1000

1000

  0
LAYER
  5
F51
330
ED2
100
AcDbSymbolTableRecord
100
AcDbLayerTableRecord
  2
DIMS
 70
     0
 62
     2
  6
CONTINUOUS
370
    -3
390
17CF
1001
ACCMTRANSPARENCY
1071
 33554687
1001
ACAECLAYERSTANDARD
1000

1000

  0
LAYER
  5
F52
330
ED2
100
AcDbSymbolTableRecord
100
AcDbLayerTableRecord
  2
DIMENSION
 70
     0
 62
     2
  6
CONTINUOUS
370
    -3
390
17CF
1001
ACCMTRANSPARENCY
1071
 33554687
1001
ACAECLAYERSTANDARD
1000

1000

  0
LAYER
  5
F53
330
ED2
100
AcDbSymbolTableRecord
100
AcDbLayerTableRecord
  2
LEVEL_9
 70
     0
 62
     7
  6
CONTINUOUS
370
    -3
390
17CF
1001
ACCMTRANSPARENCY
1071
 33554687
1001
ACAECLAYERSTANDARD
1000

1000

  0
LAYER
  5
F54
330
ED2
100
AcDbSymbolTableRecord
100
AcDbLayerTableRecord
  2
LEVEL_10
 70
     0
 62
     7
  6
CONTINUOUS
370
    -3
390
17CF
1001
ACCMTRANSPARENCY
1071
 33554687
1001
ACAECLAYERSTANDARD
1000

1000

  0
LAYER
  5
F55
330
ED2
100
AcDbSymbolTableRecord
100
AcDbLayerTableRecord
  2
CONSTRUCTION3
 70
     0
 62
   204
  6
CONTINUOUS
370
    -3
390
17CF
1001
ACCMTRANSPARENCY
1071
 33554687
1001
ACAECLAYERSTANDARD
1000

1000

  0
LAYER
  5
F56
330
ED2
100
AcDbSymbolTableRecord
100
AcDbLayerTableRecord
  2
LEVEL_50
 70
     0
 62
     2
  6
CONTINUOUS
370
    -3
390
17CF
1001
ACCMTRANSPARENCY
1071
 33554687
1001
ACAECLAYERSTANDARD
1000

1000

  0
LAYER
  5
F57
330
ED2
100
AcDbSymbolTableRecord
100
AcDbLayerTableRecord
  2
LEVEL_1
 70
     0
 62
     7
  6
CONTINUOUS
370
    -3
390
17CF
1001
ACCMTRANSPARENCY
1071
 33554687
1001
ACAECLAYERSTANDARD
1000

1000

  0
ENDTAB
  0
TABLE
  2
STYLE
  5
ED3
330
0
100
AcDbSymbolTable
 70
     3
  0
STYLE
  5
EE0
330
ED3
100
AcDbSymbolTableRecord
100
AcDbTextStyleTableRecord
  2
STANDARD
 70
     0
 40
0.0
 41
1.0
 50
0.0
 71
     0
 42
0.625
  3
txt
  4

  0
STYLE
  5
811
330
ED3
100
AcDbSymbolTableRecord
100
AcDbTextStyleTableRecord
  2
STEVE
 70
     0
 40
0.625
 41
0.5
 50
0.0
 71
     0
 42
0.2
  3

  4

  0
STYLE
  5
1351
330
ED3
100
AcDbSymbolTableRecord
100
AcDbTextStyleTableRecord
  2
STYLE-CHAR_FAST_FONT
 70
     0
 40
0.2
 41
1.0
 50
0.0
 71
     0
 42
0.2
  3
CHAR_FAST_FONT.shx
  4

  0
ENDTAB
  0
TABLE
  2
VIEW
  5
ED5
330
0
100
AcDbSymbolTable
 70
     0
  0
ENDTAB
  0
TABLE
  2
UCS
  5
ED6
330
0
100
AcDbSymbolTable
 70
     0
  0
ENDTAB
  0
TABLE
  2
APPID
  5
ED8
330
0
100
AcDbSymbolTable
 70
     8
  0
APPID
  5
EE1
330
ED8
100
AcDbSymbolTableRecord
100
AcDbRegAppTableRecord
  2
ACAD
 70
     0
  0
APPID
  5
F4A
330
ED8
100
AcDbSymbolTableRecord
100
AcDbRegAppTableRecord
  2
ACCMTRANSPARENCY
 70
     0
  0
APPID
  5
F4B
330
ED8
100
AcDbSymbolTableRecord
100
AcDbRegAppTableRecord
  2
ACAECLAYERSTANDARD
 70
     0
  0
APPID
  5
17C3
330
ED8
100
AcDbSymbolTableRecord
100
AcDbRegAppTableRecord
  2
ACAD_MLEADERVER
 70
     0
  0
APPID
  5
17D6
330
ED8
100
AcDbSymbolTableRecord
100
AcDbRegAppTableRecord
  2
ACAD_DSTYLE_DIMARC_LENGTH_SYMBOL
 70
     0
  0
APPID
  5
17D7
330
ED8
100
AcDbSymbolTableRecord
100
AcDbRegAppTableRecord
  2
ACAD_DSTYLE_DIM_LINETYPE
 70
     0
  0
APPID
  5
17D8
330
ED8
100
AcDbSymbolTableRecord
100
AcDbRegAppTableRecord
  2
ACAD_DSTYLE_DIM_EXT1_LINETYPE
 70
     0
  0
APPID
  5
17D9
330
ED8
100
AcDbSymbolTableRecord
100
AcDbRegAppTableRecord
  2
ACAD_DSTYLE_DIM_EXT2_LINETYPE
 70
     0
  0
ENDTAB
  0
TABLE
  2
DIMSTYLE
  5
ED9
330
0
100
AcDbSymbolTable
 70
     2
100
AcDbDimStyleTable
  0
DIMSTYLE
105
EF5
102
{ACAD_REACTORS
330
FD8
330
FE3
330
FED
330
FF9
330
1007
330
1011
330
101B
330
1025
330
1031
330
103F
330
1049
330
1053
330
1061
330
106B
330
1079
330
1083
330
1093
330
10A3
330
10B1
330
10BF
330
10D0
330
10E0
330
10EE
330
10FC
330
116F
330
1179
330
1183
330
1191
330
119F
330
11AD
330
11BD
330
11CD
330
11DE
330
11EC
330
11F6
330
1200
330
120C
330
121C
330
122B
330
123A
330
1246
330
1294
330
12A2
330
12B0
330
12BE
330
12CC
330
12DA
330
12E4
330
12F2
330
1300
330
130C
330
131C
330
132A
330
1338
330
1385
330
1391
330
139D
330
13A7
330
13B5
330
13C3
330
13CF
330
13DE
330
13EC
330
13FA
330
1409
330
1415
330
1424
330
1432
330
1444
330
144E
330
145E
330
146B
330
1478
330
1481
330
148A
330
149A
330
14A6
330
14B5
330
14C4
330
14D2
330
14DE
330
14ED
330
14FC
330
150B
330
151B
330
1531
330
153B
330
1548
330
1557
330
1566
330
1573
330
1581
330
1591
330
159F
330
15AC
330
15B7
330
15C8
330
15D6
330
15E3
330
15EE
330
15F9
102
}
330
ED9
100
AcDbSymbolTableRecord
100
AcDbDimStyleTableRecord
  2
STANDARD
 70
     0
  3
<>"
 41
0.875
 42
0.5
 44
0.5
 73
     0
 74
     0
 78
    12
140
0.625
141
0.0
144
0.9999999999999999
147
2.875
173
     1
175
     1
176
     2
177
     2
271
     5
178
     2
179
     4
271
     5
275
     1
277
     5
289
     1
340
811
341
F5D
343
F5D
344
F5D
  0
DIMSTYLE
105
F64
330
ED9
100
AcDbSymbolTableRecord
100
AcDbDimStyleTableRecord
  2
STEVE
 70
     0
  3
<>"
 41
0.875
 42
0.5
 44
0.5
 73
     0
 74
     0
 78
    12
140
0.625
141
0.0
144
0.9999999999999999
147
2.875
173
     1
175
     1
176
     2
177
     2
271
     5
178
     2
179
     4
271
     5
275
     1
277
     5
289
     1
340
811
341
F5D
343
F5D
344
F5D
  0
ENDTAB
  0
TABLE
  2
BLOCK_RECORD
  5
ED1
330
0
100
AcDbSymbolTable
 70
   120
  0
BLOCK_RECORD
  5
EED
330
ED1
100
AcDbSymbolTableRecord
100
AcDbBlockTableRecord
  2
*MODEL_SPACE
340
17D1
  0
BLOCK_RECORD
  5
EE9
330
ED1
100
AcDbSymbolTableRecord
100
AcDbBlockTableRecord
  2
*PAPER_SPACE
340
17D2
  0
BLOCK_RECORD
  5
F5D
330
ED1
100
AcDbSymbolTableRecord
100
AcDbBlockTableRecord
  2
_OPEN
340
0
  0
BLOCK_RECORD
  5
F65
330
ED1
100
AcDbSymbolTableRecord
100
AcDbBlockTableRecord
  2
CONCR3
340
0
  0
BLOCK_RECORD
  5
FC7
330
ED1
100
AcDbSymbolTableRecord
100
AcDbBlockTableRecord
  2
ANONYMUSCELL
340
0
102
{BLKREFS
331
FC8
102
}
  0
BLOCK_RECORD
  5
FCB
330
ED1
100
AcDbSymbolTableRecord
100
AcDbBlockTableRecord
  2
ANONYMUSCELL_2
340
0
102
{BLKREFS
331
FCC
102
}
  0
BLOCK_RECORD
  5
FCF
330
ED1
100
AcDbSymbolTableRecord
100
AcDbBlockTableRecord
  2
ANONYMUSCELL_4
340
0
102
{BLKREFS
331
FD0
102
}
  0
BLOCK_RECORD
  5
FD3
330
ED1
100
AcDbSymbolTableRecord
100
AcDbBlockTableRecord
  2
ANONYMUSCELL_6
340
0
102
{BLKREFS
331
FD4
102
}
  0
BLOCK_RECORD
  5
FD9
330
ED1
100
AcDbSymbolTableRecord
100
AcDbBlockTableRecord
  2
*D6
340
0
  0
BLOCK_RECORD
  5
FE4
330
ED1
100
AcDbSymbolTableRecord
100
AcDbBlockTableRecord
  2
*D7
340
0
  0
BLOCK_RECORD
  5
FEE
330
ED1
100
AcDbSymbolTableRecord
100
AcDbBlockTableRecord
  2
*D8
340
0
  0
BLOCK_RECORD
  5
FFA
330
ED1
100
AcDbSymbolTableRecord
100
AcDbBlockTableRecord
  2
*D9
340
0
  0
BLOCK_RECORD
  5
1008
330
ED1
100
AcDbSymbolTableRecord
100
AcDbBlockTableRecord
  2
*D10
340
0
  0
BLOCK_RECORD
  5
1012
330
ED1
100
AcDbSymbolTableRecord
100
AcDbBlockTableRecord
  2
*D11
340
0
  0
BLOCK_RECORD
  5
101C
330
ED1
100
AcDbSymbolTableRecord
100
AcDbBlockTableRecord
  2
*D12
340
0
  0
BLOCK_RECORD
  5
1026
330
ED1
100
AcDbSymbolTableRecord
100
AcDbBlockTableRecord
  2
*D13
340
0
  0
BLOCK_RECORD
  5
1032
330
ED1
100
AcDbSymbolTableRecord
100
AcDbBlockTableRecord
  2
*D14
340
0
  0
BLOCK_RECORD
  5
1040
330
ED1
100
AcDbSymbolTableRecord
100
AcDbBlockTableRecord
  2
*D15
340
0
  0
BLOCK_RECORD
  5
104A
330
ED1
100
AcDbSymbolTableRecord
100
AcDbBlockTableRecord
  2
*D16
340
0
  0
BLOCK_RECORD
  5
1054
330
ED1
100
AcDbSymbolTableRecord
100
AcDbBlockTableRecord
  2
*D17
340
0
  0
BLOCK_RECORD
  5
1062
330
ED1
100
AcDbSymbolTableRecord
100
AcDbBlockTableRecord
  2
*D18
340
0
  0
BLOCK_RECORD
  5
106C
330
ED1
100
AcDbSymbolTableRecord
100
AcDbBlockTableRecord
  2
*D19
340
0
  0
BLOCK_RECORD
  5
107A
330
ED1
100
AcDbSymbolTableRecord
100
AcDbBlockTableRecord
  2
*D20
340
0
  0
BLOCK_RECORD
  5
1084
330
ED1
100
AcDbSymbolTableRecord
100
AcDbBlockTableRecord
  2
*D21
340
0
  0
BLOCK_RECORD
  5
1094
330
ED1
100
AcDbSymbolTableRecord
100
AcDbBlockTableRecord
  2
*D22
340
0
  0
BLOCK_RECORD
  5
10A4
330
ED1
100
AcDbSymbolTableRecord
100
AcDbBlockTableRecord
  2
*D23
340
0
  0
BLOCK_RECORD
  5
10B2
330
ED1
100
AcDbSymbolTableRecord
100
AcDbBlockTableRecord
  2
*D24
340
0
  0
BLOCK_RECORD
  5
10C0
330
ED1
100
AcDbSymbolTableRecord
100
AcDbBlockTableRecord
  2
*D25
340
0
  0
BLOCK_RECORD
  5
10D1
330
ED1
100
AcDbSymbolTableRecord
100
AcDbBlockTableRecord
  2
*D26
340
0
  0
BLOCK_RECORD
  5
10E1
330
ED1
100
AcDbSymbolTableRecord
100
AcDbBlockTableRecord
  2
*D27
340
0
  0
BLOCK_RECORD
  5
10EF
330
ED1
100
AcDbSymbolTableRecord
100
AcDbBlockTableRecord
  2
*D28
340
0
  0
BLOCK_RECORD
  5
10FD
330
ED1
100
AcDbSymbolTableRecord
100
AcDbBlockTableRecord
  2
*D29
340
0
  0
BLOCK_RECORD
  5
1105
330
ED1
100
AcDbSymbolTableRecord
100
AcDbBlockTableRecord
  2
PERF
340
0
102
{BLKREFS
331
1106
102
}
  0
BLOCK_RECORD
  5
111A
330
ED1
100
AcDbSymbolTableRecord
100
AcDbBlockTableRecord
  2
PERF_2
340
0
102
{BLKREFS
331
111B
102
}
  0
BLOCK_RECORD
  5
112F
330
ED1
100
AcDbSymbolTableRecord
100
AcDbBlockTableRecord
  2
PERF_4
340
0
102
{BLKREFS
331
1130
102
}
  0
BLOCK_RECORD
  5
1144
330
ED1
100
AcDbSymbolTableRecord
100
AcDbBlockTableRecord
  2
PERF_6
340
0
102
{BLKREFS
331
1145
102
}
  0
BLOCK_RECORD
  5
1159
330
ED1
100
AcDbSymbolTableRecord
100
AcDbBlockTableRecord
  2
PERF_8
340
0
102
{BLKREFS
331
115A
102
}
  0
BLOCK_RECORD
  5
1170
330
ED1
100
AcDbSymbolTableRecord
100
AcDbBlockTableRecord
  2
*D35
340
0
  0
BLOCK_RECORD
  5
117A
330
ED1
100
AcDbSymbolTableRecord
100
AcDbBlockTableRecord
  2
*D36
340
0
  0
BLOCK_RECORD
  5
1184
330
ED1
100
AcDbSymbolTableRecord
100
AcDbBlockTableRecord
  2
*D37
340
0
  0
BLOCK_RECORD
  5
1192
330
ED1
100
AcDbSymbolTableRecord
100
AcDbBlockTableRecord
  2
*D38
340
0
  0
BLOCK_RECORD
  5
11A0
330
ED1
100
AcDbSymbolTableRecord
100
AcDbBlockTableRecord
  2
*D39
340
0
  0
BLOCK_RECORD
  5
11AE
330
ED1
100
AcDbSymbolTableRecord
100
AcDbBlockTableRecord
  2
*D40
340
0
  0
BLOCK_RECORD
  5
11BE
330
ED1
100
AcDbSymbolTableRecord
100
AcDbBlockTableRecord
  2
*D41
340
0
  0
BLOCK_RECORD
  5
11CE
330
ED1
100
AcDbSymbolTableRecord
100
AcDbBlockTableRecord
  2
*D42
340
0
  0
BLOCK_RECORD
  5
11DF
330
ED1
100
AcDbSymbolTableRecord
100
AcDbBlockTableRecord
  2
*D43
340
0
  0
BLOCK_RECORD
  5
11ED
330
ED1
100
AcDbSymbolTableRecord
100
AcDbBlockTableRecord
  2
*D44
340
0
  0
BLOCK_RECORD
  5
11F7
330
ED1
100
AcDbSymbolTableRecord
100
AcDbBlockTableRecord
  2
*D45
340
0
  0
BLOCK_RECORD
  5
1201
330
ED1
100
AcDbSymbolTableRecord
100
AcDbBlockTableRecord
  2
*D46
340
0
  0
BLOCK_RECORD
  5
120D
330
ED1
100
AcDbSymbolTableRecord
100
AcDbBlockTableRecord
  2
*D47
340
0
  0
BLOCK_RECORD
  5
121D
330
ED1
100
AcDbSymbolTableRecord
100
AcDbBlockTableRecord
  2
*D48
340
0
  0
BLOCK_RECORD
  5
122C
330
ED1
100
AcDbSymbolTableRecord
100
AcDbBlockTableRecord
  2
*D49
340
0
  0
BLOCK_RECORD
  5
123B
330
ED1
100
AcDbSymbolTableRecord
100
AcDbBlockTableRecord
  2
*D50
340
0
  0
BLOCK_RECORD
  5
1247
330
ED1
100
AcDbSymbolTableRecord
100
AcDbBlockTableRecord
  2
*D51
340
0
  0
BLOCK_RECORD
  5
1295
330
ED1
100
AcDbSymbolTableRecord
100
AcDbBlockTableRecord
  2
*D52
340
0
  0
BLOCK_RECORD
  5
12A3
330
ED1
100
AcDbSymbolTableRecord
100
AcDbBlockTableRecord
  2
*D53
340
0
  0
BLOCK_RECORD
  5
12B1
330
ED1
100
AcDbSymbolTableRecord
100
AcDbBlockTableRecord
  2
*D54
340
0
  0
BLOCK_RECORD
  5
12BF
330
ED1
100
AcDbSymbolTableRecord
100
AcDbBlockTableRecord
  2
*D55
340
0
  0
BLOCK_RECORD
  5
12CD
330
ED1
100
AcDbSymbolTableRecord
100
AcDbBlockTableRecord
  2
*D56
340
0
  0
BLOCK_RECORD
  5
12DB
330
ED1
100
AcDbSymbolTableRecord
100
AcDbBlockTableRecord
  2
*D57
340
0
  0
BLOCK_RECORD
  5
12E5
330
ED1
100
AcDbSymbolTableRecord
100
AcDbBlockTableRecord
  2
*D58
340
0
  0
BLOCK_RECORD
  5
12F3
330
ED1
100
AcDbSymbolTableRecord
100
AcDbBlockTableRecord
  2
*D59
340
0
  0
BLOCK_RECORD
  5
1301
330
ED1
100
AcDbSymbolTableRecord
100
AcDbBlockTableRecord
  2
*D60
340
0
  0
BLOCK_RECORD
  5
130D
330
ED1
100
AcDbSymbolTableRecord
100
AcDbBlockTableRecord
  2
*D61
340
0
  0
BLOCK_RECORD
  5
131D
330
ED1
100
AcDbSymbolTableRecord
100
AcDbBlockTableRecord
  2
*D62
340
0
  0
BLOCK_RECORD
  5
132B
330
ED1
100
AcDbSymbolTableRecord
100
AcDbBlockTableRecord
  2
*D63
340
0
  0
BLOCK_RECORD
  5
1339
330
ED1
100
AcDbSymbolTableRecord
100
AcDbBlockTableRecord
  2
*D64
340
0
  0
BLOCK_RECORD
  5
134A
330
ED1
100
AcDbSymbolTableRecord
100
AcDbBlockTableRecord
  2
AT
340
0
102
{BLKREFS
331
134B
102
}
  0
BLOCK_RECORD
  5
1352
330
ED1
100
AcDbSymbolTableRecord
100
AcDbBlockTableRecord
  2
AB
340
0
102
{BLKREFS
331
1353
102
}
  0
BLOCK_RECORD
  5
1359
330
ED1
100
AcDbSymbolTableRecord
100
AcDbBlockTableRecord
  2
AR
340
0
102
{BLKREFS
331
135A
102
}
  0
BLOCK_RECORD
  5
1360
330
ED1
100
AcDbSymbolTableRecord
100
AcDbBlockTableRecord
  2
AL
340
0
102
{BLKREFS
331
1361
102
}
  0
BLOCK_RECORD
  5
1372
330
ED1
100
AcDbSymbolTableRecord
100
AcDbBlockTableRecord
  2
ATR
340
0
102
{BLKREFS
331
1373
102
}
  0
BLOCK_RECORD
  5
1374
330
ED1
100
AcDbSymbolTableRecord
100
AcDbBlockTableRecord
  2
ANONYMUSCELL_8
340
0
102
{BLKREFS
331
1375
102
}
  0
BLOCK_RECORD
  5
137B
330
ED1
100
AcDbSymbolTableRecord
100
AcDbBlockTableRecord
  2
ABR
340
0
102
{BLKREFS
331
137C
102
}
  0
BLOCK_RECORD
  5
137D
330
ED1
100
AcDbSymbolTableRecord
100
AcDbBlockTableRecord
  2
ANONYMUSCELL_10
340
0
102
{BLKREFS
331
137E
102
}
  0
BLOCK_RECORD
  5
1386
330
ED1
100
AcDbSymbolTableRecord
100
AcDbBlockTableRecord
  2
*D73
340
0
  0
BLOCK_RECORD
  5
1392
330
ED1
100
AcDbSymbolTableRecord
100
AcDbBlockTableRecord
  2
*D74
340
0
  0
BLOCK_RECORD
  5
139E
330
ED1
100
AcDbSymbolTableRecord
100
AcDbBlockTableRecord
  2
*D75
340
0
  0
BLOCK_RECORD
  5
13A8
330
ED1
100
AcDbSymbolTableRecord
100
AcDbBlockTableRecord
  2
*D76
340
0
  0
BLOCK_RECORD
  5
13B6
330
ED1
100
AcDbSymbolTableRecord
100
AcDbBlockTableRecord
  2
*D77
340
0
  0
BLOCK_RECORD
  5
13C4
330
ED1
100
AcDbSymbolTableRecord
100
AcDbBlockTableRecord
  2
*D78
340
0
  0
BLOCK_RECORD
  5
13D0
330
ED1
100
AcDbSymbolTableRecord
100
AcDbBlockTableRecord
  2
*D79
340
0
  0
BLOCK_RECORD
  5
13DF
330
ED1
100
AcDbSymbolTableRecord
100
AcDbBlockTableRecord
  2
*D80
340
0
  0
BLOCK_RECORD
  5
13ED
330
ED1
100
AcDbSymbolTableRecord
100
AcDbBlockTableRecord
  2
*D81
340
0
  0
BLOCK_RECORD
  5
13FB
330
ED1
100
AcDbSymbolTableRecord
100
AcDbBlockTableRecord
  2
*D82
340
0
  0
BLOCK_RECORD
  5
140A
330
ED1
100
AcDbSymbolTableRecord
100
AcDbBlockTableRecord
  2
*D83
340
0
  0
BLOCK_RECORD
  5
1416
330
ED1
100
AcDbSymbolTableRecord
100
AcDbBlockTableRecord
  2
*D84
340
0
  0
BLOCK_RECORD
  5
1425
330
ED1
100
AcDbSymbolTableRecord
100
AcDbBlockTableRecord
  2
*D85
340
0
  0
BLOCK_RECORD
  5
1433
330
ED1
100
AcDbSymbolTableRecord
100
AcDbBlockTableRecord
  2
*D86
340
0
  0
BLOCK_RECORD
  5
1445
330
ED1
100
AcDbSymbolTableRecord
100
AcDbBlockTableRecord
  2
*D87
340
0
  0
BLOCK_RECORD
  5
144F
330
ED1
100
AcDbSymbolTableRecord
100
AcDbBlockTableRecord
  2
*D88
340
0
  0
BLOCK_RECORD
  5
145F
330
ED1
100
AcDbSymbolTableRecord
100
AcDbBlockTableRecord
  2
*D89
340
0
  0
BLOCK_RECORD
  5
146C
330
ED1
100
AcDbSymbolTableRecord
100
AcDbBlockTableRecord
  2
*D90
340
0
  0
BLOCK_RECORD
  5
1479
330
ED1
100
AcDbSymbolTableRecord
100
AcDbBlockTableRecord
  2
*D91
340
0
  0
BLOCK_RECORD
  5
1482
330
ED1
100
AcDbSymbolTableRecord
100
AcDbBlockTableRecord
  2
*D92
340
0
  0
BLOCK_RECORD
  5
148B
330
ED1
100
AcDbSymbolTableRecord
100
AcDbBlockTableRecord
  2
*D93
340
0
  0
BLOCK_RECORD
  5
149B
330
ED1
100
AcDbSymbolTableRecord
100
AcDbBlockTableRecord
  2
*D94
340
0
  0
BLOCK_RECORD
  5
14A7
330
ED1
100
AcDbSymbolTableRecord
100
AcDbBlockTableRecord
  2
*D95
340
0
  0
BLOCK_RECORD
  5
14B6
330
ED1
100
AcDbSymbolTableRecord
100
AcDbBlockTableRecord
  2
*D96
340
0
  0
BLOCK_RECORD
  5
14C5
330
ED1
100
AcDbSymbolTableRecord
100
AcDbBlockTableRecord
  2
*D97
340
0
  0
BLOCK_RECORD
  5
14D3
330
ED1
100
AcDbSymbolTableRecord
100
AcDbBlockTableRecord
  2
*D98
340
0
  0
BLOCK_RECORD
  5
14DF
330
ED1
100
AcDbSymbolTableRecord
100
AcDbBlockTableRecord
  2
*D99
340
0
  0
BLOCK_RECORD
  5
14EE
330
ED1
100
AcDbSymbolTableRecord
100
AcDbBlockTableRecord
  2
*D100
340
0
  0
BLOCK_RECORD
  5
14FD
330
ED1
100
AcDbSymbolTableRecord
100
AcDbBlockTableRecord
  2
*D101
340
0
  0
BLOCK_RECORD
  5
150C
330
ED1
100
AcDbSymbolTableRecord
100
AcDbBlockTableRecord
  2
*D102
340
0
  0
BLOCK_RECORD
  5
151C
330
ED1
100
AcDbSymbolTableRecord
100
AcDbBlockTableRecord
  2
*D103
340
0
  0
BLOCK_RECORD
  5
1532
330
ED1
100
AcDbSymbolTableRecord
100
AcDbBlockTableRecord
  2
*D104
340
0
  0
BLOCK_RECORD
  5
153C
330
ED1
100
AcDbSymbolTableRecord
100
AcDbBlockTableRecord
  2
*D105
340
0
  0
BLOCK_RECORD
  5
1549
330
ED1
100
AcDbSymbolTableRecord
100
AcDbBlockTableRecord
  2
*D106
340
0
  0
BLOCK_RECORD
  5
1558
330
ED1
100
AcDbSymbolTableRecord
100
AcDbBlockTableRecord
  2
*D107
340
0
  0
BLOCK_RECORD
  5
1567
330
ED1
100
AcDbSymbolTableRecord
100
AcDbBlockTableRecord
  2
*D108
340
0
  0
BLOCK_RECORD
  5
1574
330
ED1
100
AcDbSymbolTableRecord
100
AcDbBlockTableRecord
  2
*D109
340
0
  0
BLOCK_RECORD
  5
1582
330
ED1
100
AcDbSymbolTableRecord
100
AcDbBlockTableRecord
  2
*D110
340
0
  0
BLOCK_RECORD
  5
1592
330
ED1
100
AcDbSymbolTableRecord
100
AcDbBlockTableRecord
  2
*D111
340
0
  0
BLOCK_RECORD
  5
15A0
330
ED1
100
AcDbSymbolTableRecord
100
AcDbBlockTableRecord
  2
*D112
340
0
  0
BLOCK_RECORD
  5
15AD
330
ED1
100
AcDbSymbolTableRecord
100
AcDbBlockTableRecord
  2
*D113
340
0
  0
BLOCK_RECORD
  5
15B8
330
ED1
100
AcDbSymbolTableRecord
100
AcDbBlockTableRecord
  2
*D114
340
0
  0
BLOCK_RECORD
  5
15C9
330
ED1
100
AcDbSymbolTableRecord
100
AcDbBlockTableRecord
  2
*D115
340
0
  0
BLOCK_RECORD
  5
15D7
330
ED1
100
AcDbSymbolTableRecord
100
AcDbBlockTableRecord
  2
*D116
340
0
  0
BLOCK_RECORD
  5
15E4
330
ED1
100
AcDbSymbolTableRecord
100
AcDbBlockTableRecord
  2
*D117
340
0
  0
BLOCK_RECORD
  5
15EF
330
ED1
100
AcDbSymbolTableRecord
100
AcDbBlockTableRecord
  2
*D118
340
0
  0
BLOCK_RECORD
  5
15FA
330
ED1
100
AcDbSymbolTableRecord
100
AcDbBlockTableRecord
  2
*D119
340
0
  0
ENDTAB
  0
ENDSEC
  0
SECTION
  2
BLOCKS
  0
BLOCK
  5
EEE
330
EED
100
AcDbEntity
  8
0
100
AcDbBlockBegin
  2
*MODEL_SPACE
 70
     0
 10
0.0
 20
0.0
 30
0.0
  3
*MODEL_SPACE
  1

  0
ENDBLK
  5
EEF
330
EED
100
AcDbEntity
  8
0
100
AcDbBlockEnd
  0
BLOCK
  5
EEA
330
EE9
100
AcDbEntity
 67
     1
  8
0
100
AcDbBlockBegin
  2
*PAPER_SPACE
 70
     0
 10
0.0
 20
0.0
 30
0.0
  3
*PAPER_SPACE
  1

  0
ENDBLK
  5
EEB
330
EE9
100
AcDbEntity
 67
     1
  8
0
100
AcDbBlockEnd
  0
BLOCK
  5
F5E
330
F5D
100
AcDbEntity
  8
0
100
AcDbBlockBegin
  2
_OPEN
 70
     0
 10
0.0
 20
0.0
 30
0.0
  3
_OPEN
  1

  0
LINE
  5
F60
330
F5D
100
AcDbEntity
  8
0
  6
ByBlock
 62
     0
100
AcDbLine
 10
-1.0
 20
0.166667
 30
0.0
 11
0.0
 21
0.0
 31
0.0
  0
LINE
  5
F61
330
F5D
100
AcDbEntity
  8
0
  6
ByBlock
 62
     0
100
AcDbLine
 10
-1.0
 20
-0.166667
 30
0.0
 11
0.0
 21
0.0
 31
0.0
  0
LINE
  5
F62
330
F5D
100
AcDbEntity
  8
0
  6
ByBlock
 62
     0
100
AcDbLine
 10
0.0
 20
0.0
 30
0.0
 11
-1.0
 21
0.0
 31
0.0
  0
ENDBLK
  5
F5F
330
F5D
100
AcDbEntity
  8
0
100
AcDbBlockEnd
  0
BLOCK
  5
F66
330
F65
100
AcDbEntity
  8
0
100
AcDbBlockBegin
  2
CONCR3
 70
     0
 10
0.0
 20
0.0
 30
0.0
  3
CONCR3
  1

  4
CONCRETE SECT SYMBOL NO.3
  0
LINE
  5
F68
330
F65
100
AcDbEntity
  8
LEVEL_1
100
AcDbLine
 10
51351.0
 20
57764.0
 30
0.0
 11
51926.0
 21
56900.0
 31
0.0
  0
LINE
  5
F69
330
F65
100
AcDbEntity
  8
LEVEL_1
100
AcDbLine
 10
67463.0
 20
70278.0
 30
0.0
 11
68039.0
 21
71574.0
 31
0.0
  0
LINE
  5
F6A
330
F65
100
AcDbEntity
  8
LEVEL_1
100
AcDbLine
 10
45022.0
 20
13742.0
 30
0.0
 11
45598.0
 21
15037.0
 31
0.0
  0
LINE
  5
F6B
330
F65
100
AcDbEntity
  8
LEVEL_1
100
AcDbLine
 10
31930.0
 20
30430.0
 30
0.0
 11
32506.0
 21
31724.0
 31
0.0
  0
LINE
  5
F6C
330
F65
100
AcDbEntity
  8
LEVEL_1
100
AcDbLine
 10
66133.0
 20
26817.0
 30
0.0
 11
66277.0
 21
25522.0
 31
0.0
  0
LINE
  5
F6D
330
F65
100
AcDbEntity
  8
LEVEL_1
100
AcDbLine
 10
33368.0
 20
66970.0
 30
0.0
 11
33944.0
 21
68265.0
 31
0.0
  0
LINE
  5
F6E
330
F65
100
AcDbEntity
  8
LEVEL_1
100
AcDbLine
 10
10064.0
 20
36329.0
 30
0.0
 11
10639.0
 21
37623.0
 31
0.0
  0
LINE
  5
F6F
330
F65
100
AcDbEntity
  8
LEVEL_1
100
AcDbLine
 10
7617.0
 20
80614.0
 30
0.0
 11
8192.0
 21
79751.0
 31
0.0
  0
LINE
  5
F70
330
F65
100
AcDbEntity
  8
LEVEL_1
100
AcDbLine
 10
75952.0
 20
80943.0
 30
0.0
 11
76528.0
 21
80079.0
 31
0.0
  0
LINE
  5
F71
330
F65
100
AcDbEntity
  8
LEVEL_1
100
AcDbLine
 10
17267.0
 20
65289.0
 30
0.0
 11
17842.0
 21
64426.0
 31
0.0
  0
LINE
  5
F72
330
F65
100
AcDbEntity
  8
LEVEL_1
100
AcDbLine
 10
51891.0
 20
33218.0
 30
0.0
 11
52466.0
 21
32354.0
 31
0.0
  0
LINE
  5
F73
330
F65
100
AcDbEntity
  8
LEVEL_1
100
AcDbLine
 10
31457.0
 20
45990.0
 30
0.0
 11
32033.0
 21
45127.0
 31
0.0
  0
LINE
  5
F74
330
F65
100
AcDbEntity
  8
LEVEL_1
100
AcDbLine
 10
12158.0
 20
23001.0
 30
0.0
 11
12733.0
 21
22138.0
 31
0.0
  0
LINE
  5
F75
330
F65
100
AcDbEntity
  8
LEVEL_1
100
AcDbLine
 10
68352.0
 20
56207.0
 30
0.0
 11
68928.0
 21
55343.0
 31
0.0
  0
LINE
  5
F76
330
F65
100
AcDbEntity
  8
LEVEL_1
100
AcDbLine
 10
0.0
 20
0.0
 30
0.0
 11
0.0
 21
0.0
 31
0.0
  0
ENDBLK
  5
F67
330
F65
100
AcDbEntity
  8
0
100
AcDbBlockEnd
  0
BLOCK
  5
1609
330
FC7
100
AcDbEntity
  8
0
100
AcDbBlockBegin
  2
ANONYMUSCELL
 70
     0
 10
0.0
 20
0.0
 30
0.0
  3
ANONYMUSCELL
  1

  0
LINE
  5
FC9
330
FC7
100
AcDbEntity
  8
CENTER
100
AcDbLine
 10
0.0000001300945343
 20
-0.2499992070149943
 30
0.0
 11
0.0000001300945343
 21
0.2500007929850057
 31
0.0
210
0.0
220
0.0
230
-1.0
  0
LINE
  5
FCA
330
FC7
100
AcDbEntity
  8
CENTER
100
AcDbLine
 10
-0.2499998699054657
 20
0.0000007929849914
 30
0.0
 11
0.2500001300945343
 21
0.0000007929849914
 31
0.0
210
0.0
220
0.0
230
-1.0
  0
ENDBLK
  5
160A
330
FC7
100
AcDbEntity
  8
0
100
AcDbBlockEnd
  0
BLOCK
  5
160B
330
FCB
100
AcDbEntity
  8
0
100
AcDbBlockBegin
  2
ANONYMUSCELL_2
 70
     0
 10
0.0
 20
0.0
 30
0.0
  3
ANONYMUSCELL_2
  1

  0
LINE
  5
FCD
330
FCB
100
AcDbEntity
  8
CENTER
100
AcDbLine
 10
0.00000013009452
 20
-0.2499992070149943
 30
0.0
 11
0.00000013009452
 21
0.2500007929850057
 31
0.0
  0
LINE
  5
FCE
330
FCB
100
AcDbEntity
  8
CENTER
100
AcDbLine
 10
-0.24999986990548
 20
0.0000007929849914
 30
0.0
 11
0.25000013009452
 21
0.0000007929849914
 31
0.0
  0
ENDBLK
  5
160C
330
FCB
100
AcDbEntity
  8
0
100
AcDbBlockEnd
  0
BLOCK
  5
160D
330
FCF
100
AcDbEntity
  8
0
100
AcDbBlockBegin
  2
ANONYMUSCELL_4
 70
     0
 10
0.0
 20
0.0
 30
0.0
  3
ANONYMUSCELL_4
  1

  0
LINE
  5
FD1
330
FCF
100
AcDbEntity
  8
CENTER
100
AcDbLine
 10
0.0000001300945343
 20
-0.2499992070149943
 30
0.0
 11
0.0000001300945343
 21
0.2500007929850057
 31
0.0
  0
LINE
  5
FD2
330
FCF
100
AcDbEntity
  8
CENTER
100
AcDbLine
 10
-0.2499998699054657
 20
0.0000007929850057
 30
0.0
 11
0.2500001300945343
 21
0.0000007929850057
 31
0.0
  0
ENDBLK
  5
160E
330
FCF
100
AcDbEntity
  8
0
100
AcDbBlockEnd
  0
BLOCK
  5
160F
330
FD3
100
AcDbEntity
  8
0
100
AcDbBlockBegin
  2
ANONYMUSCELL_6
 70
     0
 10
0.0
 20
0.0
 30
0.0
  3
ANONYMUSCELL_6
  1

  0
LINE
  5
FD5
330
FD3
100
AcDbEntity
  8
CENTER
100
AcDbLine
 10
0.00000013009452
 20
-0.2499992070149943
 30
0.0
 11
0.00000013009452
 21
0.2500007929850057
 31
0.0
210
0.0
220
0.0
230
-1.0
  0
LINE
  5
FD6
330
FD3
100
AcDbEntity
  8
CENTER
100
AcDbLine
 10
-0.24999986990548
 20
0.0000007929850057
 30
0.0
 11
0.25000013009452
 21
0.0000007929850057
 31
0.0
210
0.0
220
0.0
230
-1.0
  0
ENDBLK
  5
1610
330
FD3
100
AcDbEntity
  8
0
100
AcDbBlockEnd
  0
BLOCK
  5
1611
330
FD9
100
AcDbEntity
  8
0
100
AcDbBlockBegin
  2
*D6
 70
     1
 10
0.0
 20
0.0
 30
0.0
  3
*D6
  1

  0
MTEXT
  5
FDA
330
FD9
100
AcDbEntity
  8
LEVEL_50
  6
Continuous
 62
     2
100
AcDbMText
 10
-114.292434416197
 20
65.10001785169358
 30
0.0
 40
0.46875
 41
0.0
 71
     7
 72
     1
  1
\FCHAR_FAST_FONT.shx;\W0.5000000000;\T1.0000000000;\o\l9
  7
STEVE
 73
     1
 44
1.0
  0
MTEXT
  5
FDB
330
FD9
100
AcDbEntity
  8
LEVEL_50
  6
Continuous
 62
     2
100
AcDbMText
 10
-113.9823950461182
 20
64.63126785169358
 30
0.0
 40
0.46875
 41
0.0
 71
     7
 72
     1
  1
\FCHAR_FAST_FONT.shx;\W0.5000000000;\T1.0000000000;\o\l32
  7
STEVE
 73
     1
 44
1.0
  0
LINE
  5
FDC
330
FD9
100
AcDbEntity
  8
LEVEL_50
  6
Continuous
 62
     2
100
AcDbLine
 10
-114.0995825461182
 20
64.63126785169358
 30
0.0
 11
-113.8652075461182
 21
65.56876785169358
 31
0.0
  0
MTEXT
  5
FDD
330
FD9
100
AcDbEntity
  8
LEVEL_50
  6
Continuous
 62
     2
100
AcDbMText
 10
-113.3623163059607
 20
64.86564285169358
 30
0.0
 40
0.625
 41
0.0
 71
     7
 72
     1
  1
\FCHAR_FAST_FONT.shx;\W0.5000000000;\T1.0000000000;\o\l"
  7
STEVE
 73
     1
 44
1.0
  0
CIRCLE
  5
FDE
330
FD9
100
AcDbEntity
  8
LEVEL_50
  6
Continuous
 62
     2
100
AcDbCircle
 10
-112.7422375658033
 20
65.17814285169358
 30
0.0
 40
0.28125
  0
LINE
  5
FDF
330
FD9
100
AcDbEntity
  8
LEVEL_50
  6
Continuous
 62
     2
100
AcDbLine
 10
-113.0234875658033
 20
64.89689285169358
 30
0.0
 11
-112.4609875658033
 21
65.45939285169358
 31
0.0
  0
LWPOLYLINE
  5
FE0
330
FD9
100
AcDbEntity
  8
LEVEL_50
  6
Continuous
 62
     2
100
AcDbPolyline
 90
        3
 70
     0
 43
0.0
 10
-116.0886920208437
 20
67.02507430527977
 10
-116.5517600160588
 20
67.47296613854692
 10
-116.3539432359359
 20
66.85985311144525
  0
LWPOLYLINE
  5
FE1
330
FD9
100
AcDbEntity
  8
LEVEL_50
  6
Continuous
 62
     2
100
AcDbPolyline
 90
        3
 70
     0
 43
0.0
 10
-116.5517600160588
 20
67.47296613854692
 10
-115.073684416197
 20
65.10001785169358
 10
-114.448684416197
 20
65.10001785169358
  0
ENDBLK
  5
1612
330
FD9
100
AcDbEntity
  8
0
100
AcDbBlockEnd
  0
BLOCK
  5
1613
330
FE4
100
AcDbEntity
  8
0
100
AcDbBlockBegin
  2
*D7
 70
     1
 10
0.0
 20
0.0
 30
0.0
  3
*D7
  1

  0
LINE
  5
FE5
330
FE4
100
AcDbEntity
  8
LEVEL_50
  6
Continuous
 62
     2
100
AcDbLine
 10
-126.0636227709799
 20
52.96735040543559
 30
0.0
 11
-128.9322468178205
 21
52.96735040543559
 31
0.0
  0
LINE
  5
FE6
330
FE4
100
AcDbEntity
  8
LEVEL_50
  6
Continuous
 62
     2
100
AcDbLine
 10
-125.0636227709799
 20
67.96735040543558
 30
0.0
 11
-128.9322468178205
 21
67.96735040543558
 31
0.0
  0
MTEXT
  5
FE7
330
FE4
100
AcDbEntity
  8
LEVEL_50
  6
Continuous
 62
     2
100
AcDbMText
 10
-128.3072468178205
 20
60.10440749204976
 30
0.0
 40
0.625
 41
0.0
 71
     7
 72
     1
  1
\FCHAR_FAST_FONT.shx;\W0.5000000000;\T1.0000000000;\o\l15"
  7
STEVE
 11
6.123233995736766E-17
 21
1.0
 31
0.0
 73
     1
 44
1.0
  0
LINE
  5
FE8
330
FE4
100
AcDbEntity
  8
LEVEL_50
  6
Continuous
 62
     2
100
AcDbLine
 10
-128.6197468178205
 20
52.96735040543559
 30
0.0
 11
-128.6197468178205
 21
59.94815749204976
 31
0.0
  0
LINE
  5
FE9
330
FE4
100
AcDbEntity
  8
LEVEL_50
  6
Continuous
 62
     2
100
AcDbLine
 10
-128.6197468178205
 20
67.96735040543558
 30
0.0
 11
-128.6197468178205
 21
60.98654331882141
 31
0.0
  0
LWPOLYLINE
  5
FEA
330
FE4
100
AcDbEntity
  8
LEVEL_50
  6
Continuous
 62
     2
100
AcDbPolyline
 90
        3
 70
     0
 43
0.0
 10
-128.7759968178205
 20
53.59235040543559
 10
-128.6197468178205
 20
52.96735040543559
 10
-128.4634968178205
 20
53.59235040543559
  0
LWPOLYLINE
  5
FEB
330
FE4
100
AcDbEntity
  8
LEVEL_50
  6
Continuous
 62
     2
100
AcDbPolyline
 90
        3
 70
     0
 43
0.0
 10
-128.4634968178205
 20
67.34235040543558
 10
-128.6197468178205
 20
67.96735040543558
 10
-128.7759968178205
 20
67.34235040543558
  0
ENDBLK
  5
1614
330
FE4
100
AcDbEntity
  8
0
100
AcDbBlockEnd
  0
BLOCK
  5
1615
330
FEE
100
AcDbEntity
  8
0
100
AcDbBlockBegin
  2
*D8
 70
     1
 10
0.0
 20
0.0
 30
0.0
  3
*D8
  1

  0
LINE
  5
FEF
330
FEE
100
AcDbEntity
  8
LEVEL_50
  6
Continuous
 62
     2
100
AcDbLine
 10
-123.9386227709799
 20
66.96735040543558
 30
0.0
 11
-130.4211991084142
 21
66.96735040543558
 31
0.0
  0
LINE
  5
FF0
330
FEE
100
AcDbEntity
  8
LEVEL_50
  6
Continuous
 62
     2
100
AcDbLine
 10
-125.0636227709799
 20
67.96735040543558
 30
0.0
 11
-130.4211991084142
 21
67.96735040543558
 31
0.0
  0
MTEXT
  5
FF1
330
FEE
100
AcDbEntity
  8
LEVEL_50
  6
Continuous
 62
     2
100
AcDbMText
 10
-129.7961991084142
 20
69.4137197866777
 30
0.0
 40
0.625
 41
0.0
 71
     7
 72
     1
  1
\FCHAR_FAST_FONT.shx;\W0.5000000000;\T1.0000000000;\o\l1"
  7
STEVE
 11
6.123233995736766E-17
 21
1.0
 31
0.0
 73
     1
 44
1.0
  0
LINE
  5
FF2
330
FEE
100
AcDbEntity
  8
LEVEL_50
  6
Continuous
 62
     2
100
AcDbLine
 10
-130.1086991084142
 20
66.96735040543558
 30
0.0
 11
-130.1086991084142
 21
66.02985040543558
 31
0.0
  0
LINE
  5
FF3
330
FEE
100
AcDbEntity
  8
LEVEL_50
  6
Continuous
 62
     2
100
AcDbLine
 10
-130.1086991084142
 20
67.96735040543558
 30
0.0
 11
-130.1086991084142
 21
68.90485040543558
 31
0.0
  0
LWPOLYLINE
  5
FF4
330
FEE
100
AcDbEntity
  8
LEVEL_50
  6
Continuous
 62
     2
100
AcDbPolyline
 90
        3
 70
     0
 43
0.0
 10
-129.9524491084142
 20
66.34235040543558
 10
-130.1086991084142
 20
66.96735040543558
 10
-130.2649491084142
 20
66.34235040543558
  0
LWPOLYLINE
  5
FF5
330
FEE
100
AcDbEntity
  8
LEVEL_50
  6
Continuous
 62
     2
100
AcDbPolyline
 90
        3
 70
     0
 43
0.0
 10
-130.2649491084142
 20
68.59235040543558
 10
-130.1086991084142
 20
67.96735040543558
 10
-129.9524491084142
 20
68.59235040543558
  0
LINE
  5
FF6
330
FEE
100
AcDbEntity
  8
LEVEL_50
  6
Continuous
 62
     2
100
AcDbLine
 10
-130.1086991084142
 20
66.96735040543558
 30
0.0
 11
-130.1086991084142
 21
66.02985040543558
 31
0.0
  0
LINE
  5
FF7
330
FEE
100
AcDbEntity
  8
LEVEL_50
  6
Continuous
 62
     2
100
AcDbLine
 10
-130.1086991084142
 20
67.96735040543558
 30
0.0
 11
-130.1086991084142
 21
69.2574697866777
 31
0.0
  0
ENDBLK
  5
1616
330
FEE
100
AcDbEntity
  8
0
100
AcDbBlockEnd
  0
BLOCK
  5
1617
330
FFA
100
AcDbEntity
  8
0
100
AcDbBlockBegin
  2
*D9
 70
     1
 10
0.0
 20
0.0
 30
0.0
  3
*D9
  1

  0
LINE
  5
FFB
330
FFA
100
AcDbEntity
  8
LEVEL_50
  6
Continuous
 62
     2
100
AcDbLine
 10
-126.0636227709799
 20
52.96735040543559
 30
0.0
 11
-127.6734852779504
 21
52.96735040543559
 31
0.0
  0
LINE
  5
FFC
330
FFA
100
AcDbEntity
  8
LEVEL_50
  6
Continuous
 62
     2
100
AcDbLine
 10
-117.1886227709799
 20
67.5923504054356
 30
0.0
 11
-127.6734852779504
 21
67.5923504054356
 31
0.0
  0
MTEXT
  5
FFD
330
FFA
100
AcDbEntity
  8
LEVEL_50
  6
Continuous
 62
     2
100
AcDbMText
 10
-127.0484852779504
 20
59.50475198023874
 30
0.0
 40
0.625
 41
0.0
 71
     7
 72
     1
  1
\FCHAR_FAST_FONT.shx;\W0.5000000000;\T1.0000000000;\o\l14
  7
STEVE
 11
6.123233995736766E-17
 21
1.0
 31
0.0
 73
     1
 44
1.0
  0
MTEXT
  5
FFE
330
FFA
100
AcDbEntity
  8
LEVEL_50
  6
Continuous
 62
     2
100
AcDbMText
 10
-127.3609852779504
 20
60.12483072039623
 30
0.0
 40
0.46875
 41
0.0
 71
     7
 72
     1
  1
\FCHAR_FAST_FONT.shx;\W0.5000000000;\T1.0000000000;\o\l5
  7
STEVE
 11
6.123233995736766E-17
 21
1.0
 31
0.0
 73
     1
 44
1.0
  0
MTEXT
  5
FFF
330
FFA
100
AcDbEntity
  8
LEVEL_50
  6
Continuous
 62
     2
100
AcDbMText
 10
-126.8922352779504
 20
60.43487009047497
 30
0.0
 40
0.46875
 41
0.0
 71
     7
 72
     1
  1
\FCHAR_FAST_FONT.shx;\W0.5000000000;\T1.0000000000;\o\l8
  7
STEVE
 11
6.123233995736766E-17
 21
1.0
 31
0.0
 73
     1
 44
1.0
  0
LINE
  5
1000
330
FFA
100
AcDbEntity
  8
LEVEL_50
  6
Continuous
 62
     2
100
AcDbLine
 10
-126.8922352779504
 20
60.31768259047497
 30
0.0
 11
-127.8297352779504
 21
60.55205759047497
 31
0.0
  0
MTEXT
  5
1001
330
FFA
100
AcDbEntity
  8
LEVEL_50
  6
Continuous
 62
     2
100
AcDbMText
 10
-127.1266102779504
 20
60.74490946055371
 30
0.0
 40
0.625
 41
0.0
 71
     7
 72
     1
  1
\FCHAR_FAST_FONT.shx;\W0.5000000000;\T1.0000000000;\o\l"
  7
STEVE
 11
6.123233995736766E-17
 21
1.0
 31
0.0
 73
     1
 44
1.0
  0
LINE
  5
1002
330
FFA
100
AcDbEntity
  8
LEVEL_50
  6
Continuous
 62
     2
100
AcDbLine
 10
-127.3609852779504
 20
52.96735040543559
 30
0.0
 11
-127.3609852779504
 21
59.34850198023874
 31
0.0
  0
LINE
  5
1003
330
FFA
100
AcDbEntity
  8
LEVEL_50
  6
Continuous
 62
     2
100
AcDbLine
 10
-127.3609852779504
 20
67.5923504054356
 30
0.0
 11
-127.3609852779504
 21
61.21119883063245
 31
0.0
  0
LWPOLYLINE
  5
1004
330
FFA
100
AcDbEntity
  8
LEVEL_50
  6
Continuous
 62
     2
100
AcDbPolyline
 90
        3
 70
     0
 43
0.0
 10
-127.5172352779504
 20
53.59235040543559
 10
-127.3609852779504
 20
52.96735040543559
 10
-127.2047352779504
 20
53.59235040543559
  0
LWPOLYLINE
  5
1005
330
FFA
100
AcDbEntity
  8
LEVEL_50
  6
Continuous
 62
     2
100
AcDbPolyline
 90
        3
 70
     0
 43
0.0
 10
-127.2047352779504
 20
66.9673504054356
 10
-127.3609852779504
 20
67.5923504054356
 10
-127.5172352779504
 20
66.9673504054356
  0
ENDBLK
  5
1618
330
FFA
100
AcDbEntity
  8
0
100
AcDbBlockEnd
  0
BLOCK
  5
1619
330
1008
100
AcDbEntity
  8
0
100
AcDbBlockBegin
  2
*D10
 70
     1
 10
0.0
 20
0.0
 30
0.0
  3
*D10
  1

  0
LINE
  5
1009
330
1008
100
AcDbEntity
  8
LEVEL_50
  6
Continuous
 62
     2
100
AcDbLine
 10
-123.9386227709799
 20
66.96735040543558
 30
0.0
 11
-130.4211991084142
 21
66.96735040543558
 31
0.0
  0
LINE
  5
100A
330
1008
100
AcDbEntity
  8
LEVEL_50
  6
Continuous
 62
     2
100
AcDbLine
 10
-123.9386227709799
 20
38.96735040543559
 30
0.0
 11
-130.4211991084142
 21
38.96735040543559
 31
0.0
  0
MTEXT
  5
100B
330
1008
100
AcDbEntity
  8
LEVEL_50
  6
Continuous
 62
     2
100
AcDbMText
 10
-129.7961991084142
 20
49.91739961803401
 30
0.0
 40
0.625
 41
0.0
 71
     7
 72
     1
  1
\FCHAR_FAST_FONT.shx;\W0.5000000000;\T1.0000000000;\o\l28" PERFORATED PLATE
  7
STEVE
 11
6.123233995736766E-17
 21
1.0
 31
0.0
 73
     1
 44
1.0
  0
LINE
  5
100C
330
1008
100
AcDbEntity
  8
LEVEL_50
  6
Continuous
 62
     2
100
AcDbLine
 10
-130.1086991084142
 20
66.96735040543558
 30
0.0
 11
-130.1086991084142
 21
56.17355119283716
 31
0.0
  0
LINE
  5
100D
330
1008
100
AcDbEntity
  8
LEVEL_50
  6
Continuous
 62
     2
100
AcDbLine
 10
-130.1086991084142
 20
38.96735040543559
 30
0.0
 11
-130.1086991084142
 21
49.76114961803401
 31
0.0
  0
LWPOLYLINE
  5
100E
330
1008
100
AcDbEntity
  8
LEVEL_50
  6
Continuous
 62
     2
100
AcDbPolyline
 90
        3
 70
     0
 43
0.0
 10
-129.9524491084142
 20
66.34235040543558
 10
-130.1086991084142
 20
66.96735040543558
 10
-130.2649491084142
 20
66.34235040543558
  0
LWPOLYLINE
  5
100F
330
1008
100
AcDbEntity
  8
LEVEL_50
  6
Continuous
 62
     2
100
AcDbPolyline
 90
        3
 70
     0
 43
0.0
 10
-130.2649491084142
 20
39.59235040543559
 10
-130.1086991084142
 20
38.96735040543559
 10
-129.9524491084142
 20
39.59235040543559
  0
ENDBLK
  5
161A
330
1008
100
AcDbEntity
  8
0
100
AcDbBlockEnd
  0
BLOCK
  5
161B
330
1012
100
AcDbEntity
  8
0
100
AcDbBlockBegin
  2
*D11
 70
     1
 10
0.0
 20
0.0
 30
0.0
  3
*D11
  1

  0
LINE
  5
1013
330
1012
100
AcDbEntity
  8
LEVEL_50
  6
Continuous
 62
     2
100
AcDbLine
 10
-125.0636227709799
 20
67.96735040543558
 30
0.0
 11
-131.7159402306696
 21
67.96735040543558
 31
0.0
  0
LINE
  5
1014
330
1012
100
AcDbEntity
  8
LEVEL_50
  6
Continuous
 62
     2
100
AcDbLine
 10
-125.0636227709799
 20
37.96735040543559
 30
0.0
 11
-131.7159402306696
 21
37.96735040543559
 31
0.0
  0
MTEXT
  5
1015
330
1012
100
AcDbEntity
  8
LEVEL_50
  6
Continuous
 62
     2
100
AcDbMText
 10
-131.0909402306696
 20
50.69249804323086
 30
0.0
 40
0.625
 41
0.0
 71
     7
 72
     1
  1
\FCHAR_FAST_FONT.shx;\W0.5000000000;\T1.0000000000;\o\l30" ALUM. PLATE
  7
STEVE
 11
6.123233995736766E-17
 21
1.0
 31
0.0
 73
     1
 44
1.0
  0
LINE
  5
1016
330
1012
100
AcDbEntity
  8
LEVEL_50
  6
Continuous
 62
     2
100
AcDbLine
 10
-131.4034402306696
 20
67.96735040543558
 30
0.0
 11
-131.4034402306696
 21
55.39845276764031
 31
0.0
  0
LINE
  5
1017
330
1012
100
AcDbEntity
  8
LEVEL_50
  6
Continuous
 62
     2
100
AcDbLine
 10
-131.4034402306696
 20
37.96735040543559
 30
0.0
 11
-131.4034402306696
 21
50.53624804323086
 31
0.0
  0
LWPOLYLINE
  5
1018
330
1012
100
AcDbEntity
  8
LEVEL_50
  6
Continuous
 62
     2
100
AcDbPolyline
 90
        3
 70
     0
 43
0.0
 10
-131.2471902306696
 20
67.34235040543558
 10
-131.4034402306696
 20
67.96735040543558
 10
-131.5596902306696
 20
67.34235040543558
  0
LWPOLYLINE
  5
1019
330
1012
100
AcDbEntity
  8
LEVEL_50
  6
Continuous
 62
     2
100
AcDbPolyline
 90
        3
 70
     0
 43
0.0
 10
-131.5596902306696
 20
38.59235040543559
 10
-131.4034402306696
 20
37.96735040543559
 10
-131.2471902306696
 20
38.59235040543559
  0
ENDBLK
  5
161C
330
1012
100
AcDbEntity
  8
0
100
AcDbBlockEnd
  0
BLOCK
  5
161D
330
101C
100
AcDbEntity
  8
0
100
AcDbBlockBegin
  2
*D12
 70
     1
 10
0.0
 20
0.0
 30
0.0
  3
*D12
  1

  0
LINE
  5
101D
330
101C
100
AcDbEntity
  8
LEVEL_50
  6
Continuous
 62
     2
100
AcDbLine
 10
-126.0636227709799
 20
52.96735040543559
 30
0.0
 11
-128.9322468178205
 21
52.96735040543559
 31
0.0
  0
LINE
  5
101E
330
101C
100
AcDbEntity
  8
LEVEL_50
  6
Continuous
 62
     2
100
AcDbLine
 10
-123.9386227709799
 20
38.96735040543559
 30
0.0
 11
-128.9322468178205
 21
38.96735040543559
 31
0.0
  0
MTEXT
  5
101F
330
101C
100
AcDbEntity
  8
LEVEL_50
  6
Continuous
 62
     2
100
AcDbMText
 10
-128.3072468178205
 20
45.60440749204976
 30
0.0
 40
0.625
 41
0.0
 71
     7
 72
     1
  1
\FCHAR_FAST_FONT.shx;\W0.5000000000;\T1.0000000000;\o\l14"
  7
STEVE
 11
6.123233995736766E-17
 21
1.0
 31
0.0
 73
     1
 44
1.0
  0
LINE
  5
1020
330
101C
100
AcDbEntity
  8
LEVEL_50
  6
Continuous
 62
     2
100
AcDbLine
 10
-128.6197468178205
 20
52.96735040543559
 30
0.0
 11
-128.6197468178205
 21
46.48654331882141
 31
0.0
  0
LINE
  5
1021
330
101C
100
AcDbEntity
  8
LEVEL_50
  6
Continuous
 62
     2
100
AcDbLine
 10
-128.6197468178205
 20
38.96735040543559
 30
0.0
 11
-128.6197468178205
 21
45.44815749204976
 31
0.0
  0
LWPOLYLINE
  5
1022
330
101C
100
AcDbEntity
  8
LEVEL_50
  6
Continuous
 62
     2
100
AcDbPolyline
 90
        3
 70
     0
 43
0.0
 10
-128.4634968178205
 20
52.34235040543559
 10
-128.6197468178205
 20
52.96735040543559
 10
-128.7759968178205
 20
52.34235040543559
  0
LWPOLYLINE
  5
1023
330
101C
100
AcDbEntity
  8
LEVEL_50
  6
Continuous
 62
     2
100
AcDbPolyline
 90
        3
 70
     0
 43
0.0
 10
-128.7759968178205
 20
39.59235040543559
 10
-128.6197468178205
 20
38.96735040543559
 10
-128.4634968178205
 20
39.59235040543559
  0
ENDBLK
  5
161E
330
101C
100
AcDbEntity
  8
0
100
AcDbBlockEnd
  0
BLOCK
  5
161F
330
1026
100
AcDbEntity
  8
0
100
AcDbBlockBegin
  2
*D13
 70
     1
 10
0.0
 20
0.0
 30
0.0
  3
*D13
  1

  0
LINE
  5
1027
330
1026
100
AcDbEntity
  8
LEVEL_50
  6
Continuous
 62
     2
100
AcDbLine
 10
-123.9386227709799
 20
38.96735040543559
 30
0.0
 11
-130.4211991084142
 21
38.96735040543559
 31
0.0
  0
LINE
  5
1028
330
1026
100
AcDbEntity
  8
LEVEL_50
  6
Continuous
 62
     2
100
AcDbLine
 10
-125.0636227709799
 20
37.96735040543559
 30
0.0
 11
-130.4211991084142
 21
37.96735040543559
 31
0.0
  0
MTEXT
  5
1029
330
1026
100
AcDbEntity
  8
LEVEL_50
  6
Continuous
 62
     2
100
AcDbMText
 10
-129.7961991084142
 20
36.34637766929566
 30
0.0
 40
0.625
 41
0.0
 71
     7
 72
     1
  1
\FCHAR_FAST_FONT.shx;\W0.5000000000;\T1.0000000000;\o\l1"
  7
STEVE
 11
6.123233995736766E-17
 21
1.0
 31
0.0
 73
     1
 44
1.0
  0
LINE
  5
102A
330
1026
100
AcDbEntity
  8
LEVEL_50
  6
Continuous
 62
     2
100
AcDbLine
 10
-130.1086991084142
 20
38.96735040543559
 30
0.0
 11
-130.1086991084142
 21
39.90485040543559
 31
0.0
  0
LINE
  5
102B
330
1026
100
AcDbEntity
  8
LEVEL_50
  6
Continuous
 62
     2
100
AcDbLine
 10
-130.1086991084142
 20
37.96735040543559
 30
0.0
 11
-130.1086991084142
 21
37.02985040543559
 31
0.0
  0
LWPOLYLINE
  5
102C
330
1026
100
AcDbEntity
  8
LEVEL_50
  6
Continuous
 62
     2
100
AcDbPolyline
 90
        3
 70
     0
 43
0.0
 10
-130.2649491084142
 20
39.59235040543559
 10
-130.1086991084142
 20
38.96735040543559
 10
-129.9524491084142
 20
39.59235040543559
  0
LWPOLYLINE
  5
102D
330
1026
100
AcDbEntity
  8
LEVEL_50
  6
Continuous
 62
     2
100
AcDbPolyline
 90
        3
 70
     0
 43
0.0
 10
-129.9524491084142
 20
37.34235040543559
 10
-130.1086991084142
 20
37.96735040543559
 10
-130.2649491084142
 20
37.34235040543559
  0
LINE
  5
102E
330
1026
100
AcDbEntity
  8
LEVEL_50
  6
Continuous
 62
     2
100
AcDbLine
 10
-130.1086991084142
 20
38.96735040543559
 30
0.0
 11
-130.1086991084142
 21
39.90485040543559
 31
0.0
  0
LINE
  5
102F
330
1026
100
AcDbEntity
  8
LEVEL_50
  6
Continuous
 62
     2
100
AcDbLine
 10
-130.1086991084142
 20
37.96735040543559
 30
0.0
 11
-130.1086991084142
 21
36.91847412598857
 31
0.0
  0
ENDBLK
  5
1620
330
1026
100
AcDbEntity
  8
0
100
AcDbBlockEnd
  0
BLOCK
  5
1621
330
1032
100
AcDbEntity
  8
0
100
AcDbBlockBegin
  2
*D14
 70
     1
 10
0.0
 20
0.0
 30
0.0
  3
*D14
  1

  0
LINE
  5
1033
330
1032
100
AcDbEntity
  8
LEVEL_50
  6
Continuous
 62
     2
100
AcDbLine
 10
-126.0636227709799
 20
52.96735040543559
 30
0.0
 11
-127.6734852779504
 21
52.96735040543559
 31
0.0
  0
LINE
  5
1034
330
1032
100
AcDbEntity
  8
LEVEL_50
  6
Continuous
 62
     2
100
AcDbLine
 10
-117.1886227709799
 20
38.34235040543557
 30
0.0
 11
-127.6734852779504
 21
38.34235040543557
 31
0.0
  0
MTEXT
  5
1035
330
1032
100
AcDbEntity
  8
LEVEL_50
  6
Continuous
 62
     2
100
AcDbMText
 10
-127.0484852779504
 20
44.87975198023873
 30
0.0
 40
0.625
 41
0.0
 71
     7
 72
     1
  1
\FCHAR_FAST_FONT.shx;\W0.5000000000;\T1.0000000000;\o\l14
  7
STEVE
 11
6.123233995736766E-17
 21
1.0
 31
0.0
 73
     1
 44
1.0
  0
MTEXT
  5
1036
330
1032
100
AcDbEntity
  8
LEVEL_50
  6
Continuous
 62
     2
100
AcDbMText
 10
-127.3609852779504
 20
45.49983072039621
 30
0.0
 40
0.46875
 41
0.0
 71
     7
 72
     1
  1
\FCHAR_FAST_FONT.shx;\W0.5000000000;\T1.0000000000;\o\l5
  7
STEVE
 11
6.123233995736766E-17
 21
1.0
 31
0.0
 73
     1
 44
1.0
  0
MTEXT
  5
1037
330
1032
100
AcDbEntity
  8
LEVEL_50
  6
Continuous
 62
     2
100
AcDbMText
 10
-126.8922352779504
 20
45.80987009047495
 30
0.0
 40
0.46875
 41
0.0
 71
     7
 72
     1
  1
\FCHAR_FAST_FONT.shx;\W0.5000000000;\T1.0000000000;\o\l8
  7
STEVE
 11
6.123233995736766E-17
 21
1.0
 31
0.0
 73
     1
 44
1.0
  0
LINE
  5
1038
330
1032
100
AcDbEntity
  8
LEVEL_50
  6
Continuous
 62
     2
100
AcDbLine
 10
-126.8922352779504
 20
45.69268259047495
 30
0.0
 11
-127.8297352779504
 21
45.92705759047495
 31
0.0
  0
MTEXT
  5
1039
330
1032
100
AcDbEntity
  8
LEVEL_50
  6
Continuous
 62
     2
100
AcDbMText
 10
-127.1266102779504
 20
46.11990946055369
 30
0.0
 40
0.625
 41
0.0
 71
     7
 72
     1
  1
\FCHAR_FAST_FONT.shx;\W0.5000000000;\T1.0000000000;\o\l"
  7
STEVE
 11
6.123233995736766E-17
 21
1.0
 31
0.0
 73
     1
 44
1.0
  0
LINE
  5
103A
330
1032
100
AcDbEntity
  8
LEVEL_50
  6
Continuous
 62
     2
100
AcDbLine
 10
-127.3609852779504
 20
52.96735040543559
 30
0.0
 11
-127.3609852779504
 21
46.58619883063243
 31
0.0
  0
LINE
  5
103B
330
1032
100
AcDbEntity
  8
LEVEL_50
  6
Continuous
 62
     2
100
AcDbLine
 10
-127.3609852779504
 20
38.34235040543557
 30
0.0
 11
-127.3609852779504
 21
44.72350198023873
 31
0.0
  0
LWPOLYLINE
  5
103C
330
1032
100
AcDbEntity
  8
LEVEL_50
  6
Continuous
 62
     2
100
AcDbPolyline
 90
        3
 70
     0
 43
0.0
 10
-127.2047352779504
 20
52.34235040543559
 10
-127.3609852779504
 20
52.96735040543559
 10
-127.5172352779504
 20
52.34235040543559
  0
LWPOLYLINE
  5
103D
330
1032
100
AcDbEntity
  8
LEVEL_50
  6
Continuous
 62
     2
100
AcDbPolyline
 90
        3
 70
     0
 43
0.0
 10
-127.5172352779504
 20
38.96735040543557
 10
-127.3609852779504
 20
38.34235040543557
 10
-127.2047352779504
 20
38.96735040543557
  0
ENDBLK
  5
1622
330
1032
100
AcDbEntity
  8
0
100
AcDbBlockEnd
  0
BLOCK
  5
1623
330
1040
100
AcDbEntity
  8
0
100
AcDbBlockBegin
  2
*D15
 70
     1
 10
0.0
 20
0.0
 30
0.0
  3
*D15
  1

  0
LINE
  5
1041
330
1040
100
AcDbEntity
  8
LEVEL_50
  6
Continuous
 62
     2
100
AcDbLine
 10
-116.6261227709799
 20
68.1548504054356
 30
0.0
 11
-116.6261227709799
 21
71.19519162228225
 31
0.0
  0
LINE
  5
1042
330
1040
100
AcDbEntity
  8
LEVEL_50
  6
Continuous
 62
     2
100
AcDbLine
 10
-95.62612277097986
 20
69.27985040543557
 30
0.0
 11
-95.62612277097986
 21
71.19519162228225
 31
0.0
  0
MTEXT
  5
1043
330
1040
100
AcDbEntity
  8
LEVEL_50
  6
Continuous
 62
     2
100
AcDbMText
 10
-106.4890656843657
 20
70.57019162228225
 30
0.0
 40
0.625
 41
0.0
 71
     7
 72
     1
  1
\FCHAR_FAST_FONT.shx;\W0.5000000000;\T1.0000000000;\o\l21"
  7
STEVE
 73
     1
 44
1.0
  0
LINE
  5
1044
330
1040
100
AcDbEntity
  8
LEVEL_50
  6
Continuous
 62
     2
100
AcDbLine
 10
-116.6261227709799
 20
70.88269162228225
 30
0.0
 11
-106.6453156843657
 21
70.88269162228225
 31
0.0
  0
LINE
  5
1045
330
1040
100
AcDbEntity
  8
LEVEL_50
  6
Continuous
 62
     2
100
AcDbLine
 10
-95.62612277097986
 20
70.88269162228225
 30
0.0
 11
-105.606929857594
 21
70.88269162228225
 31
0.0
  0
LWPOLYLINE
  5
1046
330
1040
100
AcDbEntity
  8
LEVEL_50
  6
Continuous
 62
     2
100
AcDbPolyline
 90
        3
 70
     0
 43
0.0
 10
-116.0011227709799
 20
71.03894162228225
 10
-116.6261227709799
 20
70.88269162228225
 10
-116.0011227709799
 20
70.72644162228225
  0
LWPOLYLINE
  5
1047
330
1040
100
AcDbEntity
  8
LEVEL_50
  6
Continuous
 62
     2
100
AcDbPolyline
 90
        3
 70
     0
 43
0.0
 10
-96.25112277097986
 20
70.72644162228225
 10
-95.62612277097986
 20
70.88269162228225
 10
-96.25112277097986
 20
71.03894162228225
  0
ENDBLK
  5
1624
330
1040
100
AcDbEntity
  8
0
100
AcDbBlockEnd
  0
BLOCK
  5
1625
330
104A
100
AcDbEntity
  8
0
100
AcDbBlockBegin
  2
*D16
 70
     1
 10
0.0
 20
0.0
 30
0.0
  3
*D16
  1

  0
LINE
  5
104B
330
104A
100
AcDbEntity
  8
LEVEL_50
  6
Continuous
 62
     2
100
AcDbLine
 10
-95.62612277097986
 20
69.27985040543557
 30
0.0
 11
-95.62612277097986
 21
71.19519162228225
 31
0.0
  0
LINE
  5
104C
330
104A
100
AcDbEntity
  8
LEVEL_50
  6
Continuous
 62
     2
100
AcDbLine
 10
-74.62612277097986
 20
68.1548504054356
 30
0.0
 11
-74.62612277097986
 21
71.19519162228225
 31
0.0
  0
MTEXT
  5
104D
330
104A
100
AcDbEntity
  8
LEVEL_50
  6
Continuous
 62
     2
100
AcDbMText
 10
-85.48906568436568
 20
70.57019162228225
 30
0.0
 40
0.625
 41
0.0
 71
     7
 72
     1
  1
\FCHAR_FAST_FONT.shx;\W0.5000000000;\T1.0000000000;\o\l21"
  7
STEVE
 73
     1
 44
1.0
  0
LINE
  5
104E
330
104A
100
AcDbEntity
  8
LEVEL_50
  6
Continuous
 62
     2
100
AcDbLine
 10
-95.62612277097986
 20
70.88269162228225
 30
0.0
 11
-85.64531568436568
 21
70.88269162228225
 31
0.0
  0
LINE
  5
104F
330
104A
100
AcDbEntity
  8
LEVEL_50
  6
Continuous
 62
     2
100
AcDbLine
 10
-74.62612277097986
 20
70.88269162228225
 30
0.0
 11
-84.60692985759403
 21
70.88269162228225
 31
0.0
  0
LWPOLYLINE
  5
1050
330
104A
100
AcDbEntity
  8
LEVEL_50
  6
Continuous
 62
     2
100
AcDbPolyline
 90
        3
 70
     0
 43
0.0
 10
-95.00112277097986
 20
71.03894162228225
 10
-95.62612277097986
 20
70.88269162228225
 10
-95.00112277097986
 20
70.72644162228225
  0
LWPOLYLINE
  5
1051
330
104A
100
AcDbEntity
  8
LEVEL_50
  6
Continuous
 62
     2
100
AcDbPolyline
 90
        3
 70
     0
 43
0.0
 10
-75.25112277097986
 20
70.72644162228225
 10
-74.62612277097986
 20
70.88269162228225
 10
-75.25112277097986
 20
71.03894162228225
  0
ENDBLK
  5
1626
330
104A
100
AcDbEntity
  8
0
100
AcDbBlockEnd
  0
BLOCK
  5
1627
330
1054
100
AcDbEntity
  8
0
100
AcDbBlockBegin
  2
*D17
 70
     1
 10
0.0
 20
0.0
 30
0.0
  3
*D17
  1

  0
LINE
  5
1055
330
1054
100
AcDbEntity
  8
LEVEL_50
  6
Continuous
 62
     2
100
AcDbLine
 10
-95.62612277097986
 20
36.6548504054356
 30
0.0
 11
-95.62612277097986
 21
26.09387148687617
 31
0.0
  0
LINE
  5
1056
330
1054
100
AcDbEntity
  8
LEVEL_50
  6
Continuous
 62
     2
100
AcDbLine
 10
-124.7511227709799
 20
37.65485040543559
 30
0.0
 11
-124.7511227709799
 21
26.09387148687617
 31
0.0
  0
MTEXT
  5
1057
330
1054
100
AcDbEntity
  8
LEVEL_50
  6
Continuous
 62
     2
100
AcDbMText
 10
-110.9637211961767
 20
26.09387148687617
 30
0.0
 40
0.625
 41
0.0
 71
     7
 72
     1
  1
\FCHAR_FAST_FONT.shx;\W0.5000000000;\T1.0000000000;\o\l29
  7
STEVE
 73
     1
 44
1.0
  0
MTEXT
  5
1058
330
1054
100
AcDbEntity
  8
LEVEL_50
  6
Continuous
 62
     2
100
AcDbMText
 10
-110.3436424560192
 20
26.40637148687617
 30
0.0
 40
0.46875
 41
0.0
 71
     7
 72
     1
  1
\FCHAR_FAST_FONT.shx;\W0.5000000000;\T1.0000000000;\o\l1
  7
STEVE
 73
     1
 44
1.0
  0
MTEXT
  5
1059
330
1054
100
AcDbEntity
  8
LEVEL_50
  6
Continuous
 62
     2
100
AcDbMText
 10
-110.0336030859405
 20
25.93762148687617
 30
0.0
 40
0.46875
 41
0.0
 71
     7
 72
     1
  1
\FCHAR_FAST_FONT.shx;\W0.5000000000;\T1.0000000000;\o\l8
  7
STEVE
 73
     1
 44
1.0
  0
LINE
  5
105A
330
1054
100
AcDbEntity
  8
LEVEL_50
  6
Continuous
 62
     2
100
AcDbLine
 10
-110.1507905859405
 20
25.93762148687617
 30
0.0
 11
-109.9164155859405
 21
26.87512148687617
 31
0.0
  0
MTEXT
  5
105B
330
1054
100
AcDbEntity
  8
LEVEL_50
  6
Continuous
 62
     2
100
AcDbMText
 10
-109.7235637158618
 20
26.17199648687617
 30
0.0
 40
0.625
 41
0.0
 71
     7
 72
     1
  1
\FCHAR_FAST_FONT.shx;\W0.5000000000;\T1.0000000000;\o\l"
  7
STEVE
 73
     1
 44
1.0
  0
LINE
  5
105C
330
1054
100
AcDbEntity
  8
LEVEL_50
  6
Continuous
 62
     2
100
AcDbLine
 10
-95.62612277097986
 20
26.40637148687617
 30
0.0
 11
-109.257274345783
 21
26.40637148687617
 31
0.0
  0
LINE
  5
105D
330
1054
100
AcDbEntity
  8
LEVEL_50
  6
Continuous
 62
     2
100
AcDbLine
 10
-124.7511227709799
 20
26.40637148687617
 30
0.0
 11
-111.1199711961767
 21
26.40637148687617
 31
0.0
  0
LWPOLYLINE
  5
105E
330
1054
100
AcDbEntity
  8
LEVEL_50
  6
Continuous
 62
     2
100
AcDbPolyline
 90
        3
 70
     0
 43
0.0
 10
-96.25112277097986
 20
26.25012148687617
 10
-95.62612277097986
 20
26.40637148687617
 10
-96.25112277097986
 20
26.56262148687617
  0
LWPOLYLINE
  5
105F
330
1054
100
AcDbEntity
  8
LEVEL_50
  6
Continuous
 62
     2
100
AcDbPolyline
 90
        3
 70
     0
 43
0.0
 10
-124.1261227709799
 20
26.56262148687617
 10
-124.7511227709799
 20
26.40637148687617
 10
-124.1261227709799
 20
26.25012148687617
  0
ENDBLK
  5
1628
330
1054
100
AcDbEntity
  8
0
100
AcDbBlockEnd
  0
BLOCK
  5
1629
330
1062
100
AcDbEntity
  8
0
100
AcDbBlockBegin
  2
*D18
 70
     1
 10
0.0
 20
0.0
 30
0.0
  3
*D18
  1

  0
LINE
  5
1063
330
1062
100
AcDbEntity
  8
LEVEL_50
  6
Continuous
 62
     2
100
AcDbLine
 10
-95.62612277097986
 20
36.6548504054356
 30
0.0
 11
-95.62612277097986
 21
26.09387148687617
 31
0.0
  0
LINE
  5
1064
330
1062
100
AcDbEntity
  8
LEVEL_50
  6
Continuous
 62
     2
100
AcDbLine
 10
-67.62612277097986
 20
38.65485040543559
 30
0.0
 11
-67.62612277097986
 21
26.09387148687617
 31
0.0
  0
MTEXT
  5
1065
330
1062
100
AcDbEntity
  8
LEVEL_50
  6
Continuous
 62
     2
100
AcDbMText
 10
-81.98906568436568
 20
26.09387148687617
 30
0.0
 40
0.625
 41
0.0
 71
     7
 72
     1
  1
\FCHAR_FAST_FONT.shx;\W0.5000000000;\T1.0000000000;\o\l28"
  7
STEVE
 73
     1
 44
1.0
  0
LINE
  5
1066
330
1062
100
AcDbEntity
  8
LEVEL_50
  6
Continuous
 62
     2
100
AcDbLine
 10
-95.62612277097986
 20
26.40637148687617
 30
0.0
 11
-82.14531568436568
 21
26.40637148687617
 31
0.0
  0
LINE
  5
1067
330
1062
100
AcDbEntity
  8
LEVEL_50
  6
Continuous
 62
     2
100
AcDbLine
 10
-67.62612277097986
 20
26.40637148687617
 30
0.0
 11
-81.10692985759403
 21
26.40637148687617
 31
0.0
  0
LWPOLYLINE
  5
1068
330
1062
100
AcDbEntity
  8
LEVEL_50
  6
Continuous
 62
     2
100
AcDbPolyline
 90
        3
 70
     0
 43
0.0
 10
-95.00112277097986
 20
26.56262148687617
 10
-95.62612277097986
 20
26.40637148687617
 10
-95.00112277097986
 20
26.25012148687617
  0
LWPOLYLINE
  5
1069
330
1062
100
AcDbEntity
  8
LEVEL_50
  6
Continuous
 62
     2
100
AcDbPolyline
 90
        3
 70
     0
 43
0.0
 10
-68.25112277097986
 20
26.25012148687617
 10
-67.62612277097986
 20
26.40637148687617
 10
-68.25112277097986
 20
26.56262148687617
  0
ENDBLK
  5
162A
330
1062
100
AcDbEntity
  8
0
100
AcDbBlockEnd
  0
BLOCK
  5
162B
330
106C
100
AcDbEntity
  8
0
100
AcDbBlockBegin
  2
*D19
 70
     1
 10
0.0
 20
0.0
 30
0.0
  3
*D19
  1

  0
LINE
  5
106D
330
106C
100
AcDbEntity
  8
LEVEL_50
  6
Continuous
 62
     2
100
AcDbLine
 10
-124.7511227709799
 20
37.6548504054356
 30
0.0
 11
-124.7511227709799
 21
23.50585305369645
 31
0.0
  0
LINE
  5
106E
330
106C
100
AcDbEntity
  8
LEVEL_50
  6
Continuous
 62
     2
100
AcDbLine
 10
-66.50112277097986
 20
37.6548504054356
 30
0.0
 11
-66.50112277097986
 21
23.50585305369645
 31
0.0
  0
MTEXT
  5
106F
330
106C
100
AcDbEntity
  8
LEVEL_50
  6
Continuous
 62
     2
100
AcDbMText
 10
-98.26145741664915
 20
23.50585305369645
 30
0.0
 40
0.625
 41
0.0
 71
     7
 72
     1
  1
\FCHAR_FAST_FONT.shx;\W0.5000000000;\T1.0000000000;\o\l58
  7
STEVE
 73
     1
 44
1.0
  0
MTEXT
  5
1070
330
106C
100
AcDbEntity
  8
LEVEL_50
  6
Continuous
 62
     2
100
AcDbMText
 10
-97.64137867649167
 20
23.81835305369645
 30
0.0
 40
0.46875
 41
0.0
 71
     7
 72
     1
  1
\FCHAR_FAST_FONT.shx;\W0.5000000000;\T1.0000000000;\o\l1
  7
STEVE
 73
     1
 44
1.0
  0
MTEXT
  5
1071
330
106C
100
AcDbEntity
  8
LEVEL_50
  6
Continuous
 62
     2
100
AcDbMText
 10
-97.33133930641293
 20
23.34960305369645
 30
0.0
 40
0.46875
 41
0.0
 71
     7
 72
     1
  1
\FCHAR_FAST_FONT.shx;\W0.5000000000;\T1.0000000000;\o\l4
  7
STEVE
 73
     1
 44
1.0
  0
LINE
  5
1072
330
106C
100
AcDbEntity
  8
LEVEL_50
  6
Continuous
 62
     2
100
AcDbLine
 10
-97.44852680641293
 20
23.34960305369645
 30
0.0
 11
-97.21415180641293
 21
24.28710305369645
 31
0.0
  0
MTEXT
  5
1073
330
106C
100
AcDbEntity
  8
LEVEL_50
  6
Continuous
 62
     2
100
AcDbMText
 10
-97.02129993633419
 20
23.58397805369645
 30
0.0
 40
0.625
 41
0.0
 71
     7
 72
     1
  1
\FCHAR_FAST_FONT.shx;\W0.5000000000;\T1.0000000000;\o\l" ALUM. PLATE
  7
STEVE
 73
     1
 44
1.0
  0
LINE
  5
1074
330
106C
100
AcDbEntity
  8
LEVEL_50
  6
Continuous
 62
     2
100
AcDbLine
 10
-124.7511227709799
 20
23.81835305369645
 30
0.0
 11
-98.41770741664915
 21
23.81835305369645
 31
0.0
  0
LINE
  5
1075
330
106C
100
AcDbEntity
  8
LEVEL_50
  6
Continuous
 62
     2
100
AcDbLine
 10
-66.50112277097986
 20
23.81835305369645
 30
0.0
 11
-92.83453812531057
 21
23.81835305369645
 31
0.0
  0
LWPOLYLINE
  5
1076
330
106C
100
AcDbEntity
  8
LEVEL_50
  6
Continuous
 62
     2
100
AcDbPolyline
 90
        3
 70
     0
 43
0.0
 10
-124.1261227709799
 20
23.97460305369645
 10
-124.7511227709799
 20
23.81835305369645
 10
-124.1261227709799
 20
23.66210305369645
  0
LWPOLYLINE
  5
1077
330
106C
100
AcDbEntity
  8
LEVEL_50
  6
Continuous
 62
     2
100
AcDbPolyline
 90
        3
 70
     0
 43
0.0
 10
-67.12612277097986
 20
23.66210305369645
 10
-66.50112277097986
 20
23.81835305369645
 10
-67.12612277097986
 20
23.97460305369645
  0
ENDBLK
  5
162C
330
106C
100
AcDbEntity
  8
0
100
AcDbBlockEnd
  0
BLOCK
  5
162D
330
107A
100
AcDbEntity
  8
0
100
AcDbBlockBegin
  2
*D20
 70
     1
 10
0.0
 20
0.0
 30
0.0
  3
*D20
  1

  0
LINE
  5
107B
330
107A
100
AcDbEntity
  8
LEVEL_50
  6
Continuous
 62
     2
100
AcDbLine
 10
-123.6261227709799
 20
38.65485040543559
 30
0.0
 11
-123.6261227709799
 21
24.79986227028631
 31
0.0
  0
LINE
  5
107C
330
107A
100
AcDbEntity
  8
LEVEL_50
  6
Continuous
 62
     2
100
AcDbLine
 10
-67.62612277097986
 20
38.65485040543559
 30
0.0
 11
-67.62612277097986
 21
24.79986227028631
 31
0.0
  0
MTEXT
  5
107D
330
107A
100
AcDbEntity
  8
LEVEL_50
  6
Continuous
 62
     2
100
AcDbMText
 10
-98.67607355838143
 20
24.79986227028631
 30
0.0
 40
0.625
 41
0.0
 71
     7
 72
     1
  1
\FCHAR_FAST_FONT.shx;\W0.5000000000;\T1.0000000000;\o\l56" PERFORATED PLATE
  7
STEVE
 73
     1
 44
1.0
  0
LINE
  5
107E
330
107A
100
AcDbEntity
  8
LEVEL_50
  6
Continuous
 62
     2
100
AcDbLine
 10
-123.6261227709799
 20
25.11236227028631
 30
0.0
 11
-98.83232355838143
 21
25.11236227028631
 31
0.0
  0
LINE
  5
107F
330
107A
100
AcDbEntity
  8
LEVEL_50
  6
Continuous
 62
     2
100
AcDbLine
 10
-67.62612277097986
 20
25.11236227028631
 30
0.0
 11
-92.41992198357828
 21
25.11236227028631
 31
0.0
  0
LWPOLYLINE
  5
1080
330
107A
100
AcDbEntity
  8
LEVEL_50
  6
Continuous
 62
     2
100
AcDbPolyline
 90
        3
 70
     0
 43
0.0
 10
-123.0011227709799
 20
25.26861227028631
 10
-123.6261227709799
 20
25.11236227028631
 10
-123.0011227709799
 20
24.95611227028631
  0
LWPOLYLINE
  5
1081
330
107A
100
AcDbEntity
  8
LEVEL_50
  6
Continuous
 62
     2
100
AcDbPolyline
 90
        3
 70
     0
 43
0.0
 10
-68.25112277097986
 20
24.95611227028631
 10
-67.62612277097986
 20
25.11236227028631
 10
-68.25112277097986
 20
25.26861227028631
  0
ENDBLK
  5
162E
330
107A
100
AcDbEntity
  8
0
100
AcDbBlockEnd
  0
BLOCK
  5
162F
330
1084
100
AcDbEntity
  8
0
100
AcDbBlockBegin
  2
*D21
 70
     1
 10
0.0
 20
0.0
 30
0.0
  3
*D21
  1

  0
LINE
  5
1085
330
1084
100
AcDbEntity
  8
LEVEL_50
  6
Continuous
 62
     2
100
AcDbLine
 10
-124.7511227709799
 20
37.6548504054356
 30
0.0
 11
-124.7511227709799
 21
27.37353869585257
 31
0.0
  0
LINE
  5
1086
330
1084
100
AcDbEntity
  8
LEVEL_50
  6
Continuous
 62
     2
100
AcDbLine
 10
-123.6261227709799
 20
38.65485040543559
 30
0.0
 11
-123.6261227709799
 21
27.37353869585257
 31
0.0
  0
MTEXT
  5
1087
330
1084
100
AcDbEntity
  8
LEVEL_50
  6
Continuous
 62
     2
100
AcDbMText
 10
-127.0250318814839
 20
27.37353869585257
 30
0.0
 40
0.625
 41
0.0
 71
     7
 72
     1
  1
\FCHAR_FAST_FONT.shx;\W0.5000000000;\T1.0000000000;\o\l1
  7
STEVE
 73
     1
 44
1.0
  0
MTEXT
  5
1088
330
1084
100
AcDbEntity
  8
LEVEL_50
  6
Continuous
 62
     2
100
AcDbMText
 10
-126.7149925114051
 20
27.68603869585257
 30
0.0
 40
0.46875
 41
0.0
 71
     7
 72
     1
  1
\FCHAR_FAST_FONT.shx;\W0.5000000000;\T1.0000000000;\o\l1
  7
STEVE
 73
     1
 44
1.0
  0
MTEXT
  5
1089
330
1084
100
AcDbEntity
  8
LEVEL_50
  6
Continuous
 62
     2
100
AcDbMText
 10
-126.4049531413264
 20
27.21728869585257
 30
0.0
 40
0.46875
 41
0.0
 71
     7
 72
     1
  1
\FCHAR_FAST_FONT.shx;\W0.5000000000;\T1.0000000000;\o\l8
  7
STEVE
 73
     1
 44
1.0
  0
LINE
  5
108A
330
1084
100
AcDbEntity
  8
LEVEL_50
  6
Continuous
 62
     2
100
AcDbLine
 10
-126.5221406413264
 20
27.21728869585257
 30
0.0
 11
-126.2877656413264
 21
28.15478869585257
 31
0.0
  0
MTEXT
  5
108B
330
1084
100
AcDbEntity
  8
LEVEL_50
  6
Continuous
 62
     2
100
AcDbMText
 10
-126.0949137712476
 20
27.45166369585257
 30
0.0
 40
0.625
 41
0.0
 71
     7
 72
     1
  1
\FCHAR_FAST_FONT.shx;\W0.5000000000;\T1.0000000000;\o\l"
  7
STEVE
 73
     1
 44
1.0
  0
LINE
  5
108C
330
1084
100
AcDbEntity
  8
LEVEL_50
  6
Continuous
 62
     2
100
AcDbLine
 10
-124.7511227709799
 20
27.68603869585257
 30
0.0
 11
-125.6886227709799
 21
27.68603869585257
 31
0.0
  0
LINE
  5
108D
330
1084
100
AcDbEntity
  8
LEVEL_50
  6
Continuous
 62
     2
100
AcDbLine
 10
-123.6261227709799
 20
27.68603869585257
 30
0.0
 11
-122.6886227709799
 21
27.68603869585257
 31
0.0
  0
LWPOLYLINE
  5
108E
330
1084
100
AcDbEntity
  8
LEVEL_50
  6
Continuous
 62
     2
100
AcDbPolyline
 90
        3
 70
     0
 43
0.0
 10
-125.3761227709799
 20
27.52978869585257
 10
-124.7511227709799
 20
27.68603869585257
 10
-125.3761227709799
 20
27.84228869585257
  0
LWPOLYLINE
  5
108F
330
1084
100
AcDbEntity
  8
LEVEL_50
  6
Continuous
 62
     2
100
AcDbPolyline
 90
        3
 70
     0
 43
0.0
 10
-123.0011227709799
 20
27.84228869585257
 10
-123.6261227709799
 20
27.68603869585257
 10
-123.0011227709799
 20
27.52978869585257
  0
LINE
  5
1090
330
1084
100
AcDbEntity
  8
LEVEL_50
  6
Continuous
 62
     2
100
AcDbLine
 10
-124.7511227709799
 20
27.68603869585257
 30
0.0
 11
-125.6286244011689
 21
27.68603869585257
 31
0.0
  0
LINE
  5
1091
330
1084
100
AcDbEntity
  8
LEVEL_50
  6
Continuous
 62
     2
100
AcDbLine
 10
-123.6261227709799
 20
27.68603869585257
 30
0.0
 11
-122.6886227709799
 21
27.68603869585257
 31
0.0
  0
ENDBLK
  5
1630
330
1084
100
AcDbEntity
  8
0
100
AcDbBlockEnd
  0
BLOCK
  5
1631
330
1094
100
AcDbEntity
  8
0
100
AcDbBlockBegin
  2
*D22
 70
     1
 10
0.0
 20
0.0
 30
0.0
  3
*D22
  1

  0
LINE
  5
1095
330
1094
100
AcDbEntity
  8
LEVEL_50
  6
Continuous
 62
     2
100
AcDbLine
 10
-67.62612277097986
 20
38.65485040543559
 30
0.0
 11
-67.62612277097986
 21
27.37353869585257
 31
0.0
  0
LINE
  5
1096
330
1094
100
AcDbEntity
  8
LEVEL_50
  6
Continuous
 62
     2
100
AcDbLine
 10
-66.50112277097986
 20
37.6548504054356
 30
0.0
 11
-66.50112277097986
 21
27.37353869585257
 31
0.0
  0
MTEXT
  5
1097
330
1094
100
AcDbEntity
  8
LEVEL_50
  6
Continuous
 62
     2
100
AcDbMText
 10
-65.01542532523398
 20
27.37353869585257
 30
0.0
 40
0.625
 41
0.0
 71
     7
 72
     1
  1
\FCHAR_FAST_FONT.shx;\W0.5000000000;\T1.0000000000;\o\l1
  7
STEVE
 73
     1
 44
1.0
  0
MTEXT
  5
1098
330
1094
100
AcDbEntity
  8
LEVEL_50
  6
Continuous
 62
     2
100
AcDbMText
 10
-64.70538595515524
 20
27.68603869585257
 30
0.0
 40
0.46875
 41
0.0
 71
     7
 72
     1
  1
\FCHAR_FAST_FONT.shx;\W0.5000000000;\T1.0000000000;\o\l1
  7
STEVE
 73
     1
 44
1.0
  0
MTEXT
  5
1099
330
1094
100
AcDbEntity
  8
LEVEL_50
  6
Continuous
 62
     2
100
AcDbMText
 10
-64.3953465850765
 20
27.21728869585257
 30
0.0
 40
0.46875
 41
0.0
 71
     7
 72
     1
  1
\FCHAR_FAST_FONT.shx;\W0.5000000000;\T1.0000000000;\o\l8
  7
STEVE
 73
     1
 44
1.0
  0
LINE
  5
109A
330
1094
100
AcDbEntity
  8
LEVEL_50
  6
Continuous
 62
     2
100
AcDbLine
 10
-64.5125340850765
 20
27.21728869585257
 30
0.0
 11
-64.2781590850765
 21
28.15478869585257
 31
0.0
  0
MTEXT
  5
109B
330
1094
100
AcDbEntity
  8
LEVEL_50
  6
Continuous
 62
     2
100
AcDbMText
 10
-64.08530721499775
 20
27.45166369585257
 30
0.0
 40
0.625
 41
0.0
 71
     7
 72
     1
  1
\FCHAR_FAST_FONT.shx;\W0.5000000000;\T1.0000000000;\o\l"
  7
STEVE
 73
     1
 44
1.0
  0
LINE
  5
109C
330
1094
100
AcDbEntity
  8
LEVEL_50
  6
Continuous
 62
     2
100
AcDbLine
 10
-67.62612277097986
 20
27.68603869585257
 30
0.0
 11
-68.56362277097986
 21
27.68603869585257
 31
0.0
  0
LINE
  5
109D
330
1094
100
AcDbEntity
  8
LEVEL_50
  6
Continuous
 62
     2
100
AcDbLine
 10
-66.50112277097986
 20
27.68603869585257
 30
0.0
 11
-65.56362277097986
 21
27.68603869585257
 31
0.0
  0
LWPOLYLINE
  5
109E
330
1094
100
AcDbEntity
  8
LEVEL_50
  6
Continuous
 62
     2
100
AcDbPolyline
 90
        3
 70
     0
 43
0.0
 10
-68.25112277097986
 20
27.52978869585257
 10
-67.62612277097986
 20
27.68603869585257
 10
-68.25112277097986
 20
27.84228869585257
  0
LWPOLYLINE
  5
109F
330
1094
100
AcDbEntity
  8
LEVEL_50
  6
Continuous
 62
     2
100
AcDbPolyline
 90
        3
 70
     0
 43
0.0
 10
-65.87612277097986
 20
27.84228869585257
 10
-66.50112277097986
 20
27.68603869585257
 10
-65.87612277097986
 20
27.52978869585257
  0
LINE
  5
10A0
330
1094
100
AcDbEntity
  8
LEVEL_50
  6
Continuous
 62
     2
100
AcDbLine
 10
-67.62612277097986
 20
27.68603869585257
 30
0.0
 11
-68.56362277097986
 21
27.68603869585257
 31
0.0
  0
LINE
  5
10A1
330
1094
100
AcDbEntity
  8
LEVEL_50
  6
Continuous
 62
     2
100
AcDbLine
 10
-66.50112277097986
 20
27.68603869585257
 30
0.0
 11
-65.17167532523398
 21
27.68603869585257
 31
0.0
  0
ENDBLK
  5
1632
330
1094
100
AcDbEntity
  8
0
100
AcDbBlockEnd
  0
BLOCK
  5
1633
330
10A4
100
AcDbEntity
  8
0
100
AcDbBlockBegin
  2
*D23
 70
     1
 10
0.0
 20
0.0
 30
0.0
  3
*D23
  1

  0
LINE
  5
10A5
330
10A4
100
AcDbEntity
  8
DIMENSION
  6
Continuous
 62
     2
100
AcDbLine
 10
-101.7198743879652
 20
39.90484898494008
 30
0.0
 11
-101.7198743879652
 21
31.283984663094
 31
0.0
  0
LINE
  5
10A6
330
10A4
100
AcDbEntity
  8
DIMENSION
  6
Continuous
 62
     2
100
AcDbLine
 10
-99.03237438796523
 20
39.90484898494008
 30
0.0
 11
-99.03237438796523
 21
31.283984663094
 31
0.0
  0
MTEXT
  5
10A7
330
10A4
100
AcDbEntity
  8
DIMENSION
  6
Continuous
 62
     2
100
AcDbMText
 10
-101.3062424982015
 20
31.283984663094
 30
0.0
 40
0.625
 41
0.0
 71
     7
 72
     1
  1
\FCHAR_FAST_FONT.shx;\W0.5000000000;\T1.0000000000;\o\l2
  7
STEVE
 73
     1
 44
1.0
  0
MTEXT
  5
10A8
330
10A4
100
AcDbEntity
  8
DIMENSION
  6
Continuous
 62
     2
100
AcDbMText
 10
-100.9962031281227
 20
31.596484663094
 30
0.0
 40
0.46875
 41
0.0
 71
     7
 72
     1
  1
\FCHAR_FAST_FONT.shx;\W0.5000000000;\T1.0000000000;\o\l11
  7
STEVE
 73
     1
 44
1.0
  0
MTEXT
  5
10A9
330
10A4
100
AcDbEntity
  8
DIMENSION
  6
Continuous
 62
     2
100
AcDbMText
 10
-100.3761243879652
 20
31.127734663094
 30
0.0
 40
0.46875
 41
0.0
 71
     7
 72
     1
  1
\FCHAR_FAST_FONT.shx;\W0.5000000000;\T1.0000000000;\o\l16
  7
STEVE
 73
     1
 44
1.0
  0
LINE
  5
10AA
330
10A4
100
AcDbEntity
  8
DIMENSION
  6
Continuous
 62
     2
100
AcDbLine
 10
-100.4933118879652
 20
31.127734663094
 30
0.0
 11
-100.2589368879652
 21
32.065234663094
 31
0.0
  0
MTEXT
  5
10AB
330
10A4
100
AcDbEntity
  8
DIMENSION
  6
Continuous
 62
     2
100
AcDbMText
 10
-99.75604564780775
 20
31.362109663094
 30
0.0
 40
0.625
 41
0.0
 71
     7
 72
     1
  1
\FCHAR_FAST_FONT.shx;\W0.5000000000;\T1.0000000000;\o\l"
  7
STEVE
 73
     1
 44
1.0
  0
LINE
  5
10AC
330
10A4
100
AcDbEntity
  8
DIMENSION
  6
Continuous
 62
     2
100
AcDbLine
 10
-101.7198743879652
 20
31.596484663094
 30
0.0
 11
-102.6183118879652
 21
31.596484663094
 31
0.0
  0
LINE
  5
10AD
330
10A4
100
AcDbEntity
  8
DIMENSION
  6
Continuous
 62
     2
100
AcDbLine
 10
-99.03237438796523
 20
31.596484663094
 30
0.0
 11
-98.13393688796523
 21
31.596484663094
 31
0.0
  0
LWPOLYLINE
  5
10AE
330
10A4
100
AcDbEntity
  8
DIMENSION
  6
Continuous
 62
     2
100
AcDbPolyline
 90
        3
 70
     0
 43
0.0
 10
-102.2667493879652
 20
31.440234663094
 10
-101.7198743879652
 20
31.596484663094
 10
-102.2667493879652
 20
31.752734663094
  0
LWPOLYLINE
  5
10AF
330
10A4
100
AcDbEntity
  8
DIMENSION
  6
Continuous
 62
     2
100
AcDbPolyline
 90
        3
 70
     0
 43
0.0
 10
-98.48549938796523
 20
31.752734663094
 10
-99.03237438796523
 20
31.596484663094
 10
-98.48549938796523
 20
31.440234663094
  0
ENDBLK
  5
1634
330
10A4
100
AcDbEntity
  8
0
100
AcDbBlockEnd
  0
BLOCK
  5
1635
330
10B2
100
AcDbEntity
  8
0
100
AcDbBlockBegin
  2
*D24
 70
     1
 10
0.0
 20
0.0
 30
0.0
  3
*D24
  1

  0
LINE
  5
10B3
330
10B2
100
AcDbEntity
  8
DIMENSION
  6
Continuous
 62
     2
100
AcDbLine
 10
-96.96987438796523
 20
39.90484898494008
 30
0.0
 11
-96.96987438796523
 21
31.283984663094
 31
0.0
  0
LINE
  5
10B4
330
10B2
100
AcDbEntity
  8
DIMENSION
  6
Continuous
 62
     2
100
AcDbLine
 10
-94.28237438796523
 20
39.90484898494008
 30
0.0
 11
-94.28237438796523
 21
31.283984663094
 31
0.0
  0
MTEXT
  5
10B5
330
10B2
100
AcDbEntity
  8
DIMENSION
  6
Continuous
 62
     2
100
AcDbMText
 10
-96.55624249820146
 20
31.283984663094
 30
0.0
 40
0.625
 41
0.0
 71
     7
 72
     1
  1
\FCHAR_FAST_FONT.shx;\W0.5000000000;\T1.0000000000;\o\l2
  7
STEVE
 73
     1
 44
1.0
  0
MTEXT
  5
10B6
330
10B2
100
AcDbEntity
  8
DIMENSION
  6
Continuous
 62
     2
100
AcDbMText
 10
-96.24620312812272
 20
31.596484663094
 30
0.0
 40
0.46875
 41
0.0
 71
     7
 72
     1
  1
\FCHAR_FAST_FONT.shx;\W0.5000000000;\T1.0000000000;\o\l11
  7
STEVE
 73
     1
 44
1.0
  0
MTEXT
  5
10B7
330
10B2
100
AcDbEntity
  8
DIMENSION
  6
Continuous
 62
     2
100
AcDbMText
 10
-95.62612438796523
 20
31.127734663094
 30
0.0
 40
0.46875
 41
0.0
 71
     7
 72
     1
  1
\FCHAR_FAST_FONT.shx;\W0.5000000000;\T1.0000000000;\o\l16
  7
STEVE
 73
     1
 44
1.0
  0
LINE
  5
10B8
330
10B2
100
AcDbEntity
  8
DIMENSION
  6
Continuous
 62
     2
100
AcDbLine
 10
-95.74331188796523
 20
31.127734663094
 30
0.0
 11
-95.50893688796523
 21
32.065234663094
 31
0.0
  0
MTEXT
  5
10B9
330
10B2
100
AcDbEntity
  8
DIMENSION
  6
Continuous
 62
     2
100
AcDbMText
 10
-95.00604564780775
 20
31.362109663094
 30
0.0
 40
0.625
 41
0.0
 71
     7
 72
     1
  1
\FCHAR_FAST_FONT.shx;\W0.5000000000;\T1.0000000000;\o\l"
  7
STEVE
 73
     1
 44
1.0
  0
LINE
  5
10BA
330
10B2
100
AcDbEntity
  8
DIMENSION
  6
Continuous
 62
     2
100
AcDbLine
 10
-96.96987438796523
 20
31.596484663094
 30
0.0
 11
-97.86831188796523
 21
31.596484663094
 31
0.0
  0
LINE
  5
10BB
330
10B2
100
AcDbEntity
  8
DIMENSION
  6
Continuous
 62
     2
100
AcDbLine
 10
-94.28237438796523
 20
31.596484663094
 30
0.0
 11
-93.38393688796523
 21
31.596484663094
 31
0.0
  0
LWPOLYLINE
  5
10BC
330
10B2
100
AcDbEntity
  8
DIMENSION
  6
Continuous
 62
     2
100
AcDbPolyline
 90
        3
 70
     0
 43
0.0
 10
-97.51674938796523
 20
31.440234663094
 10
-96.96987438796523
 20
31.596484663094
 10
-97.51674938796523
 20
31.752734663094
  0
LWPOLYLINE
  5
10BD
330
10B2
100
AcDbEntity
  8
DIMENSION
  6
Continuous
 62
     2
100
AcDbPolyline
 90
        3
 70
     0
 43
0.0
 10
-93.73549938796523
 20
31.752734663094
 10
-94.28237438796523
 20
31.596484663094
 10
-93.73549938796523
 20
31.440234663094
  0
ENDBLK
  5
1636
330
10B2
100
AcDbEntity
  8
0
100
AcDbBlockEnd
  0
BLOCK
  5
1637
330
10C0
100
AcDbEntity
  8
0
100
AcDbBlockBegin
  2
*D25
 70
     1
 10
0.0
 20
0.0
 30
0.0
  3
*D25
  1

  0
LINE
  5
10C1
330
10C0
100
AcDbEntity
  8
DIMENSION
  6
Continuous
 62
     2
100
AcDbLine
 10
-92.21987438796525
 20
39.90484898494008
 30
0.0
 11
-92.21987438796525
 21
31.283984663094
 31
0.0
  0
LINE
  5
10C2
330
10C0
100
AcDbEntity
  8
DIMENSION
  6
Continuous
 62
     2
100
AcDbLine
 10
-89.53237438796525
 20
39.90484898494008
 30
0.0
 11
-89.53237438796525
 21
31.283984663094
 31
0.0
  0
MTEXT
  5
10C3
330
10C0
100
AcDbEntity
  8
DIMENSION
  6
Continuous
 62
     2
100
AcDbMText
 10
-91.80624249820147
 20
31.283984663094
 30
0.0
 40
0.625
 41
0.0
 71
     7
 72
     1
  1
\FCHAR_FAST_FONT.shx;\W0.5000000000;\T1.0000000000;\o\l2
  7
STEVE
 73
     1
 44
1.0
  0
MTEXT
  5
10C4
330
10C0
100
AcDbEntity
  8
DIMENSION
  6
Continuous
 62
     2
100
AcDbMText
 10
-91.49620312812273
 20
31.596484663094
 30
0.0
 40
0.46875
 41
0.0
 71
     7
 72
     1
  1
\FCHAR_FAST_FONT.shx;\W0.5000000000;\T1.0000000000;\o\l11
  7
STEVE
 73
     1
 44
1.0
  0
MTEXT
  5
10C5
330
10C0
100
AcDbEntity
  8
DIMENSION
  6
Continuous
 62
     2
100
AcDbMText
 10
-90.87612438796525
 20
31.127734663094
 30
0.0
 40
0.46875
 41
0.0
 71
     7
 72
     1
  1
\FCHAR_FAST_FONT.shx;\W0.5000000000;\T1.0000000000;\o\l16
  7
STEVE
 73
     1
 44
1.0
  0
LINE
  5
10C6
330
10C0
100
AcDbEntity
  8
DIMENSION
  6
Continuous
 62
     2
100
AcDbLine
 10
-90.99331188796525
 20
31.127734663094
 30
0.0
 11
-90.75893688796525
 21
32.065234663094
 31
0.0
  0
MTEXT
  5
10C7
330
10C0
100
AcDbEntity
  8
DIMENSION
  6
Continuous
 62
     2
100
AcDbMText
 10
-90.25604564780777
 20
31.362109663094
 30
0.0
 40
0.625
 41
0.0
 71
     7
 72
     1
  1
\FCHAR_FAST_FONT.shx;\W0.5000000000;\T1.0000000000;\o\l"
  7
STEVE
 73
     1
 44
1.0
  0
LINE
  5
10C8
330
10C0
100
AcDbEntity
  8
DIMENSION
  6
Continuous
 62
     2
100
AcDbLine
 10
-92.21987438796525
 20
31.596484663094
 30
0.0
 11
-93.11831188796525
 21
31.596484663094
 31
0.0
  0
LINE
  5
10C9
330
10C0
100
AcDbEntity
  8
DIMENSION
  6
Continuous
 62
     2
100
AcDbLine
 10
-89.53237438796525
 20
31.596484663094
 30
0.0
 11
-88.63393688796525
 21
31.596484663094
 31
0.0
  0
LWPOLYLINE
  5
10CA
330
10C0
100
AcDbEntity
  8
DIMENSION
  6
Continuous
 62
     2
100
AcDbPolyline
 90
        3
 70
     0
 43
0.0
 10
-92.76674938796525
 20
31.440234663094
 10
-92.21987438796525
 20
31.596484663094
 10
-92.76674938796525
 20
31.752734663094
  0
LWPOLYLINE
  5
10CB
330
10C0
100
AcDbEntity
  8
DIMENSION
  6
Continuous
 62
     2
100
AcDbPolyline
 90
        3
 70
     0
 43
0.0
 10
-88.98549938796525
 20
31.752734663094
 10
-89.53237438796525
 20
31.596484663094
 10
-88.98549938796525
 20
31.440234663094
  0
ENDBLK
  5
1638
330
10C0
100
AcDbEntity
  8
0
100
AcDbBlockEnd
  0
BLOCK
  5
1639
330
10D1
100
AcDbEntity
  8
0
100
AcDbBlockBegin
  2
*D26
 70
     1
 10
0.0
 20
0.0
 30
0.0
  3
*D26
  1

  0
LINE
  5
10D2
330
10D1
100
AcDbEntity
  8
DIMENSION
  6
Continuous
 62
     2
100
AcDbLine
 10
-90.87612438796525
 20
36.6548504054356
 30
0.0
 11
-90.87612438796525
 21
34.77813888093007
 31
0.0
  0
LINE
  5
10D3
330
10D1
100
AcDbEntity
  8
DIMENSION
  6
Continuous
 62
     2
100
AcDbLine
 10
-89.53237438796525
 20
39.90484898494008
 30
0.0
 11
-89.53237438796525
 21
34.77813888093007
 31
0.0
  0
MTEXT
  5
10D4
330
10D1
100
AcDbEntity
  8
DIMENSION
  6
Continuous
 62
     2
100
AcDbMText
 10
-88.18036930429162
 20
34.77813888093007
 30
0.0
 40
0.625
 41
0.0
 71
     7
 72
     1
  1
\FCHAR_FAST_FONT.shx;\W0.5000000000;\T1.0000000000;\o\l1
  7
STEVE
 73
     1
 44
1.0
  0
MTEXT
  5
10D5
330
10D1
100
AcDbEntity
  8
DIMENSION
  6
Continuous
 62
     2
100
AcDbMText
 10
-87.87032993421288
 20
35.09063888093007
 30
0.0
 40
0.46875
 41
0.0
 71
     7
 72
     1
  1
\FCHAR_FAST_FONT.shx;\W0.5000000000;\T1.0000000000;\o\l11
  7
STEVE
 73
     1
 44
1.0
  0
MTEXT
  5
10D6
330
10D1
100
AcDbEntity
  8
DIMENSION
  6
Continuous
 62
     2
100
AcDbMText
 10
-87.2502511940554
 20
34.62188888093007
 30
0.0
 40
0.46875
 41
0.0
 71
     7
 72
     1
  1
\FCHAR_FAST_FONT.shx;\W0.5000000000;\T1.0000000000;\o\l32
  7
STEVE
 73
     1
 44
1.0
  0
LINE
  5
10D7
330
10D1
100
AcDbEntity
  8
DIMENSION
  6
Continuous
 62
     2
100
AcDbLine
 10
-87.3674386940554
 20
34.62188888093007
 30
0.0
 11
-87.1330636940554
 21
35.55938888093007
 31
0.0
  0
MTEXT
  5
10D8
330
10D1
100
AcDbEntity
  8
DIMENSION
  6
Continuous
 62
     2
100
AcDbMText
 10
-86.63017245389791
 20
34.85626388093007
 30
0.0
 40
0.625
 41
0.0
 71
     7
 72
     1
  1
\FCHAR_FAST_FONT.shx;\W0.5000000000;\T1.0000000000;\o\l"
  7
STEVE
 73
     1
 44
1.0
  0
LINE
  5
10D9
330
10D1
100
AcDbEntity
  8
DIMENSION
  6
Continuous
 62
     2
100
AcDbLine
 10
-90.87612438796525
 20
35.09063888093007
 30
0.0
 11
-91.77456188796525
 21
35.09063888093007
 31
0.0
  0
LINE
  5
10DA
330
10D1
100
AcDbEntity
  8
DIMENSION
  6
Continuous
 62
     2
100
AcDbLine
 10
-89.53237438796525
 20
35.09063888093007
 30
0.0
 11
-88.63393688796525
 21
35.09063888093007
 31
0.0
  0
LWPOLYLINE
  5
10DB
330
10D1
100
AcDbEntity
  8
DIMENSION
  6
Continuous
 62
     2
100
AcDbPolyline
 90
        3
 70
     0
 43
0.0
 10
-91.42299938796525
 20
34.93438888093007
 10
-90.87612438796525
 20
35.09063888093007
 10
-91.42299938796525
 20
35.24688888093007
  0
LWPOLYLINE
  5
10DC
330
10D1
100
AcDbEntity
  8
DIMENSION
  6
Continuous
 62
     2
100
AcDbPolyline
 90
        3
 70
     0
 43
0.0
 10
-88.98549938796525
 20
35.24688888093007
 10
-89.53237438796525
 20
35.09063888093007
 10
-88.98549938796525
 20
34.93438888093007
  0
LINE
  5
10DD
330
10D1
100
AcDbEntity
  8
DIMENSION
  6
Continuous
 62
     2
100
AcDbLine
 10
-90.87612438796525
 20
35.09063888093007
 30
0.0
 11
-91.77456188796525
 21
35.09063888093007
 31
0.0
  0
LINE
  5
10DE
330
10D1
100
AcDbEntity
  8
DIMENSION
  6
Continuous
 62
     2
100
AcDbLine
 10
-89.53237438796525
 20
35.09063888093007
 30
0.0
 11
-88.33661930429162
 21
35.09063888093007
 31
0.0
  0
ENDBLK
  5
163A
330
10D1
100
AcDbEntity
  8
0
100
AcDbBlockEnd
  0
BLOCK
  5
163B
330
10E1
100
AcDbEntity
  8
0
100
AcDbBlockBegin
  2
*D27
 70
     1
 10
0.0
 20
0.0
 30
0.0
  3
*D27
  1

  0
LINE
  5
10E2
330
10E1
100
AcDbEntity
  8
DIMENSION
  6
Continuous
 62
     2
100
AcDbLine
 10
-95.62612438796523
 20
36.6548504054356
 30
0.0
 11
-95.62612438796523
 21
34.77813888093007
 31
0.0
  0
LINE
  5
10E3
330
10E1
100
AcDbEntity
  8
DIMENSION
  6
Continuous
 62
     2
100
AcDbLine
 10
-90.87612438796525
 20
36.6548504054356
 30
0.0
 11
-90.87612438796525
 21
34.77813888093007
 31
0.0
  0
MTEXT
  5
10E4
330
10E1
100
AcDbEntity
  8
DIMENSION
  6
Continuous
 62
     2
100
AcDbMText
 10
-93.87120312812272
 20
34.77813888093007
 30
0.0
 40
0.625
 41
0.0
 71
     7
 72
     1
  1
\FCHAR_FAST_FONT.shx;\W0.5000000000;\T1.0000000000;\o\l4
  7
STEVE
 73
     1
 44
1.0
  0
MTEXT
  5
10E5
330
10E1
100
AcDbEntity
  8
DIMENSION
  6
Continuous
 62
     2
100
AcDbMText
 10
-93.56116375804397
 20
35.09063888093007
 30
0.0
 40
0.46875
 41
0.0
 71
     7
 72
     1
  1
\FCHAR_FAST_FONT.shx;\W0.5000000000;\T1.0000000000;\o\l3
  7
STEVE
 73
     1
 44
1.0
  0
MTEXT
  5
10E6
330
10E1
100
AcDbEntity
  8
DIMENSION
  6
Continuous
 62
     2
100
AcDbMText
 10
-93.25112438796523
 20
34.62188888093007
 30
0.0
 40
0.46875
 41
0.0
 71
     7
 72
     1
  1
\FCHAR_FAST_FONT.shx;\W0.5000000000;\T1.0000000000;\o\l4
  7
STEVE
 73
     1
 44
1.0
  0
LINE
  5
10E7
330
10E1
100
AcDbEntity
  8
DIMENSION
  6
Continuous
 62
     2
100
AcDbLine
 10
-93.36831188796523
 20
34.62188888093007
 30
0.0
 11
-93.13393688796523
 21
35.55938888093007
 31
0.0
  0
MTEXT
  5
10E8
330
10E1
100
AcDbEntity
  8
DIMENSION
  6
Continuous
 62
     2
100
AcDbMText
 10
-92.9410850178865
 20
34.85626388093007
 30
0.0
 40
0.625
 41
0.0
 71
     7
 72
     1
  1
\FCHAR_FAST_FONT.shx;\W0.5000000000;\T1.0000000000;\o\l"
  7
STEVE
 73
     1
 44
1.0
  0
LINE
  5
10E9
330
10E1
100
AcDbEntity
  8
DIMENSION
  6
Continuous
 62
     2
100
AcDbLine
 10
-95.62612438796523
 20
35.09063888093007
 30
0.0
 11
-94.02745312812272
 21
35.09063888093007
 31
0.0
  0
LINE
  5
10EA
330
10E1
100
AcDbEntity
  8
DIMENSION
  6
Continuous
 62
     2
100
AcDbLine
 10
-90.87612438796525
 20
35.09063888093007
 30
0.0
 11
-92.47479564780775
 21
35.09063888093007
 31
0.0
  0
LWPOLYLINE
  5
10EB
330
10E1
100
AcDbEntity
  8
DIMENSION
  6
Continuous
 62
     2
100
AcDbPolyline
 90
        3
 70
     0
 43
0.0
 10
-95.07924938796523
 20
35.24688888093007
 10
-95.62612438796523
 20
35.09063888093007
 10
-95.07924938796523
 20
34.93438888093007
  0
LWPOLYLINE
  5
10EC
330
10E1
100
AcDbEntity
  8
DIMENSION
  6
Continuous
 62
     2
100
AcDbPolyline
 90
        3
 70
     0
 43
0.0
 10
-91.42299938796525
 20
34.93438888093007
 10
-90.87612438796525
 20
35.09063888093007
 10
-91.42299938796525
 20
35.24688888093007
  0
ENDBLK
  5
163C
330
10E1
100
AcDbEntity
  8
0
100
AcDbBlockEnd
  0
BLOCK
  5
163D
330
10EF
100
AcDbEntity
  8
0
100
AcDbBlockBegin
  2
*D28
 70
     1
 10
0.0
 20
0.0
 30
0.0
  3
*D28
  1

  0
LINE
  5
10F0
330
10EF
100
AcDbEntity
  8
DIMENSION
  6
Continuous
 62
     2
100
AcDbLine
 10
-95.62612438796523
 20
36.6548504054356
 30
0.0
 11
-95.62612438796523
 21
34.77813888093007
 31
0.0
  0
LINE
  5
10F1
330
10EF
100
AcDbEntity
  8
DIMENSION
  6
Continuous
 62
     2
100
AcDbLine
 10
-100.3761243879652
 20
36.6548504054356
 30
0.0
 11
-100.3761243879652
 21
34.77813888093007
 31
0.0
  0
MTEXT
  5
10F2
330
10EF
100
AcDbEntity
  8
DIMENSION
  6
Continuous
 62
     2
100
AcDbMText
 10
-98.62120312812272
 20
34.77813888093007
 30
0.0
 40
0.625
 41
0.0
 71
     7
 72
     1
  1
\FCHAR_FAST_FONT.shx;\W0.5000000000;\T1.0000000000;\o\l4
  7
STEVE
 73
     1
 44
1.0
  0
MTEXT
  5
10F3
330
10EF
100
AcDbEntity
  8
DIMENSION
  6
Continuous
 62
     2
100
AcDbMText
 10
-98.31116375804397
 20
35.09063888093007
 30
0.0
 40
0.46875
 41
0.0
 71
     7
 72
     1
  1
\FCHAR_FAST_FONT.shx;\W0.5000000000;\T1.0000000000;\o\l3
  7
STEVE
 73
     1
 44
1.0
  0
MTEXT
  5
10F4
330
10EF
100
AcDbEntity
  8
DIMENSION
  6
Continuous
 62
     2
100
AcDbMText
 10
-98.00112438796523
 20
34.62188888093007
 30
0.0
 40
0.46875
 41
0.0
 71
     7
 72
     1
  1
\FCHAR_FAST_FONT.shx;\W0.5000000000;\T1.0000000000;\o\l4
  7
STEVE
 73
     1
 44
1.0
  0
LINE
  5
10F5
330
10EF
100
AcDbEntity
  8
DIMENSION
  6
Continuous
 62
     2
100
AcDbLine
 10
-98.11831188796523
 20
34.62188888093007
 30
0.0
 11
-97.88393688796523
 21
35.55938888093007
 31
0.0
  0
MTEXT
  5
10F6
330
10EF
100
AcDbEntity
  8
DIMENSION
  6
Continuous
 62
     2
100
AcDbMText
 10
-97.6910850178865
 20
34.85626388093007
 30
0.0
 40
0.625
 41
0.0
 71
     7
 72
     1
  1
\FCHAR_FAST_FONT.shx;\W0.5000000000;\T1.0000000000;\o\l"
  7
STEVE
 73
     1
 44
1.0
  0
LINE
  5
10F7
330
10EF
100
AcDbEntity
  8
DIMENSION
  6
Continuous
 62
     2
100
AcDbLine
 10
-95.62612438796523
 20
35.09063888093007
 30
0.0
 11
-97.22479564780775
 21
35.09063888093007
 31
0.0
  0
LINE
  5
10F8
330
10EF
100
AcDbEntity
  8
DIMENSION
  6
Continuous
 62
     2
100
AcDbLine
 10
-100.3761243879652
 20
35.09063888093007
 30
0.0
 11
-98.77745312812272
 21
35.09063888093007
 31
0.0
  0
LWPOLYLINE
  5
10F9
330
10EF
100
AcDbEntity
  8
DIMENSION
  6
Continuous
 62
     2
100
AcDbPolyline
 90
        3
 70
     0
 43
0.0
 10
-96.17299938796523
 20
34.93438888093007
 10
-95.62612438796523
 20
35.09063888093007
 10
-96.17299938796523
 20
35.24688888093007
  0
LWPOLYLINE
  5
10FA
330
10EF
100
AcDbEntity
  8
DIMENSION
  6
Continuous
 62
     2
100
AcDbPolyline
 90
        3
 70
     0
 43
0.0
 10
-99.82924938796523
 20
35.24688888093007
 10
-100.3761243879652
 20
35.09063888093007
 10
-99.82924938796523
 20
34.93438888093007
  0
ENDBLK
  5
163E
330
10EF
100
AcDbEntity
  8
0
100
AcDbBlockEnd
  0
BLOCK
  5
163F
330
10FD
100
AcDbEntity
  8
0
100
AcDbBlockBegin
  2
*D29
 70
     1
 10
0.0
 20
0.0
 30
0.0
  3
*D29
  1

  0
LINE
  5
10FE
330
10FD
100
AcDbEntity
  8
DIMENSION
  6
Continuous
 62
     2
100
AcDbLine
 10
-102.7206078111281
 20
39.90484898494008
 30
0.0
 11
-102.7206078111281
 21
32.85440557932955
 31
0.0
  0
LINE
  5
10FF
330
10FD
100
AcDbEntity
  8
DIMENSION
  6
Continuous
 62
     2
100
AcDbLine
 10
-101.7198743879652
 20
39.90484898494008
 30
0.0
 11
-101.7198743879652
 21
32.85440557932955
 31
0.0
  0
MTEXT
  5
1100
330
10FD
100
AcDbEntity
  8
DIMENSION
  6
Continuous
 62
     2
100
AcDbMText
 10
-102.4170826301623
 20
32.85440557932955
 30
0.0
 40
0.625
 41
0.0
 71
     7
 72
     1
  1
\FCHAR_FAST_FONT.shx;\W0.5000000000;\T1.0000000000;\o\l1"
  7
STEVE
 73
     1
 44
1.0
  0
LINE
  5
1101
330
10FD
100
AcDbEntity
  8
DIMENSION
  6
Continuous
 62
     2
100
AcDbLine
 10
-102.7206078111281
 20
33.16690557932955
 30
0.0
 11
-103.6190453111281
 21
33.16690557932955
 31
0.0
  0
LINE
  5
1102
330
10FD
100
AcDbEntity
  8
DIMENSION
  6
Continuous
 62
     2
100
AcDbLine
 10
-101.7198743879652
 20
33.16690557932955
 30
0.0
 11
-100.8214368879652
 21
33.16690557932955
 31
0.0
  0
LWPOLYLINE
  5
1103
330
10FD
100
AcDbEntity
  8
DIMENSION
  6
Continuous
 62
     2
100
AcDbPolyline
 90
        3
 70
     0
 43
0.0
 10
-103.2674828111281
 20
33.01065557932955
 10
-102.7206078111281
 20
33.16690557932955
 10
-103.2674828111281
 20
33.32315557932955
  0
LWPOLYLINE
  5
1104
330
10FD
100
AcDbEntity
  8
DIMENSION
  6
Continuous
 62
     2
100
AcDbPolyline
 90
        3
 70
     0
 43
0.0
 10
-101.1729993879652
 20
33.32315557932955
 10
-101.7198743879652
 20
33.16690557932955
 10
-101.1729993879652
 20
33.01065557932955
  0
ENDBLK
  5
1640
330
10FD
100
AcDbEntity
  8
0
100
AcDbBlockEnd
  0
BLOCK
  5
1641
330
1105
100
AcDbEntity
  8
0
100
AcDbBlockBegin
  2
PERF
 70
     0
 10
0.0
 20
0.0
 30
0.0
  3
PERF
  1

  0
CIRCLE
  5
1107
330
1105
100
AcDbEntity
  8
HATCH
  6
Continuous
 62
     9
100
AcDbCircle
 10
0.0
 20
0.0
 30
0.0
 40
0.09765625
  0
CIRCLE
  5
1108
330
1105
100
AcDbEntity
  8
HATCH
  6
Continuous
 62
     9
100
AcDbCircle
 10
-0.46875
 20
-0.15625
 30
0.0
 40
0.09765625
  0
CIRCLE
  5
1109
330
1105
100
AcDbEntity
  8
HATCH
  6
Continuous
 62
     9
100
AcDbCircle
 10
-0.9375
 20
-0.3125
 30
0.0
 40
0.09765625
  0
CIRCLE
  5
110A
330
1105
100
AcDbEntity
  8
HATCH
  6
Continuous
 62
     9
100
AcDbCircle
 10
-0.3697080217361872
 20
0.3278057407427184
 30
0.0
 40
0.09765625
  0
CIRCLE
  5
110B
330
1105
100
AcDbEntity
  8
HATCH
  6
Continuous
 62
     9
100
AcDbCircle
 10
-0.8384580217361872
 20
0.1715557407427184
 30
0.0
 40
0.09765625
  0
CIRCLE
  5
110C
330
1105
100
AcDbEntity
  8
HATCH
  6
Continuous
 62
     9
100
AcDbCircle
 10
-0.7394160434724029
 20
0.655611481485451
 30
0.0
 40
0.09765625
  0
CIRCLE
  5
110D
330
1105
100
AcDbEntity
  8
HATCH
  6
Continuous
 62
     9
100
AcDbCircle
 10
-1.208166043472403
 20
0.499361481485451
 30
0.0
 40
0.09765625
  0
CIRCLE
  5
110E
330
1105
100
AcDbEntity
  8
HATCH
  6
Continuous
 62
     9
100
AcDbCircle
 10
0.0990419782638128
 20
0.4840557407427184
 30
0.0
 40
0.09765625
  0
CIRCLE
  5
110F
330
1105
100
AcDbEntity
  8
HATCH
  6
Continuous
 62
     9
100
AcDbCircle
 10
-0.2703091408817784
 20
0.8118103765520317
 30
0.0
 40
0.09765625
  0
CIRCLE
  5
1110
330
1105
100
AcDbEntity
  8
HATCH
  6
Continuous
 62
     9
100
AcDbCircle
 10
-0.6400171626180224
 20
1.13961611729475
 30
0.0
 40
0.09765625
  0
CIRCLE
  5
1111
330
1105
100
AcDbEntity
  8
HATCH
  6
Continuous
 62
     9
100
AcDbCircle
 10
-1.108767162618022
 20
0.9833661172947501
 30
0.0
 40
0.09765625
  0
CIRCLE
  5
1112
330
1105
100
AcDbEntity
  8
HATCH
  6
Continuous
 62
     9
100
AcDbCircle
 10
-1.307208021736187
 20
0.0153057407427184
 30
0.0
 40
0.09765625
  0
CIRCLE
  5
1113
330
1105
100
AcDbEntity
  8
HATCH
  6
Continuous
 62
     9
100
AcDbCircle
 10
-1.577517162618022
 20
0.8271161172947501
 30
0.0
 40
0.09765625
  0
CIRCLE
  5
1114
330
1105
100
AcDbEntity
  8
HATCH
  6
Continuous
 62
     9
100
AcDbCircle
 10
-0.1712671626180224
 20
1.29586611729475
 30
0.0
 40
0.09765625
  0
CIRCLE
  5
1115
330
1105
100
AcDbEntity
  8
HATCH
  6
Continuous
 62
     9
100
AcDbCircle
 10
-1.009725184354238
 20
1.467421858037497
 30
0.0
 40
0.09765625
  0
CIRCLE
  5
1116
330
1105
100
AcDbEntity
  8
HATCH
  6
Continuous
 62
     9
100
AcDbCircle
 10
-1.478475184354238
 20
1.311171858037497
 30
0.0
 40
0.09765625
  0
CIRCLE
  5
1117
330
1105
100
AcDbEntity
  8
HATCH
  6
Continuous
 62
     9
100
AcDbCircle
 10
-1.774572293472403
 20
0.343111481485451
 30
0.0
 40
0.09765625
  0
CIRCLE
  5
1118
330
1105
100
AcDbEntity
  8
HATCH
  6
Continuous
 62
     9
100
AcDbCircle
 10
0.1984408591182216
 20
0.9680603765520317
 30
0.0
 40
0.09765625
  0
CIRCLE
  5
1119
330
1105
100
AcDbEntity
  8
HATCH
  6
Continuous
 62
     9
100
AcDbCircle
 10
-0.5406182817636136
 20
1.623620753104063
 30
0.0
 40
0.09765625
  0
ENDBLK
  5
1642
330
1105
100
AcDbEntity
  8
0
100
AcDbBlockEnd
  0
BLOCK
  5
1643
330
111A
100
AcDbEntity
  8
0
100
AcDbBlockBegin
  2
PERF_2
 70
     0
 10
0.0
 20
0.0
 30
0.0
  3
PERF_2
  1

  0
CIRCLE
  5
111C
330
111A
100
AcDbEntity
  8
HATCH
  6
Continuous
 62
     9
100
AcDbCircle
 10
0.0
 20
0.0
 30
0.0
 40
0.09765625
  0
CIRCLE
  5
111D
330
111A
100
AcDbEntity
  8
HATCH
  6
Continuous
 62
     9
100
AcDbCircle
 10
-0.46875
 20
-0.15625
 30
0.0
 40
0.09765625
  0
CIRCLE
  5
111E
330
111A
100
AcDbEntity
  8
HATCH
  6
Continuous
 62
     9
100
AcDbCircle
 10
-0.9375
 20
-0.3125
 30
0.0
 40
0.09765625
  0
CIRCLE
  5
111F
330
111A
100
AcDbEntity
  8
HATCH
  6
Continuous
 62
     9
100
AcDbCircle
 10
-0.3697080217362156
 20
0.3278057407427184
 30
0.0
 40
0.09765625
  0
CIRCLE
  5
1120
330
111A
100
AcDbEntity
  8
HATCH
  6
Continuous
 62
     9
100
AcDbCircle
 10
-0.8384580217362156
 20
0.1715557407427184
 30
0.0
 40
0.09765625
  0
CIRCLE
  5
1121
330
111A
100
AcDbEntity
  8
HATCH
  6
Continuous
 62
     9
100
AcDbCircle
 10
-0.7394160434724029
 20
0.6556114814854652
 30
0.0
 40
0.09765625
  0
CIRCLE
  5
1122
330
111A
100
AcDbEntity
  8
HATCH
  6
Continuous
 62
     9
100
AcDbCircle
 10
-1.208166043472403
 20
0.4993614814854652
 30
0.0
 40
0.09765625
  0
CIRCLE
  5
1123
330
111A
100
AcDbEntity
  8
HATCH
  6
Continuous
 62
     9
100
AcDbCircle
 10
0.0990419782637844
 20
0.4840557407427184
 30
0.0
 40
0.09765625
  0
CIRCLE
  5
1124
330
111A
100
AcDbEntity
  8
HATCH
  6
Continuous
 62
     9
100
AcDbCircle
 10
-0.2703091408817784
 20
0.8118103765520317
 30
0.0
 40
0.09765625
  0
CIRCLE
  5
1125
330
111A
100
AcDbEntity
  8
HATCH
  6
Continuous
 62
     9
100
AcDbCircle
 10
-0.6400171626180224
 20
1.13961611729475
 30
0.0
 40
0.09765625
  0
CIRCLE
  5
1126
330
111A
100
AcDbEntity
  8
HATCH
  6
Continuous
 62
     9
100
AcDbCircle
 10
-1.108767162618022
 20
0.9833661172947501
 30
0.0
 40
0.09765625
  0
CIRCLE
  5
1127
330
111A
100
AcDbEntity
  8
HATCH
  6
Continuous
 62
     9
100
AcDbCircle
 10
-1.307208021736216
 20
0.0153057407427184
 30
0.0
 40
0.09765625
  0
CIRCLE
  5
1128
330
111A
100
AcDbEntity
  8
HATCH
  6
Continuous
 62
     9
100
AcDbCircle
 10
-1.577517162618022
 20
0.8271161172947501
 30
0.0
 40
0.09765625
  0
CIRCLE
  5
1129
330
111A
100
AcDbEntity
  8
HATCH
  6
Continuous
 62
     9
100
AcDbCircle
 10
-0.1712671626180224
 20
1.29586611729475
 30
0.0
 40
0.09765625
  0
CIRCLE
  5
112A
330
111A
100
AcDbEntity
  8
HATCH
  6
Continuous
 62
     9
100
AcDbCircle
 10
-1.009725184354238
 20
1.467421858037483
 30
0.0
 40
0.09765625
  0
CIRCLE
  5
112B
330
111A
100
AcDbEntity
  8
HATCH
  6
Continuous
 62
     9
100
AcDbCircle
 10
-1.478475184354238
 20
1.311171858037483
 30
0.0
 40
0.09765625
  0
CIRCLE
  5
112C
330
111A
100
AcDbEntity
  8
HATCH
  6
Continuous
 62
     9
100
AcDbCircle
 10
-1.774572293472403
 20
0.3431114814854652
 30
0.0
 40
0.09765625
  0
CIRCLE
  5
112D
330
111A
100
AcDbEntity
  8
HATCH
  6
Continuous
 62
     9
100
AcDbCircle
 10
0.1984408591182216
 20
0.9680603765520317
 30
0.0
 40
0.09765625
  0
CIRCLE
  5
112E
330
111A
100
AcDbEntity
  8
HATCH
  6
Continuous
 62
     9
100
AcDbCircle
 10
-0.5406182817636136
 20
1.623620753104063
 30
0.0
 40
0.09765625
  0
ENDBLK
  5
1644
330
111A
100
AcDbEntity
  8
0
100
AcDbBlockEnd
  0
BLOCK
  5
1645
330
112F
100
AcDbEntity
  8
0
100
AcDbBlockBegin
  2
PERF_4
 70
     0
 10
0.0
 20
0.0
 30
0.0
  3
PERF_4
  1

  0
CIRCLE
  5
1131
330
112F
100
AcDbEntity
  8
HATCH
  6
Continuous
 62
     9
100
AcDbCircle
 10
0.0
 20
0.0
 30
0.0
 40
0.09765625
  0
CIRCLE
  5
1132
330
112F
100
AcDbEntity
  8
HATCH
  6
Continuous
 62
     9
100
AcDbCircle
 10
-0.46875
 20
-0.15625
 30
0.0
 40
0.09765625
  0
CIRCLE
  5
1133
330
112F
100
AcDbEntity
  8
HATCH
  6
Continuous
 62
     9
100
AcDbCircle
 10
-0.9375
 20
-0.3125
 30
0.0
 40
0.09765625
  0
CIRCLE
  5
1134
330
112F
100
AcDbEntity
  8
HATCH
  6
Continuous
 62
     9
100
AcDbCircle
 10
-0.3697080217362156
 20
0.3278057407427184
 30
0.0
 40
0.09765625
  0
CIRCLE
  5
1135
330
112F
100
AcDbEntity
  8
HATCH
  6
Continuous
 62
     9
100
AcDbCircle
 10
-0.8384580217362156
 20
0.1715557407427184
 30
0.0
 40
0.09765625
  0
CIRCLE
  5
1136
330
112F
100
AcDbEntity
  8
HATCH
  6
Continuous
 62
     9
100
AcDbCircle
 10
-0.7394160434724029
 20
0.6556114814854652
 30
0.0
 40
0.09765625
  0
CIRCLE
  5
1137
330
112F
100
AcDbEntity
  8
HATCH
  6
Continuous
 62
     9
100
AcDbCircle
 10
-1.208166043472403
 20
0.4993614814854652
 30
0.0
 40
0.09765625
  0
CIRCLE
  5
1138
330
112F
100
AcDbEntity
  8
HATCH
  6
Continuous
 62
     9
100
AcDbCircle
 10
0.0990419782637844
 20
0.4840557407427184
 30
0.0
 40
0.09765625
  0
CIRCLE
  5
1139
330
112F
100
AcDbEntity
  8
HATCH
  6
Continuous
 62
     9
100
AcDbCircle
 10
-0.2703091408818068
 20
0.8118103765520317
 30
0.0
 40
0.09765625
  0
CIRCLE
  5
113A
330
112F
100
AcDbEntity
  8
HATCH
  6
Continuous
 62
     9
100
AcDbCircle
 10
-0.6400171626180224
 20
1.13961611729475
 30
0.0
 40
0.09765625
  0
CIRCLE
  5
113B
330
112F
100
AcDbEntity
  8
HATCH
  6
Continuous
 62
     9
100
AcDbCircle
 10
-1.108767162618022
 20
0.9833661172947501
 30
0.0
 40
0.09765625
  0
CIRCLE
  5
113C
330
112F
100
AcDbEntity
  8
HATCH
  6
Continuous
 62
     9
100
AcDbCircle
 10
-1.307208021736216
 20
0.0153057407427184
 30
0.0
 40
0.09765625
  0
CIRCLE
  5
113D
330
112F
100
AcDbEntity
  8
HATCH
  6
Continuous
 62
     9
100
AcDbCircle
 10
-1.577517162618022
 20
0.8271161172947501
 30
0.0
 40
0.09765625
  0
CIRCLE
  5
113E
330
112F
100
AcDbEntity
  8
HATCH
  6
Continuous
 62
     9
100
AcDbCircle
 10
-0.1712671626180224
 20
1.29586611729475
 30
0.0
 40
0.09765625
  0
CIRCLE
  5
113F
330
112F
100
AcDbEntity
  8
HATCH
  6
Continuous
 62
     9
100
AcDbCircle
 10
-1.009725184354238
 20
1.467421858037483
 30
0.0
 40
0.09765625
  0
CIRCLE
  5
1140
330
112F
100
AcDbEntity
  8
HATCH
  6
Continuous
 62
     9
100
AcDbCircle
 10
-1.47847518435421
 20
1.311171858037483
 30
0.0
 40
0.09765625
  0
CIRCLE
  5
1141
330
112F
100
AcDbEntity
  8
HATCH
  6
Continuous
 62
     9
100
AcDbCircle
 10
-1.774572293472403
 20
0.3431114814854652
 30
0.0
 40
0.09765625
  0
CIRCLE
  5
1142
330
112F
100
AcDbEntity
  8
HATCH
  6
Continuous
 62
     9
100
AcDbCircle
 10
0.1984408591181932
 20
0.9680603765520317
 30
0.0
 40
0.09765625
  0
CIRCLE
  5
1143
330
112F
100
AcDbEntity
  8
HATCH
  6
Continuous
 62
     9
100
AcDbCircle
 10
-0.5406182817636136
 20
1.623620753104063
 30
0.0
 40
0.09765625
  0
ENDBLK
  5
1646
330
112F
100
AcDbEntity
  8
0
100
AcDbBlockEnd
  0
BLOCK
  5
1647
330
1144
100
AcDbEntity
  8
0
100
AcDbBlockBegin
  2
PERF_6
 70
     0
 10
0.0
 20
0.0
 30
0.0
  3
PERF_6
  1

  0
CIRCLE
  5
1146
330
1144
100
AcDbEntity
  8
HATCH
  6
Continuous
 62
     9
100
AcDbCircle
 10
0.0
 20
0.0
 30
0.0
 40
0.09765625
  0
CIRCLE
  5
1147
330
1144
100
AcDbEntity
  8
HATCH
  6
Continuous
 62
     9
100
AcDbCircle
 10
-0.46875
 20
-0.15625
 30
0.0
 40
0.09765625
  0
CIRCLE
  5
1148
330
1144
100
AcDbEntity
  8
HATCH
  6
Continuous
 62
     9
100
AcDbCircle
 10
-0.9375
 20
-0.3125
 30
0.0
 40
0.09765625
  0
CIRCLE
  5
1149
330
1144
100
AcDbEntity
  8
HATCH
  6
Continuous
 62
     9
100
AcDbCircle
 10
-0.3697080217361872
 20
0.3278057407427184
 30
0.0
 40
0.09765625
  0
CIRCLE
  5
114A
330
1144
100
AcDbEntity
  8
HATCH
  6
Continuous
 62
     9
100
AcDbCircle
 10
-0.8384580217361872
 20
0.1715557407427184
 30
0.0
 40
0.09765625
  0
CIRCLE
  5
114B
330
1144
100
AcDbEntity
  8
HATCH
  6
Continuous
 62
     9
100
AcDbCircle
 10
-0.7394160434723744
 20
0.655611481485451
 30
0.0
 40
0.09765625
  0
CIRCLE
  5
114C
330
1144
100
AcDbEntity
  8
HATCH
  6
Continuous
 62
     9
100
AcDbCircle
 10
-1.208166043472374
 20
0.499361481485451
 30
0.0
 40
0.09765625
  0
CIRCLE
  5
114D
330
1144
100
AcDbEntity
  8
HATCH
  6
Continuous
 62
     9
100
AcDbCircle
 10
0.0990419782638128
 20
0.4840557407427184
 30
0.0
 40
0.09765625
  0
CIRCLE
  5
114E
330
1144
100
AcDbEntity
  8
HATCH
  6
Continuous
 62
     9
100
AcDbCircle
 10
-0.2703091408817784
 20
0.8118103765520317
 30
0.0
 40
0.09765625
  0
CIRCLE
  5
114F
330
1144
100
AcDbEntity
  8
HATCH
  6
Continuous
 62
     9
100
AcDbCircle
 10
-0.6400171626180224
 20
1.13961611729475
 30
0.0
 40
0.09765625
  0
CIRCLE
  5
1150
330
1144
100
AcDbEntity
  8
HATCH
  6
Continuous
 62
     9
100
AcDbCircle
 10
-1.108767162618022
 20
0.9833661172947501
 30
0.0
 40
0.09765625
  0
CIRCLE
  5
1151
330
1144
100
AcDbEntity
  8
HATCH
  6
Continuous
 62
     9
100
AcDbCircle
 10
-1.307208021736187
 20
0.0153057407427184
 30
0.0
 40
0.09765625
  0
CIRCLE
  5
1152
330
1144
100
AcDbEntity
  8
HATCH
  6
Continuous
 62
     9
100
AcDbCircle
 10
-1.577517162618022
 20
0.8271161172947501
 30
0.0
 40
0.09765625
  0
CIRCLE
  5
1153
330
1144
100
AcDbEntity
  8
HATCH
  6
Continuous
 62
     9
100
AcDbCircle
 10
-0.1712671626180224
 20
1.29586611729475
 30
0.0
 40
0.09765625
  0
CIRCLE
  5
1154
330
1144
100
AcDbEntity
  8
HATCH
  6
Continuous
 62
     9
100
AcDbCircle
 10
-1.009725184354238
 20
1.467421858037497
 30
0.0
 40
0.09765625
  0
CIRCLE
  5
1155
330
1144
100
AcDbEntity
  8
HATCH
  6
Continuous
 62
     9
100
AcDbCircle
 10
-1.478475184354238
 20
1.311171858037497
 30
0.0
 40
0.09765625
  0
CIRCLE
  5
1156
330
1144
100
AcDbEntity
  8
HATCH
  6
Continuous
 62
     9
100
AcDbCircle
 10
-1.774572293472374
 20
0.343111481485451
 30
0.0
 40
0.09765625
  0
CIRCLE
  5
1157
330
1144
100
AcDbEntity
  8
HATCH
  6
Continuous
 62
     9
100
AcDbCircle
 10
0.1984408591182216
 20
0.9680603765520317
 30
0.0
 40
0.09765625
  0
CIRCLE
  5
1158
330
1144
100
AcDbEntity
  8
HATCH
  6
Continuous
 62
     9
100
AcDbCircle
 10
-0.5406182817636136
 20
1.623620753104063
 30
0.0
 40
0.09765625
  0
ENDBLK
  5
1648
330
1144
100
AcDbEntity
  8
0
100
AcDbBlockEnd
  0
BLOCK
  5
1649
330
1159
100
AcDbEntity
  8
0
100
AcDbBlockBegin
  2
PERF_8
 70
     0
 10
0.0
 20
0.0
 30
0.0
  3
PERF_8
  1

  0
CIRCLE
  5
115B
330
1159
100
AcDbEntity
  8
HATCH
  6
Continuous
 62
     9
100
AcDbCircle
 10
0.0
 20
0.0
 30
0.0
 40
0.09765625
  0
CIRCLE
  5
115C
330
1159
100
AcDbEntity
  8
HATCH
  6
Continuous
 62
     9
100
AcDbCircle
 10
-0.46875
 20
-0.15625
 30
0.0
 40
0.09765625
  0
CIRCLE
  5
115D
330
1159
100
AcDbEntity
  8
HATCH
  6
Continuous
 62
     9
100
AcDbCircle
 10
-0.9375
 20
-0.3125
 30
0.0
 40
0.09765625
  0
CIRCLE
  5
115E
330
1159
100
AcDbEntity
  8
HATCH
  6
Continuous
 62
     9
100
AcDbCircle
 10
-0.3697080217362156
 20
0.3278057407427326
 30
0.0
 40
0.09765625
  0
CIRCLE
  5
115F
330
1159
100
AcDbEntity
  8
HATCH
  6
Continuous
 62
     9
100
AcDbCircle
 10
-0.8384580217362156
 20
0.1715557407427326
 30
0.0
 40
0.09765625
  0
CIRCLE
  5
1160
330
1159
100
AcDbEntity
  8
HATCH
  6
Continuous
 62
     9
100
AcDbCircle
 10
-0.7394160434724029
 20
0.6556114814854652
 30
0.0
 40
0.09765625
  0
CIRCLE
  5
1161
330
1159
100
AcDbEntity
  8
HATCH
  6
Continuous
 62
     9
100
AcDbCircle
 10
-1.208166043472403
 20
0.4993614814854652
 30
0.0
 40
0.09765625
  0
CIRCLE
  5
1162
330
1159
100
AcDbEntity
  8
HATCH
  6
Continuous
 62
     9
100
AcDbCircle
 10
0.0990419782637844
 20
0.4840557407427326
 30
0.0
 40
0.09765625
  0
CIRCLE
  5
1163
330
1159
100
AcDbEntity
  8
HATCH
  6
Continuous
 62
     9
100
AcDbCircle
 10
-0.2703091408817784
 20
0.8118103765520459
 30
0.0
 40
0.09765625
  0
CIRCLE
  5
1164
330
1159
100
AcDbEntity
  8
HATCH
  6
Continuous
 62
     9
100
AcDbCircle
 10
-0.6400171626180224
 20
1.13961611729475
 30
0.0
 40
0.09765625
  0
CIRCLE
  5
1165
330
1159
100
AcDbEntity
  8
HATCH
  6
Continuous
 62
     9
100
AcDbCircle
 10
-1.108767162618022
 20
0.9833661172947501
 30
0.0
 40
0.09765625
  0
CIRCLE
  5
1166
330
1159
100
AcDbEntity
  8
HATCH
  6
Continuous
 62
     9
100
AcDbCircle
 10
-1.307208021736216
 20
0.0153057407427326
 30
0.0
 40
0.09765625
  0
CIRCLE
  5
1167
330
1159
100
AcDbEntity
  8
HATCH
  6
Continuous
 62
     9
100
AcDbCircle
 10
-1.577517162618022
 20
0.8271161172947501
 30
0.0
 40
0.09765625
  0
CIRCLE
  5
1168
330
1159
100
AcDbEntity
  8
HATCH
  6
Continuous
 62
     9
100
AcDbCircle
 10
-0.1712671626180224
 20
1.29586611729475
 30
0.0
 40
0.09765625
  0
CIRCLE
  5
1169
330
1159
100
AcDbEntity
  8
HATCH
  6
Continuous
 62
     9
100
AcDbCircle
 10
-1.009725184354238
 20
1.467421858037497
 30
0.0
 40
0.09765625
  0
CIRCLE
  5
116A
330
1159
100
AcDbEntity
  8
HATCH
  6
Continuous
 62
     9
100
AcDbCircle
 10
-1.478475184354238
 20
1.311171858037497
 30
0.0
 40
0.09765625
  0
CIRCLE
  5
116B
330
1159
100
AcDbEntity
  8
HATCH
  6
Continuous
 62
     9
100
AcDbCircle
 10
-1.774572293472403
 20
0.3431114814854652
 30
0.0
 40
0.09765625
  0
CIRCLE
  5
116C
330
1159
100
AcDbEntity
  8
HATCH
  6
Continuous
 62
     9
100
AcDbCircle
 10
0.1984408591182216
 20
0.9680603765520459
 30
0.0
 40
0.09765625
  0
CIRCLE
  5
116D
330
1159
100
AcDbEntity
  8
HATCH
  6
Continuous
 62
     9
100
AcDbCircle
 10
-0.5406182817636136
 20
1.623620753104063
 30
0.0
 40
0.09765625
  0
ENDBLK
  5
164A
330
1159
100
AcDbEntity
  8
0
100
AcDbBlockEnd
  0
BLOCK
  5
164B
330
1170
100
AcDbEntity
  8
0
100
AcDbBlockBegin
  2
*D35
 70
     1
 10
0.0
 20
0.0
 30
0.0
  3
*D35
  1

  0
LINE
  5
1171
330
1170
100
AcDbEntity
  8
LEVEL_50
  6
Continuous
 62
     2
100
AcDbLine
 10
-65.18862277097986
 20
40.9673504054356
 30
0.0
 11
-62.43280970097248
 21
40.9673504054356
 31
0.0
  0
LINE
  5
1172
330
1170
100
AcDbEntity
  8
LEVEL_50
  6
Continuous
 62
     2
100
AcDbLine
 10
-66.18862277097986
 20
37.9673504054356
 30
0.0
 11
-62.43280970097248
 21
37.9673504054356
 31
0.0
  0
MTEXT
  5
1173
330
1170
100
AcDbEntity
  8
LEVEL_50
  6
Continuous
 62
     2
100
AcDbMText
 10
-62.43280970097248
 20
39.43425724330397
 30
0.0
 40
0.625
 41
0.0
 71
     7
 72
     1
  1
\FCHAR_FAST_FONT.shx;\W0.5000000000;\T1.0000000000;\o\l3"
  7
STEVE
 11
6.123233995736766E-17
 21
1.0
 31
0.0
 73
     1
 44
1.0
  0
LINE
  5
1174
330
1170
100
AcDbEntity
  8
LEVEL_50
  6
Continuous
 62
     2
100
AcDbLine
 10
-62.74530970097248
 20
40.9673504054356
 30
0.0
 11
-62.74530970097248
 21
40.00635369999688
 31
0.0
  0
LINE
  5
1175
330
1170
100
AcDbEntity
  8
LEVEL_50
  6
Continuous
 62
     2
100
AcDbLine
 10
-62.74530970097248
 20
37.9673504054356
 30
0.0
 11
-62.74530970097248
 21
39.27800724330397
 31
0.0
  0
LWPOLYLINE
  5
1176
330
1170
100
AcDbEntity
  8
LEVEL_50
  6
Continuous
 62
     2
100
AcDbPolyline
 90
        3
 70
     0
 43
0.0
 10
-62.58905970097248
 20
40.3423504054356
 10
-62.74530970097248
 20
40.9673504054356
 10
-62.90155970097248
 20
40.3423504054356
  0
LWPOLYLINE
  5
1177
330
1170
100
AcDbEntity
  8
LEVEL_50
  6
Continuous
 62
     2
100
AcDbPolyline
 90
        3
 70
     0
 43
0.0
 10
-62.90155970097248
 20
38.5923504054356
 10
-62.74530970097248
 20
37.9673504054356
 10
-62.58905970097248
 20
38.5923504054356
  0
ENDBLK
  5
164C
330
1170
100
AcDbEntity
  8
0
100
AcDbBlockEnd
  0
BLOCK
  5
164D
330
117A
100
AcDbEntity
  8
0
100
AcDbBlockBegin
  2
*D36
 70
     1
 10
0.0
 20
0.0
 30
0.0
  3
*D36
  1

  0
LINE
  5
117B
330
117A
100
AcDbEntity
  8
LEVEL_50
  6
Continuous
 62
     2
100
AcDbLine
 10
-65.18862277097986
 20
40.9673504054356
 30
0.0
 11
-62.43280970097248
 21
40.9673504054356
 31
0.0
  0
LINE
  5
117C
330
117A
100
AcDbEntity
  8
LEVEL_50
  6
Continuous
 62
     2
100
AcDbLine
 10
-65.18862277097986
 20
52.9673504054356
 30
0.0
 11
-62.43280970097248
 21
52.9673504054356
 31
0.0
  0
MTEXT
  5
117D
330
117A
100
AcDbEntity
  8
LEVEL_50
  6
Continuous
 62
     2
100
AcDbMText
 10
-62.43280970097248
 20
46.60440749204977
 30
0.0
 40
0.625
 41
0.0
 71
     7
 72
     1
  1
\FCHAR_FAST_FONT.shx;\W0.5000000000;\T1.0000000000;\o\l12"
  7
STEVE
 11
6.123233995736766E-17
 21
1.0
 31
0.0
 73
     1
 44
1.0
  0
LINE
  5
117E
330
117A
100
AcDbEntity
  8
LEVEL_50
  6
Continuous
 62
     2
100
AcDbLine
 10
-62.74530970097248
 20
40.9673504054356
 30
0.0
 11
-62.74530970097248
 21
46.44815749204977
 31
0.0
  0
LINE
  5
117F
330
117A
100
AcDbEntity
  8
LEVEL_50
  6
Continuous
 62
     2
100
AcDbLine
 10
-62.74530970097248
 20
52.9673504054356
 30
0.0
 11
-62.74530970097248
 21
47.48654331882142
 31
0.0
  0
LWPOLYLINE
  5
1180
330
117A
100
AcDbEntity
  8
LEVEL_50
  6
Continuous
 62
     2
100
AcDbPolyline
 90
        3
 70
     0
 43
0.0
 10
-62.90155970097248
 20
41.5923504054356
 10
-62.74530970097248
 20
40.9673504054356
 10
-62.58905970097248
 20
41.5923504054356
  0
LWPOLYLINE
  5
1181
330
117A
100
AcDbEntity
  8
LEVEL_50
  6
Continuous
 62
     2
100
AcDbPolyline
 90
        3
 70
     0
 43
0.0
 10
-62.58905970097248
 20
52.3423504054356
 10
-62.74530970097248
 20
52.9673504054356
 10
-62.90155970097248
 20
52.3423504054356
  0
ENDBLK
  5
164E
330
117A
100
AcDbEntity
  8
0
100
AcDbBlockEnd
  0
BLOCK
  5
164F
330
1184
100
AcDbEntity
  8
0
100
AcDbBlockBegin
  2
*D37
 70
     1
 10
0.0
 20
0.0
 30
0.0
  3
*D37
  1

  0
LINE
  5
1185
330
1184
100
AcDbEntity
  8
LEVEL_50
  6
Continuous
 62
     2
100
AcDbLine
 10
-88.85119741641535
 20
56.71734898494008
 30
0.0
 11
-57.86846548917394
 21
56.71734898494008
 31
0.0
  0
LINE
  5
1186
330
1184
100
AcDbEntity
  8
LEVEL_50
  6
Continuous
 62
     2
100
AcDbLine
 10
-66.18862277097986
 20
67.96735040543558
 30
0.0
 11
-57.86846548917394
 21
67.96735040543558
 31
0.0
  0
MTEXT
  5
1187
330
1184
100
AcDbEntity
  8
LEVEL_50
  6
Continuous
 62
     2
100
AcDbMText
 10
-57.86846548917394
 20
61.56725126999098
 30
0.0
 40
0.625
 41
0.0
 71
     7
 72
     1
  1
\FCHAR_FAST_FONT.shx;\W0.5000000000;\T1.0000000000;\o\l11
  7
STEVE
 11
6.123233995736766E-17
 21
1.0
 31
0.0
 73
     1
 44
1.0
  0
MTEXT
  5
1188
330
1184
100
AcDbEntity
  8
LEVEL_50
  6
Continuous
 62
     2
100
AcDbMText
 10
-58.18096548917394
 20
62.18733001014846
 30
0.0
 40
0.46875
 41
0.0
 71
     7
 72
     1
  1
\FCHAR_FAST_FONT.shx;\W0.5000000000;\T1.0000000000;\o\l1
  7
STEVE
 11
6.123233995736766E-17
 21
1.0
 31
0.0
 73
     1
 44
1.0
  0
MTEXT
  5
1189
330
1184
100
AcDbEntity
  8
LEVEL_50
  6
Continuous
 62
     2
100
AcDbMText
 10
-57.71221548917394
 20
62.49736938022721
 30
0.0
 40
0.46875
 41
0.0
 71
     7
 72
     1
  1
\FCHAR_FAST_FONT.shx;\W0.5000000000;\T1.0000000000;\o\l4
  7
STEVE
 11
6.123233995736766E-17
 21
1.0
 31
0.0
 73
     1
 44
1.0
  0
LINE
  5
118A
330
1184
100
AcDbEntity
  8
LEVEL_50
  6
Continuous
 62
     2
100
AcDbLine
 10
-57.71221548917394
 20
62.38018188022721
 30
0.0
 11
-58.64971548917394
 21
62.61455688022721
 31
0.0
  0
MTEXT
  5
118B
330
1184
100
AcDbEntity
  8
LEVEL_50
  6
Continuous
 62
     2
100
AcDbMText
 10
-57.94659048917394
 20
62.80740875030595
 30
0.0
 40
0.625
 41
0.0
 71
     7
 72
     1
  1
\FCHAR_FAST_FONT.shx;\W0.5000000000;\T1.0000000000;\o\l"
  7
STEVE
 11
6.123233995736766E-17
 21
1.0
 31
0.0
 73
     1
 44
1.0
  0
LINE
  5
118C
330
1184
100
AcDbEntity
  8
LEVEL_50
  6
Continuous
 62
     2
100
AcDbLine
 10
-58.18096548917394
 20
56.71734898494008
 30
0.0
 11
-58.18096548917394
 21
61.41100126999098
 31
0.0
  0
LINE
  5
118D
330
1184
100
AcDbEntity
  8
LEVEL_50
  6
Continuous
 62
     2
100
AcDbLine
 10
-58.18096548917394
 20
67.96735040543558
 30
0.0
 11
-58.18096548917394
 21
63.27369812038469
 31
0.0
  0
LWPOLYLINE
  5
118E
330
1184
100
AcDbEntity
  8
LEVEL_50
  6
Continuous
 62
     2
100
AcDbPolyline
 90
        3
 70
     0
 43
0.0
 10
-58.33721548917394
 20
57.34234898494008
 10
-58.18096548917394
 20
56.71734898494008
 10
-58.02471548917394
 20
57.34234898494008
  0
LWPOLYLINE
  5
118F
330
1184
100
AcDbEntity
  8
LEVEL_50
  6
Continuous
 62
     2
100
AcDbPolyline
 90
        3
 70
     0
 43
0.0
 10
-58.02471548917394
 20
67.34235040543558
 10
-58.18096548917394
 20
67.96735040543558
 10
-58.33721548917394
 20
67.34235040543558
  0
ENDBLK
  5
1650
330
1184
100
AcDbEntity
  8
0
100
AcDbBlockEnd
  0
BLOCK
  5
1651
330
1192
100
AcDbEntity
  8
0
100
AcDbBlockBegin
  2
*D38
 70
     1
 10
0.0
 20
0.0
 30
0.0
  3
*D38
  1

  0
LINE
  5
1193
330
1192
100
AcDbEntity
  8
DIMENSION
  6
Continuous
 62
     2
100
AcDbLine
 10
-65.24730215887489
 20
52.96735040543559
 30
0.0
 11
-60.91262271639626
 21
52.96735040543559
 31
0.0
  0
LINE
  5
1194
330
1192
100
AcDbEntity
  8
DIMENSION
  6
Continuous
 62
     2
100
AcDbLine
 10
-88.81289096480245
 20
55.71734898494008
 30
0.0
 11
-60.91262271639626
 21
55.71734898494008
 31
0.0
  0
MTEXT
  5
1195
330
1192
100
AcDbEntity
  8
DIMENSION
  6
Continuous
 62
     2
100
AcDbMText
 10
-60.91262271639626
 20
53.72227095503035
 30
0.0
 40
0.625
 41
0.0
 71
     7
 72
     1
  1
\FCHAR_FAST_FONT.shx;\W0.5000000000;\T1.0000000000;\o\l2
  7
STEVE
 11
6.123233995736766E-17
 21
1.0
 31
0.0
 73
     1
 44
1.0
  0
MTEXT
  5
1196
330
1192
100
AcDbEntity
  8
DIMENSION
  6
Continuous
 62
     2
100
AcDbMText
 10
-61.22512271639626
 20
54.03231032510909
 30
0.0
 40
0.46875
 41
0.0
 71
     7
 72
     1
  1
\FCHAR_FAST_FONT.shx;\W0.5000000000;\T1.0000000000;\o\l3
  7
STEVE
 11
6.123233995736766E-17
 21
1.0
 31
0.0
 73
     1
 44
1.0
  0
MTEXT
  5
1197
330
1192
100
AcDbEntity
  8
DIMENSION
  6
Continuous
 62
     2
100
AcDbMText
 10
-60.75637271639626
 20
54.34234969518783
 30
0.0
 40
0.46875
 41
0.0
 71
     7
 72
     1
  1
\FCHAR_FAST_FONT.shx;\W0.5000000000;\T1.0000000000;\o\l4
  7
STEVE
 11
6.123233995736766E-17
 21
1.0
 31
0.0
 73
     1
 44
1.0
  0
LINE
  5
1198
330
1192
100
AcDbEntity
  8
DIMENSION
  6
Continuous
 62
     2
100
AcDbLine
 10
-60.75637271639626
 20
54.22516219518783
 30
0.0
 11
-61.69387271639626
 21
54.45953719518783
 31
0.0
  0
MTEXT
  5
1199
330
1192
100
AcDbEntity
  8
DIMENSION
  6
Continuous
 62
     2
100
AcDbMText
 10
-60.99074771639626
 20
54.65238906526658
 30
0.0
 40
0.625
 41
0.0
 71
     7
 72
     1
  1
\FCHAR_FAST_FONT.shx;\W0.5000000000;\T1.0000000000;\o\l"
  7
STEVE
 11
6.123233995736766E-17
 21
1.0
 31
0.0
 73
     1
 44
1.0
  0
LINE
  5
119A
330
1192
100
AcDbEntity
  8
DIMENSION
  6
Continuous
 62
     2
100
AcDbLine
 10
-61.22512271639626
 20
52.96735040543559
 30
0.0
 11
-61.22512271639626
 21
52.06891290543559
 31
0.0
  0
LINE
  5
119B
330
1192
100
AcDbEntity
  8
DIMENSION
  6
Continuous
 62
     2
100
AcDbLine
 10
-61.22512271639626
 20
55.71734898494008
 30
0.0
 11
-61.22512271639626
 21
56.61578648494008
 31
0.0
  0
LWPOLYLINE
  5
119C
330
1192
100
AcDbEntity
  8
DIMENSION
  6
Continuous
 62
     2
100
AcDbPolyline
 90
        3
 70
     0
 43
0.0
 10
-61.06887271639626
 20
52.42047540543559
 10
-61.22512271639626
 20
52.96735040543559
 10
-61.38137271639626
 20
52.42047540543559
  0
LWPOLYLINE
  5
119D
330
1192
100
AcDbEntity
  8
DIMENSION
  6
Continuous
 62
     2
100
AcDbPolyline
 90
        3
 70
     0
 43
0.0
 10
-61.38137271639626
 20
56.26422398494008
 10
-61.22512271639626
 20
55.71734898494008
 10
-61.06887271639626
 20
56.26422398494008
  0
ENDBLK
  5
1652
330
1192
100
AcDbEntity
  8
0
100
AcDbBlockEnd
  0
BLOCK
  5
1653
330
11A0
100
AcDbEntity
  8
0
100
AcDbBlockBegin
  2
*D39
 70
     1
 10
0.0
 20
0.0
 30
0.0
  3
*D39
  1

  0
LINE
  5
11A1
330
11A0
100
AcDbEntity
  8
DIMENSION
  6
Continuous
 62
     2
100
AcDbLine
 10
-65.24730215887489
 20
52.96735040543559
 30
0.0
 11
-60.91262271639626
 21
52.96735040543559
 31
0.0
  0
LINE
  5
11A2
330
11A0
100
AcDbEntity
  8
DIMENSION
  6
Continuous
 62
     2
100
AcDbLine
 10
-88.21914096480243
 20
40.21734898494008
 30
0.0
 11
-60.91262271639626
 21
40.21734898494008
 31
0.0
  0
MTEXT
  5
11A3
330
11A0
100
AcDbEntity
  8
DIMENSION
  6
Continuous
 62
     2
100
AcDbMText
 10
-60.91262271639626
 20
45.81725126999098
 30
0.0
 40
0.625
 41
0.0
 71
     7
 72
     1
  1
\FCHAR_FAST_FONT.shx;\W0.5000000000;\T1.0000000000;\o\l12
  7
STEVE
 11
6.123233995736766E-17
 21
1.0
 31
0.0
 73
     1
 44
1.0
  0
MTEXT
  5
11A4
330
11A0
100
AcDbEntity
  8
DIMENSION
  6
Continuous
 62
     2
100
AcDbMText
 10
-61.22512271639626
 20
46.43733001014846
 30
0.0
 40
0.46875
 41
0.0
 71
     7
 72
     1
  1
\FCHAR_FAST_FONT.shx;\W0.5000000000;\T1.0000000000;\o\l3
  7
STEVE
 11
6.123233995736766E-17
 21
1.0
 31
0.0
 73
     1
 44
1.0
  0
MTEXT
  5
11A5
330
11A0
100
AcDbEntity
  8
DIMENSION
  6
Continuous
 62
     2
100
AcDbMText
 10
-60.75637271639626
 20
46.74736938022721
 30
0.0
 40
0.46875
 41
0.0
 71
     7
 72
     1
  1
\FCHAR_FAST_FONT.shx;\W0.5000000000;\T1.0000000000;\o\l4
  7
STEVE
 11
6.123233995736766E-17
 21
1.0
 31
0.0
 73
     1
 44
1.0
  0
LINE
  5
11A6
330
11A0
100
AcDbEntity
  8
DIMENSION
  6
Continuous
 62
     2
100
AcDbLine
 10
-60.75637271639626
 20
46.63018188022721
 30
0.0
 11
-61.69387271639626
 21
46.86455688022721
 31
0.0
  0
MTEXT
  5
11A7
330
11A0
100
AcDbEntity
  8
DIMENSION
  6
Continuous
 62
     2
100
AcDbMText
 10
-60.99074771639626
 20
47.05740875030595
 30
0.0
 40
0.625
 41
0.0
 71
     7
 72
     1
  1
\FCHAR_FAST_FONT.shx;\W0.5000000000;\T1.0000000000;\o\l"
  7
STEVE
 11
6.123233995736766E-17
 21
1.0
 31
0.0
 73
     1
 44
1.0
  0
LINE
  5
11A8
330
11A0
100
AcDbEntity
  8
DIMENSION
  6
Continuous
 62
     2
100
AcDbLine
 10
-61.22512271639626
 20
52.96735040543559
 30
0.0
 11
-61.22512271639626
 21
47.52369812038469
 31
0.0
  0
LINE
  5
11A9
330
11A0
100
AcDbEntity
  8
DIMENSION
  6
Continuous
 62
     2
100
AcDbLine
 10
-61.22512271639626
 20
40.21734898494008
 30
0.0
 11
-61.22512271639626
 21
45.66100126999098
 31
0.0
  0
LWPOLYLINE
  5
11AA
330
11A0
100
AcDbEntity
  8
DIMENSION
  6
Continuous
 62
     2
100
AcDbPolyline
 90
        3
 70
     0
 43
0.0
 10
-61.06887271639626
 20
52.42047540543559
 10
-61.22512271639626
 20
52.96735040543559
 10
-61.38137271639626
 20
52.42047540543559
  0
LWPOLYLINE
  5
11AB
330
11A0
100
AcDbEntity
  8
DIMENSION
  6
Continuous
 62
     2
100
AcDbPolyline
 90
        3
 70
     0
 43
0.0
 10
-61.38137271639626
 20
40.76422398494008
 10
-61.22512271639626
 20
40.21734898494008
 10
-61.06887271639626
 20
40.76422398494008
  0
ENDBLK
  5
1654
330
11A0
100
AcDbEntity
  8
0
100
AcDbBlockEnd
  0
BLOCK
  5
1655
330
11AE
100
AcDbEntity
  8
0
100
AcDbBlockBegin
  2
*D40
 70
     1
 10
0.0
 20
0.0
 30
0.0
  3
*D40
  1

  0
LINE
  5
11AF
330
11AE
100
AcDbEntity
  8
DIMENSION
  6
Continuous
 62
     2
100
AcDbLine
 10
-101.1261243879652
 20
56.02984898494008
 30
0.0
 11
-101.1261243879652
 21
63.30004210739465
 31
0.0
  0
LINE
  5
11B0
330
11AE
100
AcDbEntity
  8
DIMENSION
  6
Continuous
 62
     2
100
AcDbLine
 10
-99.62612438796523
 20
56.02984898494008
 30
0.0
 11
-99.62612438796523
 21
63.30004210739465
 31
0.0
  0
MTEXT
  5
11B1
330
11AE
100
AcDbEntity
  8
DIMENSION
  6
Continuous
 62
     2
100
AcDbMText
 10
-100.8466260195771
 20
62.67504210739465
 30
0.0
 40
0.625
 41
0.0
 71
     7
 72
     1
  1
\FCHAR_FAST_FONT.shx;\W0.5000000000;\T1.0000000000;\o\l1
  7
STEVE
 73
     1
 44
1.0
  0
MTEXT
  5
11B2
330
11AE
100
AcDbEntity
  8
DIMENSION
  6
Continuous
 62
     2
100
AcDbMText
 10
-100.5365866494983
 20
62.98754210739465
 30
0.0
 40
0.46875
 41
0.0
 71
     7
 72
     1
  1
\FCHAR_FAST_FONT.shx;\W0.5000000000;\T1.0000000000;\o\l1
  7
STEVE
 73
     1
 44
1.0
  0
MTEXT
  5
11B3
330
11AE
100
AcDbEntity
  8
DIMENSION
  6
Continuous
 62
     2
100
AcDbMText
 10
-100.2265472794196
 20
62.51879210739465
 30
0.0
 40
0.46875
 41
0.0
 71
     7
 72
     1
  1
\FCHAR_FAST_FONT.shx;\W0.5000000000;\T1.0000000000;\o\l2
  7
STEVE
 73
     1
 44
1.0
  0
LINE
  5
11B4
330
11AE
100
AcDbEntity
  8
DIMENSION
  6
Continuous
 62
     2
100
AcDbLine
 10
-100.3437347794196
 20
62.51879210739465
 30
0.0
 11
-100.1093597794196
 21
63.45629210739465
 31
0.0
  0
MTEXT
  5
11B5
330
11AE
100
AcDbEntity
  8
DIMENSION
  6
Continuous
 62
     2
100
AcDbMText
 10
-99.91650790934087
 20
62.75316710739465
 30
0.0
 40
0.625
 41
0.0
 71
     7
 72
     1
  1
\FCHAR_FAST_FONT.shx;\W0.5000000000;\T1.0000000000;\o\l"
  7
STEVE
 73
     1
 44
1.0
  0
LINE
  5
11B6
330
11AE
100
AcDbEntity
  8
DIMENSION
  6
Continuous
 62
     2
100
AcDbLine
 10
-101.1261243879652
 20
62.98754210739465
 30
0.0
 11
-102.0245618879652
 21
62.98754210739465
 31
0.0
  0
LINE
  5
11B7
330
11AE
100
AcDbEntity
  8
DIMENSION
  6
Continuous
 62
     2
100
AcDbLine
 10
-99.62612438796523
 20
62.98754210739465
 30
0.0
 11
-98.72768688796523
 21
62.98754210739465
 31
0.0
  0
LWPOLYLINE
  5
11B8
330
11AE
100
AcDbEntity
  8
DIMENSION
  6
Continuous
 62
     2
100
AcDbPolyline
 90
        3
 70
     0
 43
0.0
 10
-101.6729993879652
 20
62.83129210739465
 10
-101.1261243879652
 20
62.98754210739465
 10
-101.6729993879652
 20
63.14379210739465
  0
LWPOLYLINE
  5
11B9
330
11AE
100
AcDbEntity
  8
DIMENSION
  6
Continuous
 62
     2
100
AcDbPolyline
 90
        3
 70
     0
 43
0.0
 10
-99.07924938796523
 20
63.14379210739465
 10
-99.62612438796523
 20
62.98754210739465
 10
-99.07924938796523
 20
62.83129210739465
  0
LINE
  5
11BA
330
11AE
100
AcDbEntity
  8
DIMENSION
  6
Continuous
 62
     2
100
AcDbLine
 10
-101.1261243879652
 20
62.98754210739465
 30
0.0
 11
-102.0245618879652
 21
62.98754210739465
 31
0.0
  0
ENDBLK
  5
1656
330
11AE
100
AcDbEntity
  8
0
100
AcDbBlockEnd
  0
BLOCK
  5
1657
330
11BE
100
AcDbEntity
  8
0
100
AcDbBlockBegin
  2
*D41
 70
     1
 10
0.0
 20
0.0
 30
0.0
  3
*D41
  1

  0
LINE
  5
11BF
330
11BE
100
AcDbEntity
  8
DIMENSION
  6
Continuous
 62
     2
100
AcDbLine
 10
-96.37612438796523
 20
56.02984898494008
 30
0.0
 11
-96.37612438796523
 21
63.30004210739465
 31
0.0
  0
LINE
  5
11C0
330
11BE
100
AcDbEntity
  8
DIMENSION
  6
Continuous
 62
     2
100
AcDbLine
 10
-94.87612438796523
 20
56.02984898494008
 30
0.0
 11
-94.87612438796523
 21
63.30004210739465
 31
0.0
  0
MTEXT
  5
11C1
330
11BE
100
AcDbEntity
  8
DIMENSION
  6
Continuous
 62
     2
100
AcDbMText
 10
-96.09662601957709
 20
62.67504210739465
 30
0.0
 40
0.625
 41
0.0
 71
     7
 72
     1
  1
\FCHAR_FAST_FONT.shx;\W0.5000000000;\T1.0000000000;\o\l1
  7
STEVE
 73
     1
 44
1.0
  0
MTEXT
  5
11C2
330
11BE
100
AcDbEntity
  8
DIMENSION
  6
Continuous
 62
     2
100
AcDbMText
 10
-95.78658664949835
 20
62.98754210739465
 30
0.0
 40
0.46875
 41
0.0
 71
     7
 72
     1
  1
\FCHAR_FAST_FONT.shx;\W0.5000000000;\T1.0000000000;\o\l1
  7
STEVE
 73
     1
 44
1.0
  0
MTEXT
  5
11C3
330
11BE
100
AcDbEntity
  8
DIMENSION
  6
Continuous
 62
     2
100
AcDbMText
 10
-95.4765472794196
 20
62.51879210739465
 30
0.0
 40
0.46875
 41
0.0
 71
     7
 72
     1
  1
\FCHAR_FAST_FONT.shx;\W0.5000000000;\T1.0000000000;\o\l2
  7
STEVE
 73
     1
 44
1.0
  0
LINE
  5
11C4
330
11BE
100
AcDbEntity
  8
DIMENSION
  6
Continuous
 62
     2
100
AcDbLine
 10
-95.5937347794196
 20
62.51879210739465
 30
0.0
 11
-95.3593597794196
 21
63.45629210739465
 31
0.0
  0
MTEXT
  5
11C5
330
11BE
100
AcDbEntity
  8
DIMENSION
  6
Continuous
 62
     2
100
AcDbMText
 10
-95.16650790934087
 20
62.75316710739465
 30
0.0
 40
0.625
 41
0.0
 71
     7
 72
     1
  1
\FCHAR_FAST_FONT.shx;\W0.5000000000;\T1.0000000000;\o\l"
  7
STEVE
 73
     1
 44
1.0
  0
LINE
  5
11C6
330
11BE
100
AcDbEntity
  8
DIMENSION
  6
Continuous
 62
     2
100
AcDbLine
 10
-96.37612438796523
 20
62.98754210739465
 30
0.0
 11
-97.27456188796523
 21
62.98754210739465
 31
0.0
  0
LINE
  5
11C7
330
11BE
100
AcDbEntity
  8
DIMENSION
  6
Continuous
 62
     2
100
AcDbLine
 10
-94.87612438796523
 20
62.98754210739465
 30
0.0
 11
-93.97768688796523
 21
62.98754210739465
 31
0.0
  0
LWPOLYLINE
  5
11C8
330
11BE
100
AcDbEntity
  8
DIMENSION
  6
Continuous
 62
     2
100
AcDbPolyline
 90
        3
 70
     0
 43
0.0
 10
-96.92299938796523
 20
62.83129210739465
 10
-96.37612438796523
 20
62.98754210739465
 10
-96.92299938796523
 20
63.14379210739465
  0
LWPOLYLINE
  5
11C9
330
11BE
100
AcDbEntity
  8
DIMENSION
  6
Continuous
 62
     2
100
AcDbPolyline
 90
        3
 70
     0
 43
0.0
 10
-94.32924938796523
 20
63.14379210739465
 10
-94.87612438796523
 20
62.98754210739465
 10
-94.32924938796523
 20
62.83129210739465
  0
LINE
  5
11CA
330
11BE
100
AcDbEntity
  8
DIMENSION
  6
Continuous
 62
     2
100
AcDbLine
 10
-96.37612438796523
 20
62.98754210739465
 30
0.0
 11
-97.27456188796523
 21
62.98754210739465
 31
0.0
  0
ENDBLK
  5
1658
330
11BE
100
AcDbEntity
  8
0
100
AcDbBlockEnd
  0
BLOCK
  5
1659
330
11CE
100
AcDbEntity
  8
0
100
AcDbBlockBegin
  2
*D42
 70
     1
 10
0.0
 20
0.0
 30
0.0
  3
*D42
  1

  0
LINE
  5
11CF
330
11CE
100
AcDbEntity
  8
DIMENSION
  6
Continuous
 62
     2
100
AcDbLine
 10
-91.62612438796525
 20
56.02984898494008
 30
0.0
 11
-91.62612438796525
 21
63.30004210739465
 31
0.0
  0
LINE
  5
11D0
330
11CE
100
AcDbEntity
  8
DIMENSION
  6
Continuous
 62
     2
100
AcDbLine
 10
-90.12612438796525
 20
56.02984898494008
 30
0.0
 11
-90.12612438796525
 21
63.30004210739465
 31
0.0
  0
MTEXT
  5
11D1
330
11CE
100
AcDbEntity
  8
DIMENSION
  6
Continuous
 62
     2
100
AcDbMText
 10
-91.3466260195771
 20
62.67504210739465
 30
0.0
 40
0.625
 41
0.0
 71
     7
 72
     1
  1
\FCHAR_FAST_FONT.shx;\W0.5000000000;\T1.0000000000;\o\l1
  7
STEVE
 73
     1
 44
1.0
  0
MTEXT
  5
11D2
330
11CE
100
AcDbEntity
  8
DIMENSION
  6
Continuous
 62
     2
100
AcDbMText
 10
-91.03658664949836
 20
62.98754210739465
 30
0.0
 40
0.46875
 41
0.0
 71
     7
 72
     1
  1
\FCHAR_FAST_FONT.shx;\W0.5000000000;\T1.0000000000;\o\l1
  7
STEVE
 73
     1
 44
1.0
  0
MTEXT
  5
11D3
330
11CE
100
AcDbEntity
  8
DIMENSION
  6
Continuous
 62
     2
100
AcDbMText
 10
-90.72654727941962
 20
62.51879210739465
 30
0.0
 40
0.46875
 41
0.0
 71
     7
 72
     1
  1
\FCHAR_FAST_FONT.shx;\W0.5000000000;\T1.0000000000;\o\l2
  7
STEVE
 73
     1
 44
1.0
  0
LINE
  5
11D4
330
11CE
100
AcDbEntity
  8
DIMENSION
  6
Continuous
 62
     2
100
AcDbLine
 10
-90.84373477941962
 20
62.51879210739465
 30
0.0
 11
-90.60935977941962
 21
63.45629210739465
 31
0.0
  0
MTEXT
  5
11D5
330
11CE
100
AcDbEntity
  8
DIMENSION
  6
Continuous
 62
     2
100
AcDbMText
 10
-90.41650790934088
 20
62.75316710739465
 30
0.0
 40
0.625
 41
0.0
 71
     7
 72
     1
  1
\FCHAR_FAST_FONT.shx;\W0.5000000000;\T1.0000000000;\o\l"
  7
STEVE
 73
     1
 44
1.0
  0
LINE
  5
11D6
330
11CE
100
AcDbEntity
  8
DIMENSION
  6
Continuous
 62
     2
100
AcDbLine
 10
-91.62612438796525
 20
62.98754210739465
 30
0.0
 11
-92.52456188796525
 21
62.98754210739465
 31
0.0
  0
LINE
  5
11D7
330
11CE
100
AcDbEntity
  8
DIMENSION
  6
Continuous
 62
     2
100
AcDbLine
 10
-90.12612438796525
 20
62.98754210739465
 30
0.0
 11
-89.22768688796525
 21
62.98754210739465
 31
0.0
  0
LWPOLYLINE
  5
11D8
330
11CE
100
AcDbEntity
  8
DIMENSION
  6
Continuous
 62
     2
100
AcDbPolyline
 90
        3
 70
     0
 43
0.0
 10
-92.17299938796525
 20
62.83129210739465
 10
-91.62612438796525
 20
62.98754210739465
 10
-92.17299938796525
 20
63.14379210739465
  0
LWPOLYLINE
  5
11D9
330
11CE
100
AcDbEntity
  8
DIMENSION
  6
Continuous
 62
     2
100
AcDbPolyline
 90
        3
 70
     0
 43
0.0
 10
-89.57924938796525
 20
63.14379210739465
 10
-90.12612438796525
 20
62.98754210739465
 10
-89.57924938796525
 20
62.83129210739465
  0
LINE
  5
11DA
330
11CE
100
AcDbEntity
  8
DIMENSION
  6
Continuous
 62
     2
100
AcDbLine
 10
-91.62612438796525
 20
62.98754210739465
 30
0.0
 11
-92.52456188796525
 21
62.98754210739465
 31
0.0
  0
ENDBLK
  5
165A
330
11CE
100
AcDbEntity
  8
0
100
AcDbBlockEnd
  0
BLOCK
  5
165B
330
11DF
100
AcDbEntity
  8
0
100
AcDbBlockBegin
  2
*D43
 70
     1
 10
0.0
 20
0.0
 30
0.0
  3
*D43
  1

  0
LINE
  5
11E0
330
11DF
100
AcDbEntity
  8
DIMENSION
  6
Continuous
 62
     2
100
AcDbLine
 10
-94.87612438796523
 20
56.02984898494008
 30
0.0
 11
-94.87612438796523
 21
63.30004210739465
 31
0.0
  0
LINE
  5
11E1
330
11DF
100
AcDbEntity
  8
DIMENSION
  6
Continuous
 62
     2
100
AcDbLine
 10
-91.62612438796525
 20
56.02984898494008
 30
0.0
 11
-91.62612438796525
 21
63.30004210739465
 31
0.0
  0
MTEXT
  5
11E2
330
11DF
100
AcDbEntity
  8
DIMENSION
  6
Continuous
 62
     2
100
AcDbMText
 10
-93.87120312812272
 20
62.67504210739465
 30
0.0
 40
0.625
 41
0.0
 71
     7
 72
     1
  1
\FCHAR_FAST_FONT.shx;\W0.5000000000;\T1.0000000000;\o\l3
  7
STEVE
 73
     1
 44
1.0
  0
MTEXT
  5
11E3
330
11DF
100
AcDbEntity
  8
DIMENSION
  6
Continuous
 62
     2
100
AcDbMText
 10
-93.56116375804397
 20
62.98754210739465
 30
0.0
 40
0.46875
 41
0.0
 71
     7
 72
     1
  1
\FCHAR_FAST_FONT.shx;\W0.5000000000;\T1.0000000000;\o\l1
  7
STEVE
 73
     1
 44
1.0
  0
MTEXT
  5
11E4
330
11DF
100
AcDbEntity
  8
DIMENSION
  6
Continuous
 62
     2
100
AcDbMText
 10
-93.25112438796523
 20
62.51879210739465
 30
0.0
 40
0.46875
 41
0.0
 71
     7
 72
     1
  1
\FCHAR_FAST_FONT.shx;\W0.5000000000;\T1.0000000000;\o\l4
  7
STEVE
 73
     1
 44
1.0
  0
LINE
  5
11E5
330
11DF
100
AcDbEntity
  8
DIMENSION
  6
Continuous
 62
     2
100
AcDbLine
 10
-93.36831188796523
 20
62.51879210739465
 30
0.0
 11
-93.13393688796523
 21
63.45629210739465
 31
0.0
  0
MTEXT
  5
11E6
330
11DF
100
AcDbEntity
  8
DIMENSION
  6
Continuous
 62
     2
100
AcDbMText
 10
-92.9410850178865
 20
62.75316710739465
 30
0.0
 40
0.625
 41
0.0
 71
     7
 72
     1
  1
\FCHAR_FAST_FONT.shx;\W0.5000000000;\T1.0000000000;\o\l"
  7
STEVE
 73
     1
 44
1.0
  0
LINE
  5
11E7
330
11DF
100
AcDbEntity
  8
DIMENSION
  6
Continuous
 62
     2
100
AcDbLine
 10
-94.87612438796523
 20
62.98754210739465
 30
0.0
 11
-95.77456188796523
 21
62.98754210739465
 31
0.0
  0
LINE
  5
11E8
330
11DF
100
AcDbEntity
  8
DIMENSION
  6
Continuous
 62
     2
100
AcDbLine
 10
-91.62612438796525
 20
62.98754210739465
 30
0.0
 11
-90.72768688796525
 21
62.98754210739465
 31
0.0
  0
LWPOLYLINE
  5
11E9
330
11DF
100
AcDbEntity
  8
DIMENSION
  6
Continuous
 62
     2
100
AcDbPolyline
 90
        3
 70
     0
 43
0.0
 10
-95.42299938796523
 20
62.83129210739465
 10
-94.87612438796523
 20
62.98754210739465
 10
-95.42299938796523
 20
63.14379210739465
  0
LWPOLYLINE
  5
11EA
330
11DF
100
AcDbEntity
  8
DIMENSION
  6
Continuous
 62
     2
100
AcDbPolyline
 90
        3
 70
     0
 43
0.0
 10
-91.07924938796525
 20
63.14379210739465
 10
-91.62612438796525
 20
62.98754210739465
 10
-91.07924938796525
 20
62.83129210739465
  0
ENDBLK
  5
165C
330
11DF
100
AcDbEntity
  8
0
100
AcDbBlockEnd
  0
BLOCK
  5
165D
330
11ED
100
AcDbEntity
  8
0
100
AcDbBlockBegin
  2
*D44
 70
     1
 10
0.0
 20
0.0
 30
0.0
  3
*D44
  1

  0
LINE
  5
11EE
330
11ED
100
AcDbEntity
  8
DIMENSION
  6
Continuous
 62
     2
100
AcDbLine
 10
-99.62612438796523
 20
56.02984898494008
 30
0.0
 11
-99.62612438796523
 21
61.25472308096999
 31
0.0
  0
LINE
  5
11EF
330
11ED
100
AcDbEntity
  8
DIMENSION
  6
Continuous
 62
     2
100
AcDbLine
 10
-98.62539096480242
 20
56.02984898494008
 30
0.0
 11
-98.62539096480242
 21
61.25472308096999
 31
0.0
  0
MTEXT
  5
11F0
330
11ED
100
AcDbEntity
  8
DIMENSION
  6
Continuous
 62
     2
100
AcDbMText
 10
-99.22852564132717
 20
60.62972308096999
 30
0.0
 40
0.625
 41
0.0
 71
     7
 72
     1
  1
\FCHAR_FAST_FONT.shx;\W0.5000000000;\T1.0000000000;\o\l1"
  7
STEVE
 73
     1
 44
1.0
  0
LINE
  5
11F1
330
11ED
100
AcDbEntity
  8
DIMENSION
  6
Continuous
 62
     2
100
AcDbLine
 10
-99.62612438796523
 20
60.94222308096999
 30
0.0
 11
-100.5245618879652
 21
60.94222308096999
 31
0.0
  0
LINE
  5
11F2
330
11ED
100
AcDbEntity
  8
DIMENSION
  6
Continuous
 62
     2
100
AcDbLine
 10
-98.62539096480242
 20
60.94222308096999
 30
0.0
 11
-97.72695346480242
 21
60.94222308096999
 31
0.0
  0
LWPOLYLINE
  5
11F3
330
11ED
100
AcDbEntity
  8
DIMENSION
  6
Continuous
 62
     2
100
AcDbPolyline
 90
        3
 70
     0
 43
0.0
 10
-100.1729993879652
 20
60.78597308096999
 10
-99.62612438796523
 20
60.94222308096999
 10
-100.1729993879652
 20
61.09847308096999
  0
LWPOLYLINE
  5
11F4
330
11ED
100
AcDbEntity
  8
DIMENSION
  6
Continuous
 62
     2
100
AcDbPolyline
 90
        3
 70
     0
 43
0.0
 10
-98.07851596480242
 20
61.09847308096999
 10
-98.62539096480242
 20
60.94222308096999
 10
-98.07851596480242
 20
60.78597308096999
  0
ENDBLK
  5
165E
330
11ED
100
AcDbEntity
  8
0
100
AcDbBlockEnd
  0
BLOCK
  5
165F
330
11F7
100
AcDbEntity
  8
0
100
AcDbBlockBegin
  2
*D45
 70
     1
 10
0.0
 20
0.0
 30
0.0
  3
*D45
  1

  0
LINE
  5
11F8
330
11F7
100
AcDbEntity
  8
DIMENSION
  6
Continuous
 62
     2
100
AcDbLine
 10
-101.1261243879652
 20
56.02984898494008
 30
0.0
 11
-101.1261243879652
 21
61.3626417297267
 31
0.0
  0
LINE
  5
11F9
330
11F7
100
AcDbEntity
  8
DIMENSION
  6
Continuous
 62
     2
100
AcDbLine
 10
-102.1268578111281
 20
56.02984898494008
 30
0.0
 11
-102.1268578111281
 21
61.3626417297267
 31
0.0
  0
MTEXT
  5
11FA
330
11F7
100
AcDbEntity
  8
DIMENSION
  6
Continuous
 62
     2
100
AcDbMText
 10
-101.7726835482579
 20
60.7376417297267
 30
0.0
 40
0.625
 41
0.0
 71
     7
 72
     1
  1
\FCHAR_FAST_FONT.shx;\W0.5000000000;\T1.0000000000;\o\l1"
  7
STEVE
 73
     1
 44
1.0
  0
LINE
  5
11FB
330
11F7
100
AcDbEntity
  8
DIMENSION
  6
Continuous
 62
     2
100
AcDbLine
 10
-101.1261243879652
 20
61.0501417297267
 30
0.0
 11
-100.2276868879652
 21
61.0501417297267
 31
0.0
  0
LINE
  5
11FC
330
11F7
100
AcDbEntity
  8
DIMENSION
  6
Continuous
 62
     2
100
AcDbLine
 10
-102.1268578111281
 20
61.0501417297267
 30
0.0
 11
-103.0252953111281
 21
61.0501417297267
 31
0.0
  0
LWPOLYLINE
  5
11FD
330
11F7
100
AcDbEntity
  8
DIMENSION
  6
Continuous
 62
     2
100
AcDbPolyline
 90
        3
 70
     0
 43
0.0
 10
-100.5792493879652
 20
61.2063917297267
 10
-101.1261243879652
 20
61.0501417297267
 10
-100.5792493879652
 20
60.8938917297267
  0
LWPOLYLINE
  5
11FE
330
11F7
100
AcDbEntity
  8
DIMENSION
  6
Continuous
 62
     2
100
AcDbPolyline
 90
        3
 70
     0
 43
0.0
 10
-102.6737328111281
 20
60.8938917297267
 10
-102.1268578111281
 20
61.0501417297267
 10
-102.6737328111281
 20
61.2063917297267
  0
ENDBLK
  5
1660
330
11F7
100
AcDbEntity
  8
0
100
AcDbBlockEnd
  0
BLOCK
  5
1661
330
1201
100
AcDbEntity
  8
0
100
AcDbBlockBegin
  2
*D46
 70
     1
 10
0.0
 20
0.0
 30
0.0
  3
*D46
  1

  0
LINE
  5
1202
330
1201
100
AcDbEntity
  8
DIMENSION
  6
Continuous
 62
     2
100
AcDbLine
 10
-90.12612438796525
 20
56.02984898494008
 30
0.0
 11
-90.12612438796525
 21
61.3626417297267
 31
0.0
  0
LINE
  5
1203
330
1201
100
AcDbEntity
  8
DIMENSION
  6
Continuous
 62
     2
100
AcDbLine
 10
-89.12539096480245
 20
56.02984898494008
 30
0.0
 11
-89.12539096480245
 21
61.3626417297267
 31
0.0
  0
MTEXT
  5
1204
330
1201
100
AcDbEntity
  8
DIMENSION
  6
Continuous
 62
     2
100
AcDbMText
 10
-87.58583675088404
 20
60.7376417297267
 30
0.0
 40
0.625
 41
0.0
 71
     7
 72
     1
  1
\FCHAR_FAST_FONT.shx;\W0.5000000000;\T1.0000000000;\o\l1"
  7
STEVE
 73
     1
 44
1.0
  0
LINE
  5
1205
330
1201
100
AcDbEntity
  8
DIMENSION
  6
Continuous
 62
     2
100
AcDbLine
 10
-90.12612438796525
 20
61.0501417297267
 30
0.0
 11
-91.02456188796525
 21
61.0501417297267
 31
0.0
  0
LINE
  5
1206
330
1201
100
AcDbEntity
  8
DIMENSION
  6
Continuous
 62
     2
100
AcDbLine
 10
-89.12539096480245
 20
61.0501417297267
 30
0.0
 11
-88.22695346480245
 21
61.0501417297267
 31
0.0
  0
LWPOLYLINE
  5
1207
330
1201
100
AcDbEntity
  8
DIMENSION
  6
Continuous
 62
     2
100
AcDbPolyline
 90
        3
 70
     0
 43
0.0
 10
-90.67299938796525
 20
60.8938917297267
 10
-90.12612438796525
 20
61.0501417297267
 10
-90.67299938796525
 20
61.2063917297267
  0
LWPOLYLINE
  5
1208
330
1201
100
AcDbEntity
  8
DIMENSION
  6
Continuous
 62
     2
100
AcDbPolyline
 90
        3
 70
     0
 43
0.0
 10
-88.57851596480245
 20
61.2063917297267
 10
-89.12539096480245
 20
61.0501417297267
 10
-88.57851596480245
 20
60.8938917297267
  0
LINE
  5
1209
330
1201
100
AcDbEntity
  8
DIMENSION
  6
Continuous
 62
     2
100
AcDbLine
 10
-90.12612438796525
 20
61.0501417297267
 30
0.0
 11
-91.02456188796525
 21
61.0501417297267
 31
0.0
  0
LINE
  5
120A
330
1201
100
AcDbEntity
  8
DIMENSION
  6
Continuous
 62
     2
100
AcDbLine
 10
-89.12539096480245
 20
61.0501417297267
 30
0.0
 11
-87.74208675088404
 21
61.0501417297267
 31
0.0
  0
ENDBLK
  5
1662
330
1201
100
AcDbEntity
  8
0
100
AcDbBlockEnd
  0
BLOCK
  5
1663
330
120D
100
AcDbEntity
  8
0
100
AcDbBlockBegin
  2
*D47
 70
     1
 10
0.0
 20
0.0
 30
0.0
  3
*D47
  1

  0
LINE
  5
120E
330
120D
100
AcDbEntity
  8
DIMENSION
  6
Continuous
 62
     2
100
AcDbLine
 10
-90.87612438796525
 20
58.21408038182353
 30
0.0
 11
-90.87612438796525
 21
59.82119554616737
 31
0.0
  0
LINE
  5
120F
330
120D
100
AcDbEntity
  8
DIMENSION
  6
Continuous
 62
     2
100
AcDbLine
 10
-91.62612438796525
 20
56.02984898494008
 30
0.0
 11
-91.62612438796525
 21
59.82119554616737
 31
0.0
  0
MTEXT
  5
1210
330
120D
100
AcDbEntity
  8
DIMENSION
  6
Continuous
 62
     2
100
AcDbMText
 10
-93.72794945834183
 20
59.50869554616737
 30
0.0
 40
0.46875
 41
0.0
 71
     7
 72
     1
  1
\FCHAR_FAST_FONT.shx;\W0.5000000000;\T1.0000000000;\o\l3
  7
STEVE
 73
     1
 44
1.0
  0
MTEXT
  5
1211
330
120D
100
AcDbEntity
  8
DIMENSION
  6
Continuous
 62
     2
100
AcDbMText
 10
-93.41791008826308
 20
59.03994554616737
 30
0.0
 40
0.46875
 41
0.0
 71
     7
 72
     1
  1
\FCHAR_FAST_FONT.shx;\W0.5000000000;\T1.0000000000;\o\l4
  7
STEVE
 73
     1
 44
1.0
  0
LINE
  5
1212
330
120D
100
AcDbEntity
  8
DIMENSION
  6
Continuous
 62
     2
100
AcDbLine
 10
-93.53509758826308
 20
59.03994554616737
 30
0.0
 11
-93.30072258826308
 21
59.97744554616737
 31
0.0
  0
MTEXT
  5
1213
330
120D
100
AcDbEntity
  8
DIMENSION
  6
Continuous
 62
     2
100
AcDbMText
 10
-93.10787071818434
 20
59.27432054616737
 30
0.0
 40
0.625
 41
0.0
 71
     7
 72
     1
  1
\FCHAR_FAST_FONT.shx;\W0.5000000000;\T1.0000000000;\o\l"
  7
STEVE
 73
     1
 44
1.0
  0
LINE
  5
1214
330
120D
100
AcDbEntity
  8
DIMENSION
  6
Continuous
 62
     2
100
AcDbLine
 10
-90.87612438796525
 20
59.50869554616737
 30
0.0
 11
-89.97768688796525
 21
59.50869554616737
 31
0.0
  0
LINE
  5
1215
330
120D
100
AcDbEntity
  8
DIMENSION
  6
Continuous
 62
     2
100
AcDbLine
 10
-91.62612438796525
 20
59.50869554616737
 30
0.0
 11
-92.52456188796525
 21
59.50869554616737
 31
0.0
  0
LWPOLYLINE
  5
1216
330
120D
100
AcDbEntity
  8
DIMENSION
  6
Continuous
 62
     2
100
AcDbPolyline
 90
        3
 70
     0
 43
0.0
 10
-90.32924938796525
 20
59.66494554616737
 10
-90.87612438796525
 20
59.50869554616737
 10
-90.32924938796525
 20
59.35244554616737
  0
LWPOLYLINE
  5
1217
330
120D
100
AcDbEntity
  8
DIMENSION
  6
Continuous
 62
     2
100
AcDbPolyline
 90
        3
 70
     0
 43
0.0
 10
-92.17299938796525
 20
59.35244554616737
 10
-91.62612438796525
 20
59.50869554616737
 10
-92.17299938796525
 20
59.66494554616737
  0
LINE
  5
1218
330
120D
100
AcDbEntity
  8
DIMENSION
  6
Continuous
 62
     2
100
AcDbLine
 10
-90.87612438796525
 20
59.50869554616737
 30
0.0
 11
-89.97768688796525
 21
59.50869554616737
 31
0.0
  0
LINE
  5
1219
330
120D
100
AcDbEntity
  8
DIMENSION
  6
Continuous
 62
     2
100
AcDbLine
 10
-91.62612438796525
 20
59.50869554616737
 30
0.0
 11
-92.6415813481056
 21
59.50869554616737
 31
0.0
  0
ENDBLK
  5
1664
330
120D
100
AcDbEntity
  8
0
100
AcDbBlockEnd
  0
BLOCK
  5
1665
330
121D
100
AcDbEntity
  8
0
100
AcDbBlockBegin
  2
*D48
 70
     1
 10
0.0
 20
0.0
 30
0.0
  3
*D48
  1

  0
LINE
  5
121E
330
121D
100
AcDbEntity
  8
DIMENSION
  6
Continuous
 62
     2
100
AcDbLine
 10
-50.86231658169549
 20
38.90484898494008
 30
0.0
 11
-50.86231658169549
 21
31.46890574299304
 31
0.0
  0
LINE
  5
121F
330
121D
100
AcDbEntity
  8
DIMENSION
  6
Continuous
 62
     2
100
AcDbLine
 10
-51.11231658169549
 20
38.90484898494008
 30
0.0
 11
-51.11231658169549
 21
31.46890574299304
 31
0.0
  0
MTEXT
  5
1220
330
121D
100
AcDbEntity
  8
DIMENSION
  6
Continuous
 62
     2
100
AcDbMText
 10
-56.22477592604896
 20
31.78140574299304
 30
0.0
 40
0.46875
 41
0.0
 71
     7
 72
     1
  1
\FCHAR_FAST_FONT.shx;\W0.5000000000;\T1.0000000000;\o\l1
  7
STEVE
 73
     1
 44
1.0
  0
MTEXT
  5
1221
330
121D
100
AcDbEntity
  8
DIMENSION
  6
Continuous
 62
     2
100
AcDbMText
 10
-55.91473655597022
 20
31.31265574299304
 30
0.0
 40
0.46875
 41
0.0
 71
     7
 72
     1
  1
\FCHAR_FAST_FONT.shx;\W0.5000000000;\T1.0000000000;\o\l4
  7
STEVE
 73
     1
 44
1.0
  0
LINE
  5
1222
330
121D
100
AcDbEntity
  8
DIMENSION
  6
Continuous
 62
     2
100
AcDbLine
 10
-56.03192405597022
 20
31.31265574299304
 30
0.0
 11
-55.79754905597022
 21
32.25015574299304
 31
0.0
  0
MTEXT
  5
1223
330
121D
100
AcDbEntity
  8
DIMENSION
  6
Continuous
 62
     2
100
AcDbMText
 10
-55.60469718589147
 20
31.54703074299304
 30
0.0
 40
0.625
 41
0.0
 71
     7
 72
     1
  1
\FCHAR_FAST_FONT.shx;\W0.5000000000;\T1.0000000000;\o\l" LOCK IN
  7
STEVE
 73
     1
 44
1.0
  0
LINE
  5
1224
330
121D
100
AcDbEntity
  8
DIMENSION
  6
Continuous
 62
     2
100
AcDbLine
 10
-50.86231658169549
 20
31.78140574299304
 30
0.0
 11
-49.96387908169549
 21
31.78140574299304
 31
0.0
  0
LINE
  5
1225
330
121D
100
AcDbEntity
  8
DIMENSION
  6
Continuous
 62
     2
100
AcDbLine
 10
-51.11231658169549
 20
31.78140574299304
 30
0.0
 11
-52.01075408169549
 21
31.78140574299304
 31
0.0
  0
LWPOLYLINE
  5
1226
330
121D
100
AcDbEntity
  8
DIMENSION
  6
Continuous
 62
     2
100
AcDbPolyline
 90
        3
 70
     0
 43
0.0
 10
-50.31544158169549
 20
31.93765574299304
 10
-50.86231658169549
 20
31.78140574299304
 10
-50.31544158169549
 20
31.62515574299304
  0
LWPOLYLINE
  5
1227
330
121D
100
AcDbEntity
  8
DIMENSION
  6
Continuous
 62
     2
100
AcDbPolyline
 90
        3
 70
     0
 43
0.0
 10
-51.65919158169549
 20
31.62515574299304
 10
-51.11231658169549
 20
31.78140574299304
 10
-51.65919158169549
 20
31.93765574299304
  0
LINE
  5
1228
330
121D
100
AcDbEntity
  8
DIMENSION
  6
Continuous
 62
     2
100
AcDbLine
 10
-50.86231658169549
 20
31.78140574299304
 30
0.0
 11
-49.96387908169549
 21
31.78140574299304
 31
0.0
  0
LINE
  5
1229
330
121D
100
AcDbEntity
  8
DIMENSION
  6
Continuous
 62
     2
100
AcDbLine
 10
-51.11231658169549
 20
31.78140574299304
 30
0.0
 11
-52.65809285518282
 21
31.78140574299304
 31
0.0
  0
ENDBLK
  5
1666
330
121D
100
AcDbEntity
  8
0
100
AcDbBlockEnd
  0
BLOCK
  5
1667
330
122C
100
AcDbEntity
  8
0
100
AcDbBlockBegin
  2
*D49
 70
     1
 10
0.0
 20
0.0
 30
0.0
  3
*D49
  1

  0
LINE
  5
122D
330
122C
100
AcDbEntity
  8
DIMENSION
  6
Continuous
 62
     2
100
AcDbLine
 10
-50.23731658169551
 20
37.6548504054356
 30
0.0
 11
-50.23731658169551
 21
36.31351525329816
 31
0.0
  0
LINE
  5
122E
330
122C
100
AcDbEntity
  8
DIMENSION
  6
Continuous
 62
     2
100
AcDbLine
 10
-50.11231658169551
 20
38.65485040543559
 30
0.0
 11
-50.11231658169551
 21
36.31351525329816
 31
0.0
  0
MTEXT
  5
122F
330
122C
100
AcDbEntity
  8
DIMENSION
  6
Continuous
 62
     2
100
AcDbMText
 10
-48.71580231281341
 20
36.62601525329816
 30
0.0
 40
0.46875
 41
0.0
 71
     7
 72
     1
  1
\FCHAR_FAST_FONT.shx;\W0.5000000000;\T1.0000000000;\o\l1
  7
STEVE
 73
     1
 44
1.0
  0
MTEXT
  5
1230
330
122C
100
AcDbEntity
  8
DIMENSION
  6
Continuous
 62
     2
100
AcDbMText
 10
-48.40576294273467
 20
36.15726525329816
 30
0.0
 40
0.46875
 41
0.0
 71
     7
 72
     1
  1
\FCHAR_FAST_FONT.shx;\W0.5000000000;\T1.0000000000;\o\l8
  7
STEVE
 73
     1
 44
1.0
  0
LINE
  5
1231
330
122C
100
AcDbEntity
  8
DIMENSION
  6
Continuous
 62
     2
100
AcDbLine
 10
-48.52295044273467
 20
36.15726525329816
 30
0.0
 11
-48.28857544273467
 21
37.09476525329816
 31
0.0
  0
MTEXT
  5
1232
330
122C
100
AcDbEntity
  8
DIMENSION
  6
Continuous
 62
     2
100
AcDbMText
 10
-48.09572357265593
 20
36.39164025329816
 30
0.0
 40
0.625
 41
0.0
 71
     7
 72
     1
  1
\FCHAR_FAST_FONT.shx;\W0.5000000000;\T1.0000000000;\o\l" PERF. PL.
  7
STEVE
 73
     1
 44
1.0
  0
LINE
  5
1233
330
122C
100
AcDbEntity
  8
DIMENSION
  6
Continuous
 62
     2
100
AcDbLine
 10
-50.23731658169551
 20
36.62601525329816
 30
0.0
 11
-51.13575408169551
 21
36.62601525329816
 31
0.0
  0
LINE
  5
1234
330
122C
100
AcDbEntity
  8
DIMENSION
  6
Continuous
 62
     2
100
AcDbLine
 10
-50.11231658169551
 20
36.62601525329816
 30
0.0
 11
-49.21387908169551
 21
36.62601525329816
 31
0.0
  0
LWPOLYLINE
  5
1235
330
122C
100
AcDbEntity
  8
DIMENSION
  6
Continuous
 62
     2
100
AcDbPolyline
 90
        3
 70
     0
 43
0.0
 10
-50.78419158169551
 20
36.46976525329816
 10
-50.23731658169551
 20
36.62601525329816
 10
-50.78419158169551
 20
36.78226525329816
  0
LWPOLYLINE
  5
1236
330
122C
100
AcDbEntity
  8
DIMENSION
  6
Continuous
 62
     2
100
AcDbPolyline
 90
        3
 70
     0
 43
0.0
 10
-49.56544158169551
 20
36.78226525329816
 10
-50.11231658169551
 20
36.62601525329816
 10
-49.56544158169551
 20
36.46976525329816
  0
LINE
  5
1237
330
122C
100
AcDbEntity
  8
DIMENSION
  6
Continuous
 62
     2
100
AcDbLine
 10
-50.23731658169551
 20
36.62601525329816
 30
0.0
 11
-51.13575408169551
 21
36.62601525329816
 31
0.0
  0
LINE
  5
1238
330
122C
100
AcDbEntity
  8
DIMENSION
  6
Continuous
 62
     2
100
AcDbLine
 10
-50.11231658169551
 20
36.62601525329816
 30
0.0
 11
-48.87205231281341
 21
36.62601525329816
 31
0.0
  0
ENDBLK
  5
1668
330
122C
100
AcDbEntity
  8
0
100
AcDbBlockEnd
  0
BLOCK
  5
1669
330
123B
100
AcDbEntity
  8
0
100
AcDbBlockBegin
  2
*D50
 70
     1
 10
0.0
 20
0.0
 30
0.0
  3
*D50
  1

  0
LINE
  5
123C
330
123B
100
AcDbEntity
  8
DIMENSION
  6
Continuous
 62
     2
100
AcDbLine
 10
-51.11231658169548
 20
57.02984898494008
 30
0.0
 11
-51.11231658169548
 21
76.593861547181
 31
0.0
  0
LINE
  5
123D
330
123B
100
AcDbEntity
  8
DIMENSION
  6
Continuous
 62
     2
100
AcDbLine
 10
-50.11231658169551
 20
67.27985040543558
 30
0.0
 11
-50.11231658169551
 21
76.593861547181
 31
0.0
  0
MTEXT
  5
123E
330
123B
100
AcDbEntity
  8
DIMENSION
  6
Continuous
 62
     2
100
AcDbMText
 10
-48.2594903985368
 20
75.968861547181
 30
0.0
 40
0.625
 41
0.0
 71
     7
 72
     1
  1
\FCHAR_FAST_FONT.shx;\W0.5000000000;\T1.0000000000;\o\l1"
  7
STEVE
 73
     1
 44
1.0
  0
LINE
  5
123F
330
123B
100
AcDbEntity
  8
DIMENSION
  6
Continuous
 62
     2
100
AcDbLine
 10
-51.11231658169548
 20
76.281361547181
 30
0.0
 11
-52.01075408169548
 21
76.281361547181
 31
0.0
  0
LINE
  5
1240
330
123B
100
AcDbEntity
  8
DIMENSION
  6
Continuous
 62
     2
100
AcDbLine
 10
-50.11231658169551
 20
76.281361547181
 30
0.0
 11
-49.21387908169551
 21
76.281361547181
 31
0.0
  0
LWPOLYLINE
  5
1241
330
123B
100
AcDbEntity
  8
DIMENSION
  6
Continuous
 62
     2
100
AcDbPolyline
 90
        3
 70
     0
 43
0.0
 10
-51.65919158169548
 20
76.125111547181
 10
-51.11231658169548
 20
76.281361547181
 10
-51.65919158169548
 20
76.437611547181
  0
LWPOLYLINE
  5
1242
330
123B
100
AcDbEntity
  8
DIMENSION
  6
Continuous
 62
     2
100
AcDbPolyline
 90
        3
 70
     0
 43
0.0
 10
-49.56544158169551
 20
76.437611547181
 10
-50.11231658169551
 20
76.281361547181
 10
-49.56544158169551
 20
76.125111547181
  0
LINE
  5
1243
330
123B
100
AcDbEntity
  8
DIMENSION
  6
Continuous
 62
     2
100
AcDbLine
 10
-51.11231658169548
 20
76.281361547181
 30
0.0
 11
-52.01075408169548
 21
76.281361547181
 31
0.0
  0
LINE
  5
1244
330
123B
100
AcDbEntity
  8
DIMENSION
  6
Continuous
 62
     2
100
AcDbLine
 10
-50.11231658169551
 20
76.281361547181
 30
0.0
 11
-48.4157403985368
 21
76.281361547181
 31
0.0
  0
ENDBLK
  5
166A
330
123B
100
AcDbEntity
  8
0
100
AcDbBlockEnd
  0
BLOCK
  5
166B
330
1247
100
AcDbEntity
  8
0
100
AcDbBlockBegin
  2
*D51
 70
     1
 10
0.0
 20
0.0
 30
0.0
  3
*D51
  1

  0
LINE
  5
1248
330
1247
100
AcDbEntity
  8
DIMENSION
  6
Continuous
 62
     2
100
AcDbLine
 10
-51.11231658169548
 20
57.02984898494008
 30
0.0
 11
-51.11231658169548
 21
74.6713335682475
 31
0.0
  0
LINE
  5
1249
330
1247
100
AcDbEntity
  8
DIMENSION
  6
Continuous
 62
     2
100
AcDbLine
 10
-50.23731658169551
 20
68.27985040543561
 30
0.0
 11
-50.23731658169551
 21
74.6713335682475
 31
0.0
  0
MTEXT
  5
124A
330
1247
100
AcDbEntity
  8
DIMENSION
  6
Continuous
 62
     2
100
AcDbMText
 10
-55.2403519781389
 20
74.3588335682475
 30
0.0
 40
0.46875
 41
0.0
 71
     7
 72
     1
  1
\FCHAR_FAST_FONT.shx;\W0.5000000000;\T1.0000000000;\o\l7
  7
STEVE
 73
     1
 44
1.0
  0
MTEXT
  5
124B
330
1247
100
AcDbEntity
  8
DIMENSION
  6
Continuous
 62
     2
100
AcDbMText
 10
-54.93031260806016
 20
73.8900835682475
 30
0.0
 40
0.46875
 41
0.0
 71
     7
 72
     1
  1
\FCHAR_FAST_FONT.shx;\W0.5000000000;\T1.0000000000;\o\l8
  7
STEVE
 73
     1
 44
1.0
  0
LINE
  5
124C
330
1247
100
AcDbEntity
  8
DIMENSION
  6
Continuous
 62
     2
100
AcDbLine
 10
-55.04750010806016
 20
73.8900835682475
 30
0.0
 11
-54.81312510806016
 21
74.8275835682475
 31
0.0
  0
MTEXT
  5
124D
330
1247
100
AcDbEntity
  8
DIMENSION
  6
Continuous
 62
     2
100
AcDbMText
 10
-54.62027323798142
 20
74.1244585682475
 30
0.0
 40
0.625
 41
0.0
 71
     7
 72
     1
  1
\FCHAR_FAST_FONT.shx;\W0.5000000000;\T1.0000000000;\o\l" PROD.
  7
STEVE
 73
     1
 44
1.0
  0
LINE
  5
124E
330
1247
100
AcDbEntity
  8
DIMENSION
  6
Continuous
 62
     2
100
AcDbLine
 10
-51.11231658169548
 20
74.3588335682475
 30
0.0
 11
-52.01075408169548
 21
74.3588335682475
 31
0.0
  0
LINE
  5
124F
330
1247
100
AcDbEntity
  8
DIMENSION
  6
Continuous
 62
     2
100
AcDbLine
 10
-50.23731658169551
 20
74.3588335682475
 30
0.0
 11
-49.33887908169551
 21
74.3588335682475
 31
0.0
  0
LWPOLYLINE
  5
1250
330
1247
100
AcDbEntity
  8
DIMENSION
  6
Continuous
 62
     2
100
AcDbPolyline
 90
        3
 70
     0
 43
0.0
 10
-51.65919158169548
 20
74.2025835682475
 10
-51.11231658169548
 20
74.3588335682475
 10
-51.65919158169548
 20
74.5150835682475
  0
LWPOLYLINE
  5
1251
330
1247
100
AcDbEntity
  8
DIMENSION
  6
Continuous
 62
     2
100
AcDbPolyline
 90
        3
 70
     0
 43
0.0
 10
-49.69044158169551
 20
74.5150835682475
 10
-50.23731658169551
 20
74.3588335682475
 10
-49.69044158169551
 20
74.2025835682475
  0
LINE
  5
1252
330
1247
100
AcDbEntity
  8
DIMENSION
  6
Continuous
 62
     2
100
AcDbLine
 10
-51.11231658169548
 20
74.3588335682475
 30
0.0
 11
-52.29374764743024
 21
74.3588335682475
 31
0.0
  0
LINE
  5
1253
330
1247
100
AcDbEntity
  8
DIMENSION
  6
Continuous
 62
     2
100
AcDbLine
 10
-50.23731658169551
 20
74.3588335682475
 30
0.0
 11
-49.33887908169551
 21
74.3588335682475
 31
0.0
  0
ENDBLK
  5
166C
330
1247
100
AcDbEntity
  8
0
100
AcDbBlockEnd
  0
BLOCK
  5
166D
330
1295
100
AcDbEntity
  8
0
100
AcDbBlockBegin
  2
*D52
 70
     1
 10
0.0
 20
0.0
 30
0.0
  3
*D52
  1

  0
LINE
  5
1296
330
1295
100
AcDbEntity
  8
DIMENSION
  6
Continuous
 62
     2
100
AcDbLine
 10
-102.1268578111281
 20
56.02984898494008
 30
0.0
 11
-102.1268578111281
 21
65.17636325777804
 31
0.0
  0
LINE
  5
1297
330
1295
100
AcDbEntity
  8
DIMENSION
  6
Continuous
 62
     2
100
AcDbLine
 10
-98.62539096480242
 20
56.02984898494008
 30
0.0
 11
-98.62539096480242
 21
65.17636325777804
 31
0.0
  0
MTEXT
  5
1298
330
1295
100
AcDbEntity
  8
DIMENSION
  6
Continuous
 62
     2
100
AcDbMText
 10
-100.9962031281227
 20
64.55136325777804
 30
0.0
 40
0.625
 41
0.0
 71
     7
 72
     1
  1
\FCHAR_FAST_FONT.shx;\W0.5000000000;\T1.0000000000;\o\l3
  7
STEVE
 73
     1
 44
1.0
  0
MTEXT
  5
1299
330
1295
100
AcDbEntity
  8
DIMENSION
  6
Continuous
 62
     2
100
AcDbMText
 10
-100.686163758044
 20
64.86386325777804
 30
0.0
 40
0.46875
 41
0.0
 71
     7
 72
     1
  1
\FCHAR_FAST_FONT.shx;\W0.5000000000;\T1.0000000000;\o\l1
  7
STEVE
 73
     1
 44
1.0
  0
MTEXT
  5
129A
330
1295
100
AcDbEntity
  8
DIMENSION
  6
Continuous
 62
     2
100
AcDbMText
 10
-100.3761243879652
 20
64.39511325777804
 30
0.0
 40
0.46875
 41
0.0
 71
     7
 72
     1
  1
\FCHAR_FAST_FONT.shx;\W0.5000000000;\T1.0000000000;\o\l2
  7
STEVE
 73
     1
 44
1.0
  0
LINE
  5
129B
330
1295
100
AcDbEntity
  8
DIMENSION
  6
Continuous
 62
     2
100
AcDbLine
 10
-100.4933118879652
 20
64.39511325777804
 30
0.0
 11
-100.2589368879652
 21
65.33261325777804
 31
0.0
  0
MTEXT
  5
129C
330
1295
100
AcDbEntity
  8
DIMENSION
  6
Continuous
 62
     2
100
AcDbMText
 10
-100.0660850178865
 20
64.62948825777804
 30
0.0
 40
0.625
 41
0.0
 71
     7
 72
     1
  1
\FCHAR_FAST_FONT.shx;\W0.5000000000;\T1.0000000000;\o\l"
  7
STEVE
 73
     1
 44
1.0
  0
LINE
  5
129D
330
1295
100
AcDbEntity
  8
DIMENSION
  6
Continuous
 62
     2
100
AcDbLine
 10
-102.1268578111281
 20
64.86386325777804
 30
0.0
 11
-101.1524531281227
 21
64.86386325777804
 31
0.0
  0
LINE
  5
129E
330
1295
100
AcDbEntity
  8
DIMENSION
  6
Continuous
 62
     2
100
AcDbLine
 10
-98.62539096480242
 20
64.86386325777804
 30
0.0
 11
-99.59979564780775
 21
64.86386325777804
 31
0.0
  0
LWPOLYLINE
  5
129F
330
1295
100
AcDbEntity
  8
DIMENSION
  6
Continuous
 62
     2
100
AcDbPolyline
 90
        3
 70
     0
 43
0.0
 10
-101.5799828111281
 20
65.02011325777804
 10
-102.1268578111281
 20
64.86386325777804
 10
-101.5799828111281
 20
64.70761325777804
  0
LWPOLYLINE
  5
12A0
330
1295
100
AcDbEntity
  8
DIMENSION
  6
Continuous
 62
     2
100
AcDbPolyline
 90
        3
 70
     0
 43
0.0
 10
-99.17226596480242
 20
64.70761325777804
 10
-98.62539096480242
 20
64.86386325777804
 10
-99.17226596480242
 20
65.02011325777804
  0
ENDBLK
  5
166E
330
1295
100
AcDbEntity
  8
0
100
AcDbBlockEnd
  0
BLOCK
  5
166F
330
12A3
100
AcDbEntity
  8
0
100
AcDbBlockBegin
  2
*D53
 70
     1
 10
0.0
 20
0.0
 30
0.0
  3
*D53
  1

  0
LINE
  5
12A4
330
12A3
100
AcDbEntity
  8
DIMENSION
  6
Continuous
 62
     2
100
AcDbLine
 10
-97.37685781112806
 20
56.02984898494008
 30
0.0
 11
-97.37685781112806
 21
65.17636325777804
 31
0.0
  0
LINE
  5
12A5
330
12A3
100
AcDbEntity
  8
DIMENSION
  6
Continuous
 62
     2
100
AcDbLine
 10
-93.87539096480242
 20
56.02984898494008
 30
0.0
 11
-93.87539096480242
 21
65.17636325777804
 31
0.0
  0
MTEXT
  5
12A6
330
12A3
100
AcDbEntity
  8
DIMENSION
  6
Continuous
 62
     2
100
AcDbMText
 10
-96.24620312812272
 20
64.55136325777804
 30
0.0
 40
0.625
 41
0.0
 71
     7
 72
     1
  1
\FCHAR_FAST_FONT.shx;\W0.5000000000;\T1.0000000000;\o\l3
  7
STEVE
 73
     1
 44
1.0
  0
MTEXT
  5
12A7
330
12A3
100
AcDbEntity
  8
DIMENSION
  6
Continuous
 62
     2
100
AcDbMText
 10
-95.93616375804397
 20
64.86386325777804
 30
0.0
 40
0.46875
 41
0.0
 71
     7
 72
     1
  1
\FCHAR_FAST_FONT.shx;\W0.5000000000;\T1.0000000000;\o\l1
  7
STEVE
 73
     1
 44
1.0
  0
MTEXT
  5
12A8
330
12A3
100
AcDbEntity
  8
DIMENSION
  6
Continuous
 62
     2
100
AcDbMText
 10
-95.62612438796523
 20
64.39511325777804
 30
0.0
 40
0.46875
 41
0.0
 71
     7
 72
     1
  1
\FCHAR_FAST_FONT.shx;\W0.5000000000;\T1.0000000000;\o\l2
  7
STEVE
 73
     1
 44
1.0
  0
LINE
  5
12A9
330
12A3
100
AcDbEntity
  8
DIMENSION
  6
Continuous
 62
     2
100
AcDbLine
 10
-95.74331188796523
 20
64.39511325777804
 30
0.0
 11
-95.50893688796523
 21
65.33261325777804
 31
0.0
  0
MTEXT
  5
12AA
330
12A3
100
AcDbEntity
  8
DIMENSION
  6
Continuous
 62
     2
100
AcDbMText
 10
-95.3160850178865
 20
64.62948825777804
 30
0.0
 40
0.625
 41
0.0
 71
     7
 72
     1
  1
\FCHAR_FAST_FONT.shx;\W0.5000000000;\T1.0000000000;\o\l"
  7
STEVE
 73
     1
 44
1.0
  0
LINE
  5
12AB
330
12A3
100
AcDbEntity
  8
DIMENSION
  6
Continuous
 62
     2
100
AcDbLine
 10
-97.37685781112806
 20
64.86386325777804
 30
0.0
 11
-96.40245312812272
 21
64.86386325777804
 31
0.0
  0
LINE
  5
12AC
330
12A3
100
AcDbEntity
  8
DIMENSION
  6
Continuous
 62
     2
100
AcDbLine
 10
-93.87539096480242
 20
64.86386325777804
 30
0.0
 11
-94.84979564780775
 21
64.86386325777804
 31
0.0
  0
LWPOLYLINE
  5
12AD
330
12A3
100
AcDbEntity
  8
DIMENSION
  6
Continuous
 62
     2
100
AcDbPolyline
 90
        3
 70
     0
 43
0.0
 10
-96.82998281112806
 20
65.02011325777804
 10
-97.37685781112806
 20
64.86386325777804
 10
-96.82998281112806
 20
64.70761325777804
  0
LWPOLYLINE
  5
12AE
330
12A3
100
AcDbEntity
  8
DIMENSION
  6
Continuous
 62
     2
100
AcDbPolyline
 90
        3
 70
     0
 43
0.0
 10
-94.42226596480242
 20
64.70761325777804
 10
-93.87539096480242
 20
64.86386325777804
 10
-94.42226596480242
 20
65.02011325777804
  0
ENDBLK
  5
1670
330
12A3
100
AcDbEntity
  8
0
100
AcDbBlockEnd
  0
BLOCK
  5
1671
330
12B1
100
AcDbEntity
  8
0
100
AcDbBlockBegin
  2
*D54
 70
     1
 10
0.0
 20
0.0
 30
0.0
  3
*D54
  1

  0
LINE
  5
12B2
330
12B1
100
AcDbEntity
  8
DIMENSION
  6
Continuous
 62
     2
100
AcDbLine
 10
-92.62685781112808
 20
56.02984898494008
 30
0.0
 11
-92.62685781112808
 21
65.17636325777804
 31
0.0
  0
LINE
  5
12B3
330
12B1
100
AcDbEntity
  8
DIMENSION
  6
Continuous
 62
     2
100
AcDbLine
 10
-89.12539096480245
 20
56.02984898494008
 30
0.0
 11
-89.12539096480245
 21
65.17636325777804
 31
0.0
  0
MTEXT
  5
12B4
330
12B1
100
AcDbEntity
  8
DIMENSION
  6
Continuous
 62
     2
100
AcDbMText
 10
-91.49620312812274
 20
64.55136325777804
 30
0.0
 40
0.625
 41
0.0
 71
     7
 72
     1
  1
\FCHAR_FAST_FONT.shx;\W0.5000000000;\T1.0000000000;\o\l3
  7
STEVE
 73
     1
 44
1.0
  0
MTEXT
  5
12B5
330
12B1
100
AcDbEntity
  8
DIMENSION
  6
Continuous
 62
     2
100
AcDbMText
 10
-91.186163758044
 20
64.86386325777804
 30
0.0
 40
0.46875
 41
0.0
 71
     7
 72
     1
  1
\FCHAR_FAST_FONT.shx;\W0.5000000000;\T1.0000000000;\o\l1
  7
STEVE
 73
     1
 44
1.0
  0
MTEXT
  5
12B6
330
12B1
100
AcDbEntity
  8
DIMENSION
  6
Continuous
 62
     2
100
AcDbMText
 10
-90.87612438796526
 20
64.39511325777804
 30
0.0
 40
0.46875
 41
0.0
 71
     7
 72
     1
  1
\FCHAR_FAST_FONT.shx;\W0.5000000000;\T1.0000000000;\o\l2
  7
STEVE
 73
     1
 44
1.0
  0
LINE
  5
12B7
330
12B1
100
AcDbEntity
  8
DIMENSION
  6
Continuous
 62
     2
100
AcDbLine
 10
-90.99331188796526
 20
64.39511325777804
 30
0.0
 11
-90.75893688796526
 21
65.33261325777804
 31
0.0
  0
MTEXT
  5
12B8
330
12B1
100
AcDbEntity
  8
DIMENSION
  6
Continuous
 62
     2
100
AcDbMText
 10
-90.56608501788652
 20
64.62948825777804
 30
0.0
 40
0.625
 41
0.0
 71
     7
 72
     1
  1
\FCHAR_FAST_FONT.shx;\W0.5000000000;\T1.0000000000;\o\l"
  7
STEVE
 73
     1
 44
1.0
  0
LINE
  5
12B9
330
12B1
100
AcDbEntity
  8
DIMENSION
  6
Continuous
 62
     2
100
AcDbLine
 10
-92.62685781112808
 20
64.86386325777804
 30
0.0
 11
-91.65245312812274
 21
64.86386325777804
 31
0.0
  0
LINE
  5
12BA
330
12B1
100
AcDbEntity
  8
DIMENSION
  6
Continuous
 62
     2
100
AcDbLine
 10
-89.12539096480245
 20
64.86386325777804
 30
0.0
 11
-90.09979564780778
 21
64.86386325777804
 31
0.0
  0
LWPOLYLINE
  5
12BB
330
12B1
100
AcDbEntity
  8
DIMENSION
  6
Continuous
 62
     2
100
AcDbPolyline
 90
        3
 70
     0
 43
0.0
 10
-92.07998281112808
 20
65.02011325777804
 10
-92.62685781112808
 20
64.86386325777804
 10
-92.07998281112808
 20
64.70761325777804
  0
LWPOLYLINE
  5
12BC
330
12B1
100
AcDbEntity
  8
DIMENSION
  6
Continuous
 62
     2
100
AcDbPolyline
 90
        3
 70
     0
 43
0.0
 10
-89.67226596480245
 20
64.70761325777804
 10
-89.12539096480245
 20
64.86386325777804
 10
-89.67226596480245
 20
65.02011325777804
  0
ENDBLK
  5
1672
330
12B1
100
AcDbEntity
  8
0
100
AcDbBlockEnd
  0
BLOCK
  5
1673
330
12BF
100
AcDbEntity
  8
0
100
AcDbBlockBegin
  2
*D55
 70
     1
 10
0.0
 20
0.0
 30
0.0
  3
*D55
  1

  0
LINE
  5
12C0
330
12BF
100
AcDbEntity
  8
DIMENSION
  6
Continuous
 62
     2
100
AcDbLine
 10
-89.16369741641535
 20
57.02984898494008
 30
0.0
 11
-89.16369741641535
 21
73.26788211416851
 31
0.0
  0
LINE
  5
12C1
330
12BF
100
AcDbEntity
  8
DIMENSION
  6
Continuous
 62
     2
100
AcDbLine
 10
-102.0885513595152
 20
57.02984898494008
 30
0.0
 11
-102.0885513595152
 21
73.26788211416851
 31
0.0
  0
MTEXT
  5
12C2
330
12BF
100
AcDbEntity
  8
DIMENSION
  6
Continuous
 62
     2
100
AcDbMText
 10
-98.57149840371328
 20
72.64288211416851
 30
0.0
 40
0.625
 41
0.0
 71
     7
 72
     1
  1
\FCHAR_FAST_FONT.shx;\W0.5000000000;\T1.0000000000;\o\l12
  7
STEVE
 73
     1
 44
1.0
  0
MTEXT
  5
12C3
330
12BF
100
AcDbEntity
  8
DIMENSION
  6
Continuous
 62
     2
100
AcDbMText
 10
-97.9514196635558
 20
72.95538211416851
 30
0.0
 40
0.46875
 41
0.0
 71
     7
 72
     1
  1
\FCHAR_FAST_FONT.shx;\W0.5000000000;\T1.0000000000;\o\l15
  7
STEVE
 73
     1
 44
1.0
  0
MTEXT
  5
12C4
330
12BF
100
AcDbEntity
  8
DIMENSION
  6
Continuous
 62
     2
100
AcDbMText
 10
-97.33134092339832
 20
72.48663211416851
 30
0.0
 40
0.46875
 41
0.0
 71
     7
 72
     1
  1
\FCHAR_FAST_FONT.shx;\W0.5000000000;\T1.0000000000;\o\l16
  7
STEVE
 73
     1
 44
1.0
  0
LINE
  5
12C5
330
12BF
100
AcDbEntity
  8
DIMENSION
  6
Continuous
 62
     2
100
AcDbLine
 10
-97.44852842339832
 20
72.48663211416851
 30
0.0
 11
-97.21415342339832
 21
73.42413211416851
 31
0.0
  0
MTEXT
  5
12C6
330
12BF
100
AcDbEntity
  8
DIMENSION
  6
Continuous
 62
     2
100
AcDbMText
 10
-96.71126218324083
 20
72.72100711416851
 30
0.0
 40
0.625
 41
0.0
 71
     7
 72
     1
  1
\FCHAR_FAST_FONT.shx;\W0.5000000000;\T1.0000000000;\o\l" BACK OF BAR
  7
STEVE
 73
     1
 44
1.0
  0
LINE
  5
12C7
330
12BF
100
AcDbEntity
  8
DIMENSION
  6
Continuous
 62
     2
100
AcDbLine
 10
-89.16369741641535
 20
72.95538211416851
 30
0.0
 11
-92.52450037221722
 21
72.95538211416851
 31
0.0
  0
LINE
  5
12C8
330
12BF
100
AcDbEntity
  8
DIMENSION
  6
Continuous
 62
     2
100
AcDbLine
 10
-102.0885513595152
 20
72.95538211416851
 30
0.0
 11
-98.72774840371328
 21
72.95538211416851
 31
0.0
  0
LWPOLYLINE
  5
12C9
330
12BF
100
AcDbEntity
  8
DIMENSION
  6
Continuous
 62
     2
100
AcDbPolyline
 90
        3
 70
     0
 43
0.0
 10
-89.71057241641535
 20
72.79913211416851
 10
-89.16369741641535
 20
72.95538211416851
 10
-89.71057241641535
 20
73.11163211416851
  0
LWPOLYLINE
  5
12CA
330
12BF
100
AcDbEntity
  8
DIMENSION
  6
Continuous
 62
     2
100
AcDbPolyline
 90
        3
 70
     0
 43
0.0
 10
-101.5416763595152
 20
73.11163211416851
 10
-102.0885513595152
 20
72.95538211416851
 10
-101.5416763595152
 20
72.79913211416851
  0
ENDBLK
  5
1674
330
12BF
100
AcDbEntity
  8
0
100
AcDbBlockEnd
  0
BLOCK
  5
1675
330
12CD
100
AcDbEntity
  8
0
100
AcDbBlockBegin
  2
*D56
 70
     1
 10
0.0
 20
0.0
 30
0.0
  3
*D56
  1

  0
LINE
  5
12CE
330
12CD
100
AcDbEntity
  8
DIMENSION
  6
Continuous
 62
     2
100
AcDbLine
 10
-102.1603759562894
 20
55.15484898494008
 30
0.0
 11
-102.1603759562894
 21
74.93688992005582
 31
0.0
  0
LINE
  5
12CF
330
12CD
100
AcDbEntity
  8
DIMENSION
  6
Continuous
 62
     2
100
AcDbLine
 10
-89.09187281964114
 20
55.15484898494008
 30
0.0
 11
-89.09187281964114
 21
74.93688992005582
 31
0.0
  0
MTEXT
  5
12D0
330
12CD
100
AcDbEntity
  8
DIMENSION
  6
Continuous
 62
     2
100
AcDbMText
 10
-98.57149840371328
 20
74.31188992005582
 30
0.0
 40
0.625
 41
0.0
 71
     7
 72
     1
  1
\FCHAR_FAST_FONT.shx;\W0.5000000000;\T1.0000000000;\o\l13
  7
STEVE
 73
     1
 44
1.0
  0
MTEXT
  5
12D1
330
12CD
100
AcDbEntity
  8
DIMENSION
  6
Continuous
 62
     2
100
AcDbMText
 10
-97.9514196635558
 20
74.62438992005582
 30
0.0
 40
0.46875
 41
0.0
 71
     7
 72
     1
  1
\FCHAR_FAST_FONT.shx;\W0.5000000000;\T1.0000000000;\o\l1
  7
STEVE
 73
     1
 44
1.0
  0
MTEXT
  5
12D2
330
12CD
100
AcDbEntity
  8
DIMENSION
  6
Continuous
 62
     2
100
AcDbMText
 10
-97.64138029347706
 20
74.15563992005582
 30
0.0
 40
0.46875
 41
0.0
 71
     7
 72
     1
  1
\FCHAR_FAST_FONT.shx;\W0.5000000000;\T1.0000000000;\o\l16
  7
STEVE
 73
     1
 44
1.0
  0
LINE
  5
12D3
330
12CD
100
AcDbEntity
  8
DIMENSION
  6
Continuous
 62
     2
100
AcDbLine
 10
-97.75856779347706
 20
74.15563992005582
 30
0.0
 11
-97.52419279347706
 21
75.09313992005582
 31
0.0
  0
MTEXT
  5
12D4
330
12CD
100
AcDbEntity
  8
DIMENSION
  6
Continuous
 62
     2
100
AcDbMText
 10
-97.02130155331957
 20
74.39001492005582
 30
0.0
 40
0.625
 41
0.0
 71
     7
 72
     1
  1
\FCHAR_FAST_FONT.shx;\W0.5000000000;\T1.0000000000;\o\l" FRONT OF BAR
  7
STEVE
 73
     1
 44
1.0
  0
LINE
  5
12D5
330
12CD
100
AcDbEntity
  8
DIMENSION
  6
Continuous
 62
     2
100
AcDbLine
 10
-102.1603759562894
 20
74.62438992005582
 30
0.0
 11
-98.72774840371328
 21
74.62438992005582
 31
0.0
  0
LINE
  5
12D6
330
12CD
100
AcDbEntity
  8
DIMENSION
  6
Continuous
 62
     2
100
AcDbLine
 10
-89.09187281964114
 20
74.62438992005582
 30
0.0
 11
-92.52450037221722
 21
74.62438992005582
 31
0.0
  0
LWPOLYLINE
  5
12D7
330
12CD
100
AcDbEntity
  8
DIMENSION
  6
Continuous
 62
     2
100
AcDbPolyline
 90
        3
 70
     0
 43
0.0
 10
-101.6135009562894
 20
74.78063992005582
 10
-102.1603759562894
 20
74.62438992005582
 10
-101.6135009562894
 20
74.46813992005582
  0
LWPOLYLINE
  5
12D8
330
12CD
100
AcDbEntity
  8
DIMENSION
  6
Continuous
 62
     2
100
AcDbPolyline
 90
        3
 70
     0
 43
0.0
 10
-89.63874781964114
 20
74.46813992005582
 10
-89.09187281964114
 20
74.62438992005582
 10
-89.63874781964114
 20
74.78063992005582
  0
ENDBLK
  5
1676
330
12CD
100
AcDbEntity
  8
0
100
AcDbBlockEnd
  0
BLOCK
  5
1677
330
12DB
100
AcDbEntity
  8
0
100
AcDbBlockBegin
  2
*D57
 70
     1
 10
0.0
 20
0.0
 30
0.0
  3
*D57
  1

  0
LINE
  5
12DC
330
12DB
100
AcDbEntity
  8
DIMENSION
  6
Continuous
 62
     2
100
AcDbLine
 10
-99.03237438796523
 20
39.90484898494008
 30
0.0
 11
-99.03237438796523
 21
32.85440557932955
 31
0.0
  0
LINE
  5
12DD
330
12DB
100
AcDbEntity
  8
DIMENSION
  6
Continuous
 62
     2
100
AcDbLine
 10
-98.03164096480242
 20
39.90484898494008
 30
0.0
 11
-98.03164096480242
 21
32.85440557932955
 31
0.0
  0
MTEXT
  5
12DE
330
12DB
100
AcDbEntity
  8
DIMENSION
  6
Continuous
 62
     2
100
AcDbMText
 10
-98.87612438796523
 20
32.85440557932955
 30
0.0
 40
0.625
 41
0.0
 71
     7
 72
     1
  1
\FCHAR_FAST_FONT.shx;\W0.5000000000;\T1.0000000000;\o\l1"
  7
STEVE
 73
     1
 44
1.0
  0
LINE
  5
12DF
330
12DB
100
AcDbEntity
  8
DIMENSION
  6
Continuous
 62
     2
100
AcDbLine
 10
-99.03237438796523
 20
33.16690557932955
 30
0.0
 11
-99.93081188796523
 21
33.16690557932955
 31
0.0
  0
LINE
  5
12E0
330
12DB
100
AcDbEntity
  8
DIMENSION
  6
Continuous
 62
     2
100
AcDbLine
 10
-98.03164096480242
 20
33.16690557932955
 30
0.0
 11
-97.13320346480242
 21
33.16690557932955
 31
0.0
  0
LWPOLYLINE
  5
12E1
330
12DB
100
AcDbEntity
  8
DIMENSION
  6
Continuous
 62
     2
100
AcDbPolyline
 90
        3
 70
     0
 43
0.0
 10
-99.57924938796523
 20
33.01065557932955
 10
-99.03237438796523
 20
33.16690557932955
 10
-99.57924938796523
 20
33.32315557932955
  0
LWPOLYLINE
  5
12E2
330
12DB
100
AcDbEntity
  8
DIMENSION
  6
Continuous
 62
     2
100
AcDbPolyline
 90
        3
 70
     0
 43
0.0
 10
-97.48476596480242
 20
33.32315557932955
 10
-98.03164096480242
 20
33.16690557932955
 10
-97.48476596480242
 20
33.01065557932955
  0
ENDBLK
  5
1678
330
12DB
100
AcDbEntity
  8
0
100
AcDbBlockEnd
  0
BLOCK
  5
1679
330
12E5
100
AcDbEntity
  8
0
100
AcDbBlockBegin
  2
*D58
 70
     1
 10
0.0
 20
0.0
 30
0.0
  3
*D58
  1

  0
LINE
  5
12E6
330
12E5
100
AcDbEntity
  8
DIMENSION
  6
Continuous
 62
     2
100
AcDbLine
 10
-102.758914262741
 20
38.90484898494008
 30
0.0
 11
-102.758914262741
 21
27.76287929276349
 31
0.0
  0
LINE
  5
12E7
330
12E5
100
AcDbEntity
  8
DIMENSION
  6
Continuous
 62
     2
100
AcDbLine
 10
-88.49333451318955
 20
38.90484898494008
 30
0.0
 11
-88.49333451318955
 21
27.76287929276349
 31
0.0
  0
MTEXT
  5
12E8
330
12E5
100
AcDbEntity
  8
DIMENSION
  6
Continuous
 62
     2
100
AcDbMText
 10
-98.26145903363455
 20
27.76287929276349
 30
0.0
 40
0.625
 41
0.0
 71
     7
 72
     1
  1
\FCHAR_FAST_FONT.shx;\W0.5000000000;\T1.0000000000;\o\l14
  7
STEVE
 73
     1
 44
1.0
  0
MTEXT
  5
12E9
330
12E5
100
AcDbEntity
  8
DIMENSION
  6
Continuous
 62
     2
100
AcDbMText
 10
-97.64138029347707
 20
28.07537929276349
 30
0.0
 40
0.46875
 41
0.0
 71
     7
 72
     1
  1
\FCHAR_FAST_FONT.shx;\W0.5000000000;\T1.0000000000;\o\l1
  7
STEVE
 73
     1
 44
1.0
  0
MTEXT
  5
12EA
330
12E5
100
AcDbEntity
  8
DIMENSION
  6
Continuous
 62
     2
100
AcDbMText
 10
-97.33134092339833
 20
27.60662929276349
 30
0.0
 40
0.46875
 41
0.0
 71
     7
 72
     1
  1
\FCHAR_FAST_FONT.shx;\W0.5000000000;\T1.0000000000;\o\l4
  7
STEVE
 73
     1
 44
1.0
  0
LINE
  5
12EB
330
12E5
100
AcDbEntity
  8
DIMENSION
  6
Continuous
 62
     2
100
AcDbLine
 10
-97.44852842339833
 20
27.60662929276349
 30
0.0
 11
-97.21415342339833
 21
28.54412929276349
 31
0.0
  0
MTEXT
  5
12EC
330
12E5
100
AcDbEntity
  8
DIMENSION
  6
Continuous
 62
     2
100
AcDbMText
 10
-97.02130155331959
 20
27.84100429276349
 30
0.0
 40
0.625
 41
0.0
 71
     7
 72
     1
  1
\FCHAR_FAST_FONT.shx;\W0.5000000000;\T1.0000000000;\o\l" BACK OF BAR
  7
STEVE
 73
     1
 44
1.0
  0
LINE
  5
12ED
330
12E5
100
AcDbEntity
  8
DIMENSION
  6
Continuous
 62
     2
100
AcDbLine
 10
-102.758914262741
 20
28.07537929276349
 30
0.0
 11
-98.41770903363455
 21
28.07537929276349
 31
0.0
  0
LINE
  5
12EE
330
12E5
100
AcDbEntity
  8
DIMENSION
  6
Continuous
 62
     2
100
AcDbLine
 10
-88.49333451318955
 20
28.07537929276349
 30
0.0
 11
-92.83453974229597
 21
28.07537929276349
 31
0.0
  0
LWPOLYLINE
  5
12EF
330
12E5
100
AcDbEntity
  8
DIMENSION
  6
Continuous
 62
     2
100
AcDbPolyline
 90
        3
 70
     0
 43
0.0
 10
-102.212039262741
 20
28.23162929276349
 10
-102.758914262741
 20
28.07537929276349
 10
-102.212039262741
 20
27.91912929276349
  0
LWPOLYLINE
  5
12F0
330
12E5
100
AcDbEntity
  8
DIMENSION
  6
Continuous
 62
     2
100
AcDbPolyline
 90
        3
 70
     0
 43
0.0
 10
-89.04020951318955
 20
27.91912929276349
 10
-88.49333451318955
 20
28.07537929276349
 10
-89.04020951318955
 20
28.23162929276349
  0
ENDBLK
  5
167A
330
12E5
100
AcDbEntity
  8
0
100
AcDbBlockEnd
  0
BLOCK
  5
167B
330
12F3
100
AcDbEntity
  8
0
100
AcDbBlockBegin
  2
*D59
 70
     1
 10
0.0
 20
0.0
 30
0.0
  3
*D59
  1

  0
LINE
  5
12F4
330
12F3
100
AcDbEntity
  8
DIMENSION
  6
Continuous
 62
     2
100
AcDbLine
 10
-102.7206078111281
 20
39.90484898494008
 30
0.0
 11
-102.7206078111281
 21
29.05160683908156
 31
0.0
  0
LINE
  5
12F5
330
12F3
100
AcDbEntity
  8
DIMENSION
  6
Continuous
 62
     2
100
AcDbLine
 10
-88.53164096480243
 20
39.90484898494008
 30
0.0
 11
-88.53164096480243
 21
29.05160683908156
 31
0.0
  0
MTEXT
  5
12F6
330
12F3
100
AcDbEntity
  8
DIMENSION
  6
Continuous
 62
     2
100
AcDbMText
 10
-98.57149840371328
 20
29.05160683908156
 30
0.0
 40
0.625
 41
0.0
 71
     7
 72
     1
  1
\FCHAR_FAST_FONT.shx;\W0.5000000000;\T1.0000000000;\o\l14
  7
STEVE
 73
     1
 44
1.0
  0
MTEXT
  5
12F7
330
12F3
100
AcDbEntity
  8
DIMENSION
  6
Continuous
 62
     2
100
AcDbMText
 10
-97.9514196635558
 20
29.36410683908156
 30
0.0
 40
0.46875
 41
0.0
 71
     7
 72
     1
  1
\FCHAR_FAST_FONT.shx;\W0.5000000000;\T1.0000000000;\o\l3
  7
STEVE
 73
     1
 44
1.0
  0
MTEXT
  5
12F8
330
12F3
100
AcDbEntity
  8
DIMENSION
  6
Continuous
 62
     2
100
AcDbMText
 10
-97.64138029347706
 20
28.89535683908156
 30
0.0
 40
0.46875
 41
0.0
 71
     7
 72
     1
  1
\FCHAR_FAST_FONT.shx;\W0.5000000000;\T1.0000000000;\o\l16
  7
STEVE
 73
     1
 44
1.0
  0
LINE
  5
12F9
330
12F3
100
AcDbEntity
  8
DIMENSION
  6
Continuous
 62
     2
100
AcDbLine
 10
-97.75856779347706
 20
28.89535683908156
 30
0.0
 11
-97.52419279347706
 21
29.83285683908156
 31
0.0
  0
MTEXT
  5
12FA
330
12F3
100
AcDbEntity
  8
DIMENSION
  6
Continuous
 62
     2
100
AcDbMText
 10
-97.02130155331957
 20
29.12973183908156
 30
0.0
 40
0.625
 41
0.0
 71
     7
 72
     1
  1
\FCHAR_FAST_FONT.shx;\W0.5000000000;\T1.0000000000;\o\l" FRONT OF BAR
  7
STEVE
 73
     1
 44
1.0
  0
LINE
  5
12FB
330
12F3
100
AcDbEntity
  8
DIMENSION
  6
Continuous
 62
     2
100
AcDbLine
 10
-102.7206078111281
 20
29.36410683908156
 30
0.0
 11
-98.72774840371328
 21
29.36410683908156
 31
0.0
  0
LINE
  5
12FC
330
12F3
100
AcDbEntity
  8
DIMENSION
  6
Continuous
 62
     2
100
AcDbLine
 10
-88.53164096480243
 20
29.36410683908156
 30
0.0
 11
-92.52450037221722
 21
29.36410683908156
 31
0.0
  0
LWPOLYLINE
  5
12FD
330
12F3
100
AcDbEntity
  8
DIMENSION
  6
Continuous
 62
     2
100
AcDbPolyline
 90
        3
 70
     0
 43
0.0
 10
-102.1737328111281
 20
29.52035683908156
 10
-102.7206078111281
 20
29.36410683908156
 10
-102.1737328111281
 20
29.20785683908156
  0
LWPOLYLINE
  5
12FE
330
12F3
100
AcDbEntity
  8
DIMENSION
  6
Continuous
 62
     2
100
AcDbPolyline
 90
        3
 70
     0
 43
0.0
 10
-89.07851596480243
 20
29.20785683908156
 10
-88.53164096480243
 20
29.36410683908156
 10
-89.07851596480243
 20
29.52035683908156
  0
ENDBLK
  5
167C
330
12F3
100
AcDbEntity
  8
0
100
AcDbBlockEnd
  0
BLOCK
  5
167D
330
1301
100
AcDbEntity
  8
0
100
AcDbBlockBegin
  2
*D60
 70
     1
 10
0.0
 20
0.0
 30
0.0
  3
*D60
  1

  0
LINE
  5
1302
330
1301
100
AcDbEntity
  8
LEVEL_50
  6
Continuous
 62
     2
100
AcDbLine
 10
-88.18083451318955
 20
39.21734898494008
 30
0.0
 11
-59.49303014991571
 21
39.21734898494008
 31
0.0
  0
LINE
  5
1303
330
1301
100
AcDbEntity
  8
LEVEL_50
  6
Continuous
 62
     2
100
AcDbLine
 10
-88.21914096480243
 20
40.21734898494008
 30
0.0
 11
-59.49303014991571
 21
40.21734898494008
 31
0.0
  0
MTEXT
  5
1304
330
1301
100
AcDbEntity
  8
LEVEL_50
  6
Continuous
 62
     2
100
AcDbMText
 10
-59.49303014991571
 20
36.75624511144119
 30
0.0
 40
0.625
 41
0.0
 71
     7
 72
     1
  1
\FCHAR_FAST_FONT.shx;\W0.5000000000;\T1.0000000000;\o\l1"
  7
STEVE
 11
6.123233995736766E-17
 21
1.0
 31
0.0
 73
     1
 44
1.0
  0
LINE
  5
1305
330
1301
100
AcDbEntity
  8
LEVEL_50
  6
Continuous
 62
     2
100
AcDbLine
 10
-59.80553014991571
 20
39.21734898494008
 30
0.0
 11
-59.80553014991571
 21
38.27984898494008
 31
0.0
  0
LINE
  5
1306
330
1301
100
AcDbEntity
  8
LEVEL_50
  6
Continuous
 62
     2
100
AcDbLine
 10
-59.80553014991571
 20
40.21734898494008
 30
0.0
 11
-59.80553014991571
 21
41.15484898494008
 31
0.0
  0
LWPOLYLINE
  5
1307
330
1301
100
AcDbEntity
  8
LEVEL_50
  6
Continuous
 62
     2
100
AcDbPolyline
 90
        3
 70
     0
 43
0.0
 10
-59.64928014991571
 20
38.59234898494008
 10
-59.80553014991571
 20
39.21734898494008
 10
-59.96178014991571
 20
38.59234898494008
  0
LWPOLYLINE
  5
1308
330
1301
100
AcDbEntity
  8
LEVEL_50
  6
Continuous
 62
     2
100
AcDbPolyline
 90
        3
 70
     0
 43
0.0
 10
-59.96178014991571
 20
40.84234898494008
 10
-59.80553014991571
 20
40.21734898494008
 10
-59.64928014991571
 20
40.84234898494008
  0
LINE
  5
1309
330
1301
100
AcDbEntity
  8
LEVEL_50
  6
Continuous
 62
     2
100
AcDbLine
 10
-59.80553014991571
 20
39.21734898494008
 30
0.0
 11
-59.80553014991571
 21
37.3283415681341
 31
0.0
  0
LINE
  5
130A
330
1301
100
AcDbEntity
  8
LEVEL_50
  6
Continuous
 62
     2
100
AcDbLine
 10
-59.80553014991571
 20
40.21734898494008
 30
0.0
 11
-59.80553014991571
 21
41.15484898494008
 31
0.0
  0
ENDBLK
  5
167E
330
1301
100
AcDbEntity
  8
0
100
AcDbBlockEnd
  0
BLOCK
  5
167F
330
130D
100
AcDbEntity
  8
0
100
AcDbBlockBegin
  2
*D61
 70
     1
 10
0.0
 20
0.0
 30
0.0
  3
*D61
  1

  0
LINE
  5
130E
330
130D
100
AcDbEntity
  8
DIMENSION
  6
Continuous
 62
     2
100
AcDbLine
 10
-88.18083451318955
 20
39.21734898494008
 30
0.0
 11
-57.86846548917393
 21
39.21734898494008
 31
0.0
  0
LINE
  5
130F
330
130D
100
AcDbEntity
  8
DIMENSION
  6
Continuous
 62
     2
100
AcDbLine
 10
-66.18862277097986
 20
37.9673504054356
 30
0.0
 11
-57.86846548917393
 21
37.9673504054356
 31
0.0
  0
MTEXT
  5
1310
330
130D
100
AcDbEntity
  8
DIMENSION
  6
Continuous
 62
     2
100
AcDbMText
 10
-57.86846548917393
 20
35.72119131776217
 30
0.0
 40
0.625
 41
0.0
 71
     7
 72
     1
  1
\FCHAR_FAST_FONT.shx;\W0.5000000000;\T1.0000000000;\o\l1
  7
STEVE
 11
6.123233995736766E-17
 21
1.0
 31
0.0
 73
     1
 44
1.0
  0
MTEXT
  5
1311
330
130D
100
AcDbEntity
  8
DIMENSION
  6
Continuous
 62
     2
100
AcDbMText
 10
-58.18096548917393
 20
36.03123068784091
 30
0.0
 40
0.46875
 41
0.0
 71
     7
 72
     1
  1
\FCHAR_FAST_FONT.shx;\W0.5000000000;\T1.0000000000;\o\l1
  7
STEVE
 11
6.123233995736766E-17
 21
1.0
 31
0.0
 73
     1
 44
1.0
  0
MTEXT
  5
1312
330
130D
100
AcDbEntity
  8
DIMENSION
  6
Continuous
 62
     2
100
AcDbMText
 10
-57.71221548917393
 20
36.34127005791965
 30
0.0
 40
0.46875
 41
0.0
 71
     7
 72
     1
  1
\FCHAR_FAST_FONT.shx;\W0.5000000000;\T1.0000000000;\o\l4
  7
STEVE
 11
6.123233995736766E-17
 21
1.0
 31
0.0
 73
     1
 44
1.0
  0
LINE
  5
1313
330
130D
100
AcDbEntity
  8
DIMENSION
  6
Continuous
 62
     2
100
AcDbLine
 10
-57.71221548917393
 20
36.22408255791965
 30
0.0
 11
-58.64971548917393
 21
36.45845755791965
 31
0.0
  0
MTEXT
  5
1314
330
130D
100
AcDbEntity
  8
DIMENSION
  6
Continuous
 62
     2
100
AcDbMText
 10
-57.94659048917393
 20
36.65130942799839
 30
0.0
 40
0.625
 41
0.0
 71
     7
 72
     1
  1
\FCHAR_FAST_FONT.shx;\W0.5000000000;\T1.0000000000;\o\l"
  7
STEVE
 11
6.123233995736766E-17
 21
1.0
 31
0.0
 73
     1
 44
1.0
  0
LINE
  5
1315
330
130D
100
AcDbEntity
  8
DIMENSION
  6
Continuous
 62
     2
100
AcDbLine
 10
-58.18096548917393
 20
39.21734898494008
 30
0.0
 11
-58.18096548917393
 21
40.11578648494008
 31
0.0
  0
LINE
  5
1316
330
130D
100
AcDbEntity
  8
DIMENSION
  6
Continuous
 62
     2
100
AcDbLine
 10
-58.18096548917393
 20
37.9673504054356
 30
0.0
 11
-58.18096548917393
 21
37.0689129054356
 31
0.0
  0
LWPOLYLINE
  5
1317
330
130D
100
AcDbEntity
  8
DIMENSION
  6
Continuous
 62
     2
100
AcDbPolyline
 90
        3
 70
     0
 43
0.0
 10
-58.33721548917393
 20
39.76422398494008
 10
-58.18096548917393
 20
39.21734898494008
 10
-58.02471548917393
 20
39.76422398494008
  0
LWPOLYLINE
  5
1318
330
130D
100
AcDbEntity
  8
DIMENSION
  6
Continuous
 62
     2
100
AcDbPolyline
 90
        3
 70
     0
 43
0.0
 10
-58.02471548917393
 20
37.4204754054356
 10
-58.18096548917393
 20
37.9673504054356
 10
-58.33721548917393
 20
37.4204754054356
  0
LINE
  5
1319
330
130D
100
AcDbEntity
  8
DIMENSION
  6
Continuous
 62
     2
100
AcDbLine
 10
-58.18096548917393
 20
39.21734898494008
 30
0.0
 11
-58.18096548917393
 21
40.11578648494008
 31
0.0
  0
LINE
  5
131A
330
130D
100
AcDbEntity
  8
DIMENSION
  6
Continuous
 62
     2
100
AcDbLine
 10
-58.18096548917393
 20
37.9673504054356
 30
0.0
 11
-58.18096548917393
 21
37.11759879807713
 31
0.0
  0
ENDBLK
  5
1680
330
130D
100
AcDbEntity
  8
0
100
AcDbBlockEnd
  0
BLOCK
  5
1681
330
131D
100
AcDbEntity
  8
0
100
AcDbBlockBegin
  2
*D62
 70
     1
 10
0.0
 20
0.0
 30
0.0
  3
*D62
  1

  0
LINE
  5
131E
330
131D
100
AcDbEntity
  8
DIMENSION
  6
Continuous
 62
     2
100
AcDbLine
 10
-88.18083451318955
 20
39.21734898494008
 30
0.0
 11
-57.86846548917393
 21
39.21734898494008
 31
0.0
  0
LINE
  5
131F
330
131D
100
AcDbEntity
  8
DIMENSION
  6
Continuous
 62
     2
100
AcDbLine
 10
-88.85119741641535
 20
56.71734898494008
 30
0.0
 11
-57.86846548917393
 21
56.71734898494008
 31
0.0
  0
MTEXT
  5
1320
330
131D
100
AcDbEntity
  8
DIMENSION
  6
Continuous
 62
     2
100
AcDbMText
 10
-57.86846548917393
 20
47.19225055974323
 30
0.0
 40
0.625
 41
0.0
 71
     7
 72
     1
  1
\FCHAR_FAST_FONT.shx;\W0.5000000000;\T1.0000000000;\o\l17
  7
STEVE
 11
6.123233995736766E-17
 21
1.0
 31
0.0
 73
     1
 44
1.0
  0
MTEXT
  5
1321
330
131D
100
AcDbEntity
  8
DIMENSION
  6
Continuous
 62
     2
100
AcDbMText
 10
-58.18096548917393
 20
47.81232929990071
 30
0.0
 40
0.46875
 41
0.0
 71
     7
 72
     1
  1
\FCHAR_FAST_FONT.shx;\W0.5000000000;\T1.0000000000;\o\l1
  7
STEVE
 11
6.123233995736766E-17
 21
1.0
 31
0.0
 73
     1
 44
1.0
  0
MTEXT
  5
1322
330
131D
100
AcDbEntity
  8
DIMENSION
  6
Continuous
 62
     2
100
AcDbMText
 10
-57.71221548917393
 20
48.12236866997945
 30
0.0
 40
0.46875
 41
0.0
 71
     7
 72
     1
  1
\FCHAR_FAST_FONT.shx;\W0.5000000000;\T1.0000000000;\o\l2
  7
STEVE
 11
6.123233995736766E-17
 21
1.0
 31
0.0
 73
     1
 44
1.0
  0
LINE
  5
1323
330
131D
100
AcDbEntity
  8
DIMENSION
  6
Continuous
 62
     2
100
AcDbLine
 10
-57.71221548917393
 20
48.00518116997945
 30
0.0
 11
-58.64971548917393
 21
48.23955616997945
 31
0.0
  0
MTEXT
  5
1324
330
131D
100
AcDbEntity
  8
DIMENSION
  6
Continuous
 62
     2
100
AcDbMText
 10
-57.94659048917393
 20
48.43240804005819
 30
0.0
 40
0.625
 41
0.0
 71
     7
 72
     1
  1
\FCHAR_FAST_FONT.shx;\W0.5000000000;\T1.0000000000;\o\l"
  7
STEVE
 11
6.123233995736766E-17
 21
1.0
 31
0.0
 73
     1
 44
1.0
  0
LINE
  5
1325
330
131D
100
AcDbEntity
  8
DIMENSION
  6
Continuous
 62
     2
100
AcDbLine
 10
-58.18096548917393
 20
39.21734898494008
 30
0.0
 11
-58.18096548917393
 21
47.03600055974323
 31
0.0
  0
LINE
  5
1326
330
131D
100
AcDbEntity
  8
DIMENSION
  6
Continuous
 62
     2
100
AcDbLine
 10
-58.18096548917393
 20
56.71734898494008
 30
0.0
 11
-58.18096548917393
 21
48.89869741013693
 31
0.0
  0
LWPOLYLINE
  5
1327
330
131D
100
AcDbEntity
  8
DIMENSION
  6
Continuous
 62
     2
100
AcDbPolyline
 90
        3
 70
     0
 43
0.0
 10
-58.33721548917393
 20
39.76422398494008
 10
-58.18096548917393
 20
39.21734898494008
 10
-58.02471548917393
 20
39.76422398494008
  0
LWPOLYLINE
  5
1328
330
131D
100
AcDbEntity
  8
DIMENSION
  6
Continuous
 62
     2
100
AcDbPolyline
 90
        3
 70
     0
 43
0.0
 10
-58.02471548917393
 20
56.17047398494008
 10
-58.18096548917393
 20
56.71734898494008
 10
-58.33721548917393
 20
56.17047398494008
  0
ENDBLK
  5
1682
330
131D
100
AcDbEntity
  8
0
100
AcDbBlockEnd
  0
BLOCK
  5
1683
330
132B
100
AcDbEntity
  8
0
100
AcDbBlockBegin
  2
*D63
 70
     1
 10
0.0
 20
0.0
 30
0.0
  3
*D63
  1

  0
LINE
  5
132C
330
132B
100
AcDbEntity
  8
DIMENSION
  6
Continuous
 62
     2
100
AcDbLine
 10
-88.81289096480245
 20
55.71734898494008
 30
0.0
 11
-59.49303014991571
 21
55.71734898494008
 31
0.0
  0
LINE
  5
132D
330
132B
100
AcDbEntity
  8
DIMENSION
  6
Continuous
 62
     2
100
AcDbLine
 10
-88.21914096480245
 20
40.21734898494008
 30
0.0
 11
-59.49303014991571
 21
40.21734898494008
 31
0.0
  0
MTEXT
  5
132E
330
132B
100
AcDbEntity
  8
DIMENSION
  6
Continuous
 62
     2
100
AcDbMText
 10
-59.49303014991571
 20
45.95209307942827
 30
0.0
 40
0.625
 41
0.0
 71
     7
 72
     1
  1
\FCHAR_FAST_FONT.shx;\W0.5000000000;\T1.0000000000;\o\l15
  7
STEVE
 11
6.123233995736766E-17
 21
1.0
 31
0.0
 73
     1
 44
1.0
  0
MTEXT
  5
132F
330
132B
100
AcDbEntity
  8
DIMENSION
  6
Continuous
 62
     2
100
AcDbMText
 10
-59.80553014991571
 20
46.57217181958575
 30
0.0
 40
0.46875
 41
0.0
 71
     7
 72
     1
  1
\FCHAR_FAST_FONT.shx;\W0.5000000000;\T1.0000000000;\o\l1
  7
STEVE
 11
6.123233995736766E-17
 21
1.0
 31
0.0
 73
     1
 44
1.0
  0
MTEXT
  5
1330
330
132B
100
AcDbEntity
  8
DIMENSION
  6
Continuous
 62
     2
100
AcDbMText
 10
-59.33678014991571
 20
46.88221118966449
 30
0.0
 40
0.46875
 41
0.0
 71
     7
 72
     1
  1
\FCHAR_FAST_FONT.shx;\W0.5000000000;\T1.0000000000;\o\l2
  7
STEVE
 11
6.123233995736766E-17
 21
1.0
 31
0.0
 73
     1
 44
1.0
  0
LINE
  5
1331
330
132B
100
AcDbEntity
  8
DIMENSION
  6
Continuous
 62
     2
100
AcDbLine
 10
-59.33678014991571
 20
46.76502368966449
 30
0.0
 11
-60.27428014991571
 21
46.99939868966449
 31
0.0
  0
MTEXT
  5
1332
330
132B
100
AcDbEntity
  8
DIMENSION
  6
Continuous
 62
     2
100
AcDbMText
 10
-59.57115514991571
 20
47.19225055974323
 30
0.0
 40
0.625
 41
0.0
 71
     7
 72
     1
  1
\FCHAR_FAST_FONT.shx;\W0.5000000000;\T1.0000000000;\o\l" PRODUCT
  7
STEVE
 11
6.123233995736766E-17
 21
1.0
 31
0.0
 73
     1
 44
1.0
  0
LINE
  5
1333
330
132B
100
AcDbEntity
  8
DIMENSION
  6
Continuous
 62
     2
100
AcDbLine
 10
-59.80553014991571
 20
55.71734898494008
 30
0.0
 11
-59.80553014991571
 21
50.13885489045189
 31
0.0
  0
LINE
  5
1334
330
132B
100
AcDbEntity
  8
DIMENSION
  6
Continuous
 62
     2
100
AcDbLine
 10
-59.80553014991571
 20
40.21734898494008
 30
0.0
 11
-59.80553014991571
 21
45.79584307942827
 31
0.0
  0
LWPOLYLINE
  5
1335
330
132B
100
AcDbEntity
  8
DIMENSION
  6
Continuous
 62
     2
100
AcDbPolyline
 90
        3
 70
     0
 43
0.0
 10
-59.64928014991571
 20
55.17047398494008
 10
-59.80553014991571
 20
55.71734898494008
 10
-59.96178014991571
 20
55.17047398494008
  0
LWPOLYLINE
  5
1336
330
132B
100
AcDbEntity
  8
DIMENSION
  6
Continuous
 62
     2
100
AcDbPolyline
 90
        3
 70
     0
 43
0.0
 10
-59.96178014991571
 20
40.76422398494008
 10
-59.80553014991571
 20
40.21734898494008
 10
-59.64928014991571
 20
40.76422398494008
  0
ENDBLK
  5
1684
330
132B
100
AcDbEntity
  8
0
100
AcDbBlockEnd
  0
BLOCK
  5
1685
330
1339
100
AcDbEntity
  8
0
100
AcDbBlockBegin
  2
*D64
 70
     1
 10
0.0
 20
0.0
 30
0.0
  3
*D64
  1

  0
LINE
  5
133A
330
1339
100
AcDbEntity
  8
DIMENSION
  6
Continuous
 62
     2
100
AcDbLine
 10
-88.81289096480245
 20
55.71734898494008
 30
0.0
 11
-59.49303014991571
 21
55.71734898494008
 31
0.0
  0
LINE
  5
133B
330
1339
100
AcDbEntity
  8
DIMENSION
  6
Continuous
 62
     2
100
AcDbLine
 10
-88.85119741641535
 20
56.71734898494008
 30
0.0
 11
-59.49303014991571
 21
56.71734898494008
 31
0.0
  0
MTEXT
  5
133C
330
1339
100
AcDbEntity
  8
DIMENSION
  6
Continuous
 62
     2
100
AcDbMText
 10
-59.49303014991571
 20
57.89480995673414
 30
0.0
 40
0.625
 41
0.0
 71
     7
 72
     1
  1
\FCHAR_FAST_FONT.shx;\W0.5000000000;\T1.0000000000;\o\l1"
  7
STEVE
 11
6.123233995736766E-17
 21
1.0
 31
0.0
 73
     1
 44
1.0
  0
LINE
  5
133D
330
1339
100
AcDbEntity
  8
DIMENSION
  6
Continuous
 62
     2
100
AcDbLine
 10
-59.80553014991571
 20
55.71734898494008
 30
0.0
 11
-59.80553014991571
 21
54.81891148494008
 31
0.0
  0
LINE
  5
133E
330
1339
100
AcDbEntity
  8
DIMENSION
  6
Continuous
 62
     2
100
AcDbLine
 10
-59.80553014991571
 20
56.71734898494008
 30
0.0
 11
-59.80553014991571
 21
57.61578648494008
 31
0.0
  0
LWPOLYLINE
  5
133F
330
1339
100
AcDbEntity
  8
DIMENSION
  6
Continuous
 62
     2
100
AcDbPolyline
 90
        3
 70
     0
 43
0.0
 10
-59.64928014991571
 20
55.17047398494008
 10
-59.80553014991571
 20
55.71734898494008
 10
-59.96178014991571
 20
55.17047398494008
  0
LWPOLYLINE
  5
1340
330
1339
100
AcDbEntity
  8
DIMENSION
  6
Continuous
 62
     2
100
AcDbPolyline
 90
        3
 70
     0
 43
0.0
 10
-59.96178014991571
 20
57.26422398494008
 10
-59.80553014991571
 20
56.71734898494008
 10
-59.64928014991571
 20
57.26422398494008
  0
LINE
  5
1341
330
1339
100
AcDbEntity
  8
DIMENSION
  6
Continuous
 62
     2
100
AcDbLine
 10
-59.80553014991571
 20
55.71734898494008
 30
0.0
 11
-59.80553014991571
 21
54.81891148494008
 31
0.0
  0
LINE
  5
1342
330
1339
100
AcDbEntity
  8
DIMENSION
  6
Continuous
 62
     2
100
AcDbLine
 10
-59.80553014991571
 20
56.71734898494008
 30
0.0
 11
-59.80553014991571
 21
57.73855995673414
 31
0.0
  0
ENDBLK
  5
1686
330
1339
100
AcDbEntity
  8
0
100
AcDbBlockEnd
  0
BLOCK
  5
1689
330
134A
100
AcDbEntity
  8
0
100
AcDbBlockBegin
  2
AT
 70
     0
 10
0.0
 20
0.0
 30
0.0
  3
AT
  1

  0
LINE
  5
134C
330
134A
100
AcDbEntity
  8
LEVEL_1
  6
Continuous
 62
     2
100
AcDbLine
 10
-1.300047244094486
 20
1.0
 30
0.0
 11
0.0
 21
1.0
 31
0.0
  0
LINE
  5
134D
330
134A
100
AcDbEntity
  8
LEVEL_1
  6
Continuous
 62
     2
100
AcDbLine
 10
0.0
 20
0.0
 30
0.0
 11
0.0
 21
1.0
 31
0.0
  0
LINE
  5
134E
330
134A
100
AcDbEntity
  8
LEVEL_1
  6
Continuous
 62
     2
100
AcDbLine
 10
-0.9325472440944793
 20
0.8977440944881891
 30
0.0
 11
-1.300047244094486
 21
1.0
 31
0.0
  0
LINE
  5
134F
330
134A
100
AcDbEntity
  8
LEVEL_1
  6
Continuous
 62
     2
100
AcDbLine
 10
-0.9325472440944793
 20
1.102255905511811
 30
0.0
 11
-1.300047244094486
 21
1.0
 31
0.0
  0
TEXT
  5
1350
330
134A
100
AcDbEntity
  8
LEVEL_1
  6
Continuous
 62
     2
100
AcDbText
 10
-0.7833233592202788
 20
0.2090748031496016
 30
0.0
 40
0.6000964724409449
  1
A
  7
STYLE-CHAR_FAST_FONT
 72
     1
 11
-0.5825036735609075
 21
0.5091230393700741
 31
0.0
100
AcDbText
 73
     2
  0
ENDBLK
  5
168A
330
134A
100
AcDbEntity
  8
0
100
AcDbBlockEnd
  0
BLOCK
  5
168B
330
1352
100
AcDbEntity
  8
0
100
AcDbBlockBegin
  2
AB
 70
     0
 10
0.0
 20
0.0
 30
0.0
  3
AB
  1

  0
LINE
  5
1354
330
1352
100
AcDbEntity
  8
LEVEL_1
  6
Continuous
 62
     2
100
AcDbLine
 10
-1.300047244094486
 20
-1.0
 30
0.0
 11
0.0
 21
-1.0
 31
0.0
  0
LINE
  5
1355
330
1352
100
AcDbEntity
  8
LEVEL_1
  6
Continuous
 62
     2
100
AcDbLine
 10
0.0
 20
0.0
 30
0.0
 11
0.0
 21
-1.0
 31
0.0
  0
LINE
  5
1356
330
1352
100
AcDbEntity
  8
LEVEL_1
  6
Continuous
 62
     2
100
AcDbLine
 10
-0.9325472440944793
 20
-0.8977440944881891
 30
0.0
 11
-1.300047244094486
 21
-1.0
 31
0.0
  0
LINE
  5
1357
330
1352
100
AcDbEntity
  8
LEVEL_1
  6
Continuous
 62
     2
100
AcDbLine
 10
-0.9325472440944793
 20
-1.102255905511811
 30
0.0
 11
-1.300047244094486
 21
-1.0
 31
0.0
  0
TEXT
  5
1358
330
1352
100
AcDbEntity
  8
LEVEL_1
  6
Continuous
 62
     2
100
AcDbText
 10
-0.6513036741809117
 20
-0.7762834645669332
 30
0.0
 40
0.6000964724409449
  1
A
  7
STYLE-CHAR_FAST_FONT
 72
     1
 11
-0.4504839885215404
 21
-0.4762352283464608
 31
0.0
100
AcDbText
 73
     2
  0
ENDBLK
  5
168C
330
1352
100
AcDbEntity
  8
0
100
AcDbBlockEnd
  0
BLOCK
  5
168D
330
1359
100
AcDbEntity
  8
0
100
AcDbBlockBegin
  2
AR
 70
     0
 10
0.0
 20
0.0
 30
0.0
  3
AR
  1

  0
LINE
  5
135B
330
1359
100
AcDbEntity
  8
LEVEL_1
  6
Continuous
 62
     2
100
AcDbLine
 10
1.000094488188978
 20
1.300173228346459
 30
0.0
 11
1.000094488188978
 21
0.0
 31
0.0
  0
LINE
  5
135C
330
1359
100
AcDbEntity
  8
LEVEL_1
  6
Continuous
 62
     2
100
AcDbLine
 10
0.0
 20
0.0
 30
0.0
 11
1.000094488188978
 21
0.0
 31
0.0
  0
LINE
  5
135D
330
1359
100
AcDbEntity
  8
LEVEL_1
  6
Continuous
 62
     2
100
AcDbLine
 10
0.8978307086614166
 20
0.9326377952755891
 30
0.0
 11
1.000094488188978
 21
1.300173228346459
 31
0.0
  0
LINE
  5
135E
330
1359
100
AcDbEntity
  8
LEVEL_1
  6
Continuous
 62
     2
100
AcDbLine
 10
1.1023622047244
 20
0.9326377952755891
 30
0.0
 11
1.000094488188978
 21
1.300173228346459
 31
0.0
  0
TEXT
  5
135F
330
1359
100
AcDbEntity
  8
LEVEL_1
  6
Continuous
 62
     2
100
AcDbText
 10
0.2754442812578847
 20
0.1937755905511837
 30
0.0
 40
0.6001535433070867
  1
B
  7
STYLE-CHAR_FAST_FONT
 72
     1
 11
0.4762830654354531
 21
0.4938523622047271
 31
0.0
100
AcDbText
 73
     2
  0
ENDBLK
  5
168E
330
1359
100
AcDbEntity
  8
0
100
AcDbBlockEnd
  0
BLOCK
  5
168F
330
1360
100
AcDbEntity
  8
0
100
AcDbBlockBegin
  2
AL
 70
     0
 10
0.0
 20
0.0
 30
0.0
  3
AL
  1

  0
LINE
  5
1362
330
1360
100
AcDbEntity
  8
LEVEL_1
  6
Continuous
 62
     2
100
AcDbLine
 10
-1.000094488188978
 20
1.300173228346459
 30
0.0
 11
-1.000094488188978
 21
0.0
 31
0.0
  0
LINE
  5
1363
330
1360
100
AcDbEntity
  8
LEVEL_1
  6
Continuous
 62
     2
100
AcDbLine
 10
0.0
 20
0.0
 30
0.0
 11
-1.000094488188978
 21
0.0
 31
0.0
  0
LINE
  5
1364
330
1360
100
AcDbEntity
  8
LEVEL_1
  6
Continuous
 62
     2
100
AcDbLine
 10
-0.8978307086614166
 20
0.9326377952755891
 30
0.0
 11
-1.000094488188978
 21
1.300173228346459
 31
0.0
  0
LINE
  5
1365
330
1360
100
AcDbEntity
  8
LEVEL_1
  6
Continuous
 62
     2
100
AcDbLine
 10
-1.102362204724415
 20
0.9326377952755891
 30
0.0
 11
-1.000094488188978
 21
1.300173228346459
 31
0.0
  0
TEXT
  5
1366
330
1360
100
AcDbEntity
  8
LEVEL_1
  6
Continuous
 62
     2
100
AcDbText
 10
-0.677122647875967
 20
0.1937755905511837
 30
0.0
 40
0.6001535433070867
  1
B
  7
STYLE-CHAR_FAST_FONT
 72
     1
 11
-0.4762838636983986
 21
0.4938523622047271
 31
0.0
100
AcDbText
 73
     2
  0
ENDBLK
  5
1690
330
1360
100
AcDbEntity
  8
0
100
AcDbBlockEnd
  0
BLOCK
  5
1691
330
1372
100
AcDbEntity
  8
0
100
AcDbBlockBegin
  2
ATR
 70
     0
 10
0.0
 20
0.0
 30
0.0
  3
ATR
  1

  0
INSERT
  5
1375
330
1372
100
AcDbEntity
  8
0
  6
Continuous
 62
     7
100
AcDbBlockReference
  2
ANONYMUSCELL_8
 10
0.6500873103764633
 20
0.4892479892276214
 30
0.0
  0
ENDBLK
  5
1692
330
1372
100
AcDbEntity
  8
0
100
AcDbBlockEnd
  0
BLOCK
  5
1693
330
1374
100
AcDbEntity
  8
0
100
AcDbBlockBegin
  2
ANONYMUSCELL_8
 70
     0
 10
0.0
 20
0.0
 30
0.0
  3
ANONYMUSCELL_8
  1

  0
LINE
  5
1376
330
1374
100
AcDbEntity
  8
LEVEL_1
  6
Continuous
 62
     2
100
AcDbLine
 10
0.6500859179699887
 20
0.5108464989613566
 30
0.0
 11
-0.6500873103764633
 21
0.5108464989613566
 31
0.0
  0
LINE
  5
1377
330
1374
100
AcDbEntity
  8
LEVEL_1
  6
Continuous
 62
     2
100
AcDbLine
 10
-0.6500873103764633
 20
-0.4892479892276214
 30
0.0
 11
-0.6500873103764633
 21
0.5108464989613566
 31
0.0
  0
LINE
  5
1378
330
1374
100
AcDbEntity
  8
LEVEL_1
  6
Continuous
 62
     2
100
AcDbLine
 10
0.2825504848991329
 20
0.4085827194337952
 30
0.0
 11
0.6500859179699887
 21
0.5108464989613566
 31
0.0
  0
LINE
  5
1379
330
1374
100
AcDbEntity
  8
LEVEL_1
  6
Continuous
 62
     2
100
AcDbLine
 10
0.2825504848991329
 20
0.6131142154967861
 30
0.0
 11
0.6500859179699887
 21
0.5108464989613566
 31
0.0
  0
TEXT
  5
137A
330
1374
100
AcDbEntity
  8
LEVEL_1
  6
Continuous
 62
     2
100
AcDbText
 10
-0.3578429721203999
 20
-0.313040897182752
 30
0.0
 40
0.6001535433070867
  1
C
 50
0.000000000000014
  7
STYLE-CHAR_FAST_FONT
 72
     1
 11
-0.1570041879428317
 21
-0.0129641255292086
 31
0.0
100
AcDbText
 73
     2
  0
ENDBLK
  5
1694
330
1374
100
AcDbEntity
  8
0
100
AcDbBlockEnd
  0
BLOCK
  5
1695
330
137B
100
AcDbEntity
  8
0
100
AcDbBlockBegin
  2
ABR
 70
     0
 10
0.0
 20
0.0
 30
0.0
  3
ABR
  1

  0
INSERT
  5
137E
330
137B
100
AcDbEntity
  8
0
  6
Continuous
 62
     7
100
AcDbBlockReference
  2
ANONYMUSCELL_10
 10
0.6500873103764633
 20
-0.4892459336360915
 30
0.0
  0
ENDBLK
  5
1696
330
137B
100
AcDbEntity
  8
0
100
AcDbBlockEnd
  0
BLOCK
  5
1697
330
137D
100
AcDbEntity
  8
0
100
AcDbBlockBegin
  2
ANONYMUSCELL_10
 70
     0
 10
0.0
 20
0.0
 30
0.0
  3
ANONYMUSCELL_10
  1

  0
LINE
  5
137F
330
137D
100
AcDbEntity
  8
LEVEL_1
  6
Continuous
 62
     2
100
AcDbLine
 10
0.6500859179699887
 20
-0.5108485545528865
 30
0.0
 11
-0.6500873103764633
 21
-0.5108485545528865
 31
0.0
  0
LINE
  5
1380
330
137D
100
AcDbEntity
  8
LEVEL_1
  6
Continuous
 62
     2
100
AcDbLine
 10
-0.6500873103764633
 20
0.4892459336360915
 30
0.0
 11
-0.6500873103764633
 21
-0.5108485545528865
 31
0.0
  0
LINE
  5
1381
330
137D
100
AcDbEntity
  8
LEVEL_1
  6
Continuous
 62
     2
100
AcDbLine
 10
0.2825504848991329
 20
-0.4085847750253251
 30
0.0
 11
0.6500859179699887
 21
-0.5108485545528865
 31
0.0
  0
LINE
  5
1382
330
137D
100
AcDbEntity
  8
LEVEL_1
  6
Continuous
 62
     2
100
AcDbLine
 10
0.2825504848991329
 20
-0.613116271088316
 30
0.0
 11
0.6500859179699887
 21
-0.5108485545528865
 31
0.0
  0
TEXT
  5
1383
330
137D
100
AcDbEntity
  8
LEVEL_1
  6
Continuous
 62
     2
100
AcDbText
 10
-0.3578429721203999
 20
-0.2871139034528979
 30
0.0
 40
0.6001535433070867
  1
C
 50
0.000000000000014
  7
STYLE-CHAR_FAST_FONT
 72
     1
 11
-0.1570041879428317
 21
0.0129628682006455
 31
0.0
100
AcDbText
 73
     2
  0
ENDBLK
  5
1698
330
137D
100
AcDbEntity
  8
0
100
AcDbBlockEnd
  0
BLOCK
  5
1699
330
1386
100
AcDbEntity
  8
0
100
AcDbBlockBegin
  2
*D73
 70
     1
 10
0.0
 20
0.0
 30
0.0
  3
*D73
  1

  0
MTEXT
  5
1387
330
1386
100
AcDbEntity
  8
DIMENSION
  6
Continuous
 62
     2
100
AcDbMText
 10
-106.6654088344848
 20
36.0922349951685
 30
0.0
 40
0.625
 41
0.0
 71
     7
 72
     1
  1
\FCHAR_FAST_FONT.shx;\W0.5000000000;\T1.0000000000;\o\l1
  7
STEVE
 73
     1
 44
1.0
  0
MTEXT
  5
1388
330
1386
100
AcDbEntity
  8
DIMENSION
  6
Continuous
 62
     2
100
AcDbMText
 10
-106.3553694644061
 20
36.4047349951685
 30
0.0
 40
0.46875
 41
0.0
 71
     7
 72
     1
  1
\FCHAR_FAST_FONT.shx;\W0.5000000000;\T1.0000000000;\o\l1
  7
STEVE
 73
     1
 44
1.0
  0
MTEXT
  5
1389
330
1386
100
AcDbEntity
  8
DIMENSION
  6
Continuous
 62
     2
100
AcDbMText
 10
-106.0453300943273
 20
35.9359849951685
 30
0.0
 40
0.46875
 41
0.0
 71
     7
 72
     1
  1
\FCHAR_FAST_FONT.shx;\W0.5000000000;\T1.0000000000;\o\l2
  7
STEVE
 73
     1
 44
1.0
  0
LINE
  5
138A
330
1386
100
AcDbEntity
  8
DIMENSION
  6
Continuous
 62
     2
100
AcDbLine
 10
-106.1625175943273
 20
35.9359849951685
 30
0.0
 11
-105.9281425943273
 21
36.8734849951685
 31
0.0
  0
MTEXT
  5
138B
330
1386
100
AcDbEntity
  8
DIMENSION
  6
Continuous
 62
     2
100
AcDbMText
 10
-105.7352907242486
 20
36.1703599951685
 30
0.0
 40
0.625
 41
0.0
 71
     7
 72
     1
  1
\FCHAR_FAST_FONT.shx;\W0.5000000000;\T1.0000000000;\o\l"
  7
STEVE
 73
     1
 44
1.0
  0
CIRCLE
  5
138C
330
1386
100
AcDbEntity
  8
DIMENSION
  6
Continuous
 62
     2
100
AcDbCircle
 10
-105.1152119840911
 20
36.4828599951685
 30
0.0
 40
0.28125
  0
LINE
  5
138D
330
1386
100
AcDbEntity
  8
DIMENSION
  6
Continuous
 62
     2
100
AcDbLine
 10
-105.3964619840911
 20
36.2016099951685
 30
0.0
 11
-104.8339619840911
 21
36.7641099951685
 31
0.0
  0
LWPOLYLINE
  5
138E
330
1386
100
AcDbEntity
  8
DIMENSION
  6
Continuous
 62
     2
100
AcDbPolyline
 90
        3
 70
     0
 43
0.0
 10
-101.1078946723616
 20
39.88530874585491
 10
-100.8675755437523
 20
40.40080175700975
 10
-101.3439560173326
 20
40.0900800607662
  0
LWPOLYLINE
  5
138F
330
1386
100
AcDbEntity
  8
DIMENSION
  6
Continuous
 62
     2
100
AcDbPolyline
 90
        3
 70
     0
 43
0.0
 10
-100.8675755437523
 20
40.40080175700975
 10
-104.3339619840911
 20
36.4047349951685
 10
-104.9589619840911
 20
36.4047349951685
  0
ENDBLK
  5
169A
330
1386
100
AcDbEntity
  8
0
100
AcDbBlockEnd
  0
BLOCK
  5
169B
330
1392
100
AcDbEntity
  8
0
100
AcDbBlockBegin
  2
*D74
 70
     1
 10
0.0
 20
0.0
 30
0.0
  3
*D74
  1

  0
MTEXT
  5
1393
330
1392
100
AcDbEntity
  8
DIMENSION
  6
Continuous
 62
     2
100
AcDbMText
 10
-106.5545598796738
 20
42.82108292143578
 30
0.0
 40
0.625
 41
0.0
 71
     7
 72
     1
  1
\FCHAR_FAST_FONT.shx;\W0.5000000000;\T1.0000000000;\o\l1
  7
STEVE
 73
     1
 44
1.0
  0
MTEXT
  5
1394
330
1392
100
AcDbEntity
  8
DIMENSION
  6
Continuous
 62
     2
100
AcDbMText
 10
-106.244520509595
 20
43.13358292143578
 30
0.0
 40
0.46875
 41
0.0
 71
     7
 72
     1
  1
\FCHAR_FAST_FONT.shx;\W0.5000000000;\T1.0000000000;\o\l1
  7
STEVE
 73
     1
 44
1.0
  0
MTEXT
  5
1395
330
1392
100
AcDbEntity
  8
DIMENSION
  6
Continuous
 62
     2
100
AcDbMText
 10
-105.9344811395163
 20
42.66483292143578
 30
0.0
 40
0.46875
 41
0.0
 71
     7
 72
     1
  1
\FCHAR_FAST_FONT.shx;\W0.5000000000;\T1.0000000000;\o\l4
  7
STEVE
 73
     1
 44
1.0
  0
LINE
  5
1396
330
1392
100
AcDbEntity
  8
DIMENSION
  6
Continuous
 62
     2
100
AcDbLine
 10
-106.0516686395163
 20
42.66483292143578
 30
0.0
 11
-105.8172936395163
 21
43.60233292143578
 31
0.0
  0
MTEXT
  5
1397
330
1392
100
AcDbEntity
  8
DIMENSION
  6
Continuous
 62
     2
100
AcDbMText
 10
-105.6244417694376
 20
42.89920792143578
 30
0.0
 40
0.625
 41
0.0
 71
     7
 72
     1
  1
\FCHAR_FAST_FONT.shx;\W0.5000000000;\T1.0000000000;\o\l"
  7
STEVE
 73
     1
 44
1.0
  0
CIRCLE
  5
1398
330
1392
100
AcDbEntity
  8
DIMENSION
  6
Continuous
 62
     2
100
AcDbCircle
 10
-105.0043630292801
 20
43.21170792143578
 30
0.0
 40
0.28125
  0
LINE
  5
1399
330
1392
100
AcDbEntity
  8
DIMENSION
  6
Continuous
 62
     2
100
AcDbLine
 10
-105.2856130292801
 20
42.93045792143578
 30
0.0
 11
-104.7231130292801
 21
43.49295792143578
 31
0.0
  0
LWPOLYLINE
  5
139A
330
1392
100
AcDbEntity
  8
DIMENSION
  6
Continuous
 62
     2
100
AcDbPolyline
 90
        3
 70
     0
 43
0.0
 10
-101.4739059014037
 20
41.40618930541875
 10
-100.9207197437947
 20
41.27400986997264
 10
-101.3205754588874
 20
41.6784869833335
  0
LWPOLYLINE
  5
139B
330
1392
100
AcDbEntity
  8
DIMENSION
  6
Continuous
 62
     2
100
AcDbPolyline
 90
        3
 70
     0
 43
0.0
 10
-100.9207197437947
 20
41.27400986997264
 10
-104.2231130292801
 20
43.13358292143578
 10
-104.8481130292801
 20
43.13358292143578
  0
ENDBLK
  5
169C
330
1392
100
AcDbEntity
  8
0
100
AcDbBlockEnd
  0
BLOCK
  5
169D
330
139E
100
AcDbEntity
  8
0
100
AcDbBlockBegin
  2
*D75
 70
     1
 10
0.0
 20
0.0
 30
0.0
  3
*D75
  1

  0
LINE
  5
139F
330
139E
100
AcDbEntity
  8
DIMENSION
  6
Continuous
 62
     2
100
AcDbLine
 10
-88.53164096480245
 20
50.29932003811204
 30
0.0
 11
-88.53164096480245
 21
49.96939405865039
 31
0.0
  0
LINE
  5
13A0
330
139E
100
AcDbEntity
  8
DIMENSION
  6
Continuous
 62
     2
100
AcDbLine
 10
-89.151735423489
 20
56.40507801170493
 30
0.0
 11
-88.90493342620768
 21
49.96224692478202
 31
0.0
  0
ARC
  5
13A1
330
139E
100
AcDbEntity
  8
DIMENSION
  6
Continuous
 62
     2
100
AcDbCircle
 10
-88.53164096480245
 20
40.21734898494008
 30
0.0
 40
10.06454507371031
100
AcDbArc
 50
84.88534488848909
 51
90.0
  0
ARC
  5
13A2
330
139E
100
AcDbEntity
  8
DIMENSION
  6
Continuous
 62
     2
100
AcDbCircle
 10
-88.53164096480245
 20
40.21734898494008
 30
0.0
 40
10.06454507371031
100
AcDbArc
 50
92.19372541239603
 51
97.30838052390698
  0
LWPOLYLINE
  5
13A3
330
139E
100
AcDbEntity
  8
DIMENSION
  6
Continuous
 62
     2
100
AcDbPolyline
 90
        3
 70
     0
 43
0.0
 10
-87.98072277099655
 20
50.42322866820745
 10
-88.53164096480245
 20
50.28189405865039
 10
-87.98921289331446
 20
50.11084402098063
  0
LWPOLYLINE
  5
13A4
330
139E
100
AcDbEntity
  8
DIMENSION
  6
Continuous
 62
     2
100
AcDbPolyline
 90
        3
 70
     0
 43
0.0
 10
-89.4523784349835
 20
50.08282995405161
 10
-88.91689541913402
 20
50.27451789801717
 10
-89.47281991242198
 20
50.39466067094802
  0
MTEXT
  5
13A5
330
139E
100
AcDbEntity
  8
DIMENSION
  6
Continuous
 62
     2
100
AcDbMText
 10
-87.3226327364667
 20
49.91418301140847
 30
0.0
 40
0.625
 41
0.0
 71
     7
 72
     1
  1
\FCHAR_FAST_FONT.shx;\W0.5000000000;\T1.0000000000;\o\l2.2%%d
  7
STEVE
 73
     1
 44
1.0
  0
ENDBLK
  5
169E
330
139E
100
AcDbEntity
  8
0
100
AcDbBlockEnd
  0
BLOCK
  5
169F
330
13A8
100
AcDbEntity
  8
0
100
AcDbBlockBegin
  2
*D76
 70
     1
 10
0.0
 20
0.0
 30
0.0
  3
*D76
  1

  0
LINE
  5
13A9
330
13A8
100
AcDbEntity
  8
DIMENSION
  6
Continuous
 62
     2
100
AcDbLine
 10
-95.62612438796523
 20
84.30622674065918
 30
0.0
 11
-95.62612438796523
 21
83.09601579070859
 31
0.0
  0
LINE
  5
13AA
330
13A8
100
AcDbEntity
  8
DIMENSION
  6
Continuous
 62
     2
100
AcDbLine
 10
-102.0885513595152
 20
85.04567873710661
 30
0.0
 11
-102.0885513595152
 21
83.09601579070859
 31
0.0
  0
MTEXT
  5
13AB
330
13A8
100
AcDbEntity
  8
DIMENSION
  6
Continuous
 62
     2
100
AcDbMText
 10
-99.78745598397641
 20
83.09601579070859
 30
0.0
 40
0.625
 41
0.0
 71
     7
 72
     1
  1
\FCHAR_FAST_FONT.shx;\W0.5000000000;\T1.0000000000;\o\l6
  7
STEVE
 73
     1
 44
1.0
  0
MTEXT
  5
13AC
330
13A8
100
AcDbEntity
  8
DIMENSION
  6
Continuous
 62
     2
100
AcDbMText
 10
-99.47741661389767
 20
83.40851579070859
 30
0.0
 40
0.46875
 41
0.0
 71
     7
 72
     1
  1
\FCHAR_FAST_FONT.shx;\W0.5000000000;\T1.0000000000;\o\l15
  7
STEVE
 73
     1
 44
1.0
  0
MTEXT
  5
13AD
330
13A8
100
AcDbEntity
  8
DIMENSION
  6
Continuous
 62
     2
100
AcDbMText
 10
-98.85733787374019
 20
82.93976579070859
 30
0.0
 40
0.46875
 41
0.0
 71
     7
 72
     1
  1
\FCHAR_FAST_FONT.shx;\W0.5000000000;\T1.0000000000;\o\l32
  7
STEVE
 73
     1
 44
1.0
  0
LINE
  5
13AE
330
13A8
100
AcDbEntity
  8
DIMENSION
  6
Continuous
 62
     2
100
AcDbLine
 10
-98.97452537374019
 20
82.93976579070859
 30
0.0
 11
-98.74015037374019
 21
83.87726579070859
 31
0.0
  0
MTEXT
  5
13AF
330
13A8
100
AcDbEntity
  8
DIMENSION
  6
Continuous
 62
     2
100
AcDbMText
 10
-98.23725913358271
 20
83.17414079070859
 30
0.0
 40
0.625
 41
0.0
 71
     7
 72
     1
  1
\FCHAR_FAST_FONT.shx;\W0.5000000000;\T1.0000000000;\o\l"
  7
STEVE
 73
     1
 44
1.0
  0
LINE
  5
13B0
330
13A8
100
AcDbEntity
  8
DIMENSION
  6
Continuous
 62
     2
100
AcDbLine
 10
-95.62612438796523
 20
83.40851579070859
 30
0.0
 11
-97.77096976350397
 21
83.40851579070859
 31
0.0
  0
LINE
  5
13B1
330
13A8
100
AcDbEntity
  8
DIMENSION
  6
Continuous
 62
     2
100
AcDbLine
 10
-102.0885513595152
 20
83.40851579070859
 30
0.0
 11
-99.94370598397641
 21
83.40851579070859
 31
0.0
  0
LWPOLYLINE
  5
13B2
330
13A8
100
AcDbEntity
  8
DIMENSION
  6
Continuous
 62
     2
100
AcDbPolyline
 90
        3
 70
     0
 43
0.0
 10
-96.17299938796523
 20
83.25226579070859
 10
-95.62612438796523
 20
83.40851579070859
 10
-96.17299938796523
 20
83.56476579070859
  0
LWPOLYLINE
  5
13B3
330
13A8
100
AcDbEntity
  8
DIMENSION
  6
Continuous
 62
     2
100
AcDbPolyline
 90
        3
 70
     0
 43
0.0
 10
-101.5416763595152
 20
83.56476579070859
 10
-102.0885513595152
 20
83.40851579070859
 10
-101.5416763595152
 20
83.25226579070859
  0
ENDBLK
  5
16A0
330
13A8
100
AcDbEntity
  8
0
100
AcDbBlockEnd
  0
BLOCK
  5
16A1
330
13B6
100
AcDbEntity
  8
0
100
AcDbBlockBegin
  2
*D77
 70
     1
 10
0.0
 20
0.0
 30
0.0
  3
*D77
  1

  0
LINE
  5
13B7
330
13B6
100
AcDbEntity
  8
DIMENSION
  6
Continuous
 62
     2
100
AcDbLine
 10
-95.62612438796523
 20
84.30622674065918
 30
0.0
 11
-95.62612438796523
 21
83.09601579070859
 31
0.0
  0
LINE
  5
13B8
330
13B6
100
AcDbEntity
  8
DIMENSION
  6
Continuous
 62
     2
100
AcDbLine
 10
-89.09187281964113
 20
85.92067873710661
 30
0.0
 11
-89.09187281964113
 21
83.09601579070859
 31
0.0
  0
MTEXT
  5
13B9
330
13B6
100
AcDbEntity
  8
DIMENSION
  6
Continuous
 62
     2
100
AcDbMText
 10
-93.2891167140394
 20
83.09601579070859
 30
0.0
 40
0.625
 41
0.0
 71
     7
 72
     1
  1
\FCHAR_FAST_FONT.shx;\W0.5000000000;\T1.0000000000;\o\l6
  7
STEVE
 73
     1
 44
1.0
  0
MTEXT
  5
13BA
330
13B6
100
AcDbEntity
  8
DIMENSION
  6
Continuous
 62
     2
100
AcDbMText
 10
-92.97907734396065
 20
83.40851579070859
 30
0.0
 40
0.46875
 41
0.0
 71
     7
 72
     1
  1
\FCHAR_FAST_FONT.shx;\W0.5000000000;\T1.0000000000;\o\l17
  7
STEVE
 73
     1
 44
1.0
  0
MTEXT
  5
13BB
330
13B6
100
AcDbEntity
  8
DIMENSION
  6
Continuous
 62
     2
100
AcDbMText
 10
-92.35899860380317
 20
82.93976579070859
 30
0.0
 40
0.46875
 41
0.0
 71
     7
 72
     1
  1
\FCHAR_FAST_FONT.shx;\W0.5000000000;\T1.0000000000;\o\l32
  7
STEVE
 73
     1
 44
1.0
  0
LINE
  5
13BC
330
13B6
100
AcDbEntity
  8
DIMENSION
  6
Continuous
 62
     2
100
AcDbLine
 10
-92.47618610380317
 20
82.93976579070859
 30
0.0
 11
-92.24181110380317
 21
83.87726579070859
 31
0.0
  0
MTEXT
  5
13BD
330
13B6
100
AcDbEntity
  8
DIMENSION
  6
Continuous
 62
     2
100
AcDbMText
 10
-91.73891986364569
 20
83.17414079070859
 30
0.0
 40
0.625
 41
0.0
 71
     7
 72
     1
  1
\FCHAR_FAST_FONT.shx;\W0.5000000000;\T1.0000000000;\o\l"
  7
STEVE
 73
     1
 44
1.0
  0
LINE
  5
13BE
330
13B6
100
AcDbEntity
  8
DIMENSION
  6
Continuous
 62
     2
100
AcDbLine
 10
-95.62612438796523
 20
83.40851579070859
 30
0.0
 11
-93.4453667140394
 21
83.40851579070859
 31
0.0
  0
LINE
  5
13BF
330
13B6
100
AcDbEntity
  8
DIMENSION
  6
Continuous
 62
     2
100
AcDbLine
 10
-89.09187281964113
 20
83.40851579070859
 30
0.0
 11
-91.27263049356695
 21
83.40851579070859
 31
0.0
  0
LWPOLYLINE
  5
13C0
330
13B6
100
AcDbEntity
  8
DIMENSION
  6
Continuous
 62
     2
100
AcDbPolyline
 90
        3
 70
     0
 43
0.0
 10
-95.07924938796523
 20
83.56476579070859
 10
-95.62612438796523
 20
83.40851579070859
 10
-95.07924938796523
 20
83.25226579070859
  0
LWPOLYLINE
  5
13C1
330
13B6
100
AcDbEntity
  8
DIMENSION
  6
Continuous
 62
     2
100
AcDbPolyline
 90
        3
 70
     0
 43
0.0
 10
-89.63874781964113
 20
83.25226579070859
 10
-89.09187281964113
 20
83.40851579070859
 10
-89.63874781964113
 20
83.56476579070859
  0
ENDBLK
  5
16A2
330
13B6
100
AcDbEntity
  8
0
100
AcDbBlockEnd
  0
BLOCK
  5
16A3
330
13C4
100
AcDbEntity
  8
0
100
AcDbBlockBegin
  2
*D78
 70
     1
 10
0.0
 20
0.0
 30
0.0
  3
*D78
  1

  0
LINE
  5
13C5
330
13C4
100
AcDbEntity
  8
DIMENSION
  6
Continuous
 62
     2
100
AcDbLine
 10
-67.31362277097986
 20
86.35817873710661
 30
0.0
 11
-57.86846548917394
 21
86.35817873710661
 31
0.0
  0
LINE
  5
13C6
330
13C4
100
AcDbEntity
  8
DIMENSION
  6
Continuous
 62
     2
100
AcDbLine
 10
-88.81289096480243
 20
85.35817873710661
 30
0.0
 11
-57.86846548917394
 21
85.35817873710661
 31
0.0
  0
MTEXT
  5
13C7
330
13C4
100
AcDbEntity
  8
DIMENSION
  6
Continuous
 62
     2
100
AcDbMText
 10
-57.86846548917394
 20
87.80420748680147
 30
0.0
 40
0.625
 41
0.0
 71
     7
 72
     1
  1
\FCHAR_FAST_FONT.shx;\W0.5000000000;\T1.0000000000;\o\l1"
  7
STEVE
 11
6.123233995736766E-17
 21
1.0
 31
0.0
 73
     1
 44
1.0
  0
LINE
  5
13C8
330
13C4
100
AcDbEntity
  8
DIMENSION
  6
Continuous
 62
     2
100
AcDbLine
 10
-58.18096548917394
 20
86.35817873710661
 30
0.0
 11
-58.18096548917394
 21
87.25661623710661
 31
0.0
  0
LINE
  5
13C9
330
13C4
100
AcDbEntity
  8
DIMENSION
  6
Continuous
 62
     2
100
AcDbLine
 10
-58.18096548917394
 20
85.35817873710661
 30
0.0
 11
-58.18096548917394
 21
84.45974123710661
 31
0.0
  0
LWPOLYLINE
  5
13CA
330
13C4
100
AcDbEntity
  8
DIMENSION
  6
Continuous
 62
     2
100
AcDbPolyline
 90
        3
 70
     0
 43
0.0
 10
-58.33721548917394
 20
86.90505373710661
 10
-58.18096548917394
 20
86.35817873710661
 10
-58.02471548917394
 20
86.90505373710661
  0
LWPOLYLINE
  5
13CB
330
13C4
100
AcDbEntity
  8
DIMENSION
  6
Continuous
 62
     2
100
AcDbPolyline
 90
        3
 70
     0
 43
0.0
 10
-58.02471548917394
 20
84.81130373710661
 10
-58.18096548917394
 20
85.35817873710661
 10
-58.33721548917394
 20
84.81130373710661
  0
LINE
  5
13CC
330
13C4
100
AcDbEntity
  8
DIMENSION
  6
Continuous
 62
     2
100
AcDbLine
 10
-58.18096548917394
 20
86.35817873710661
 30
0.0
 11
-58.18096548917394
 21
87.64795748680147
 31
0.0
  0
LINE
  5
13CD
330
13C4
100
AcDbEntity
  8
DIMENSION
  6
Continuous
 62
     2
100
AcDbLine
 10
-58.18096548917394
 20
85.35817873710661
 30
0.0
 11
-58.18096548917394
 21
84.45974123710661
 31
0.0
  0
ENDBLK
  5
16A4
330
13C4
100
AcDbEntity
  8
0
100
AcDbBlockEnd
  0
BLOCK
  5
16A5
330
13D0
100
AcDbEntity
  8
0
100
AcDbBlockBegin
  2
*D79
 70
     1
 10
0.0
 20
0.0
 30
0.0
  3
*D79
  1

  0
LINE
  5
13D1
330
13D0
100
AcDbEntity
  8
DIMENSION
  6
Continuous
 62
     2
100
AcDbLine
 10
-66.18862277097986
 20
86.23317873710661
 30
0.0
 11
-60.57721184461548
 21
86.23317873710661
 31
0.0
  0
LINE
  5
13D2
330
13D0
100
AcDbEntity
  8
DIMENSION
  6
Continuous
 62
     2
100
AcDbLine
 10
-88.81289096480243
 20
85.35817873710661
 30
0.0
 11
-60.57721184461548
 21
85.35817873710661
 31
0.0
  0
MTEXT
  5
13D3
330
13D0
100
AcDbEntity
  8
DIMENSION
  6
Continuous
 62
     2
100
AcDbMText
 10
-60.88971184461548
 20
80.10577597881601
 30
0.0
 40
0.46875
 41
0.0
 71
     7
 72
     1
  1
\FCHAR_FAST_FONT.shx;\W0.5000000000;\T1.0000000000;\o\l7
  7
STEVE
 11
6.123233995736766E-17
 21
1.0
 31
0.0
 73
     1
 44
1.0
  0
MTEXT
  5
13D4
330
13D0
100
AcDbEntity
  8
DIMENSION
  6
Continuous
 62
     2
100
AcDbMText
 10
-60.42096184461548
 20
80.41581534889475
 30
0.0
 40
0.46875
 41
0.0
 71
     7
 72
     1
  1
\FCHAR_FAST_FONT.shx;\W0.5000000000;\T1.0000000000;\o\l8
  7
STEVE
 11
6.123233995736766E-17
 21
1.0
 31
0.0
 73
     1
 44
1.0
  0
LINE
  5
13D5
330
13D0
100
AcDbEntity
  8
DIMENSION
  6
Continuous
 62
     2
100
AcDbLine
 10
-60.42096184461548
 20
80.29862784889475
 30
0.0
 11
-61.35846184461548
 21
80.53300284889475
 31
0.0
  0
MTEXT
  5
13D6
330
13D0
100
AcDbEntity
  8
DIMENSION
  6
Continuous
 62
     2
100
AcDbMText
 10
-60.65533684461548
 20
80.7258547189735
 30
0.0
 40
0.625
 41
0.0
 71
     7
 72
     1
  1
\FCHAR_FAST_FONT.shx;\W0.5000000000;\T1.0000000000;\o\l" PROD.
  7
STEVE
 11
6.123233995736766E-17
 21
1.0
 31
0.0
 73
     1
 44
1.0
  0
LINE
  5
13D7
330
13D0
100
AcDbEntity
  8
DIMENSION
  6
Continuous
 62
     2
100
AcDbLine
 10
-60.88971184461548
 20
86.23317873710661
 30
0.0
 11
-60.88971184461548
 21
87.13161623710661
 31
0.0
  0
LINE
  5
13D8
330
13D0
100
AcDbEntity
  8
DIMENSION
  6
Continuous
 62
     2
100
AcDbLine
 10
-60.88971184461548
 20
85.35817873710661
 30
0.0
 11
-60.88971184461548
 21
84.45974123710661
 31
0.0
  0
LWPOLYLINE
  5
13D9
330
13D0
100
AcDbEntity
  8
DIMENSION
  6
Continuous
 62
     2
100
AcDbPolyline
 90
        3
 70
     0
 43
0.0
 10
-61.04596184461548
 20
86.78005373710661
 10
-60.88971184461548
 20
86.23317873710661
 10
-60.73346184461548
 20
86.78005373710661
  0
LWPOLYLINE
  5
13DA
330
13D0
100
AcDbEntity
  8
DIMENSION
  6
Continuous
 62
     2
100
AcDbPolyline
 90
        3
 70
     0
 43
0.0
 10
-60.73346184461548
 20
84.81130373710661
 10
-60.88971184461548
 20
85.35817873710661
 10
-61.04596184461548
 20
84.81130373710661
  0
LINE
  5
13DB
330
13D0
100
AcDbEntity
  8
DIMENSION
  6
Continuous
 62
     2
100
AcDbLine
 10
-60.88971184461548
 20
86.23317873710661
 30
0.0
 11
-60.88971184461548
 21
87.13161623710661
 31
0.0
  0
LINE
  5
13DC
330
13D0
100
AcDbEntity
  8
DIMENSION
  6
Continuous
 62
     2
100
AcDbLine
 10
-60.88971184461548
 20
85.35817873710661
 30
0.0
 11
-60.88971184461548
 21
83.05238030952468
 31
0.0
  0
ENDBLK
  5
16A6
330
13D0
100
AcDbEntity
  8
0
100
AcDbBlockEnd
  0
BLOCK
  5
16A7
330
13DF
100
AcDbEntity
  8
0
100
AcDbBlockBegin
  2
*D80
 70
     1
 10
0.0
 20
0.0
 30
0.0
  3
*D80
  1

  0
LINE
  5
13E0
330
13DF
100
AcDbEntity
  8
DIMENSION
  6
Continuous
 62
     2
100
AcDbLine
 10
-102.1603759562894
 20
85.92067873710661
 30
0.0
 11
-102.1603759562894
 21
80.50648830887981
 31
0.0
  0
LINE
  5
13E1
330
13DF
100
AcDbEntity
  8
DIMENSION
  6
Continuous
 62
     2
100
AcDbLine
 10
-89.09187281964113
 20
85.92067873710661
 30
0.0
 11
-89.09187281964113
 21
80.50648830887981
 31
0.0
  0
MTEXT
  5
13E2
330
13DF
100
AcDbEntity
  8
DIMENSION
  6
Continuous
 62
     2
100
AcDbMText
 10
-99.5016165139495
 20
80.50648830887981
 30
0.0
 40
0.625
 41
0.0
 71
     7
 72
     1
  1
\FCHAR_FAST_FONT.shx;\W0.5000000000;\T1.0000000000;\o\l13
  7
STEVE
 73
     1
 44
1.0
  0
MTEXT
  5
13E3
330
13DF
100
AcDbEntity
  8
DIMENSION
  6
Continuous
 62
     2
100
AcDbMText
 10
-98.88153777379202
 20
80.81898830887981
 30
0.0
 40
0.46875
 41
0.0
 71
     7
 72
     1
  1
\FCHAR_FAST_FONT.shx;\W0.5000000000;\T1.0000000000;\o\l1
  7
STEVE
 73
     1
 44
1.0
  0
MTEXT
  5
13E4
330
13DF
100
AcDbEntity
  8
DIMENSION
  6
Continuous
 62
     2
100
AcDbMText
 10
-98.57149840371328
 20
80.35023830887981
 30
0.0
 40
0.46875
 41
0.0
 71
     7
 72
     1
  1
\FCHAR_FAST_FONT.shx;\W0.5000000000;\T1.0000000000;\o\l16
  7
STEVE
 73
     1
 44
1.0
  0
LINE
  5
13E5
330
13DF
100
AcDbEntity
  8
DIMENSION
  6
Continuous
 62
     2
100
AcDbLine
 10
-98.68868590371328
 20
80.35023830887981
 30
0.0
 11
-98.45431090371328
 21
81.28773830887981
 31
0.0
  0
MTEXT
  5
13E6
330
13DF
100
AcDbEntity
  8
DIMENSION
  6
Continuous
 62
     2
100
AcDbMText
 10
-97.9514196635558
 20
80.58461330887981
 30
0.0
 40
0.625
 41
0.0
 71
     7
 72
     1
  1
\FCHAR_FAST_FONT.shx;\W0.5000000000;\T1.0000000000;\o\l" FRONT OF ALUM. BAR
  7
STEVE
 73
     1
 44
1.0
  0
LINE
  5
13E7
330
13DF
100
AcDbEntity
  8
DIMENSION
  6
Continuous
 62
     2
100
AcDbLine
 10
-102.1603759562894
 20
80.81898830887981
 30
0.0
 11
-99.6578665139495
 21
80.81898830887981
 31
0.0
  0
LINE
  5
13E8
330
13DF
100
AcDbEntity
  8
DIMENSION
  6
Continuous
 62
     2
100
AcDbLine
 10
-89.09187281964113
 20
80.81898830887981
 30
0.0
 11
-91.594382261981
 21
80.81898830887981
 31
0.0
  0
LWPOLYLINE
  5
13E9
330
13DF
100
AcDbEntity
  8
DIMENSION
  6
Continuous
 62
     2
100
AcDbPolyline
 90
        3
 70
     0
 43
0.0
 10
-101.6135009562894
 20
80.97523830887981
 10
-102.1603759562894
 20
80.81898830887981
 10
-101.6135009562894
 20
80.66273830887981
  0
LWPOLYLINE
  5
13EA
330
13DF
100
AcDbEntity
  8
DIMENSION
  6
Continuous
 62
     2
100
AcDbPolyline
 90
        3
 70
     0
 43
0.0
 10
-89.63874781964113
 20
80.66273830887981
 10
-89.09187281964113
 20
80.81898830887981
 10
-89.63874781964113
 20
80.97523830887981
  0
ENDBLK
  5
16A8
330
13DF
100
AcDbEntity
  8
0
100
AcDbBlockEnd
  0
BLOCK
  5
16A9
330
13ED
100
AcDbEntity
  8
0
100
AcDbBlockBegin
  2
*D81
 70
     1
 10
0.0
 20
0.0
 30
0.0
  3
*D81
  1

  0
LINE
  5
13EE
330
13ED
100
AcDbEntity
  8
DIMENSION
  6
Continuous
 62
     2
100
AcDbLine
 10
-102.0885513595152
 20
85.04567873710661
 30
0.0
 11
-102.0885513595152
 21
81.93103023361545
 31
0.0
  0
LINE
  5
13EF
330
13ED
100
AcDbEntity
  8
DIMENSION
  6
Continuous
 62
     2
100
AcDbLine
 10
-89.16369741641532
 20
85.04567873710661
 30
0.0
 11
-89.16369741641532
 21
81.93103023361545
 31
0.0
  0
MTEXT
  5
13F0
330
13ED
100
AcDbEntity
  8
DIMENSION
  6
Continuous
 62
     2
100
AcDbMText
 10
-99.50161651394949
 20
81.93103023361545
 30
0.0
 40
0.625
 41
0.0
 71
     7
 72
     1
  1
\FCHAR_FAST_FONT.shx;\W0.5000000000;\T1.0000000000;\o\l12
  7
STEVE
 73
     1
 44
1.0
  0
MTEXT
  5
13F1
330
13ED
100
AcDbEntity
  8
DIMENSION
  6
Continuous
 62
     2
100
AcDbMText
 10
-98.881537773792
 20
82.24353023361545
 30
0.0
 40
0.46875
 41
0.0
 71
     7
 72
     1
  1
\FCHAR_FAST_FONT.shx;\W0.5000000000;\T1.0000000000;\o\l15
  7
STEVE
 73
     1
 44
1.0
  0
MTEXT
  5
13F2
330
13ED
100
AcDbEntity
  8
DIMENSION
  6
Continuous
 62
     2
100
AcDbMText
 10
-98.26145903363452
 20
81.77478023361545
 30
0.0
 40
0.46875
 41
0.0
 71
     7
 72
     1
  1
\FCHAR_FAST_FONT.shx;\W0.5000000000;\T1.0000000000;\o\l16
  7
STEVE
 73
     1
 44
1.0
  0
LINE
  5
13F3
330
13ED
100
AcDbEntity
  8
DIMENSION
  6
Continuous
 62
     2
100
AcDbLine
 10
-98.37864653363452
 20
81.77478023361545
 30
0.0
 11
-98.14427153363452
 21
82.71228023361545
 31
0.0
  0
MTEXT
  5
13F4
330
13ED
100
AcDbEntity
  8
DIMENSION
  6
Continuous
 62
     2
100
AcDbMText
 10
-97.64138029347704
 20
82.00915523361545
 30
0.0
 40
0.625
 41
0.0
 71
     7
 72
     1
  1
\FCHAR_FAST_FONT.shx;\W0.5000000000;\T1.0000000000;\o\l" BACK OF ALUM. BAR
  7
STEVE
 73
     1
 44
1.0
  0
LINE
  5
13F5
330
13ED
100
AcDbEntity
  8
DIMENSION
  6
Continuous
 62
     2
100
AcDbLine
 10
-102.0885513595152
 20
82.24353023361545
 30
0.0
 11
-99.65786651394949
 21
82.24353023361545
 31
0.0
  0
LINE
  5
13F6
330
13ED
100
AcDbEntity
  8
DIMENSION
  6
Continuous
 62
     2
100
AcDbLine
 10
-89.16369741641532
 20
82.24353023361545
 30
0.0
 11
-91.59438226198098
 21
82.24353023361545
 31
0.0
  0
LWPOLYLINE
  5
13F7
330
13ED
100
AcDbEntity
  8
DIMENSION
  6
Continuous
 62
     2
100
AcDbPolyline
 90
        3
 70
     0
 43
0.0
 10
-101.5416763595152
 20
82.39978023361545
 10
-102.0885513595152
 20
82.24353023361545
 10
-101.5416763595152
 20
82.08728023361545
  0
LWPOLYLINE
  5
13F8
330
13ED
100
AcDbEntity
  8
DIMENSION
  6
Continuous
 62
     2
100
AcDbPolyline
 90
        3
 70
     0
 43
0.0
 10
-89.71057241641532
 20
82.08728023361545
 10
-89.16369741641532
 20
82.24353023361545
 10
-89.71057241641532
 20
82.39978023361545
  0
ENDBLK
  5
16AA
330
13ED
100
AcDbEntity
  8
0
100
AcDbBlockEnd
  0
BLOCK
  5
16AB
330
13FB
100
AcDbEntity
  8
0
100
AcDbBlockBegin
  2
*D82
 70
     1
 10
0.0
 20
0.0
 30
0.0
  3
*D82
  1

  0
LINE
  5
13FC
330
13FB
100
AcDbEntity
  8
DIMENSION
  6
Continuous
 62
     2
100
AcDbLine
 10
-50.23731658169551
 20
37.6548504054356
 30
0.0
 11
-50.23731658169551
 21
33.56704671196459
 31
0.0
  0
LINE
  5
13FD
330
13FB
100
AcDbEntity
  8
DIMENSION
  6
Continuous
 62
     2
100
AcDbLine
 10
-51.11231658169549
 20
38.90484898494008
 30
0.0
 11
-51.11231658169549
 21
33.56704671196459
 31
0.0
  0
MTEXT
  5
13FE
330
13FB
100
AcDbEntity
  8
DIMENSION
  6
Continuous
 62
     2
100
AcDbMText
 10
-55.39508096976397
 20
33.87954671196459
 30
0.0
 40
0.46875
 41
0.0
 71
     7
 72
     1
  1
\FCHAR_FAST_FONT.shx;\W0.5000000000;\T1.0000000000;\o\l7
  7
STEVE
 73
     1
 44
1.0
  0
MTEXT
  5
13FF
330
13FB
100
AcDbEntity
  8
DIMENSION
  6
Continuous
 62
     2
100
AcDbMText
 10
-55.08504159968523
 20
33.41079671196459
 30
0.0
 40
0.46875
 41
0.0
 71
     7
 72
     1
  1
\FCHAR_FAST_FONT.shx;\W0.5000000000;\T1.0000000000;\o\l8
  7
STEVE
 73
     1
 44
1.0
  0
LINE
  5
1400
330
13FB
100
AcDbEntity
  8
DIMENSION
  6
Continuous
 62
     2
100
AcDbLine
 10
-55.20222909968523
 20
33.41079671196459
 30
0.0
 11
-54.96785409968523
 21
34.34829671196459
 31
0.0
  0
MTEXT
  5
1401
330
13FB
100
AcDbEntity
  8
DIMENSION
  6
Continuous
 62
     2
100
AcDbMText
 10
-54.77500222960649
 20
33.64517171196459
 30
0.0
 40
0.625
 41
0.0
 71
     7
 72
     1
  1
\FCHAR_FAST_FONT.shx;\W0.5000000000;\T1.0000000000;\o\l" PROD.
  7
STEVE
 73
     1
 44
1.0
  0
LINE
  5
1402
330
13FB
100
AcDbEntity
  8
DIMENSION
  6
Continuous
 62
     2
100
AcDbLine
 10
-50.23731658169551
 20
33.87954671196459
 30
0.0
 11
-49.33887908169551
 21
33.87954671196459
 31
0.0
  0
LINE
  5
1403
330
13FB
100
AcDbEntity
  8
DIMENSION
  6
Continuous
 62
     2
100
AcDbLine
 10
-51.11231658169549
 20
33.87954671196459
 30
0.0
 11
-52.01075408169549
 21
33.87954671196459
 31
0.0
  0
LWPOLYLINE
  5
1404
330
13FB
100
AcDbEntity
  8
DIMENSION
  6
Continuous
 62
     2
100
AcDbPolyline
 90
        3
 70
     0
 43
0.0
 10
-49.69044158169551
 20
34.03579671196459
 10
-50.23731658169551
 20
33.87954671196459
 10
-49.69044158169551
 20
33.72329671196459
  0
LWPOLYLINE
  5
1405
330
13FB
100
AcDbEntity
  8
DIMENSION
  6
Continuous
 62
     2
100
AcDbPolyline
 90
        3
 70
     0
 43
0.0
 10
-51.65919158169549
 20
33.72329671196459
 10
-51.11231658169549
 20
33.87954671196459
 10
-51.65919158169549
 20
34.03579671196459
  0
LINE
  5
1406
330
13FB
100
AcDbEntity
  8
DIMENSION
  6
Continuous
 62
     2
100
AcDbLine
 10
-50.23731658169551
 20
33.87954671196459
 30
0.0
 11
-49.33887908169551
 21
33.87954671196459
 31
0.0
  0
LINE
  5
1407
330
13FB
100
AcDbEntity
  8
DIMENSION
  6
Continuous
 62
     2
100
AcDbLine
 10
-51.11231658169549
 20
33.87954671196459
 30
0.0
 11
-52.4484766390553
 21
33.87954671196459
 31
0.0
  0
ENDBLK
  5
16AC
330
13FB
100
AcDbEntity
  8
0
100
AcDbBlockEnd
  0
BLOCK
  5
16AD
330
140A
100
AcDbEntity
  8
0
100
AcDbBlockBegin
  2
*D83
 70
     1
 10
0.0
 20
0.0
 30
0.0
  3
*D83
  1

  0
LINE
  5
140B
330
140A
100
AcDbEntity
  8
DIMENSION
  6
Continuous
 62
     2
100
AcDbLine
 10
-51.11231658169549
 20
38.90484898494008
 30
0.0
 11
-51.11231658169549
 21
29.27626348525482
 31
0.0
  0
LINE
  5
140C
330
140A
100
AcDbEntity
  8
DIMENSION
  6
Continuous
 62
     2
100
AcDbLine
 10
-50.11231658169551
 20
38.65485040543559
 30
0.0
 11
-50.11231658169551
 21
29.27626348525482
 31
0.0
  0
MTEXT
  5
140D
330
140A
100
AcDbEntity
  8
DIMENSION
  6
Continuous
 62
     2
100
AcDbMText
 10
-48.6153239341801
 20
29.27626348525482
 30
0.0
 40
0.625
 41
0.0
 71
     7
 72
     1
  1
\FCHAR_FAST_FONT.shx;\W0.5000000000;\T1.0000000000;\o\l1"
  7
STEVE
 73
     1
 44
1.0
  0
LINE
  5
140E
330
140A
100
AcDbEntity
  8
DIMENSION
  6
Continuous
 62
     2
100
AcDbLine
 10
-51.11231658169549
 20
29.58876348525482
 30
0.0
 11
-52.01075408169549
 21
29.58876348525482
 31
0.0
  0
LINE
  5
140F
330
140A
100
AcDbEntity
  8
DIMENSION
  6
Continuous
 62
     2
100
AcDbLine
 10
-50.11231658169551
 20
29.58876348525482
 30
0.0
 11
-49.21387908169551
 21
29.58876348525482
 31
0.0
  0
LWPOLYLINE
  5
1410
330
140A
100
AcDbEntity
  8
DIMENSION
  6
Continuous
 62
     2
100
AcDbPolyline
 90
        3
 70
     0
 43
0.0
 10
-51.65919158169549
 20
29.43251348525482
 10
-51.11231658169549
 20
29.58876348525482
 10
-51.65919158169549
 20
29.74501348525482
  0
LWPOLYLINE
  5
1411
330
140A
100
AcDbEntity
  8
DIMENSION
  6
Continuous
 62
     2
100
AcDbPolyline
 90
        3
 70
     0
 43
0.0
 10
-49.56544158169551
 20
29.74501348525482
 10
-50.11231658169551
 20
29.58876348525482
 10
-49.56544158169551
 20
29.43251348525482
  0
LINE
  5
1412
330
140A
100
AcDbEntity
  8
DIMENSION
  6
Continuous
 62
     2
100
AcDbLine
 10
-51.11231658169549
 20
29.58876348525482
 30
0.0
 11
-52.01075408169549
 21
29.58876348525482
 31
0.0
  0
LINE
  5
1413
330
140A
100
AcDbEntity
  8
DIMENSION
  6
Continuous
 62
     2
100
AcDbLine
 10
-50.11231658169551
 20
29.58876348525482
 30
0.0
 11
-48.7715739341801
 21
29.58876348525482
 31
0.0
  0
ENDBLK
  5
16AE
330
140A
100
AcDbEntity
  8
0
100
AcDbBlockEnd
  0
BLOCK
  5
16AF
330
1416
100
AcDbEntity
  8
0
100
AcDbBlockBegin
  2
*D84
 70
     1
 10
0.0
 20
0.0
 30
0.0
  3
*D84
  1

  0
LINE
  5
1417
330
1416
100
AcDbEntity
  8
DIMENSION
  6
Continuous
 62
     2
100
AcDbLine
 10
-50.23731658169551
 20
37.6548504054356
 30
0.0
 11
-50.23731658169551
 21
34.81352089610829
 31
0.0
  0
LINE
  5
1418
330
1416
100
AcDbEntity
  8
DIMENSION
  6
Continuous
 62
     2
100
AcDbLine
 10
-50.48731658169551
 20
37.6548504054356
 30
0.0
 11
-50.48731658169551
 21
34.81352089610829
 31
0.0
  0
MTEXT
  5
1419
330
1416
100
AcDbEntity
  8
DIMENSION
  6
Continuous
 62
     2
100
AcDbMText
 10
-49.18319225118742
 20
35.12602089610829
 30
0.0
 40
0.46875
 41
0.0
 71
     7
 72
     1
  1
\FCHAR_FAST_FONT.shx;\W0.5000000000;\T1.0000000000;\o\l1
  7
STEVE
 73
     1
 44
1.0
  0
MTEXT
  5
141A
330
1416
100
AcDbEntity
  8
DIMENSION
  6
Continuous
 62
     2
100
AcDbMText
 10
-48.87315288110868
 20
34.65727089610829
 30
0.0
 40
0.46875
 41
0.0
 71
     7
 72
     1
  1
\FCHAR_FAST_FONT.shx;\W0.5000000000;\T1.0000000000;\o\l4
  7
STEVE
 73
     1
 44
1.0
  0
LINE
  5
141B
330
1416
100
AcDbEntity
  8
DIMENSION
  6
Continuous
 62
     2
100
AcDbLine
 10
-48.99034038110868
 20
34.65727089610829
 30
0.0
 11
-48.75596538110868
 21
35.59477089610829
 31
0.0
  0
MTEXT
  5
141C
330
1416
100
AcDbEntity
  8
DIMENSION
  6
Continuous
 62
     2
100
AcDbMText
 10
-48.56311351102994
 20
34.89164589610829
 30
0.0
 40
0.625
 41
0.0
 71
     7
 72
     1
  1
\FCHAR_FAST_FONT.shx;\W0.5000000000;\T1.0000000000;\o\l" ALUM. PLATE
  7
STEVE
 73
     1
 44
1.0
  0
LINE
  5
141D
330
1416
100
AcDbEntity
  8
DIMENSION
  6
Continuous
 62
     2
100
AcDbLine
 10
-50.23731658169551
 20
35.12602089610829
 30
0.0
 11
-49.33887908169551
 21
35.12602089610829
 31
0.0
  0
LINE
  5
141E
330
1416
100
AcDbEntity
  8
DIMENSION
  6
Continuous
 62
     2
100
AcDbLine
 10
-50.48731658169551
 20
35.12602089610829
 30
0.0
 11
-51.38575408169551
 21
35.12602089610829
 31
0.0
  0
LWPOLYLINE
  5
141F
330
1416
100
AcDbEntity
  8
DIMENSION
  6
Continuous
 62
     2
100
AcDbPolyline
 90
        3
 70
     0
 43
0.0
 10
-49.69044158169551
 20
35.28227089610829
 10
-50.23731658169551
 20
35.12602089610829
 10
-49.69044158169551
 20
34.96977089610829
  0
LWPOLYLINE
  5
1420
330
1416
100
AcDbEntity
  8
DIMENSION
  6
Continuous
 62
     2
100
AcDbPolyline
 90
        3
 70
     0
 43
0.0
 10
-51.03419158169551
 20
34.96977089610829
 10
-50.48731658169551
 20
35.12602089610829
 10
-51.03419158169551
 20
35.28227089610829
  0
LINE
  5
1421
330
1416
100
AcDbEntity
  8
DIMENSION
  6
Continuous
 62
     2
100
AcDbLine
 10
-50.23731658169551
 20
35.12602089610829
 30
0.0
 11
-49.33944225118742
 21
35.12602089610829
 31
0.0
  0
LINE
  5
1422
330
1416
100
AcDbEntity
  8
DIMENSION
  6
Continuous
 62
     2
100
AcDbLine
 10
-50.48731658169551
 20
35.12602089610829
 30
0.0
 11
-51.38575408169551
 21
35.12602089610829
 31
0.0
  0
ENDBLK
  5
16B0
330
1416
100
AcDbEntity
  8
0
100
AcDbBlockEnd
  0
BLOCK
  5
16B1
330
1425
100
AcDbEntity
  8
0
100
AcDbBlockBegin
  2
*D85
 70
     1
 10
0.0
 20
0.0
 30
0.0
  3
*D85
  1

  0
LINE
  5
1426
330
1425
100
AcDbEntity
  8
DIMENSION
  6
Continuous
 62
     2
100
AcDbLine
 10
-95.62612438796523
 20
13.17697637435946
 30
0.0
 11
-95.62612438796523
 21
14.41099948165539
 31
0.0
  0
LINE
  5
1427
330
1425
100
AcDbEntity
  8
DIMENSION
  6
Continuous
 62
     2
100
AcDbLine
 10
-102.758914262741
 20
12.43752437791202
 30
0.0
 11
-102.758914262741
 21
14.41099948165539
 31
0.0
  0
MTEXT
  5
1428
330
1425
100
AcDbEntity
  8
DIMENSION
  6
Continuous
 62
     2
100
AcDbMText
 10
-99.02189441279063
 20
13.78599948165539
 30
0.0
 40
0.625
 41
0.0
 71
     7
 72
     1
  1
\FCHAR_FAST_FONT.shx;\W0.5000000000;\T1.0000000000;\o\l7
  7
STEVE
 73
     1
 44
1.0
  0
MTEXT
  5
1429
330
1425
100
AcDbEntity
  8
DIMENSION
  6
Continuous
 62
     2
100
AcDbMText
 10
-98.71185504271189
 20
14.09849948165539
 30
0.0
 40
0.46875
 41
0.0
 71
     7
 72
     1
  1
\FCHAR_FAST_FONT.shx;\W0.5000000000;\T1.0000000000;\o\l1
  7
STEVE
 73
     1
 44
1.0
  0
MTEXT
  5
142A
330
1425
100
AcDbEntity
  8
DIMENSION
  6
Continuous
 62
     2
100
AcDbMText
 10
-98.40181567263315
 20
13.62974948165539
 30
0.0
 40
0.46875
 41
0.0
 71
     7
 72
     1
  1
\FCHAR_FAST_FONT.shx;\W0.5000000000;\T1.0000000000;\o\l8
  7
STEVE
 73
     1
 44
1.0
  0
LINE
  5
142B
330
1425
100
AcDbEntity
  8
DIMENSION
  6
Continuous
 62
     2
100
AcDbLine
 10
-98.51900317263315
 20
13.62974948165539
 30
0.0
 11
-98.28462817263315
 21
14.56724948165539
 31
0.0
  0
MTEXT
  5
142C
330
1425
100
AcDbEntity
  8
DIMENSION
  6
Continuous
 62
     2
100
AcDbMText
 10
-98.09177630255441
 20
13.86412448165539
 30
0.0
 40
0.625
 41
0.0
 71
     7
 72
     1
  1
\FCHAR_FAST_FONT.shx;\W0.5000000000;\T1.0000000000;\o\l"
  7
STEVE
 73
     1
 44
1.0
  0
LINE
  5
142D
330
1425
100
AcDbEntity
  8
DIMENSION
  6
Continuous
 62
     2
100
AcDbLine
 10
-95.62612438796523
 20
14.09849948165539
 30
0.0
 11
-97.62548693247567
 21
14.09849948165539
 31
0.0
  0
LINE
  5
142E
330
1425
100
AcDbEntity
  8
DIMENSION
  6
Continuous
 62
     2
100
AcDbLine
 10
-102.758914262741
 20
14.09849948165539
 30
0.0
 11
-99.17814441279063
 21
14.09849948165539
 31
0.0
  0
LWPOLYLINE
  5
142F
330
1425
100
AcDbEntity
  8
DIMENSION
  6
Continuous
 62
     2
100
AcDbPolyline
 90
        3
 70
     0
 43
0.0
 10
-96.17299938796523
 20
13.94224948165539
 10
-95.62612438796523
 20
14.09849948165539
 10
-96.17299938796523
 20
14.25474948165539
  0
LWPOLYLINE
  5
1430
330
1425
100
AcDbEntity
  8
DIMENSION
  6
Continuous
 62
     2
100
AcDbPolyline
 90
        3
 70
     0
 43
0.0
 10
-102.212039262741
 20
14.25474948165539
 10
-102.758914262741
 20
14.09849948165539
 10
-102.212039262741
 20
13.94224948165539
  0
ENDBLK
  5
16B2
330
1425
100
AcDbEntity
  8
0
100
AcDbBlockEnd
  0
BLOCK
  5
16B3
330
1433
100
AcDbEntity
  8
0
100
AcDbBlockBegin
  2
*D86
 70
     1
 10
0.0
 20
0.0
 30
0.0
  3
*D86
  1

  0
LINE
  5
1434
330
1433
100
AcDbEntity
  8
DIMENSION
  6
Continuous
 62
     2
100
AcDbLine
 10
-95.62612438796523
 20
13.17697637435946
 30
0.0
 11
-95.62612438796523
 21
14.41099948165539
 31
0.0
  0
LINE
  5
1435
330
1433
100
AcDbEntity
  8
DIMENSION
  6
Continuous
 62
     2
100
AcDbLine
 10
-90.87612438796525
 20
13.17697637435946
 30
0.0
 11
-90.87612438796525
 21
14.41099948165539
 31
0.0
  0
MTEXT
  5
1436
330
1433
100
AcDbEntity
  8
DIMENSION
  6
Continuous
 62
     2
100
AcDbMText
 10
-93.87120312812272
 20
13.78599948165539
 30
0.0
 40
0.625
 41
0.0
 71
     7
 72
     1
  1
\FCHAR_FAST_FONT.shx;\W0.5000000000;\T1.0000000000;\o\l4
  7
STEVE
 73
     1
 44
1.0
  0
MTEXT
  5
1437
330
1433
100
AcDbEntity
  8
DIMENSION
  6
Continuous
 62
     2
100
AcDbMText
 10
-93.56116375804397
 20
14.09849948165539
 30
0.0
 40
0.46875
 41
0.0
 71
     7
 72
     1
  1
\FCHAR_FAST_FONT.shx;\W0.5000000000;\T1.0000000000;\o\l3
  7
STEVE
 73
     1
 44
1.0
  0
MTEXT
  5
1438
330
1433
100
AcDbEntity
  8
DIMENSION
  6
Continuous
 62
     2
100
AcDbMText
 10
-93.25112438796523
 20
13.62974948165539
 30
0.0
 40
0.46875
 41
0.0
 71
     7
 72
     1
  1
\FCHAR_FAST_FONT.shx;\W0.5000000000;\T1.0000000000;\o\l4
  7
STEVE
 73
     1
 44
1.0
  0
LINE
  5
1439
330
1433
100
AcDbEntity
  8
DIMENSION
  6
Continuous
 62
     2
100
AcDbLine
 10
-93.36831188796523
 20
13.62974948165539
 30
0.0
 11
-93.13393688796523
 21
14.56724948165539
 31
0.0
  0
MTEXT
  5
143A
330
1433
100
AcDbEntity
  8
DIMENSION
  6
Continuous
 62
     2
100
AcDbMText
 10
-92.9410850178865
 20
13.86412448165539
 30
0.0
 40
0.625
 41
0.0
 71
     7
 72
     1
  1
\FCHAR_FAST_FONT.shx;\W0.5000000000;\T1.0000000000;\o\l"
  7
STEVE
 73
     1
 44
1.0
  0
LINE
  5
143B
330
1433
100
AcDbEntity
  8
DIMENSION
  6
Continuous
 62
     2
100
AcDbLine
 10
-95.62612438796523
 20
14.09849948165539
 30
0.0
 11
-94.02745312812272
 21
14.09849948165539
 31
0.0
  0
LINE
  5
143C
330
1433
100
AcDbEntity
  8
DIMENSION
  6
Continuous
 62
     2
100
AcDbLine
 10
-90.87612438796525
 20
14.09849948165539
 30
0.0
 11
-92.47479564780775
 21
14.09849948165539
 31
0.0
  0
LWPOLYLINE
  5
143D
330
1433
100
AcDbEntity
  8
DIMENSION
  6
Continuous
 62
     2
100
AcDbPolyline
 90
        3
 70
     0
 43
0.0
 10
-95.07924938796523
 20
14.25474948165539
 10
-95.62612438796523
 20
14.09849948165539
 10
-95.07924938796523
 20
13.94224948165539
  0
LWPOLYLINE
  5
143E
330
1433
100
AcDbEntity
  8
DIMENSION
  6
Continuous
 62
     2
100
AcDbPolyline
 90
        3
 70
     0
 43
0.0
 10
-91.42299938796525
 20
13.94224948165539
 10
-90.87612438796525
 20
14.09849948165539
 10
-91.42299938796525
 20
14.25474948165539
  0
ENDBLK
  5
16B4
330
1433
100
AcDbEntity
  8
0
100
AcDbBlockEnd
  0
BLOCK
  5
16B5
330
1445
100
AcDbEntity
  8
0
100
AcDbBlockBegin
  2
*D87
 70
     1
 10
0.0
 20
0.0
 30
0.0
  3
*D87
  1

  0
LINE
  5
1446
330
1445
100
AcDbEntity
  8
DIMENSION
  6
Continuous
 62
     2
100
AcDbLine
 10
-99.12612438796523
 20
12.43752437791202
 30
0.0
 11
-99.12612438796523
 21
19.19870522790551
 31
0.0
  0
LINE
  5
1447
330
1445
100
AcDbEntity
  8
DIMENSION
  6
Continuous
 62
     2
100
AcDbLine
 10
-92.12612438796523
 20
12.43752437791202
 30
0.0
 11
-92.12612438796523
 21
19.19870522790551
 31
0.0
  0
MTEXT
  5
1448
330
1445
100
AcDbEntity
  8
DIMENSION
  6
Continuous
 62
     2
100
AcDbMText
 10
-95.8340476163117
 20
18.57370522790551
 30
0.0
 40
0.625
 41
0.0
 71
     7
 72
     1
  1
\FCHAR_FAST_FONT.shx;\W0.5000000000;\T1.0000000000;\o\l7"
  7
STEVE
 73
     1
 44
1.0
  0
LINE
  5
1449
330
1445
100
AcDbEntity
  8
DIMENSION
  6
Continuous
 62
     2
100
AcDbLine
 10
-99.12612438796523
 20
18.88620522790551
 30
0.0
 11
-95.9902976163117
 21
18.88620522790551
 31
0.0
  0
LINE
  5
144A
330
1445
100
AcDbEntity
  8
DIMENSION
  6
Continuous
 62
     2
100
AcDbLine
 10
-92.12612438796523
 20
18.88620522790551
 30
0.0
 11
-95.26195115961877
 21
18.88620522790551
 31
0.0
  0
LWPOLYLINE
  5
144B
330
1445
100
AcDbEntity
  8
DIMENSION
  6
Continuous
 62
     2
100
AcDbPolyline
 90
        3
 70
     0
 43
0.0
 10
-98.57924938796523
 20
19.04245522790551
 10
-99.12612438796523
 20
18.88620522790551
 10
-98.57924938796523
 20
18.72995522790551
  0
LWPOLYLINE
  5
144C
330
1445
100
AcDbEntity
  8
DIMENSION
  6
Continuous
 62
     2
100
AcDbPolyline
 90
        3
 70
     0
 43
0.0
 10
-92.67299938796523
 20
18.72995522790551
 10
-92.12612438796523
 20
18.88620522790551
 10
-92.67299938796523
 20
19.04245522790551
  0
ENDBLK
  5
16B6
330
1445
100
AcDbEntity
  8
0
100
AcDbBlockEnd
  0
BLOCK
  5
16B7
330
144F
100
AcDbEntity
  8
0
100
AcDbBlockBegin
  2
*D88
 70
     1
 10
0.0
 20
0.0
 30
0.0
  3
*D88
  1

  0
LINE
  5
1450
330
144F
100
AcDbEntity
  8
DIMENSION
  6
Continuous
 62
     2
100
AcDbLine
 10
-102.758914262741
 20
12.43752437791202
 30
0.0
 11
-102.758914262741
 21
19.19870522790551
 31
0.0
  0
LINE
  5
1451
330
144F
100
AcDbEntity
  8
DIMENSION
  6
Continuous
 62
     2
100
AcDbLine
 10
-101.6261243879652
 20
12.43752437791202
 30
0.0
 11
-101.6261243879652
 21
19.19870522790551
 31
0.0
  0
MTEXT
  5
1452
330
144F
100
AcDbEntity
  8
DIMENSION
  6
Continuous
 62
     2
100
AcDbMText
 10
-104.9979169653554
 20
18.57370522790551
 30
0.0
 40
0.625
 41
0.0
 71
     7
 72
     1
  1
\FCHAR_FAST_FONT.shx;\W0.5000000000;\T1.0000000000;\o\l1
  7
STEVE
 73
     1
 44
1.0
  0
MTEXT
  5
1453
330
144F
100
AcDbEntity
  8
DIMENSION
  6
Continuous
 62
     2
100
AcDbMText
 10
-104.6878775952766
 20
18.88620522790551
 30
0.0
 40
0.46875
 41
0.0
 71
     7
 72
     1
  1
\FCHAR_FAST_FONT.shx;\W0.5000000000;\T1.0000000000;\o\l1
  7
STEVE
 73
     1
 44
1.0
  0
MTEXT
  5
1454
330
144F
100
AcDbEntity
  8
DIMENSION
  6
Continuous
 62
     2
100
AcDbMText
 10
-104.3778382251979
 20
18.41745522790551
 30
0.0
 40
0.46875
 41
0.0
 71
     7
 72
     1
  1
\FCHAR_FAST_FONT.shx;\W0.5000000000;\T1.0000000000;\o\l8
  7
STEVE
 73
     1
 44
1.0
  0
LINE
  5
1455
330
144F
100
AcDbEntity
  8
DIMENSION
  6
Continuous
 62
     2
100
AcDbLine
 10
-104.4950257251979
 20
18.41745522790551
 30
0.0
 11
-104.2606507251979
 21
19.35495522790551
 31
0.0
  0
MTEXT
  5
1456
330
144F
100
AcDbEntity
  8
DIMENSION
  6
Continuous
 62
     2
100
AcDbMText
 10
-104.0677988551192
 20
18.65183022790551
 30
0.0
 40
0.625
 41
0.0
 71
     7
 72
     1
  1
\FCHAR_FAST_FONT.shx;\W0.5000000000;\T1.0000000000;\o\l"
  7
STEVE
 73
     1
 44
1.0
  0
LINE
  5
1457
330
144F
100
AcDbEntity
  8
DIMENSION
  6
Continuous
 62
     2
100
AcDbLine
 10
-102.758914262741
 20
18.88620522790551
 30
0.0
 11
-103.657351762741
 21
18.88620522790551
 31
0.0
  0
LINE
  5
1458
330
144F
100
AcDbEntity
  8
DIMENSION
  6
Continuous
 62
     2
100
AcDbLine
 10
-101.6261243879652
 20
18.88620522790551
 30
0.0
 11
-100.7276868879652
 21
18.88620522790551
 31
0.0
  0
LWPOLYLINE
  5
1459
330
144F
100
AcDbEntity
  8
DIMENSION
  6
Continuous
 62
     2
100
AcDbPolyline
 90
        3
 70
     0
 43
0.0
 10
-103.305789262741
 20
18.72995522790551
 10
-102.758914262741
 20
18.88620522790551
 10
-103.305789262741
 20
19.04245522790551
  0
LWPOLYLINE
  5
145A
330
144F
100
AcDbEntity
  8
DIMENSION
  6
Continuous
 62
     2
100
AcDbPolyline
 90
        3
 70
     0
 43
0.0
 10
-101.0792493879652
 20
19.04245522790551
 10
-101.6261243879652
 20
18.88620522790551
 10
-101.0792493879652
 20
18.72995522790551
  0
LINE
  5
145B
330
144F
100
AcDbEntity
  8
DIMENSION
  6
Continuous
 62
     2
100
AcDbLine
 10
-102.758914262741
 20
18.88620522790551
 30
0.0
 11
-103.6015094850404
 21
18.88620522790551
 31
0.0
  0
LINE
  5
145C
330
144F
100
AcDbEntity
  8
DIMENSION
  6
Continuous
 62
     2
100
AcDbLine
 10
-101.6261243879652
 20
18.88620522790551
 30
0.0
 11
-100.7276868879652
 21
18.88620522790551
 31
0.0
  0
ENDBLK
  5
16B8
330
144F
100
AcDbEntity
  8
0
100
AcDbBlockEnd
  0
BLOCK
  5
16B9
330
145F
100
AcDbEntity
  8
0
100
AcDbBlockBegin
  2
*D89
 70
     1
 10
0.0
 20
0.0
 30
0.0
  3
*D89
  1

  0
LINE
  5
1460
330
145F
100
AcDbEntity
  8
DIMENSION
  6
Continuous
 62
     2
100
AcDbLine
 10
-101.6261243879652
 20
12.43752437791202
 30
0.0
 11
-101.6261243879652
 21
19.19870522790551
 31
0.0
  0
LINE
  5
1461
330
145F
100
AcDbEntity
  8
DIMENSION
  6
Continuous
 62
     2
100
AcDbLine
 10
-99.12612438796523
 20
12.43752437791202
 30
0.0
 11
-99.12612438796523
 21
19.19870522790551
 31
0.0
  0
MTEXT
  5
1462
330
145F
100
AcDbEntity
  8
DIMENSION
  6
Continuous
 62
     2
100
AcDbMText
 10
-100.9962031281227
 20
19.35495522790551
 30
0.0
 40
0.625
 41
0.0
 71
     7
 72
     1
  1
\FCHAR_FAST_FONT.shx;\W0.5000000000;\T1.0000000000;\o\l2
  7
STEVE
 73
     1
 44
1.0
  0
MTEXT
  5
1463
330
145F
100
AcDbEntity
  8
DIMENSION
  6
Continuous
 62
     2
100
AcDbMText
 10
-100.686163758044
 20
19.66745522790551
 30
0.0
 40
0.46875
 41
0.0
 71
     7
 72
     1
  1
\FCHAR_FAST_FONT.shx;\W0.5000000000;\T1.0000000000;\o\l1
  7
STEVE
 73
     1
 44
1.0
  0
MTEXT
  5
1464
330
145F
100
AcDbEntity
  8
DIMENSION
  6
Continuous
 62
     2
100
AcDbMText
 10
-100.3761243879652
 20
19.19870522790551
 30
0.0
 40
0.46875
 41
0.0
 71
     7
 72
     1
  1
\FCHAR_FAST_FONT.shx;\W0.5000000000;\T1.0000000000;\o\l2
  7
STEVE
 73
     1
 44
1.0
  0
LINE
  5
1465
330
145F
100
AcDbEntity
  8
DIMENSION
  6
Continuous
 62
     2
100
AcDbLine
 10
-100.4933118879652
 20
19.19870522790551
 30
0.0
 11
-100.2589368879652
 21
20.13620522790551
 31
0.0
  0
MTEXT
  5
1466
330
145F
100
AcDbEntity
  8
DIMENSION
  6
Continuous
 62
     2
100
AcDbMText
 10
-100.0660850178865
 20
19.43308022790551
 30
0.0
 40
0.625
 41
0.0
 71
     7
 72
     1
  1
\FCHAR_FAST_FONT.shx;\W0.5000000000;\T1.0000000000;\o\l"
  7
STEVE
 73
     1
 44
1.0
  0
LINE
  5
1467
330
145F
100
AcDbEntity
  8
DIMENSION
  6
Continuous
 62
     2
100
AcDbLine
 10
-101.6261243879652
 20
18.88620522790551
 30
0.0
 11
-99.12612438796523
 21
18.88620522790551
 31
0.0
  0
LWPOLYLINE
  5
1468
330
145F
100
AcDbEntity
  8
DIMENSION
  6
Continuous
 62
     2
100
AcDbPolyline
 90
        3
 70
     0
 43
0.0
 10
-101.0792493879652
 20
19.04245522790551
 10
-101.6261243879652
 20
18.88620522790551
 10
-101.0792493879652
 20
18.72995522790551
  0
LWPOLYLINE
  5
1469
330
145F
100
AcDbEntity
  8
DIMENSION
  6
Continuous
 62
     2
100
AcDbPolyline
 90
        3
 70
     0
 43
0.0
 10
-99.67299938796523
 20
18.72995522790551
 10
-99.12612438796523
 20
18.88620522790551
 10
-99.67299938796523
 20
19.04245522790551
  0
ENDBLK
  5
16BA
330
145F
100
AcDbEntity
  8
0
100
AcDbBlockEnd
  0
BLOCK
  5
16BB
330
146C
100
AcDbEntity
  8
0
100
AcDbBlockBegin
  2
*D90
 70
     1
 10
0.0
 20
0.0
 30
0.0
  3
*D90
  1

  0
LINE
  5
146D
330
146C
100
AcDbEntity
  8
DIMENSION
  6
Continuous
 62
     2
100
AcDbLine
 10
-92.12612438796523
 20
12.43752437791202
 30
0.0
 11
-92.12612438796523
 21
19.19870522790551
 31
0.0
  0
LINE
  5
146E
330
146C
100
AcDbEntity
  8
DIMENSION
  6
Continuous
 62
     2
100
AcDbLine
 10
-89.62612438796523
 20
12.43752437791202
 30
0.0
 11
-89.62612438796523
 21
19.19870522790551
 31
0.0
  0
MTEXT
  5
146F
330
146C
100
AcDbEntity
  8
DIMENSION
  6
Continuous
 62
     2
100
AcDbMText
 10
-91.49620312812272
 20
19.35495522790551
 30
0.0
 40
0.625
 41
0.0
 71
     7
 72
     1
  1
\FCHAR_FAST_FONT.shx;\W0.5000000000;\T1.0000000000;\o\l2
  7
STEVE
 73
     1
 44
1.0
  0
MTEXT
  5
1470
330
146C
100
AcDbEntity
  8
DIMENSION
  6
Continuous
 62
     2
100
AcDbMText
 10
-91.18616375804397
 20
19.66745522790551
 30
0.0
 40
0.46875
 41
0.0
 71
     7
 72
     1
  1
\FCHAR_FAST_FONT.shx;\W0.5000000000;\T1.0000000000;\o\l1
  7
STEVE
 73
     1
 44
1.0
  0
MTEXT
  5
1471
330
146C
100
AcDbEntity
  8
DIMENSION
  6
Continuous
 62
     2
100
AcDbMText
 10
-90.87612438796523
 20
19.19870522790551
 30
0.0
 40
0.46875
 41
0.0
 71
     7
 72
     1
  1
\FCHAR_FAST_FONT.shx;\W0.5000000000;\T1.0000000000;\o\l2
  7
STEVE
 73
     1
 44
1.0
  0
LINE
  5
1472
330
146C
100
AcDbEntity
  8
DIMENSION
  6
Continuous
 62
     2
100
AcDbLine
 10
-90.99331188796523
 20
19.19870522790551
 30
0.0
 11
-90.75893688796523
 21
20.13620522790551
 31
0.0
  0
MTEXT
  5
1473
330
146C
100
AcDbEntity
  8
DIMENSION
  6
Continuous
 62
     2
100
AcDbMText
 10
-90.5660850178865
 20
19.43308022790551
 30
0.0
 40
0.625
 41
0.0
 71
     7
 72
     1
  1
\FCHAR_FAST_FONT.shx;\W0.5000000000;\T1.0000000000;\o\l"
  7
STEVE
 73
     1
 44
1.0
  0
LINE
  5
1474
330
146C
100
AcDbEntity
  8
DIMENSION
  6
Continuous
 62
     2
100
AcDbLine
 10
-92.12612438796523
 20
18.88620522790551
 30
0.0
 11
-89.62612438796523
 21
18.88620522790551
 31
0.0
  0
LWPOLYLINE
  5
1475
330
146C
100
AcDbEntity
  8
DIMENSION
  6
Continuous
 62
     2
100
AcDbPolyline
 90
        3
 70
     0
 43
0.0
 10
-91.57924938796523
 20
19.04245522790551
 10
-92.12612438796523
 20
18.88620522790551
 10
-91.57924938796523
 20
18.72995522790551
  0
LWPOLYLINE
  5
1476
330
146C
100
AcDbEntity
  8
DIMENSION
  6
Continuous
 62
     2
100
AcDbPolyline
 90
        3
 70
     0
 43
0.0
 10
-90.17299938796523
 20
18.72995522790551
 10
-89.62612438796523
 20
18.88620522790551
 10
-90.17299938796523
 20
19.04245522790551
  0
ENDBLK
  5
16BC
330
146C
100
AcDbEntity
  8
0
100
AcDbBlockEnd
  0
BLOCK
  5
16BD
330
1479
100
AcDbEntity
  8
0
100
AcDbBlockBegin
  2
*D91
 70
     1
 10
0.0
 20
0.0
 30
0.0
  3
*D91
  1

  0
LINE
  5
147A
330
1479
100
AcDbEntity
  8
DIMENSION
  6
Continuous
 62
     2
100
AcDbLine
 10
-101.3761243879652
 20
12.18752437791202
 30
0.0
 11
-101.3761243879652
 21
17.90997768158745
 31
0.0
  0
LINE
  5
147B
330
1479
100
AcDbEntity
  8
DIMENSION
  6
Continuous
 62
     2
100
AcDbLine
 10
-99.37612438796523
 20
12.18752437791202
 30
0.0
 11
-99.37612438796523
 21
17.90997768158745
 31
0.0
  0
MTEXT
  5
147C
330
1479
100
AcDbEntity
  8
DIMENSION
  6
Continuous
 62
     2
100
AcDbMText
 10
-100.5840476163117
 20
17.90997768158745
 30
0.0
 40
0.625
 41
0.0
 71
     7
 72
     1
  1
\FCHAR_FAST_FONT.shx;\W0.5000000000;\T1.0000000000;\o\l2"
  7
STEVE
 73
     1
 44
1.0
  0
LINE
  5
147D
330
1479
100
AcDbEntity
  8
DIMENSION
  6
Continuous
 62
     2
100
AcDbLine
 10
-101.3761243879652
 20
17.59747768158745
 30
0.0
 11
-99.37612438796523
 21
17.59747768158745
 31
0.0
  0
LWPOLYLINE
  5
147E
330
1479
100
AcDbEntity
  8
DIMENSION
  6
Continuous
 62
     2
100
AcDbPolyline
 90
        3
 70
     0
 43
0.0
 10
-100.8292493879652
 20
17.75372768158745
 10
-101.3761243879652
 20
17.59747768158745
 10
-100.8292493879652
 20
17.44122768158745
  0
LWPOLYLINE
  5
147F
330
1479
100
AcDbEntity
  8
DIMENSION
  6
Continuous
 62
     2
100
AcDbPolyline
 90
        3
 70
     0
 43
0.0
 10
-99.92299938796523
 20
17.44122768158745
 10
-99.37612438796523
 20
17.59747768158745
 10
-99.92299938796523
 20
17.75372768158745
  0
ENDBLK
  5
16BE
330
1479
100
AcDbEntity
  8
0
100
AcDbBlockEnd
  0
BLOCK
  5
16BF
330
1482
100
AcDbEntity
  8
0
100
AcDbBlockBegin
  2
*D92
 70
     1
 10
0.0
 20
0.0
 30
0.0
  3
*D92
  1

  0
LINE
  5
1483
330
1482
100
AcDbEntity
  8
DIMENSION
  6
Continuous
 62
     2
100
AcDbLine
 10
-91.87612438796523
 20
12.18752437791202
 30
0.0
 11
-91.87612438796523
 21
17.90997768158745
 31
0.0
  0
LINE
  5
1484
330
1482
100
AcDbEntity
  8
DIMENSION
  6
Continuous
 62
     2
100
AcDbLine
 10
-89.87612438796523
 20
12.18752437791202
 30
0.0
 11
-89.87612438796523
 21
17.90997768158745
 31
0.0
  0
MTEXT
  5
1485
330
1482
100
AcDbEntity
  8
DIMENSION
  6
Continuous
 62
     2
100
AcDbMText
 10
-91.0840476163117
 20
17.90997768158745
 30
0.0
 40
0.625
 41
0.0
 71
     7
 72
     1
  1
\FCHAR_FAST_FONT.shx;\W0.5000000000;\T1.0000000000;\o\l2"
  7
STEVE
 73
     1
 44
1.0
  0
LINE
  5
1486
330
1482
100
AcDbEntity
  8
DIMENSION
  6
Continuous
 62
     2
100
AcDbLine
 10
-91.87612438796523
 20
17.59747768158745
 30
0.0
 11
-89.87612438796523
 21
17.59747768158745
 31
0.0
  0
LWPOLYLINE
  5
1487
330
1482
100
AcDbEntity
  8
DIMENSION
  6
Continuous
 62
     2
100
AcDbPolyline
 90
        3
 70
     0
 43
0.0
 10
-91.32924938796523
 20
17.75372768158745
 10
-91.87612438796523
 20
17.59747768158745
 10
-91.32924938796523
 20
17.44122768158745
  0
LWPOLYLINE
  5
1488
330
1482
100
AcDbEntity
  8
DIMENSION
  6
Continuous
 62
     2
100
AcDbPolyline
 90
        3
 70
     0
 43
0.0
 10
-90.42299938796523
 20
17.44122768158745
 10
-89.87612438796523
 20
17.59747768158745
 10
-90.42299938796523
 20
17.75372768158745
  0
ENDBLK
  5
16C0
330
1482
100
AcDbEntity
  8
0
100
AcDbBlockEnd
  0
BLOCK
  5
16C1
330
148B
100
AcDbEntity
  8
0
100
AcDbBlockBegin
  2
*D93
 70
     1
 10
0.0
 20
0.0
 30
0.0
  3
*D93
  1

  0
LINE
  5
148C
330
148B
100
AcDbEntity
  8
DIMENSION
  6
Continuous
 62
     2
100
AcDbLine
 10
-90.87612438796525
 20
13.17697637435946
 30
0.0
 11
-90.87612438796525
 21
16.44208872504003
 31
0.0
  0
LINE
  5
148D
330
148B
100
AcDbEntity
  8
DIMENSION
  6
Continuous
 62
     2
100
AcDbLine
 10
-89.62612438796523
 20
12.43752437791202
 30
0.0
 11
-89.62612438796523
 21
16.44208872504003
 31
0.0
  0
MTEXT
  5
148E
330
148B
100
AcDbEntity
  8
DIMENSION
  6
Continuous
 62
     2
100
AcDbMText
 10
-88.51686420107065
 20
15.81708872504003
 30
0.0
 40
0.625
 41
0.0
 71
     7
 72
     1
  1
\FCHAR_FAST_FONT.shx;\W0.5000000000;\T1.0000000000;\o\l1
  7
STEVE
 73
     1
 44
1.0
  0
MTEXT
  5
148F
330
148B
100
AcDbEntity
  8
DIMENSION
  6
Continuous
 62
     2
100
AcDbMText
 10
-88.2068248309919
 20
16.12958872504003
 30
0.0
 40
0.46875
 41
0.0
 71
     7
 72
     1
  1
\FCHAR_FAST_FONT.shx;\W0.5000000000;\T1.0000000000;\o\l1
  7
STEVE
 73
     1
 44
1.0
  0
MTEXT
  5
1490
330
148B
100
AcDbEntity
  8
DIMENSION
  6
Continuous
 62
     2
100
AcDbMText
 10
-87.89678546091316
 20
15.66083872504003
 30
0.0
 40
0.46875
 41
0.0
 71
     7
 72
     1
  1
\FCHAR_FAST_FONT.shx;\W0.5000000000;\T1.0000000000;\o\l4
  7
STEVE
 73
     1
 44
1.0
  0
LINE
  5
1491
330
148B
100
AcDbEntity
  8
DIMENSION
  6
Continuous
 62
     2
100
AcDbLine
 10
-88.01397296091316
 20
15.66083872504003
 30
0.0
 11
-87.77959796091316
 21
16.59833872504003
 31
0.0
  0
MTEXT
  5
1492
330
148B
100
AcDbEntity
  8
DIMENSION
  6
Continuous
 62
     2
100
AcDbMText
 10
-87.58674609083442
 20
15.89521372504003
 30
0.0
 40
0.625
 41
0.0
 71
     7
 72
     1
  1
\FCHAR_FAST_FONT.shx;\W0.5000000000;\T1.0000000000;\o\l"
  7
STEVE
 73
     1
 44
1.0
  0
LINE
  5
1493
330
148B
100
AcDbEntity
  8
DIMENSION
  6
Continuous
 62
     2
100
AcDbLine
 10
-90.87612438796525
 20
16.12958872504003
 30
0.0
 11
-91.77456188796525
 21
16.12958872504003
 31
0.0
  0
LINE
  5
1494
330
148B
100
AcDbEntity
  8
DIMENSION
  6
Continuous
 62
     2
100
AcDbLine
 10
-89.62612438796523
 20
16.12958872504003
 30
0.0
 11
-88.72768688796523
 21
16.12958872504003
 31
0.0
  0
LWPOLYLINE
  5
1495
330
148B
100
AcDbEntity
  8
DIMENSION
  6
Continuous
 62
     2
100
AcDbPolyline
 90
        3
 70
     0
 43
0.0
 10
-91.42299938796525
 20
15.97333872504003
 10
-90.87612438796525
 20
16.12958872504003
 10
-91.42299938796525
 20
16.28583872504003
  0
LWPOLYLINE
  5
1496
330
148B
100
AcDbEntity
  8
DIMENSION
  6
Continuous
 62
     2
100
AcDbPolyline
 90
        3
 70
     0
 43
0.0
 10
-89.07924938796523
 20
16.28583872504003
 10
-89.62612438796523
 20
16.12958872504003
 10
-89.07924938796523
 20
15.97333872504003
  0
LINE
  5
1497
330
148B
100
AcDbEntity
  8
DIMENSION
  6
Continuous
 62
     2
100
AcDbLine
 10
-90.87612438796525
 20
16.12958872504003
 30
0.0
 11
-91.77456188796525
 21
16.12958872504003
 31
0.0
  0
LINE
  5
1498
330
148B
100
AcDbEntity
  8
DIMENSION
  6
Continuous
 62
     2
100
AcDbLine
 10
-89.62612438796523
 20
16.12958872504003
 30
0.0
 11
-88.67311420107065
 21
16.12958872504003
 31
0.0
  0
ENDBLK
  5
16C2
330
148B
100
AcDbEntity
  8
0
100
AcDbBlockEnd
  0
BLOCK
  5
16C3
330
149B
100
AcDbEntity
  8
0
100
AcDbBlockBegin
  2
*D94
 70
     1
 10
0.0
 20
0.0
 30
0.0
  3
*D94
  1

  0
LINE
  5
149C
330
149B
100
AcDbEntity
  8
DIMENSION
  6
Continuous
 62
     2
100
AcDbLine
 10
-90.87612438796525
 20
13.17697637435946
 30
0.0
 11
-90.87612438796525
 21
15.7871616113374
 31
0.0
  0
LINE
  5
149D
330
149B
100
AcDbEntity
  8
DIMENSION
  6
Continuous
 62
     2
100
AcDbLine
 10
-91.87612438796523
 20
12.18752437791202
 30
0.0
 11
-91.87612438796523
 21
15.7871616113374
 31
0.0
  0
MTEXT
  5
149E
330
149B
100
AcDbEntity
  8
DIMENSION
  6
Continuous
 62
     2
100
AcDbMText
 10
-93.72139702346607
 20
15.1621616113374
 30
0.0
 40
0.625
 41
0.0
 71
     7
 72
     1
  1
\FCHAR_FAST_FONT.shx;\W0.5000000000;\T1.0000000000;\o\l1"
  7
STEVE
 73
     1
 44
1.0
  0
LINE
  5
149F
330
149B
100
AcDbEntity
  8
DIMENSION
  6
Continuous
 62
     2
100
AcDbLine
 10
-90.87612438796525
 20
15.4746616113374
 30
0.0
 11
-89.97768688796525
 21
15.4746616113374
 31
0.0
  0
LINE
  5
14A0
330
149B
100
AcDbEntity
  8
DIMENSION
  6
Continuous
 62
     2
100
AcDbLine
 10
-91.87612438796523
 20
15.4746616113374
 30
0.0
 11
-92.77456188796523
 21
15.4746616113374
 31
0.0
  0
LWPOLYLINE
  5
14A1
330
149B
100
AcDbEntity
  8
DIMENSION
  6
Continuous
 62
     2
100
AcDbPolyline
 90
        3
 70
     0
 43
0.0
 10
-90.32924938796525
 20
15.6309116113374
 10
-90.87612438796525
 20
15.4746616113374
 10
-90.32924938796525
 20
15.3184116113374
  0
LWPOLYLINE
  5
14A2
330
149B
100
AcDbEntity
  8
DIMENSION
  6
Continuous
 62
     2
100
AcDbPolyline
 90
        3
 70
     0
 43
0.0
 10
-92.42299938796523
 20
15.3184116113374
 10
-91.87612438796523
 20
15.4746616113374
 10
-92.42299938796523
 20
15.6309116113374
  0
LINE
  5
14A3
330
149B
100
AcDbEntity
  8
DIMENSION
  6
Continuous
 62
     2
100
AcDbLine
 10
-90.87612438796525
 20
15.4746616113374
 30
0.0
 11
-89.97768688796525
 21
15.4746616113374
 31
0.0
  0
LINE
  5
14A4
330
149B
100
AcDbEntity
  8
DIMENSION
  6
Continuous
 62
     2
100
AcDbLine
 10
-91.87612438796523
 20
15.4746616113374
 30
0.0
 11
-93.14930056677315
 21
15.4746616113374
 31
0.0
  0
ENDBLK
  5
16C4
330
149B
100
AcDbEntity
  8
0
100
AcDbBlockEnd
  0
BLOCK
  5
16C5
330
14A7
100
AcDbEntity
  8
0
100
AcDbBlockBegin
  2
*D95
 70
     1
 10
0.0
 20
0.0
 30
0.0
  3
*D95
  1

  0
LINE
  5
14A8
330
14A7
100
AcDbEntity
  8
DIMENSION
  6
Continuous
 62
     2
100
AcDbLine
 10
-91.87612438796523
 20
12.18752437791202
 30
0.0
 11
-91.87612438796523
 21
17.90997768158745
 31
0.0
  0
LINE
  5
14A9
330
14A7
100
AcDbEntity
  8
DIMENSION
  6
Continuous
 62
     2
100
AcDbLine
 10
-92.12612438796523
 20
12.43752437791202
 30
0.0
 11
-92.12612438796523
 21
17.90997768158745
 31
0.0
  0
MTEXT
  5
14AA
330
14A7
100
AcDbEntity
  8
DIMENSION
  6
Continuous
 62
     2
100
AcDbMText
 10
-94.32012502353207
 20
17.59747768158745
 30
0.0
 40
0.46875
 41
0.0
 71
     7
 72
     1
  1
\FCHAR_FAST_FONT.shx;\W0.5000000000;\T1.0000000000;\o\l1
  7
STEVE
 73
     1
 44
1.0
  0
MTEXT
  5
14AB
330
14A7
100
AcDbEntity
  8
DIMENSION
  6
Continuous
 62
     2
100
AcDbMText
 10
-94.01008565345333
 20
17.12872768158745
 30
0.0
 40
0.46875
 41
0.0
 71
     7
 72
     1
  1
\FCHAR_FAST_FONT.shx;\W0.5000000000;\T1.0000000000;\o\l4
  7
STEVE
 73
     1
 44
1.0
  0
LINE
  5
14AC
330
14A7
100
AcDbEntity
  8
DIMENSION
  6
Continuous
 62
     2
100
AcDbLine
 10
-94.12727315345333
 20
17.12872768158745
 30
0.0
 11
-93.89289815345333
 21
18.06622768158745
 31
0.0
  0
MTEXT
  5
14AD
330
14A7
100
AcDbEntity
  8
DIMENSION
  6
Continuous
 62
     2
100
AcDbMText
 10
-93.70004628337459
 20
17.36310268158745
 30
0.0
 40
0.625
 41
0.0
 71
     7
 72
     1
  1
\FCHAR_FAST_FONT.shx;\W0.5000000000;\T1.0000000000;\o\l"
  7
STEVE
 73
     1
 44
1.0
  0
LINE
  5
14AE
330
14A7
100
AcDbEntity
  8
DIMENSION
  6
Continuous
 62
     2
100
AcDbLine
 10
-91.87612438796523
 20
17.59747768158745
 30
0.0
 11
-90.97768688796523
 21
17.59747768158745
 31
0.0
  0
LINE
  5
14AF
330
14A7
100
AcDbEntity
  8
DIMENSION
  6
Continuous
 62
     2
100
AcDbLine
 10
-92.12612438796523
 20
17.59747768158745
 30
0.0
 11
-93.02456188796523
 21
17.59747768158745
 31
0.0
  0
LWPOLYLINE
  5
14B0
330
14A7
100
AcDbEntity
  8
DIMENSION
  6
Continuous
 62
     2
100
AcDbPolyline
 90
        3
 70
     0
 43
0.0
 10
-91.32924938796523
 20
17.75372768158745
 10
-91.87612438796523
 20
17.59747768158745
 10
-91.32924938796523
 20
17.44122768158745
  0
LWPOLYLINE
  5
14B1
330
14A7
100
AcDbEntity
  8
DIMENSION
  6
Continuous
 62
     2
100
AcDbPolyline
 90
        3
 70
     0
 43
0.0
 10
-92.67299938796523
 20
17.44122768158745
 10
-92.12612438796523
 20
17.59747768158745
 10
-92.67299938796523
 20
17.75372768158745
  0
LINE
  5
14B2
330
14A7
100
AcDbEntity
  8
DIMENSION
  6
Continuous
 62
     2
100
AcDbLine
 10
-91.87612438796523
 20
17.59747768158745
 30
0.0
 11
-90.97768688796523
 21
17.59747768158745
 31
0.0
  0
LINE
  5
14B3
330
14A7
100
AcDbEntity
  8
DIMENSION
  6
Continuous
 62
     2
100
AcDbLine
 10
-92.12612438796523
 20
17.59747768158745
 30
0.0
 11
-93.23375691329585
 21
17.59747768158745
 31
0.0
  0
ENDBLK
  5
16C6
330
14A7
100
AcDbEntity
  8
0
100
AcDbBlockEnd
  0
BLOCK
  5
16C7
330
14B6
100
AcDbEntity
  8
0
100
AcDbBlockBegin
  2
*D96
 70
     1
 10
0.0
 20
0.0
 30
0.0
  3
*D96
  1

  0
LINE
  5
14B7
330
14B6
100
AcDbEntity
  8
DIMENSION
  6
Continuous
 62
     2
100
AcDbLine
 10
-89.87612438796523
 20
12.18752437791202
 30
0.0
 11
-89.87612438796523
 21
17.90997768158745
 31
0.0
  0
LINE
  5
14B8
330
14B6
100
AcDbEntity
  8
DIMENSION
  6
Continuous
 62
     2
100
AcDbLine
 10
-89.62612438796523
 20
12.43752437791202
 30
0.0
 11
-89.62612438796523
 21
17.90997768158745
 31
0.0
  0
MTEXT
  5
14B9
330
14B6
100
AcDbEntity
  8
DIMENSION
  6
Continuous
 62
     2
100
AcDbMText
 10
-88.3268374213946
 20
17.59747768158745
 30
0.0
 40
0.46875
 41
0.0
 71
     7
 72
     1
  1
\FCHAR_FAST_FONT.shx;\W0.5000000000;\T1.0000000000;\o\l1
  7
STEVE
 73
     1
 44
1.0
  0
MTEXT
  5
14BA
330
14B6
100
AcDbEntity
  8
DIMENSION
  6
Continuous
 62
     2
100
AcDbMText
 10
-88.01679805131586
 20
17.12872768158745
 30
0.0
 40
0.46875
 41
0.0
 71
     7
 72
     1
  1
\FCHAR_FAST_FONT.shx;\W0.5000000000;\T1.0000000000;\o\l4
  7
STEVE
 73
     1
 44
1.0
  0
LINE
  5
14BB
330
14B6
100
AcDbEntity
  8
DIMENSION
  6
Continuous
 62
     2
100
AcDbLine
 10
-88.13398555131586
 20
17.12872768158745
 30
0.0
 11
-87.89961055131586
 21
18.06622768158745
 31
0.0
  0
MTEXT
  5
14BC
330
14B6
100
AcDbEntity
  8
DIMENSION
  6
Continuous
 62
     2
100
AcDbMText
 10
-87.70675868123712
 20
17.36310268158745
 30
0.0
 40
0.625
 41
0.0
 71
     7
 72
     1
  1
\FCHAR_FAST_FONT.shx;\W0.5000000000;\T1.0000000000;\o\l"
  7
STEVE
 73
     1
 44
1.0
  0
LINE
  5
14BD
330
14B6
100
AcDbEntity
  8
DIMENSION
  6
Continuous
 62
     2
100
AcDbLine
 10
-89.87612438796523
 20
17.59747768158745
 30
0.0
 11
-90.77456188796523
 21
17.59747768158745
 31
0.0
  0
LINE
  5
14BE
330
14B6
100
AcDbEntity
  8
DIMENSION
  6
Continuous
 62
     2
100
AcDbLine
 10
-89.62612438796523
 20
17.59747768158745
 30
0.0
 11
-88.72768688796523
 21
17.59747768158745
 31
0.0
  0
LWPOLYLINE
  5
14BF
330
14B6
100
AcDbEntity
  8
DIMENSION
  6
Continuous
 62
     2
100
AcDbPolyline
 90
        3
 70
     0
 43
0.0
 10
-90.42299938796523
 20
17.44122768158745
 10
-89.87612438796523
 20
17.59747768158745
 10
-90.42299938796523
 20
17.75372768158745
  0
LWPOLYLINE
  5
14C0
330
14B6
100
AcDbEntity
  8
DIMENSION
  6
Continuous
 62
     2
100
AcDbPolyline
 90
        3
 70
     0
 43
0.0
 10
-89.07924938796523
 20
17.75372768158745
 10
-89.62612438796523
 20
17.59747768158745
 10
-89.07924938796523
 20
17.44122768158745
  0
LINE
  5
14C1
330
14B6
100
AcDbEntity
  8
DIMENSION
  6
Continuous
 62
     2
100
AcDbLine
 10
-89.87612438796523
 20
17.59747768158745
 30
0.0
 11
-90.77456188796523
 21
17.59747768158745
 31
0.0
  0
LINE
  5
14C2
330
14B6
100
AcDbEntity
  8
DIMENSION
  6
Continuous
 62
     2
100
AcDbLine
 10
-89.62612438796523
 20
17.59747768158745
 30
0.0
 11
-88.4830874213946
 21
17.59747768158745
 31
0.0
  0
ENDBLK
  5
16C8
330
14B6
100
AcDbEntity
  8
0
100
AcDbBlockEnd
  0
BLOCK
  5
16C9
330
14C5
100
AcDbEntity
  8
0
100
AcDbBlockBegin
  2
*D97
 70
     1
 10
0.0
 20
0.0
 30
0.0
  3
*D97
  1

  0
LINE
  5
14C6
330
14C5
100
AcDbEntity
  8
DIMENSION
  6
Continuous
 62
     2
100
AcDbLine
 10
-102.758914262741
 20
12.43752437791202
 30
0.0
 11
-102.758914262741
 21
21.19559196965584
 31
0.0
  0
LINE
  5
14C7
330
14C5
100
AcDbEntity
  8
DIMENSION
  6
Continuous
 62
     2
100
AcDbLine
 10
-88.49333451318952
 20
12.43752437791203
 30
0.0
 11
-88.49333451318952
 21
21.19559196965584
 31
0.0
  0
MTEXT
  5
14C8
330
14C5
100
AcDbEntity
  8
DIMENSION
  6
Continuous
 62
     2
100
AcDbMText
 10
-99.19157714387075
 20
20.57059196965584
 30
0.0
 40
0.625
 41
0.0
 71
     7
 72
     1
  1
\FCHAR_FAST_FONT.shx;\W0.5000000000;\T1.0000000000;\o\l14
  7
STEVE
 73
     1
 44
1.0
  0
MTEXT
  5
14C9
330
14C5
100
AcDbEntity
  8
DIMENSION
  6
Continuous
 62
     2
100
AcDbMText
 10
-98.57149840371326
 20
20.88309196965584
 30
0.0
 40
0.46875
 41
0.0
 71
     7
 72
     1
  1
\FCHAR_FAST_FONT.shx;\W0.5000000000;\T1.0000000000;\o\l1
  7
STEVE
 73
     1
 44
1.0
  0
MTEXT
  5
14CA
330
14C5
100
AcDbEntity
  8
DIMENSION
  6
Continuous
 62
     2
100
AcDbMText
 10
-98.26145903363452
 20
20.41434196965584
 30
0.0
 40
0.46875
 41
0.0
 71
     7
 72
     1
  1
\FCHAR_FAST_FONT.shx;\W0.5000000000;\T1.0000000000;\o\l4
  7
STEVE
 73
     1
 44
1.0
  0
LINE
  5
14CB
330
14C5
100
AcDbEntity
  8
DIMENSION
  6
Continuous
 62
     2
100
AcDbLine
 10
-98.37864653363452
 20
20.41434196965584
 30
0.0
 11
-98.14427153363452
 21
21.35184196965584
 31
0.0
  0
MTEXT
  5
14CC
330
14C5
100
AcDbEntity
  8
DIMENSION
  6
Continuous
 62
     2
100
AcDbMText
 10
-97.95141966355578
 20
20.64871696965584
 30
0.0
 40
0.625
 41
0.0
 71
     7
 72
     1
  1
\FCHAR_FAST_FONT.shx;\W0.5000000000;\T1.0000000000;\o\l" BACK OF ALUM. BAR
  7
STEVE
 73
     1
 44
1.0
  0
LINE
  5
14CD
330
14C5
100
AcDbEntity
  8
DIMENSION
  6
Continuous
 62
     2
100
AcDbLine
 10
-102.758914262741
 20
20.88309196965584
 30
0.0
 11
-99.34782714387075
 21
20.88309196965584
 31
0.0
  0
LINE
  5
14CE
330
14C5
100
AcDbEntity
  8
DIMENSION
  6
Continuous
 62
     2
100
AcDbLine
 10
-88.49333451318952
 20
20.88309196965584
 30
0.0
 11
-91.90442163205972
 21
20.88309196965584
 31
0.0
  0
LWPOLYLINE
  5
14CF
330
14C5
100
AcDbEntity
  8
DIMENSION
  6
Continuous
 62
     2
100
AcDbPolyline
 90
        3
 70
     0
 43
0.0
 10
-102.212039262741
 20
21.03934196965584
 10
-102.758914262741
 20
20.88309196965584
 10
-102.212039262741
 20
20.72684196965584
  0
LWPOLYLINE
  5
14D0
330
14C5
100
AcDbEntity
  8
DIMENSION
  6
Continuous
 62
     2
100
AcDbPolyline
 90
        3
 70
     0
 43
0.0
 10
-89.04020951318952
 20
20.72684196965584
 10
-88.49333451318952
 20
20.88309196965584
 10
-89.04020951318952
 20
21.03934196965584
  0
ENDBLK
  5
16CA
330
14C5
100
AcDbEntity
  8
0
100
AcDbBlockEnd
  0
BLOCK
  5
16CB
330
14D3
100
AcDbEntity
  8
0
100
AcDbBlockBegin
  2
*D98
 70
     1
 10
0.0
 20
0.0
 30
0.0
  3
*D98
  1

  0
LINE
  5
14D4
330
14D3
100
AcDbEntity
  8
DIMENSION
  6
Continuous
 62
     2
100
AcDbLine
 10
-67.31362277097986
 20
11.12502437791202
 30
0.0
 11
-59.71559169916854
 21
11.12502437791202
 31
0.0
  0
LINE
  5
14D5
330
14D3
100
AcDbEntity
  8
DIMENSION
  6
Continuous
 62
     2
100
AcDbLine
 10
-88.18083451318952
 20
12.12502437791203
 30
0.0
 11
-59.71559169916854
 21
12.12502437791203
 31
0.0
  0
MTEXT
  5
14D6
330
14D3
100
AcDbEntity
  8
DIMENSION
  6
Continuous
 62
     2
100
AcDbMText
 10
-59.71559169916854
 20
13.9445497459856
 30
0.0
 40
0.625
 41
0.0
 71
     7
 72
     1
  1
\FCHAR_FAST_FONT.shx;\W0.5000000000;\T1.0000000000;\o\l1"
  7
STEVE
 11
6.123233995736766E-17
 21
1.0
 31
0.0
 73
     1
 44
1.0
  0
LINE
  5
14D7
330
14D3
100
AcDbEntity
  8
DIMENSION
  6
Continuous
 62
     2
100
AcDbLine
 10
-60.02809169916854
 20
11.12502437791202
 30
0.0
 11
-60.02809169916854
 21
10.22658687791202
 31
0.0
  0
LINE
  5
14D8
330
14D3
100
AcDbEntity
  8
DIMENSION
  6
Continuous
 62
     2
100
AcDbLine
 10
-60.02809169916854
 20
12.12502437791203
 30
0.0
 11
-60.02809169916854
 21
13.02346187791203
 31
0.0
  0
LWPOLYLINE
  5
14D9
330
14D3
100
AcDbEntity
  8
DIMENSION
  6
Continuous
 62
     2
100
AcDbPolyline
 90
        3
 70
     0
 43
0.0
 10
-59.87184169916854
 20
10.57814937791202
 10
-60.02809169916854
 20
11.12502437791202
 10
-60.18434169916854
 20
10.57814937791202
  0
LWPOLYLINE
  5
14DA
330
14D3
100
AcDbEntity
  8
DIMENSION
  6
Continuous
 62
     2
100
AcDbPolyline
 90
        3
 70
     0
 43
0.0
 10
-60.18434169916854
 20
12.67189937791203
 10
-60.02809169916854
 20
12.12502437791203
 10
-59.87184169916854
 20
12.67189937791203
  0
LINE
  5
14DB
330
14D3
100
AcDbEntity
  8
DIMENSION
  6
Continuous
 62
     2
100
AcDbLine
 10
-60.02809169916854
 20
11.12502437791202
 30
0.0
 11
-60.02809169916854
 21
10.22658687791202
 31
0.0
  0
LINE
  5
14DC
330
14D3
100
AcDbEntity
  8
DIMENSION
  6
Continuous
 62
     2
100
AcDbLine
 10
-60.02809169916854
 20
12.12502437791203
 30
0.0
 11
-60.02809169916854
 21
13.7882997459856
 31
0.0
  0
ENDBLK
  5
16CC
330
14D3
100
AcDbEntity
  8
0
100
AcDbBlockEnd
  0
BLOCK
  5
16CD
330
14DF
100
AcDbEntity
  8
0
100
AcDbBlockBegin
  2
*D99
 70
     1
 10
0.0
 20
0.0
 30
0.0
  3
*D99
  1

  0
LINE
  5
14E0
330
14DF
100
AcDbEntity
  8
DIMENSION
  6
Continuous
 62
     2
100
AcDbLine
 10
-66.18862277097986
 20
11.25002437791202
 30
0.0
 11
-61.60378791835125
 21
11.25002437791202
 31
0.0
  0
LINE
  5
14E1
330
14DF
100
AcDbEntity
  8
DIMENSION
  6
Continuous
 62
     2
100
AcDbLine
 10
-88.18083451318952
 20
12.12502437791203
 30
0.0
 11
-61.60378791835125
 21
12.12502437791203
 31
0.0
  0
MTEXT
  5
14E2
330
14DF
100
AcDbEntity
  8
DIMENSION
  6
Continuous
 62
     2
100
AcDbMText
 10
-61.91628791835125
 20
15.49886985454251
 30
0.0
 40
0.46875
 41
0.0
 71
     7
 72
     1
  1
\FCHAR_FAST_FONT.shx;\W0.5000000000;\T1.0000000000;\o\l7
  7
STEVE
 11
6.123233995736766E-17
 21
1.0
 31
0.0
 73
     1
 44
1.0
  0
MTEXT
  5
14E3
330
14DF
100
AcDbEntity
  8
DIMENSION
  6
Continuous
 62
     2
100
AcDbMText
 10
-61.44753791835125
 20
15.80890922462125
 30
0.0
 40
0.46875
 41
0.0
 71
     7
 72
     1
  1
\FCHAR_FAST_FONT.shx;\W0.5000000000;\T1.0000000000;\o\l8
  7
STEVE
 11
6.123233995736766E-17
 21
1.0
 31
0.0
 73
     1
 44
1.0
  0
LINE
  5
14E4
330
14DF
100
AcDbEntity
  8
DIMENSION
  6
Continuous
 62
     2
100
AcDbLine
 10
-61.44753791835125
 20
15.69172172462125
 30
0.0
 11
-62.38503791835125
 21
15.92609672462125
 31
0.0
  0
MTEXT
  5
14E5
330
14DF
100
AcDbEntity
  8
DIMENSION
  6
Continuous
 62
     2
100
AcDbMText
 10
-61.68191291835125
 20
16.11894859469999
 30
0.0
 40
0.625
 41
0.0
 71
     7
 72
     1
  1
\FCHAR_FAST_FONT.shx;\W0.5000000000;\T1.0000000000;\o\l" PROD.
  7
STEVE
 11
6.123233995736766E-17
 21
1.0
 31
0.0
 73
     1
 44
1.0
  0
LINE
  5
14E6
330
14DF
100
AcDbEntity
  8
DIMENSION
  6
Continuous
 62
     2
100
AcDbLine
 10
-61.91628791835125
 20
11.25002437791202
 30
0.0
 11
-61.91628791835125
 21
10.35158687791202
 31
0.0
  0
LINE
  5
14E7
330
14DF
100
AcDbEntity
  8
DIMENSION
  6
Continuous
 62
     2
100
AcDbLine
 10
-61.91628791835125
 20
12.12502437791203
 30
0.0
 11
-61.91628791835125
 21
13.02346187791203
 31
0.0
  0
LWPOLYLINE
  5
14E8
330
14DF
100
AcDbEntity
  8
DIMENSION
  6
Continuous
 62
     2
100
AcDbPolyline
 90
        3
 70
     0
 43
0.0
 10
-61.76003791835125
 20
10.70314937791202
 10
-61.91628791835125
 20
11.25002437791202
 10
-62.07253791835125
 20
10.70314937791202
  0
LWPOLYLINE
  5
14E9
330
14DF
100
AcDbEntity
  8
DIMENSION
  6
Continuous
 62
     2
100
AcDbPolyline
 90
        3
 70
     0
 43
0.0
 10
-62.07253791835125
 20
12.67189937791203
 10
-61.91628791835125
 20
12.12502437791203
 10
-61.76003791835125
 20
12.67189937791203
  0
LINE
  5
14EA
330
14DF
100
AcDbEntity
  8
DIMENSION
  6
Continuous
 62
     2
100
AcDbLine
 10
-61.91628791835125
 20
11.25002437791202
 30
0.0
 11
-61.91628791835125
 21
10.35158687791202
 31
0.0
  0
LINE
  5
14EB
330
14DF
100
AcDbEntity
  8
DIMENSION
  6
Continuous
 62
     2
100
AcDbLine
 10
-61.91628791835125
 20
12.12502437791203
 30
0.0
 11
-61.91628791835125
 21
15.34261985454251
 31
0.0
  0
ENDBLK
  5
16CE
330
14DF
100
AcDbEntity
  8
0
100
AcDbBlockEnd
  0
BLOCK
  5
16CF
330
14EE
100
AcDbEntity
  8
0
100
AcDbBlockBegin
  2
*D100
 70
     1
 10
0.0
 20
0.0
 30
0.0
  3
*D100
  1

  0
LINE
  5
14EF
330
14EE
100
AcDbEntity
  8
DIMENSION
  6
Continuous
 62
     2
100
AcDbLine
 10
-89.56362438796523
 20
11.87502437791202
 30
0.0
 11
-63.47389273421077
 21
11.87502437791202
 31
0.0
  0
LINE
  5
14F0
330
14EE
100
AcDbEntity
  8
DIMENSION
  6
Continuous
 62
     2
100
AcDbLine
 10
-88.18083451318952
 20
12.12502437791202
 30
0.0
 11
-63.47389273421077
 21
12.12502437791202
 31
0.0
  0
MTEXT
  5
14F1
330
14EE
100
AcDbEntity
  8
DIMENSION
  6
Continuous
 62
     2
100
AcDbMText
 10
-63.78639273421077
 20
14.57835017860104
 30
0.0
 40
0.46875
 41
0.0
 71
     7
 72
     1
  1
\FCHAR_FAST_FONT.shx;\W0.5000000000;\T1.0000000000;\o\l1
  7
STEVE
 11
6.123233995736766E-17
 21
1.0
 31
0.0
 73
     1
 44
1.0
  0
MTEXT
  5
14F2
330
14EE
100
AcDbEntity
  8
DIMENSION
  6
Continuous
 62
     2
100
AcDbMText
 10
-63.31764273421077
 20
14.88838954867978
 30
0.0
 40
0.46875
 41
0.0
 71
     7
 72
     1
  1
\FCHAR_FAST_FONT.shx;\W0.5000000000;\T1.0000000000;\o\l4
  7
STEVE
 11
6.123233995736766E-17
 21
1.0
 31
0.0
 73
     1
 44
1.0
  0
LINE
  5
14F3
330
14EE
100
AcDbEntity
  8
DIMENSION
  6
Continuous
 62
     2
100
AcDbLine
 10
-63.31764273421077
 20
14.77120204867978
 30
0.0
 11
-64.25514273421078
 21
15.00557704867978
 31
0.0
  0
MTEXT
  5
14F4
330
14EE
100
AcDbEntity
  8
DIMENSION
  6
Continuous
 62
     2
100
AcDbMText
 10
-63.55201773421077
 20
15.19842891875852
 30
0.0
 40
0.625
 41
0.0
 71
     7
 72
     1
  1
\FCHAR_FAST_FONT.shx;\W0.5000000000;\T1.0000000000;\o\l" LOCK IN
  7
STEVE
 11
6.123233995736766E-17
 21
1.0
 31
0.0
 73
     1
 44
1.0
  0
LINE
  5
14F5
330
14EE
100
AcDbEntity
  8
DIMENSION
  6
Continuous
 62
     2
100
AcDbLine
 10
-63.78639273421077
 20
11.87502437791202
 30
0.0
 11
-63.78639273421077
 21
10.97658687791202
 31
0.0
  0
LINE
  5
14F6
330
14EE
100
AcDbEntity
  8
DIMENSION
  6
Continuous
 62
     2
100
AcDbLine
 10
-63.78639273421077
 20
12.12502437791202
 30
0.0
 11
-63.78639273421077
 21
13.02346187791202
 31
0.0
  0
LWPOLYLINE
  5
14F7
330
14EE
100
AcDbEntity
  8
DIMENSION
  6
Continuous
 62
     2
100
AcDbPolyline
 90
        3
 70
     0
 43
0.0
 10
-63.63014273421077
 20
11.32814937791202
 10
-63.78639273421077
 20
11.87502437791202
 10
-63.94264273421077
 20
11.32814937791202
  0
LWPOLYLINE
  5
14F8
330
14EE
100
AcDbEntity
  8
DIMENSION
  6
Continuous
 62
     2
100
AcDbPolyline
 90
        3
 70
     0
 43
0.0
 10
-63.94264273421077
 20
12.67189937791202
 10
-63.78639273421077
 20
12.12502437791202
 10
-63.63014273421077
 20
12.67189937791202
  0
LINE
  5
14F9
330
14EE
100
AcDbEntity
  8
DIMENSION
  6
Continuous
 62
     2
100
AcDbLine
 10
-63.78639273421077
 20
11.87502437791202
 30
0.0
 11
-63.78639273421077
 21
10.97658687791202
 31
0.0
  0
LINE
  5
14FA
330
14EE
100
AcDbEntity
  8
DIMENSION
  6
Continuous
 62
     2
100
AcDbLine
 10
-63.78639273421077
 20
12.12502437791202
 30
0.0
 11
-63.78639273421077
 21
14.42210017860104
 31
0.0
  0
ENDBLK
  5
16D0
330
14EE
100
AcDbEntity
  8
0
100
AcDbBlockEnd
  0
BLOCK
  5
16D1
330
14FD
100
AcDbEntity
  8
0
100
AcDbBlockBegin
  2
*D101
 70
     1
 10
0.0
 20
0.0
 30
0.0
  3
*D101
  1

  0
LINE
  5
14FE
330
14FD
100
AcDbEntity
  8
DIMENSION
  6
Continuous
 62
     2
100
AcDbLine
 10
-66.18862277097986
 20
11.25002437791202
 30
0.0
 11
-64.56579264282556
 21
11.25002437791202
 31
0.0
  0
LINE
  5
14FF
330
14FD
100
AcDbEntity
  8
DIMENSION
  6
Continuous
 62
     2
100
AcDbLine
 10
-67.31362277097986
 20
11.12502437791203
 30
0.0
 11
-64.56579264282556
 21
11.12502437791203
 31
0.0
  0
MTEXT
  5
1500
330
14FD
100
AcDbEntity
  8
DIMENSION
  6
Continuous
 62
     2
100
AcDbMText
 10
-64.87829264282556
 20
5.703665274377006
 30
0.0
 40
0.46875
 41
0.0
 71
     7
 72
     1
  1
\FCHAR_FAST_FONT.shx;\W0.5000000000;\T1.0000000000;\o\l1
  7
STEVE
 11
6.123233995736766E-17
 21
1.0
 31
0.0
 73
     1
 44
1.0
  0
MTEXT
  5
1501
330
14FD
100
AcDbEntity
  8
DIMENSION
  6
Continuous
 62
     2
100
AcDbMText
 10
-64.40954264282556
 20
6.013704644455746
 30
0.0
 40
0.46875
 41
0.0
 71
     7
 72
     1
  1
\FCHAR_FAST_FONT.shx;\W0.5000000000;\T1.0000000000;\o\l8
  7
STEVE
 11
6.123233995736766E-17
 21
1.0
 31
0.0
 73
     1
 44
1.0
  0
LINE
  5
1502
330
14FD
100
AcDbEntity
  8
DIMENSION
  6
Continuous
 62
     2
100
AcDbLine
 10
-64.40954264282556
 20
5.896517144455746
 30
0.0
 11
-65.34704264282556
 21
6.130892144455746
 31
0.0
  0
MTEXT
  5
1503
330
14FD
100
AcDbEntity
  8
DIMENSION
  6
Continuous
 62
     2
100
AcDbMText
 10
-64.64391764282556
 20
6.323744014534487
 30
0.0
 40
0.625
 41
0.0
 71
     7
 72
     1
  1
\FCHAR_FAST_FONT.shx;\W0.5000000000;\T1.0000000000;\o\l" PERF. PL.
  7
STEVE
 11
6.123233995736766E-17
 21
1.0
 31
0.0
 73
     1
 44
1.0
  0
LINE
  5
1504
330
14FD
100
AcDbEntity
  8
DIMENSION
  6
Continuous
 62
     2
100
AcDbLine
 10
-64.87829264282556
 20
11.25002437791202
 30
0.0
 11
-64.87829264282556
 21
12.14846187791202
 31
0.0
  0
LINE
  5
1505
330
14FD
100
AcDbEntity
  8
DIMENSION
  6
Continuous
 62
     2
100
AcDbLine
 10
-64.87829264282556
 20
11.12502437791203
 30
0.0
 11
-64.87829264282556
 21
10.22658687791203
 31
0.0
  0
LWPOLYLINE
  5
1506
330
14FD
100
AcDbEntity
  8
DIMENSION
  6
Continuous
 62
     2
100
AcDbPolyline
 90
        3
 70
     0
 43
0.0
 10
-65.03454264282556
 20
11.79689937791202
 10
-64.87829264282556
 20
11.25002437791202
 10
-64.72204264282556
 20
11.79689937791202
  0
LWPOLYLINE
  5
1507
330
14FD
100
AcDbEntity
  8
DIMENSION
  6
Continuous
 62
     2
100
AcDbPolyline
 90
        3
 70
     0
 43
0.0
 10
-64.72204264282556
 20
10.57814937791203
 10
-64.87829264282556
 20
11.12502437791203
 10
-65.03454264282556
 20
10.57814937791203
  0
LINE
  5
1508
330
14FD
100
AcDbEntity
  8
DIMENSION
  6
Continuous
 62
     2
100
AcDbLine
 10
-64.87829264282556
 20
11.25002437791202
 30
0.0
 11
-64.87829264282556
 21
12.14846187791202
 31
0.0
  0
LINE
  5
1509
330
14FD
100
AcDbEntity
  8
DIMENSION
  6
Continuous
 62
     2
100
AcDbLine
 10
-64.87829264282556
 20
11.12502437791203
 30
0.0
 11
-64.87829264282556
 21
9.89042708540063
 31
0.0
  0
ENDBLK
  5
16D2
330
14FD
100
AcDbEntity
  8
0
100
AcDbBlockEnd
  0
BLOCK
  5
16D3
330
150C
100
AcDbEntity
  8
0
100
AcDbBlockBegin
  2
*D102
 70
     1
 10
0.0
 20
0.0
 30
0.0
  3
*D102
  1

  0
LINE
  5
150D
330
150C
100
AcDbEntity
  8
DIMENSION
  6
Continuous
 62
     2
100
AcDbLine
 10
-66.18862277097986
 20
11.25002437791202
 30
0.0
 11
-62.74394859640756
 21
11.25002437791202
 31
0.0
  0
LINE
  5
150E
330
150C
100
AcDbEntity
  8
DIMENSION
  6
Continuous
 62
     2
100
AcDbLine
 10
-66.18862277097986
 20
11.50002437791202
 30
0.0
 11
-62.74394859640756
 21
11.50002437791202
 31
0.0
  0
MTEXT
  5
150F
330
150C
100
AcDbEntity
  8
DIMENSION
  6
Continuous
 62
     2
100
AcDbMText
 10
-63.05644859640756
 20
6.352525992442053
 30
0.0
 40
0.46875
 41
0.0
 71
     7
 72
     1
  1
\FCHAR_FAST_FONT.shx;\W0.5000000000;\T1.0000000000;\o\l1
  7
STEVE
 11
6.123233995736766E-17
 21
1.0
 31
0.0
 73
     1
 44
1.0
  0
MTEXT
  5
1510
330
150C
100
AcDbEntity
  8
DIMENSION
  6
Continuous
 62
     2
100
AcDbMText
 10
-62.58769859640756
 20
6.662565362520793
 30
0.0
 40
0.46875
 41
0.0
 71
     7
 72
     1
  1
\FCHAR_FAST_FONT.shx;\W0.5000000000;\T1.0000000000;\o\l4
  7
STEVE
 11
6.123233995736766E-17
 21
1.0
 31
0.0
 73
     1
 44
1.0
  0
LINE
  5
1511
330
150C
100
AcDbEntity
  8
DIMENSION
  6
Continuous
 62
     2
100
AcDbLine
 10
-62.58769859640756
 20
6.545377862520793
 30
0.0
 11
-63.52519859640756
 21
6.779752862520793
 31
0.0
  0
MTEXT
  5
1512
330
150C
100
AcDbEntity
  8
DIMENSION
  6
Continuous
 62
     2
100
AcDbMText
 10
-62.82207359640756
 20
6.972604732599534
 30
0.0
 40
0.625
 41
0.0
 71
     7
 72
     1
  1
\FCHAR_FAST_FONT.shx;\W0.5000000000;\T1.0000000000;\o\l" ALUM. PL.
  7
STEVE
 11
6.123233995736766E-17
 21
1.0
 31
0.0
 73
     1
 44
1.0
  0
LINE
  5
1513
330
150C
100
AcDbEntity
  8
DIMENSION
  6
Continuous
 62
     2
100
AcDbLine
 10
-63.05644859640756
 20
11.25002437791202
 30
0.0
 11
-63.05644859640756
 21
10.35158687791202
 31
0.0
  0
LINE
  5
1514
330
150C
100
AcDbEntity
  8
DIMENSION
  6
Continuous
 62
     2
100
AcDbLine
 10
-63.05644859640756
 20
11.50002437791202
 30
0.0
 11
-63.05644859640756
 21
12.39846187791202
 31
0.0
  0
LWPOLYLINE
  5
1515
330
150C
100
AcDbEntity
  8
DIMENSION
  6
Continuous
 62
     2
100
AcDbPolyline
 90
        3
 70
     0
 43
0.0
 10
-62.90019859640756
 20
10.70314937791202
 10
-63.05644859640756
 20
11.25002437791202
 10
-63.21269859640756
 20
10.70314937791202
  0
LWPOLYLINE
  5
1516
330
150C
100
AcDbEntity
  8
DIMENSION
  6
Continuous
 62
     2
100
AcDbPolyline
 90
        3
 70
     0
 43
0.0
 10
-63.21269859640756
 20
12.04689937791202
 10
-63.05644859640756
 20
11.50002437791202
 10
-62.90019859640756
 20
12.04689937791202
  0
LINE
  5
1517
330
150C
100
AcDbEntity
  8
DIMENSION
  6
Continuous
 62
     2
100
AcDbLine
 10
-63.05644859640756
 20
11.25002437791202
 30
0.0
 11
-63.05644859640756
 21
10.53928780346568
 31
0.0
  0
LINE
  5
1518
330
150C
100
AcDbEntity
  8
DIMENSION
  6
Continuous
 62
     2
100
AcDbLine
 10
-63.05644859640756
 20
11.50002437791202
 30
0.0
 11
-63.05644859640756
 21
12.39846187791202
 31
0.0
  0
ENDBLK
  5
16D4
330
150C
100
AcDbEntity
  8
0
100
AcDbBlockEnd
  0
BLOCK
  5
16D5
330
151C
100
AcDbEntity
  8
0
100
AcDbBlockBegin
  2
*D103
 70
     1
 10
0.0
 20
0.0
 30
0.0
  3
*D103
  1

  0
LINE
  5
151D
330
151C
100
AcDbEntity
  8
DIMENSION
  6
Continuous
 62
     2
100
AcDbLine
 10
-87.52147531625792
 20
14.22967344961935
 30
0.0
 11
-87.4913049865218
 21
14.25984377935548
 31
0.0
  0
LINE
  5
151E
330
151C
100
AcDbEntity
  8
DIMENSION
  6
Continuous
 62
     2
100
AcDbLine
 10
-89.87612438796523
 20
15.20500102974973
 30
0.0
 11
-89.87612438796523
 21
15.24766831924384
 31
0.0
  0
ARC
  5
151F
330
151C
100
AcDbEntity
  8
DIMENSION
  6
Continuous
 62
     2
100
AcDbCircle
 10
-89.87612438796523
 20
11.87502437791203
 30
0.0
 40
3.060143941331809
100
AcDbArc
 50
45.00000000000012
 51
56.98933472563874
  0
ARC
  5
1520
330
151C
100
AcDbEntity
  8
DIMENSION
  6
Continuous
 62
     2
100
AcDbCircle
 10
-89.87612438796523
 20
11.87502437791203
 30
0.0
 40
3.060143941331809
100
AcDbArc
 50
77.61319845628562
 51
90.0
  0
LWPOLYLINE
  5
1521
330
151C
100
AcDbEntity
  8
DIMENSION
  6
Continuous
 62
     2
100
AcDbPolyline
 90
        3
 70
     0
 43
0.0
 10
-88.23215243369778
 20
14.26955596491064
 10
-87.71227585564259
 20
14.03887291023468
 10
-88.0318102043512
 20
14.50938765827173
  0
LWPOLYLINE
  5
1522
330
151C
100
AcDbEntity
  8
DIMENSION
  6
Continuous
 62
     2
100
AcDbPolyline
 90
        3
 70
     0
 43
0.0
 10
-89.31747531418608
 20
15.04192758343523
 10
-89.87612438796523
 20
14.93516831924384
 10
-89.34539858197616
 20
14.73067761778716
  0
MTEXT
  5
1523
330
151C
100
AcDbEntity
  8
DIMENSION
  6
Continuous
 62
     2
100
AcDbMText
 10
-89.06800091435097
 20
14.3897287318469
 30
0.0
 40
0.625
 41
0.0
 71
     7
 72
     1
  1
\FCHAR_FAST_FONT.shx;\W0.5000000000;\T1.0000000000;\o\l45%%d
  7
STEVE
 73
     1
 44
1.0
  0
ENDBLK
  5
16D6
330
151C
100
AcDbEntity
  8
0
100
AcDbBlockEnd
  0
BLOCK
  5
16D7
330
1532
100
AcDbEntity
  8
0
100
AcDbBlockBegin
  2
*D104
 70
     1
 10
0.0
 20
0.0
 30
0.0
  3
*D104
  1

  0
LINE
  5
1533
330
1532
100
AcDbEntity
  8
DIMENSION
  6
Continuous
 62
     2
100
AcDbLine
 10
-26.88619603198921
 20
79.90879939633122
 30
0.0
 11
-26.88619603198921
 21
83.30520851382599
 31
0.0
  0
LINE
  5
1534
330
1532
100
AcDbEntity
  8
DIMENSION
  6
Continuous
 62
     2
100
AcDbLine
 10
-22.88017658378165
 20
76.40879939633133
 30
0.0
 11
-22.88017658378165
 21
83.30520851382599
 31
0.0
  0
MTEXT
  5
1535
330
1532
100
AcDbEntity
  8
DIMENSION
  6
Continuous
 62
     2
100
AcDbMText
 10
-25.09110953623188
 20
82.68020851382599
 30
0.0
 40
0.625
 41
0.0
 71
     7
 72
     1
  1
\FCHAR_FAST_FONT.shx;\W0.5000000000;\T1.0000000000;\o\l1"
  7
STEVE
 73
     1
 44
1.0
  0
LINE
  5
1536
330
1532
100
AcDbEntity
  8
DIMENSION
  6
Continuous
 62
     2
100
AcDbLine
 10
-26.88619603198921
 20
82.99270851382599
 30
0.0
 11
-25.24735953623188
 21
82.99270851382599
 31
0.0
  0
LINE
  5
1537
330
1532
100
AcDbEntity
  8
DIMENSION
  6
Continuous
 62
     2
100
AcDbLine
 10
-22.88017658378165
 20
82.99270851382599
 30
0.0
 11
-24.51901307953897
 21
82.99270851382599
 31
0.0
  0
LWPOLYLINE
  5
1538
330
1532
100
AcDbEntity
  8
DIMENSION
  6
Continuous
 62
     2
100
AcDbPolyline
 90
        3
 70
     0
 43
0.0
 10
-26.33932103198921
 20
83.14895851382599
 10
-26.88619603198921
 20
82.99270851382599
 10
-26.33932103198921
 20
82.83645851382599
  0
LWPOLYLINE
  5
1539
330
1532
100
AcDbEntity
  8
DIMENSION
  6
Continuous
 62
     2
100
AcDbPolyline
 90
        3
 70
     0
 43
0.0
 10
-23.42705158378165
 20
82.83645851382599
 10
-22.88017658378165
 20
82.99270851382599
 10
-23.42705158378165
 20
83.14895851382599
  0
ENDBLK
  5
16D8
330
1532
100
AcDbEntity
  8
0
100
AcDbBlockEnd
  0
BLOCK
  5
16D9
330
153C
100
AcDbEntity
  8
0
100
AcDbBlockBegin
  2
*D105
 70
     1
 10
0.0
 20
0.0
 30
0.0
  3
*D105
  1

  0
LINE
  5
153D
330
153C
100
AcDbEntity
  8
DIMENSION
  6
Continuous
 62
     2
100
AcDbLine
 10
-24.88619603198921
 20
75.78379939633133
 30
0.0
 11
-24.88619603198921
 21
73.06888903672636
 31
0.0
  0
LINE
  5
153E
330
153C
100
AcDbEntity
  8
DIMENSION
  6
Continuous
 62
     2
100
AcDbLine
 10
-26.88619603198921
 20
76.78379939633068
 30
0.0
 11
-26.88619603198921
 21
73.06888903672636
 31
0.0
  0
MTEXT
  5
153F
330
153C
100
AcDbEntity
  8
DIMENSION
  6
Continuous
 62
     2
100
AcDbMText
 10
-26.35125508710732
 20
73.38138903672636
 30
0.0
 40
0.46875
 41
0.0
 71
     7
 72
     1
  1
\FCHAR_FAST_FONT.shx;\W0.5000000000;\T1.0000000000;\o\l1
  7
STEVE
 73
     1
 44
1.0
  0
MTEXT
  5
1540
330
153C
100
AcDbEntity
  8
DIMENSION
  6
Continuous
 62
     2
100
AcDbMText
 10
-26.04121571702858
 20
72.91263903672636
 30
0.0
 40
0.46875
 41
0.0
 71
     7
 72
     1
  1
\FCHAR_FAST_FONT.shx;\W0.5000000000;\T1.0000000000;\o\l2
  7
STEVE
 73
     1
 44
1.0
  0
LINE
  5
1541
330
153C
100
AcDbEntity
  8
DIMENSION
  6
Continuous
 62
     2
100
AcDbLine
 10
-26.15840321702858
 20
72.91263903672636
 30
0.0
 11
-25.92402821702858
 21
73.85013903672636
 31
0.0
  0
MTEXT
  5
1542
330
153C
100
AcDbEntity
  8
DIMENSION
  6
Continuous
 62
     2
100
AcDbMText
 10
-25.73117634694984
 20
73.14701403672636
 30
0.0
 40
0.625
 41
0.0
 71
     7
 72
     1
  1
\FCHAR_FAST_FONT.shx;\W0.5000000000;\T1.0000000000;\o\l"
  7
STEVE
 73
     1
 44
1.0
  0
LINE
  5
1543
330
153C
100
AcDbEntity
  8
DIMENSION
  6
Continuous
 62
     2
100
AcDbLine
 10
-24.88619603198921
 20
73.38138903672636
 30
0.0
 11
-23.98775853198921
 21
73.38138903672636
 31
0.0
  0
LINE
  5
1544
330
153C
100
AcDbEntity
  8
DIMENSION
  6
Continuous
 62
     2
100
AcDbLine
 10
-26.88619603198921
 20
73.38138903672636
 30
0.0
 11
-27.78463353198921
 21
73.38138903672636
 31
0.0
  0
LWPOLYLINE
  5
1545
330
153C
100
AcDbEntity
  8
DIMENSION
  6
Continuous
 62
     2
100
AcDbPolyline
 90
        3
 70
     0
 43
0.0
 10
-24.33932103198921
 20
73.53763903672636
 10
-24.88619603198921
 20
73.38138903672636
 10
-24.33932103198921
 20
73.22513903672636
  0
LWPOLYLINE
  5
1546
330
153C
100
AcDbEntity
  8
DIMENSION
  6
Continuous
 62
     2
100
AcDbPolyline
 90
        3
 70
     0
 43
0.0
 10
-27.43307103198921
 20
73.22513903672636
 10
-26.88619603198921
 20
73.38138903672636
 10
-27.43307103198921
 20
73.53763903672636
  0
ENDBLK
  5
16DA
330
153C
100
AcDbEntity
  8
0
100
AcDbBlockEnd
  0
BLOCK
  5
16DB
330
1549
100
AcDbEntity
  8
0
100
AcDbBlockBegin
  2
*D106
 70
     1
 10
0.0
 20
0.0
 30
0.0
  3
*D106
  1

  0
LINE
  5
154A
330
1549
100
AcDbEntity
  8
DIMENSION
  6
Continuous
 62
     2
100
AcDbLine
 10
-27.19869603198921
 20
77.09629939633068
 30
0.0
 11
-29.47209599195392
 21
77.09629939633068
 31
0.0
  0
LINE
  5
154B
330
1549
100
AcDbEntity
  8
DIMENSION
  6
Continuous
 62
     2
100
AcDbLine
 10
-25.19869603198921
 20
76.09629939633133
 30
0.0
 11
-29.47209599195392
 21
76.09629939633133
 31
0.0
  0
MTEXT
  5
154C
330
1549
100
AcDbEntity
  8
DIMENSION
  6
Continuous
 62
     2
100
AcDbMText
 10
-29.15959599195392
 20
73.52036842954665
 30
0.0
 40
0.46875
 41
0.0
 71
     7
 72
     1
  1
\FCHAR_FAST_FONT.shx;\W0.5000000000;\T1.0000000000;\o\l1
  7
STEVE
 11
6.123233995736766E-17
 21
1.0
 31
0.0
 73
     1
 44
1.0
  0
MTEXT
  5
154D
330
1549
100
AcDbEntity
  8
DIMENSION
  6
Continuous
 62
     2
100
AcDbMText
 10
-28.69084599195392
 20
73.83040779962539
 30
0.0
 40
0.46875
 41
0.0
 71
     7
 72
     1
  1
\FCHAR_FAST_FONT.shx;\W0.5000000000;\T1.0000000000;\o\l4
  7
STEVE
 11
6.123233995736766E-17
 21
1.0
 31
0.0
 73
     1
 44
1.0
  0
LINE
  5
154E
330
1549
100
AcDbEntity
  8
DIMENSION
  6
Continuous
 62
     2
100
AcDbLine
 10
-28.69084599195392
 20
73.71322029962539
 30
0.0
 11
-29.62834599195392
 21
73.94759529962539
 31
0.0
  0
MTEXT
  5
154F
330
1549
100
AcDbEntity
  8
DIMENSION
  6
Continuous
 62
     2
100
AcDbMText
 10
-28.92522099195392
 20
74.14044716970413
 30
0.0
 40
0.625
 41
0.0
 71
     7
 72
     1
  1
\FCHAR_FAST_FONT.shx;\W0.5000000000;\T1.0000000000;\o\l"
  7
STEVE
 11
6.123233995736766E-17
 21
1.0
 31
0.0
 73
     1
 44
1.0
  0
LINE
  5
1550
330
1549
100
AcDbEntity
  8
DIMENSION
  6
Continuous
 62
     2
100
AcDbLine
 10
-29.15959599195392
 20
77.09629939633068
 30
0.0
 11
-29.15959599195392
 21
77.99473689633068
 31
0.0
  0
LINE
  5
1551
330
1549
100
AcDbEntity
  8
DIMENSION
  6
Continuous
 62
     2
100
AcDbLine
 10
-29.15959599195392
 20
76.09629939633133
 30
0.0
 11
-29.15959599195392
 21
75.19786189633133
 31
0.0
  0
LWPOLYLINE
  5
1552
330
1549
100
AcDbEntity
  8
DIMENSION
  6
Continuous
 62
     2
100
AcDbPolyline
 90
        3
 70
     0
 43
0.0
 10
-29.31584599195392
 20
77.64317439633068
 10
-29.15959599195392
 20
77.09629939633068
 10
-29.00334599195392
 20
77.64317439633068
  0
LWPOLYLINE
  5
1553
330
1549
100
AcDbEntity
  8
DIMENSION
  6
Continuous
 62
     2
100
AcDbPolyline
 90
        3
 70
     0
 43
0.0
 10
-29.00334599195392
 20
75.54942439633133
 10
-29.15959599195392
 20
76.09629939633133
 10
-29.31584599195392
 20
75.54942439633133
  0
LINE
  5
1554
330
1549
100
AcDbEntity
  8
DIMENSION
  6
Continuous
 62
     2
100
AcDbLine
 10
-29.15959599195392
 20
77.09629939633068
 30
0.0
 11
-29.15959599195392
 21
77.99473689633068
 31
0.0
  0
LINE
  5
1555
330
1549
100
AcDbEntity
  8
DIMENSION
  6
Continuous
 62
     2
100
AcDbLine
 10
-29.15959599195392
 20
76.09629939633133
 30
0.0
 11
-29.15959599195392
 21
74.60673653978287
 31
0.0
  0
ENDBLK
  5
16DC
330
1549
100
AcDbEntity
  8
0
100
AcDbBlockEnd
  0
BLOCK
  5
16DD
330
1558
100
AcDbEntity
  8
0
100
AcDbBlockBegin
  2
*D107
 70
     1
 10
0.0
 20
0.0
 30
0.0
  3
*D107
  1

  0
LINE
  5
1559
330
1558
100
AcDbEntity
  8
DIMENSION
  6
Continuous
 62
     2
100
AcDbLine
 10
-27.19869603198921
 20
78.59629939633122
 30
0.0
 11
-30.88673979620896
 21
78.59629939633122
 31
0.0
  0
LINE
  5
155A
330
1558
100
AcDbEntity
  8
DIMENSION
  6
Continuous
 62
     2
100
AcDbLine
 10
-27.19869603198921
 20
79.59629939633122
 30
0.0
 11
-30.88673979620896
 21
79.59629939633122
 31
0.0
  0
MTEXT
  5
155B
330
1558
100
AcDbEntity
  8
DIMENSION
  6
Continuous
 62
     2
100
AcDbMText
 10
-30.57423979620896
 20
80.91085073615267
 30
0.0
 40
0.46875
 41
0.0
 71
     7
 72
     1
  1
\FCHAR_FAST_FONT.shx;\W0.5000000000;\T1.0000000000;\o\l1
  7
STEVE
 11
6.123233995736766E-17
 21
1.0
 31
0.0
 73
     1
 44
1.0
  0
MTEXT
  5
155C
330
1558
100
AcDbEntity
  8
DIMENSION
  6
Continuous
 62
     2
100
AcDbMText
 10
-30.10548979620896
 20
81.22089010623141
 30
0.0
 40
0.46875
 41
0.0
 71
     7
 72
     1
  1
\FCHAR_FAST_FONT.shx;\W0.5000000000;\T1.0000000000;\o\l4
  7
STEVE
 11
6.123233995736766E-17
 21
1.0
 31
0.0
 73
     1
 44
1.0
  0
LINE
  5
155D
330
1558
100
AcDbEntity
  8
DIMENSION
  6
Continuous
 62
     2
100
AcDbLine
 10
-30.10548979620896
 20
81.10370260623141
 30
0.0
 11
-31.04298979620896
 21
81.33807760623141
 31
0.0
  0
MTEXT
  5
155E
330
1558
100
AcDbEntity
  8
DIMENSION
  6
Continuous
 62
     2
100
AcDbMText
 10
-30.33986479620896
 20
81.53092947631015
 30
0.0
 40
0.625
 41
0.0
 71
     7
 72
     1
  1
\FCHAR_FAST_FONT.shx;\W0.5000000000;\T1.0000000000;\o\l"
  7
STEVE
 11
6.123233995736766E-17
 21
1.0
 31
0.0
 73
     1
 44
1.0
  0
LINE
  5
155F
330
1558
100
AcDbEntity
  8
DIMENSION
  6
Continuous
 62
     2
100
AcDbLine
 10
-30.57423979620896
 20
78.59629939633122
 30
0.0
 11
-30.57423979620896
 21
77.69786189633122
 31
0.0
  0
LINE
  5
1560
330
1558
100
AcDbEntity
  8
DIMENSION
  6
Continuous
 62
     2
100
AcDbLine
 10
-30.57423979620896
 20
79.59629939633122
 30
0.0
 11
-30.57423979620896
 21
80.49473689633122
 31
0.0
  0
LWPOLYLINE
  5
1561
330
1558
100
AcDbEntity
  8
DIMENSION
  6
Continuous
 62
     2
100
AcDbPolyline
 90
        3
 70
     0
 43
0.0
 10
-30.41798979620896
 20
78.04942439633122
 10
-30.57423979620896
 20
78.59629939633122
 10
-30.73048979620896
 20
78.04942439633122
  0
LWPOLYLINE
  5
1562
330
1558
100
AcDbEntity
  8
DIMENSION
  6
Continuous
 62
     2
100
AcDbPolyline
 90
        3
 70
     0
 43
0.0
 10
-30.73048979620896
 20
80.14317439633122
 10
-30.57423979620896
 20
79.59629939633122
 10
-30.41798979620896
 20
80.14317439633122
  0
LINE
  5
1563
330
1558
100
AcDbEntity
  8
DIMENSION
  6
Continuous
 62
     2
100
AcDbLine
 10
-30.57423979620896
 20
78.59629939633122
 30
0.0
 11
-30.57423979620896
 21
77.69786189633122
 31
0.0
  0
LINE
  5
1564
330
1558
100
AcDbEntity
  8
DIMENSION
  6
Continuous
 62
     2
100
AcDbLine
 10
-30.57423979620896
 20
79.59629939633122
 30
0.0
 11
-30.57423979620896
 21
80.75460073615267
 31
0.0
  0
ENDBLK
  5
16DE
330
1558
100
AcDbEntity
  8
0
100
AcDbBlockEnd
  0
BLOCK
  5
16DF
330
1567
100
AcDbEntity
  8
0
100
AcDbBlockBegin
  2
*D108
 70
     1
 10
0.0
 20
0.0
 30
0.0
  3
*D108
  1

  0
LINE
  5
1568
330
1567
100
AcDbEntity
  8
DIMENSION
  6
Continuous
 62
     2
100
AcDbLine
 10
-27.19869603198921
 20
79.59629939633122
 30
0.0
 11
-32.93480619938416
 21
79.59629939633122
 31
0.0
  0
LINE
  5
1569
330
1567
100
AcDbEntity
  8
DIMENSION
  6
Continuous
 62
     2
100
AcDbLine
 10
-25.19869603198921
 20
76.09629939633133
 30
0.0
 11
-32.93480619938416
 21
76.09629939633133
 31
0.0
  0
MTEXT
  5
156A
330
1567
100
AcDbEntity
  8
DIMENSION
  6
Continuous
 62
     2
100
AcDbMText
 10
-32.62230619938416
 20
77.38124034121317
 30
0.0
 40
0.46875
 41
0.0
 71
     7
 72
     1
  1
\FCHAR_FAST_FONT.shx;\W0.5000000000;\T1.0000000000;\o\l7
  7
STEVE
 11
6.123233995736766E-17
 21
1.0
 31
0.0
 73
     1
 44
1.0
  0
MTEXT
  5
156B
330
1567
100
AcDbEntity
  8
DIMENSION
  6
Continuous
 62
     2
100
AcDbMText
 10
-32.15355619938416
 20
77.69127971129191
 30
0.0
 40
0.46875
 41
0.0
 71
     7
 72
     1
  1
\FCHAR_FAST_FONT.shx;\W0.5000000000;\T1.0000000000;\o\l8
  7
STEVE
 11
6.123233995736766E-17
 21
1.0
 31
0.0
 73
     1
 44
1.0
  0
LINE
  5
156C
330
1567
100
AcDbEntity
  8
DIMENSION
  6
Continuous
 62
     2
100
AcDbLine
 10
-32.15355619938416
 20
77.57409221129191
 30
0.0
 11
-33.09105619938416
 21
77.80846721129191
 31
0.0
  0
MTEXT
  5
156D
330
1567
100
AcDbEntity
  8
DIMENSION
  6
Continuous
 62
     2
100
AcDbMText
 10
-32.38793119938416
 20
78.00131908137065
 30
0.0
 40
0.625
 41
0.0
 71
     7
 72
     1
  1
\FCHAR_FAST_FONT.shx;\W0.5000000000;\T1.0000000000;\o\l"
  7
STEVE
 11
6.123233995736766E-17
 21
1.0
 31
0.0
 73
     1
 44
1.0
  0
LINE
  5
156E
330
1567
100
AcDbEntity
  8
DIMENSION
  6
Continuous
 62
     2
100
AcDbLine
 10
-32.62230619938416
 20
79.59629939633122
 30
0.0
 11
-32.62230619938416
 21
78.4676084514494
 31
0.0
  0
LINE
  5
156F
330
1567
100
AcDbEntity
  8
DIMENSION
  6
Continuous
 62
     2
100
AcDbLine
 10
-32.62230619938416
 20
76.09629939633133
 30
0.0
 11
-32.62230619938416
 21
77.22499034121317
 31
0.0
  0
LWPOLYLINE
  5
1570
330
1567
100
AcDbEntity
  8
DIMENSION
  6
Continuous
 62
     2
100
AcDbPolyline
 90
        3
 70
     0
 43
0.0
 10
-32.46605619938416
 20
79.04942439633122
 10
-32.62230619938416
 20
79.59629939633122
 10
-32.77855619938416
 20
79.04942439633122
  0
LWPOLYLINE
  5
1571
330
1567
100
AcDbEntity
  8
DIMENSION
  6
Continuous
 62
     2
100
AcDbPolyline
 90
        3
 70
     0
 43
0.0
 10
-32.77855619938416
 20
76.64317439633133
 10
-32.62230619938416
 20
76.09629939633133
 10
-32.46605619938416
 20
76.64317439633133
  0
ENDBLK
  5
16E0
330
1567
100
AcDbEntity
  8
0
100
AcDbBlockEnd
  0
BLOCK
  5
16E1
330
1574
100
AcDbEntity
  8
0
100
AcDbBlockBegin
  2
*D109
 70
     1
 10
0.0
 20
0.0
 30
0.0
  3
*D109
  1

  0
LINE
  5
1575
330
1574
100
AcDbEntity
  8
DIMENSION
  6
Continuous
 62
     2
100
AcDbLine
 10
-27.19869603198921
 20
78.59629939633122
 30
0.0
 11
-30.88673979620896
 21
78.59629939633122
 31
0.0
  0
LINE
  5
1576
330
1574
100
AcDbEntity
  8
DIMENSION
  6
Continuous
 62
     2
100
AcDbLine
 10
-25.19869603198921
 20
76.09629939633133
 30
0.0
 11
-30.88673979620896
 21
76.09629939633133
 31
0.0
  0
MTEXT
  5
1577
330
1574
100
AcDbEntity
  8
DIMENSION
  6
Continuous
 62
     2
100
AcDbMText
 10
-31.35548979620896
 20
76.88124034121317
 30
0.0
 40
0.46875
 41
0.0
 71
     7
 72
     1
  1
\FCHAR_FAST_FONT.shx;\W0.5000000000;\T1.0000000000;\o\l5
  7
STEVE
 11
6.123233995736766E-17
 21
1.0
 31
0.0
 73
     1
 44
1.0
  0
MTEXT
  5
1578
330
1574
100
AcDbEntity
  8
DIMENSION
  6
Continuous
 62
     2
100
AcDbMText
 10
-30.88673979620896
 20
77.19127971129191
 30
0.0
 40
0.46875
 41
0.0
 71
     7
 72
     1
  1
\FCHAR_FAST_FONT.shx;\W0.5000000000;\T1.0000000000;\o\l8
  7
STEVE
 11
6.123233995736766E-17
 21
1.0
 31
0.0
 73
     1
 44
1.0
  0
LINE
  5
1579
330
1574
100
AcDbEntity
  8
DIMENSION
  6
Continuous
 62
     2
100
AcDbLine
 10
-30.88673979620896
 20
77.07409221129191
 30
0.0
 11
-31.82423979620896
 21
77.30846721129191
 31
0.0
  0
MTEXT
  5
157A
330
1574
100
AcDbEntity
  8
DIMENSION
  6
Continuous
 62
     2
100
AcDbMText
 10
-31.12111479620896
 20
77.50131908137065
 30
0.0
 40
0.625
 41
0.0
 71
     7
 72
     1
  1
\FCHAR_FAST_FONT.shx;\W0.5000000000;\T1.0000000000;\o\l"
  7
STEVE
 11
6.123233995736766E-17
 21
1.0
 31
0.0
 73
     1
 44
1.0
  0
LINE
  5
157B
330
1574
100
AcDbEntity
  8
DIMENSION
  6
Continuous
 62
     2
100
AcDbLine
 10
-30.57423979620896
 20
78.59629939633122
 30
0.0
 11
-30.57423979620896
 21
76.09629939633133
 31
0.0
  0
LWPOLYLINE
  5
157C
330
1574
100
AcDbEntity
  8
DIMENSION
  6
Continuous
 62
     2
100
AcDbPolyline
 90
        3
 70
     0
 43
0.0
 10
-30.41798979620896
 20
78.04942439633122
 10
-30.57423979620896
 20
78.59629939633122
 10
-30.73048979620896
 20
78.04942439633122
  0
LWPOLYLINE
  5
157D
330
1574
100
AcDbEntity
  8
DIMENSION
  6
Continuous
 62
     2
100
AcDbPolyline
 90
        3
 70
     0
 43
0.0
 10
-30.73048979620896
 20
76.64317439633133
 10
-30.57423979620896
 20
76.09629939633133
 10
-30.41798979620896
 20
76.64317439633133
  0
ENDBLK
  5
16E2
330
1574
100
AcDbEntity
  8
0
100
AcDbBlockEnd
  0
BLOCK
  5
16E3
330
1582
100
AcDbEntity
  8
0
100
AcDbBlockBegin
  2
*D110
 70
     1
 10
0.0
 20
0.0
 30
0.0
  3
*D110
  1

  0
LINE
  5
1583
330
1582
100
AcDbEntity
  8
DIMENSION
  6
Continuous
 62
     2
100
AcDbLine
 10
-22.88017658378165
 20
80.01325395507865
 30
0.0
 11
-22.88017658378165
 21
81.77452963491521
 31
0.0
  0
LINE
  5
1584
330
1582
100
AcDbEntity
  8
DIMENSION
  6
Continuous
 62
     2
100
AcDbLine
 10
-23.07995879759818
 20
79.90837112594203
 30
0.0
 11
-23.1773521930855
 21
81.76674781771771
 31
0.0
  0
ARC
  5
1585
330
1582
100
AcDbEntity
  8
DIMENSION
  6
Continuous
 62
     2
100
AcDbCircle
 10
-22.88017658378165
 20
76.09629939633133
 30
0.0
 40
5.365730238583879
100
AcDbArc
 50
80.40639864148845
 51
90.0
  0
ARC
  5
1586
330
1582
100
AcDbEntity
  8
DIMENSION
  6
Continuous
 62
     2
100
AcDbCircle
 10
-22.88017658378165
 20
76.09629939633133
 30
0.0
 40
5.365730238583879
100
AcDbArc
 50
92.99999999999969
 51
102.5936013585113
  0
LWPOLYLINE
  5
1587
330
1582
100
AcDbEntity
  8
DIMENSION
  6
Continuous
 62
     2
100
AcDbPolyline
 90
        3
 70
     0
 43
0.0
 10
-22.32604964384887
 20
81.59020788020565
 10
-22.88017658378165
 20
81.46202963491521
 10
-22.34197463727019
 20
81.27811391265017
  0
LWPOLYLINE
  5
1588
330
1582
100
AcDbEntity
  8
DIMENSION
  6
Continuous
 62
     2
100
AcDbPolyline
 90
        3
 70
     0
 43
0.0
 10
-23.68883616101548
 20
81.24284510242482
 10
-23.16099720675959
 20
81.45467608810691
 10
-23.72107306601644
 20
81.55367790628561
  0
MTEXT
  5
1589
330
1582
100
AcDbEntity
  8
DIMENSION
  6
Continuous
 62
     2
100
AcDbMText
 10
-21.67601742570296
 20
81.04620829242333
 30
0.0
 40
0.625
 41
0.0
 71
     7
 72
     1
  1
\FCHAR_FAST_FONT.shx;\W0.5000000000;\T1.0000000000;\o\l3%%d
  7
STEVE
 73
     1
 44
1.0
  0
ENDBLK
  5
16E4
330
1582
100
AcDbEntity
  8
0
100
AcDbBlockEnd
  0
BLOCK
  5
16E5
330
1592
100
AcDbEntity
  8
0
100
AcDbBlockBegin
  2
*D111
 70
     1
 10
0.0
 20
0.0
 30
0.0
  3
*D111
  1

  0
LINE
  5
1593
330
1592
100
AcDbEntity
  8
DIMENSION
  6
Continuous
 62
     2
100
AcDbLine
 10
-27.26119603198921
 20
59.78695607835886
 30
0.0
 11
-27.26119603198921
 21
64.76069829630907
 31
0.0
  0
LINE
  5
1594
330
1592
100
AcDbEntity
  8
DIMENSION
  6
Continuous
 62
     2
100
AcDbLine
 10
-22.88017658378165
 20
56.28695607835898
 30
0.0
 11
-22.88017658378165
 21
64.76069829630907
 31
0.0
  0
MTEXT
  5
1595
330
1592
100
AcDbEntity
  8
DIMENSION
  6
Continuous
 62
     2
100
AcDbMText
 10
-25.84578473308228
 20
64.13569829630907
 30
0.0
 40
0.625
 41
0.0
 71
     7
 72
     1
  1
\FCHAR_FAST_FONT.shx;\W0.5000000000;\T1.0000000000;\o\l1
  7
STEVE
 73
     1
 44
1.0
  0
MTEXT
  5
1596
330
1592
100
AcDbEntity
  8
DIMENSION
  6
Continuous
 62
     2
100
AcDbMText
 10
-25.53574536300354
 20
64.44819829630907
 30
0.0
 40
0.46875
 41
0.0
 71
     7
 72
     1
  1
\FCHAR_FAST_FONT.shx;\W0.5000000000;\T1.0000000000;\o\l3
  7
STEVE
 73
     1
 44
1.0
  0
MTEXT
  5
1597
330
1592
100
AcDbEntity
  8
DIMENSION
  6
Continuous
 62
     2
100
AcDbMText
 10
-25.2257059929248
 20
63.97944829630907
 30
0.0
 40
0.46875
 41
0.0
 71
     7
 72
     1
  1
\FCHAR_FAST_FONT.shx;\W0.5000000000;\T1.0000000000;\o\l32
  7
STEVE
 73
     1
 44
1.0
  0
LINE
  5
1598
330
1592
100
AcDbEntity
  8
DIMENSION
  6
Continuous
 62
     2
100
AcDbLine
 10
-25.3428934929248
 20
63.97944829630907
 30
0.0
 11
-25.1085184929248
 21
64.91694829630907
 31
0.0
  0
MTEXT
  5
1599
330
1592
100
AcDbEntity
  8
DIMENSION
  6
Continuous
 62
     2
100
AcDbMText
 10
-24.60562725276732
 20
64.21382329630907
 30
0.0
 40
0.625
 41
0.0
 71
     7
 72
     1
  1
\FCHAR_FAST_FONT.shx;\W0.5000000000;\T1.0000000000;\o\l"
  7
STEVE
 73
     1
 44
1.0
  0
LINE
  5
159A
330
1592
100
AcDbEntity
  8
DIMENSION
  6
Continuous
 62
     2
100
AcDbLine
 10
-27.26119603198921
 20
64.44819829630907
 30
0.0
 11
-26.00203473308228
 21
64.44819829630907
 31
0.0
  0
LINE
  5
159B
330
1592
100
AcDbEntity
  8
DIMENSION
  6
Continuous
 62
     2
100
AcDbLine
 10
-22.88017658378165
 20
64.44819829630907
 30
0.0
 11
-24.13933788268858
 21
64.44819829630907
 31
0.0
  0
LWPOLYLINE
  5
159C
330
1592
100
AcDbEntity
  8
DIMENSION
  6
Continuous
 62
     2
100
AcDbPolyline
 90
        3
 70
     0
 43
0.0
 10
-26.71432103198921
 20
64.60444829630907
 10
-27.26119603198921
 20
64.44819829630907
 10
-26.71432103198921
 20
64.29194829630907
  0
LWPOLYLINE
  5
159D
330
1592
100
AcDbEntity
  8
DIMENSION
  6
Continuous
 62
     2
100
AcDbPolyline
 90
        3
 70
     0
 43
0.0
 10
-23.42705158378165
 20
64.29194829630907
 10
-22.88017658378165
 20
64.44819829630907
 10
-23.42705158378165
 20
64.60444829630907
  0
ENDBLK
  5
16E6
330
1592
100
AcDbEntity
  8
0
100
AcDbBlockEnd
  0
BLOCK
  5
16E7
330
15A0
100
AcDbEntity
  8
0
100
AcDbBlockBegin
  2
*D112
 70
     1
 10
0.0
 20
0.0
 30
0.0
  3
*D112
  1

  0
LINE
  5
15A1
330
15A0
100
AcDbEntity
  8
DIMENSION
  6
Continuous
 62
     2
100
AcDbLine
 10
-27.57369603198921
 20
59.47445607835886
 30
0.0
 11
-29.37274667361135
 21
59.47445607835886
 31
0.0
  0
LINE
  5
15A2
330
15A0
100
AcDbEntity
  8
DIMENSION
  6
Continuous
 62
     2
100
AcDbLine
 10
-27.57369603198921
 20
55.97445607835898
 30
0.0
 11
-29.37274667361135
 21
55.97445607835898
 31
0.0
  0
MTEXT
  5
15A3
330
15A0
100
AcDbEntity
  8
DIMENSION
  6
Continuous
 62
     2
100
AcDbMText
 10
-29.06024667361135
 20
57.25939702324081
 30
0.0
 40
0.46875
 41
0.0
 71
     7
 72
     1
  1
\FCHAR_FAST_FONT.shx;\W0.5000000000;\T1.0000000000;\o\l7
  7
STEVE
 11
6.123233995736766E-17
 21
1.0
 31
0.0
 73
     1
 44
1.0
  0
MTEXT
  5
15A4
330
15A0
100
AcDbEntity
  8
DIMENSION
  6
Continuous
 62
     2
100
AcDbMText
 10
-28.59149667361135
 20
57.56943639331955
 30
0.0
 40
0.46875
 41
0.0
 71
     7
 72
     1
  1
\FCHAR_FAST_FONT.shx;\W0.5000000000;\T1.0000000000;\o\l8
  7
STEVE
 11
6.123233995736766E-17
 21
1.0
 31
0.0
 73
     1
 44
1.0
  0
LINE
  5
15A5
330
15A0
100
AcDbEntity
  8
DIMENSION
  6
Continuous
 62
     2
100
AcDbLine
 10
-28.59149667361135
 20
57.45224889331955
 30
0.0
 11
-29.52899667361135
 21
57.68662389331955
 31
0.0
  0
MTEXT
  5
15A6
330
15A0
100
AcDbEntity
  8
DIMENSION
  6
Continuous
 62
     2
100
AcDbMText
 10
-28.82587167361135
 20
57.87947576339829
 30
0.0
 40
0.625
 41
0.0
 71
     7
 72
     1
  1
\FCHAR_FAST_FONT.shx;\W0.5000000000;\T1.0000000000;\o\l"
  7
STEVE
 11
6.123233995736766E-17
 21
1.0
 31
0.0
 73
     1
 44
1.0
  0
LINE
  5
15A7
330
15A0
100
AcDbEntity
  8
DIMENSION
  6
Continuous
 62
     2
100
AcDbLine
 10
-29.06024667361135
 20
59.47445607835886
 30
0.0
 11
-29.06024667361135
 21
58.34576513347703
 31
0.0
  0
LINE
  5
15A8
330
15A0
100
AcDbEntity
  8
DIMENSION
  6
Continuous
 62
     2
100
AcDbLine
 10
-29.06024667361135
 20
55.97445607835898
 30
0.0
 11
-29.06024667361135
 21
57.10314702324081
 31
0.0
  0
LWPOLYLINE
  5
15A9
330
15A0
100
AcDbEntity
  8
DIMENSION
  6
Continuous
 62
     2
100
AcDbPolyline
 90
        3
 70
     0
 43
0.0
 10
-28.90399667361135
 20
58.92758107835886
 10
-29.06024667361135
 20
59.47445607835886
 10
-29.21649667361135
 20
58.92758107835886
  0
LWPOLYLINE
  5
15AA
330
15A0
100
AcDbEntity
  8
DIMENSION
  6
Continuous
 62
     2
100
AcDbPolyline
 90
        3
 70
     0
 43
0.0
 10
-29.21649667361135
 20
56.52133107835898
 10
-29.06024667361135
 20
55.97445607835898
 10
-28.90399667361135
 20
56.52133107835898
  0
ENDBLK
  5
16E8
330
15A0
100
AcDbEntity
  8
0
100
AcDbBlockEnd
  0
BLOCK
  5
16E9
330
15AD
100
AcDbEntity
  8
0
100
AcDbBlockBegin
  2
*D113
 70
     1
 10
0.0
 20
0.0
 30
0.0
  3
*D113
  1

  0
LINE
  5
15AE
330
15AD
100
AcDbEntity
  8
DIMENSION
  6
Continuous
 62
     2
100
AcDbLine
 10
-22.88017658378165
 20
59.89141063710631
 30
0.0
 11
-22.88017658378165
 21
61.65268631694288
 31
0.0
  0
LINE
  5
15AF
330
15AD
100
AcDbEntity
  8
DIMENSION
  6
Continuous
 62
     2
100
AcDbLine
 10
-23.28070655198262
 20
59.78524417066145
 30
0.0
 11
-23.47371326470071
 21
61.62158037757288
 31
0.0
  0
ARC
  5
15B0
330
15AD
100
AcDbEntity
  8
DIMENSION
  6
Continuous
 62
     2
100
AcDbCircle
 10
-22.88017658378165
 20
55.97445607835898
 30
0.0
 40
5.3657302385839
100
AcDbArc
 50
80.40639864148847
 51
90.0
  0
ARC
  5
15B1
330
15AD
100
AcDbEntity
  8
DIMENSION
  6
Continuous
 62
     2
100
AcDbCircle
 10
-22.88017658378165
 20
55.97445607835898
 30
0.0
 40
5.3657302385839
100
AcDbArc
 50
95.99999999999966
 51
105.5936013585112
  0
LWPOLYLINE
  5
15B2
330
15AD
100
AcDbEntity
  8
DIMENSION
  6
Continuous
 62
     2
100
AcDbPolyline
 90
        3
 70
     0
 43
0.0
 10
-22.32604964384887
 20
61.46836456223333
 10
-22.88017658378165
 20
61.34018631694288
 10
-22.34197463727019
 20
61.15627059467783
  0
LWPOLYLINE
  5
15B3
330
15AD
100
AcDbEntity
  8
DIMENSION
  6
Continuous
 62
     2
100
AcDbPolyline
 90
        3
 70
     0
 43
0.0
 10
-23.95707731204592
 20
61.07162665017874
 10
-23.44104811992957
 20
61.3107922852703
 10
-24.00553776951069
 20
61.38034631923515
  0
MTEXT
  5
15B4
330
15AD
100
AcDbEntity
  8
DIMENSION
  6
Continuous
 62
     2
100
AcDbMText
 10
-21.67601742570296
 20
60.924364974451
 30
0.0
 40
0.625
 41
0.0
 71
     7
 72
     1
  1
\FCHAR_FAST_FONT.shx;\W0.5000000000;\T1.0000000000;\o\l6%%d
  7
STEVE
 73
     1
 44
1.0
  0
ENDBLK
  5
16EA
330
15AD
100
AcDbEntity
  8
0
100
AcDbBlockEnd
  0
BLOCK
  5
16EB
330
15B8
100
AcDbEntity
  8
0
100
AcDbBlockBegin
  2
*D114
 70
     1
 10
0.0
 20
0.0
 30
0.0
  3
*D114
  1

  0
LINE
  5
15B9
330
15B8
100
AcDbEntity
  8
DIMENSION
  6
Continuous
 62
     2
100
AcDbLine
 10
-27.26119603198921
 20
59.78695607835886
 30
0.0
 11
-27.26119603198921
 21
63.34521066346792
 31
0.0
  0
LINE
  5
15BA
330
15B8
100
AcDbEntity
  8
DIMENSION
  6
Continuous
 62
     2
100
AcDbLine
 10
-23.24804140721148
 20
59.78695607835886
 30
0.0
 11
-23.24804140721148
 21
63.34521066346792
 31
0.0
  0
MTEXT
  5
15BB
330
15B8
100
AcDbEntity
  8
DIMENSION
  6
Continuous
 62
     2
100
AcDbMText
 10
-25.4625419479468
 20
62.72021066346792
 30
0.0
 40
0.625
 41
0.0
 71
     7
 72
     1
  1
\FCHAR_FAST_FONT.shx;\W0.5000000000;\T1.0000000000;\o\l1"
  7
STEVE
 73
     1
 44
1.0
  0
LINE
  5
15BC
330
15B8
100
AcDbEntity
  8
DIMENSION
  6
Continuous
 62
     2
100
AcDbLine
 10
-27.26119603198921
 20
63.03271066346792
 30
0.0
 11
-25.6187919479468
 21
63.03271066346792
 31
0.0
  0
LINE
  5
15BD
330
15B8
100
AcDbEntity
  8
DIMENSION
  6
Continuous
 62
     2
100
AcDbLine
 10
-23.24804140721148
 20
63.03271066346792
 30
0.0
 11
-24.89044549125389
 21
63.03271066346792
 31
0.0
  0
LWPOLYLINE
  5
15BE
330
15B8
100
AcDbEntity
  8
DIMENSION
  6
Continuous
 62
     2
100
AcDbPolyline
 90
        3
 70
     0
 43
0.0
 10
-26.71432103198921
 20
63.18896066346792
 10
-27.26119603198921
 20
63.03271066346792
 10
-26.71432103198921
 20
62.87646066346792
  0
LWPOLYLINE
  5
15BF
330
15B8
100
AcDbEntity
  8
DIMENSION
  6
Continuous
 62
     2
100
AcDbPolyline
 90
        3
 70
     0
 43
0.0
 10
-23.79491640721148
 20
62.87646066346792
 10
-23.24804140721148
 20
63.03271066346792
 10
-23.79491640721148
 20
63.18896066346792
  0
ENDBLK
  5
16EC
330
15B8
100
AcDbEntity
  8
0
100
AcDbBlockEnd
  0
BLOCK
  5
16ED
330
15C9
100
AcDbEntity
  8
0
100
AcDbBlockBegin
  2
*D115
 70
     1
 10
0.0
 20
0.0
 30
0.0
  3
*D115
  1

  0
LINE
  5
15CA
330
15C9
100
AcDbEntity
  8
DIMENSION
  6
Continuous
 62
     2
100
AcDbLine
 10
-28.34118361902325
 20
42.5766334977137
 30
0.0
 11
-28.34118361902325
 21
46.142985745663
 31
0.0
  0
LINE
  5
15CB
330
15C9
100
AcDbEntity
  8
DIMENSION
  6
Continuous
 62
     2
100
AcDbLine
 10
-20.8411836190234
 20
39.07663349771381
 30
0.0
 11
-20.8411836190234
 21
46.142985745663
 31
0.0
  0
MTEXT
  5
15CC
330
15C9
100
AcDbEntity
  8
DIMENSION
  6
Continuous
 62
     2
100
AcDbMText
 10
-25.21126235918081
 20
45.517985745663
 30
0.0
 40
0.625
 41
0.0
 71
     7
 72
     1
  1
\FCHAR_FAST_FONT.shx;\W0.5000000000;\T1.0000000000;\o\l1
  7
STEVE
 73
     1
 44
1.0
  0
MTEXT
  5
15CD
330
15C9
100
AcDbEntity
  8
DIMENSION
  6
Continuous
 62
     2
100
AcDbMText
 10
-24.90122298910207
 20
45.830485745663
 30
0.0
 40
0.46875
 41
0.0
 71
     7
 72
     1
  1
\FCHAR_FAST_FONT.shx;\W0.5000000000;\T1.0000000000;\o\l7
  7
STEVE
 73
     1
 44
1.0
  0
MTEXT
  5
15CE
330
15C9
100
AcDbEntity
  8
DIMENSION
  6
Continuous
 62
     2
100
AcDbMText
 10
-24.59118361902333
 20
45.361735745663
 30
0.0
 40
0.46875
 41
0.0
 71
     7
 72
     1
  1
\FCHAR_FAST_FONT.shx;\W0.5000000000;\T1.0000000000;\o\l8
  7
STEVE
 73
     1
 44
1.0
  0
LINE
  5
15CF
330
15C9
100
AcDbEntity
  8
DIMENSION
  6
Continuous
 62
     2
100
AcDbLine
 10
-24.70837111902333
 20
45.361735745663
 30
0.0
 11
-24.47399611902333
 21
46.299235745663
 31
0.0
  0
MTEXT
  5
15D0
330
15C9
100
AcDbEntity
  8
DIMENSION
  6
Continuous
 62
     2
100
AcDbMText
 10
-24.28114424894459
 20
45.596110745663
 30
0.0
 40
0.625
 41
0.0
 71
     7
 72
     1
  1
\FCHAR_FAST_FONT.shx;\W0.5000000000;\T1.0000000000;\o\l"
  7
STEVE
 73
     1
 44
1.0
  0
LINE
  5
15D1
330
15C9
100
AcDbEntity
  8
DIMENSION
  6
Continuous
 62
     2
100
AcDbLine
 10
-28.34118361902325
 20
45.830485745663
 30
0.0
 11
-25.36751235918081
 21
45.830485745663
 31
0.0
  0
LINE
  5
15D2
330
15C9
100
AcDbEntity
  8
DIMENSION
  6
Continuous
 62
     2
100
AcDbLine
 10
-20.8411836190234
 20
45.830485745663
 30
0.0
 11
-23.81485487886585
 21
45.830485745663
 31
0.0
  0
LWPOLYLINE
  5
15D3
330
15C9
100
AcDbEntity
  8
DIMENSION
  6
Continuous
 62
     2
100
AcDbPolyline
 90
        3
 70
     0
 43
0.0
 10
-27.79430861902325
 20
45.986735745663
 10
-28.34118361902325
 20
45.830485745663
 10
-27.79430861902325
 20
45.674235745663
  0
LWPOLYLINE
  5
15D4
330
15C9
100
AcDbEntity
  8
DIMENSION
  6
Continuous
 62
     2
100
AcDbPolyline
 90
        3
 70
     0
 43
0.0
 10
-21.3880586190234
 20
45.674235745663
 10
-20.8411836190234
 20
45.830485745663
 10
-21.3880586190234
 20
45.986735745663
  0
ENDBLK
  5
16EE
330
15C9
100
AcDbEntity
  8
0
100
AcDbBlockEnd
  0
BLOCK
  5
16EF
330
15D7
100
AcDbEntity
  8
0
100
AcDbBlockBegin
  2
*D116
 70
     1
 10
0.0
 20
0.0
 30
0.0
  3
*D116
  1

  0
LINE
  5
15D8
330
15D7
100
AcDbEntity
  8
DIMENSION
  6
Continuous
 62
     2
100
AcDbLine
 10
-28.65368361902325
 20
42.2641334977137
 30
0.0
 11
-30.82470131402852
 21
42.2641334977137
 31
0.0
  0
LINE
  5
15D9
330
15D7
100
AcDbEntity
  8
DIMENSION
  6
Continuous
 62
     2
100
AcDbLine
 10
-28.65368361902325
 20
38.76413349771381
 30
0.0
 11
-30.82470131402852
 21
38.76413349771381
 31
0.0
  0
MTEXT
  5
15DA
330
15D7
100
AcDbEntity
  8
DIMENSION
  6
Continuous
 62
     2
100
AcDbMText
 10
-30.51220131402852
 20
40.04907444259565
 30
0.0
 40
0.46875
 41
0.0
 71
     7
 72
     1
  1
\FCHAR_FAST_FONT.shx;\W0.5000000000;\T1.0000000000;\o\l7
  7
STEVE
 11
6.123233995736766E-17
 21
1.0
 31
0.0
 73
     1
 44
1.0
  0
MTEXT
  5
15DB
330
15D7
100
AcDbEntity
  8
DIMENSION
  6
Continuous
 62
     2
100
AcDbMText
 10
-30.04345131402852
 20
40.35911381267439
 30
0.0
 40
0.46875
 41
0.0
 71
     7
 72
     1
  1
\FCHAR_FAST_FONT.shx;\W0.5000000000;\T1.0000000000;\o\l8
  7
STEVE
 11
6.123233995736766E-17
 21
1.0
 31
0.0
 73
     1
 44
1.0
  0
LINE
  5
15DC
330
15D7
100
AcDbEntity
  8
DIMENSION
  6
Continuous
 62
     2
100
AcDbLine
 10
-30.04345131402852
 20
40.24192631267439
 30
0.0
 11
-30.98095131402852
 21
40.47630131267439
 31
0.0
  0
MTEXT
  5
15DD
330
15D7
100
AcDbEntity
  8
DIMENSION
  6
Continuous
 62
     2
100
AcDbMText
 10
-30.27782631402852
 20
40.66915318275313
 30
0.0
 40
0.625
 41
0.0
 71
     7
 72
     1
  1
\FCHAR_FAST_FONT.shx;\W0.5000000000;\T1.0000000000;\o\l"
  7
STEVE
 11
6.123233995736766E-17
 21
1.0
 31
0.0
 73
     1
 44
1.0
  0
LINE
  5
15DE
330
15D7
100
AcDbEntity
  8
DIMENSION
  6
Continuous
 62
     2
100
AcDbLine
 10
-30.51220131402852
 20
42.2641334977137
 30
0.0
 11
-30.51220131402852
 21
41.13544255283187
 31
0.0
  0
LINE
  5
15DF
330
15D7
100
AcDbEntity
  8
DIMENSION
  6
Continuous
 62
     2
100
AcDbLine
 10
-30.51220131402852
 20
38.76413349771381
 30
0.0
 11
-30.51220131402852
 21
39.89282444259565
 31
0.0
  0
LWPOLYLINE
  5
15E0
330
15D7
100
AcDbEntity
  8
DIMENSION
  6
Continuous
 62
     2
100
AcDbPolyline
 90
        3
 70
     0
 43
0.0
 10
-30.35595131402852
 20
41.7172584977137
 10
-30.51220131402852
 20
42.2641334977137
 10
-30.66845131402852
 20
41.7172584977137
  0
LWPOLYLINE
  5
15E1
330
15D7
100
AcDbEntity
  8
DIMENSION
  6
Continuous
 62
     2
100
AcDbPolyline
 90
        3
 70
     0
 43
0.0
 10
-30.66845131402852
 20
39.31100849771381
 10
-30.51220131402852
 20
38.76413349771381
 10
-30.35595131402852
 20
39.31100849771381
  0
ENDBLK
  5
16F0
330
15D7
100
AcDbEntity
  8
0
100
AcDbBlockEnd
  0
BLOCK
  5
16F1
330
15E4
100
AcDbEntity
  8
0
100
AcDbBlockBegin
  2
*D117
 70
     1
 10
0.0
 20
0.0
 30
0.0
  3
*D117
  1

  0
LINE
  5
15E5
330
15E4
100
AcDbEntity
  8
DIMENSION
  6
Continuous
 62
     2
100
AcDbLine
 10
-20.8411836190234
 20
42.68108805646115
 30
0.0
 11
-20.8411836190234
 21
42.94867383869152
 31
0.0
  0
LINE
  5
15E6
330
15E4
100
AcDbEntity
  8
DIMENSION
  6
Continuous
 62
     2
100
AcDbLine
 10
-24.12021274990246
 20
42.0431626285929
 30
0.0
 11
-23.3581587320358
 21
41.28110861072624
 31
0.0
  0
ARC
  5
15E7
330
15E4
100
AcDbEntity
  8
DIMENSION
  6
Continuous
 62
     2
100
AcDbCircle
 10
-20.8411836190234
 20
38.76413349771381
 30
0.0
 40
3.872040340977705
100
AcDbArc
 50
90.0
 51
104.4829741530165
  0
ARC
  5
15E8
330
15E4
100
AcDbEntity
  8
DIMENSION
  6
Continuous
 62
     2
100
AcDbCircle
 10
-20.8411836190234
 20
38.76413349771381
 30
0.0
 40
3.872040340977705
100
AcDbArc
 50
120.7637769525716
 51
134.9999999999997
  0
LWPOLYLINE
  5
15E9
330
15E4
100
AcDbEntity
  8
DIMENSION
  6
Continuous
 62
     2
100
AcDbPolyline
 90
        3
 70
     0
 43
0.0
 10
-21.37565915785565
 20
42.44169446571079
 10
-20.8411836190234
 20
42.63617383869152
 10
-21.3977274245123
 20
42.75341427837397
  0
LWPOLYLINE
  5
15EA
330
15E4
100
AcDbEntity
  8
DIMENSION
  6
Continuous
 62
     2
100
AcDbPolyline
 90
        3
 70
     0
 43
0.0
 10
-23.26849521219678
 20
41.97851688866436
 10
-23.57912960115659
 20
41.50207947984703
 10
-23.06368063983439
 20
41.74249307429807
  0
MTEXT
  5
15EB
330
15E4
100
AcDbEntity
  8
DIMENSION
  6
Continuous
 62
     2
100
AcDbMText
 10
-22.68589222035066
 20
42.02893231780114
 30
0.0
 40
0.625
 41
0.0
 71
     7
 72
     1
  1
\FCHAR_FAST_FONT.shx;\W0.5000000000;\T1.0000000000;\o\l45%%d
  7
STEVE
 73
     1
 44
1.0
  0
ENDBLK
  5
16F2
330
15E4
100
AcDbEntity
  8
0
100
AcDbBlockEnd
  0
BLOCK
  5
16F3
330
15EF
100
AcDbEntity
  8
0
100
AcDbBlockBegin
  2
*D118
 70
     1
 10
0.0
 20
0.0
 30
0.0
  3
*D118
  1

  0
LINE
  5
15F0
330
15EF
100
AcDbEntity
  8
DIMENSION
  6
Continuous
 62
     2
100
AcDbLine
 10
-28.34118361902325
 20
42.5766334977137
 30
0.0
 11
-28.34118361902325
 21
44.84897652907313
 31
0.0
  0
LINE
  5
15F1
330
15EF
100
AcDbEntity
  8
DIMENSION
  6
Continuous
 62
     2
100
AcDbLine
 10
-24.34118361902325
 20
42.5766334977137
 30
0.0
 11
-24.34118361902325
 21
44.84897652907313
 31
0.0
  0
MTEXT
  5
15F2
330
15EF
100
AcDbEntity
  8
DIMENSION
  6
Continuous
 62
     2
100
AcDbMText
 10
-26.54910684736971
 20
44.22397652907313
 30
0.0
 40
0.625
 41
0.0
 71
     7
 72
     1
  1
\FCHAR_FAST_FONT.shx;\W0.5000000000;\T1.0000000000;\o\l1"
  7
STEVE
 73
     1
 44
1.0
  0
LINE
  5
15F3
330
15EF
100
AcDbEntity
  8
DIMENSION
  6
Continuous
 62
     2
100
AcDbLine
 10
-28.34118361902325
 20
44.53647652907313
 30
0.0
 11
-26.70535684736971
 21
44.53647652907313
 31
0.0
  0
LINE
  5
15F4
330
15EF
100
AcDbEntity
  8
DIMENSION
  6
Continuous
 62
     2
100
AcDbLine
 10
-24.34118361902325
 20
44.53647652907313
 30
0.0
 11
-25.9770103906768
 21
44.53647652907313
 31
0.0
  0
LWPOLYLINE
  5
15F5
330
15EF
100
AcDbEntity
  8
DIMENSION
  6
Continuous
 62
     2
100
AcDbPolyline
 90
        3
 70
     0
 43
0.0
 10
-27.79430861902325
 20
44.69272652907313
 10
-28.34118361902325
 20
44.53647652907313
 10
-27.79430861902325
 20
44.38022652907313
  0
LWPOLYLINE
  5
15F6
330
15EF
100
AcDbEntity
  8
DIMENSION
  6
Continuous
 62
     2
100
AcDbPolyline
 90
        3
 70
     0
 43
0.0
 10
-24.88805861902325
 20
44.38022652907313
 10
-24.34118361902325
 20
44.53647652907313
 10
-24.88805861902325
 20
44.69272652907313
  0
ENDBLK
  5
16F4
330
15EF
100
AcDbEntity
  8
0
100
AcDbBlockEnd
  0
BLOCK
  5
16F5
330
15FA
100
AcDbEntity
  8
0
100
AcDbBlockBegin
  2
*D119
 70
     1
 10
0.0
 20
0.0
 30
0.0
  3
*D119
  1

  0
LINE
  5
15FB
330
15FA
100
AcDbEntity
  8
DIMENSION
  6
Continuous
 62
     2
100
AcDbLine
 10
-24.34118361902325
 20
42.5766334977137
 30
0.0
 11
-24.34118361902325
 21
44.84897652907313
 31
0.0
  0
LINE
  5
15FC
330
15FA
100
AcDbEntity
  8
DIMENSION
  6
Continuous
 62
     2
100
AcDbLine
 10
-20.8411836190234
 20
39.07663349771381
 30
0.0
 11
-20.8411836190234
 21
44.84897652907313
 31
0.0
  0
MTEXT
  5
15FD
330
15FA
100
AcDbEntity
  8
DIMENSION
  6
Continuous
 62
     2
100
AcDbMText
 10
-23.05624267414144
 20
44.53647652907313
 30
0.0
 40
0.46875
 41
0.0
 71
     7
 72
     1
  1
\FCHAR_FAST_FONT.shx;\W0.5000000000;\T1.0000000000;\o\l7
  7
STEVE
 73
     1
 44
1.0
  0
MTEXT
  5
15FE
330
15FA
100
AcDbEntity
  8
DIMENSION
  6
Continuous
 62
     2
100
AcDbMText
 10
-22.7462033040627
 20
44.06772652907313
 30
0.0
 40
0.46875
 41
0.0
 71
     7
 72
     1
  1
\FCHAR_FAST_FONT.shx;\W0.5000000000;\T1.0000000000;\o\l8
  7
STEVE
 73
     1
 44
1.0
  0
LINE
  5
15FF
330
15FA
100
AcDbEntity
  8
DIMENSION
  6
Continuous
 62
     2
100
AcDbLine
 10
-22.8633908040627
 20
44.06772652907313
 30
0.0
 11
-22.6290158040627
 21
45.00522652907313
 31
0.0
  0
MTEXT
  5
1600
330
15FA
100
AcDbEntity
  8
DIMENSION
  6
Continuous
 62
     2
100
AcDbMText
 10
-22.43616393398396
 20
44.30210152907313
 30
0.0
 40
0.625
 41
0.0
 71
     7
 72
     1
  1
\FCHAR_FAST_FONT.shx;\W0.5000000000;\T1.0000000000;\o\l"
  7
STEVE
 73
     1
 44
1.0
  0
LINE
  5
1601
330
15FA
100
AcDbEntity
  8
DIMENSION
  6
Continuous
 62
     2
100
AcDbLine
 10
-24.34118361902325
 20
44.53647652907313
 30
0.0
 11
-23.21249267414144
 21
44.53647652907313
 31
0.0
  0
LINE
  5
1602
330
15FA
100
AcDbEntity
  8
DIMENSION
  6
Continuous
 62
     2
100
AcDbLine
 10
-20.8411836190234
 20
44.53647652907313
 30
0.0
 11
-21.96987456390521
 21
44.53647652907313
 31
0.0
  0
LWPOLYLINE
  5
1603
330
15FA
100
AcDbEntity
  8
DIMENSION
  6
Continuous
 62
     2
100
AcDbPolyline
 90
        3
 70
     0
 43
0.0
 10
-23.79430861902325
 20
44.69272652907313
 10
-24.34118361902325
 20
44.53647652907313
 10
-23.79430861902325
 20
44.38022652907313
  0
LWPOLYLINE
  5
1604
330
15FA
100
AcDbEntity
  8
DIMENSION
  6
Continuous
 62
     2
100
AcDbPolyline
 90
        3
 70
     0
 43
0.0
 10
-21.3880586190234
 20
44.38022652907313
 10
-20.8411836190234
 20
44.53647652907313
 10
-21.3880586190234
 20
44.69272652907313
  0
ENDBLK
  5
16F6
330
15FA
100
AcDbEntity
  8
0
100
AcDbBlockEnd
  0
ENDSEC
  0
SECTION
  2
ENTITIES
  0
LINE
  5
F77
102
{ACAD_REACTORS
330
1700
330
172E
330
177C
102
}
330
EED
100
AcDbEntity
  8
CONSTRUCTION
100
AcDbLine
 10
-88.53164096480243
 20
40.21734898494008
 30
0.0
 11
-102.7206078111281
 21
40.21734898494008
 31
0.0
  0
LINE
  5
F78
102
{ACAD_REACTORS
330
1700
330
1702
330
170A
330
170C
102
}
330
EED
100
AcDbEntity
  8
CONSTRUCTION
100
AcDbLine
 10
-101.7198743879652
 20
40.21734898494008
 30
0.0
 11
-101.1261243879652
 21
55.71734898494008
 31
0.0
  0
LINE
  5
F79
102
{ACAD_REACTORS
330
1702
330
170C
330
176E
102
}
330
EED
100
AcDbEntity
  8
CONSTRUCTION
100
AcDbLine
 10
-99.62612438796523
 20
55.71734898494008
 30
0.0
 11
-99.03237438796523
 21
40.21734898494008
 31
0.0
  0
LINE
  5
F7A
102
{ACAD_REACTORS
330
170A
330
1718
330
171C
330
1748
330
1750
330
1754
330
1758
102
}
330
EED
100
AcDbEntity
  8
CONSTRUCTION
100
AcDbLine
 10
-89.12539096480245
 20
55.71734898494008
 30
0.0
 11
-102.1268578111281
 21
55.71734898494008
 31
0.0
  0
LINE
  5
F7B
330
EED
100
AcDbEntity
  8
CONTRUCTION
  6
Continuous
 62
     4
100
AcDbLine
 10
-124.7511227709799
 20
37.9673504054356
 30
0.0
 11
-66.50112277097986
 21
37.9673504054356
 31
0.0
  0
LINE
  5
F7C
330
EED
100
AcDbEntity
  8
CENTER
  6
DGN2
 62
     3
100
AcDbLine
 10
-123.6261227709799
 20
38.96735040543559
 30
0.0
 11
-67.62612277097983
 21
38.96735040543559
 31
0.0
  0
CIRCLE
  5
F7D
330
EED
100
AcDbEntity
  8
CONSTRUCTION
100
AcDbCircle
 10
-116.6261227709799
 20
38.34235040543557
 30
0.0
 40
0.14065
  0
LINE
  5
F7E
330
EED
100
AcDbEntity
  8
CENTER
  6
DGN2
 62
     3
100
AcDbLine
 10
-123.6261227709799
 20
66.96735040543558
 30
0.0
 11
-123.6261227709799
 21
38.96735040543559
 31
0.0
  0
LINE
  5
F7F
330
EED
100
AcDbEntity
  8
CONTRUCTION
  6
Continuous
 62
     4
100
AcDbLine
 10
-124.7511227709799
 20
67.96735040543558
 30
0.0
 11
-124.7511227709799
 21
37.96735040543559
 31
0.0
  0
LINE
  5
F80
330
EED
100
AcDbEntity
  8
CONTRUCTION
  6
Continuous
 62
     4
100
AcDbLine
 10
-124.7511227709799
 20
67.96735040543558
 30
0.0
 11
-66.50112277097986
 21
67.96735040543558
 31
0.0
  0
LINE
  5
F81
330
EED
100
AcDbEntity
  8
HIDDEN
100
AcDbLine
 10
-123.6261227709799
 20
66.96735040543558
 30
0.0
 11
-67.62612277097986
 21
66.96735040543558
 31
0.0
  0
CIRCLE
  5
F82
330
EED
100
AcDbEntity
  8
CONSTRUCTION
100
AcDbCircle
 10
-116.6261227709799
 20
67.59235040543561
 30
0.0
 40
0.14065
  0
CIRCLE
  5
F83
330
EED
100
AcDbEntity
  8
CONSTRUCTION
100
AcDbCircle
 10
-74.62612277097986
 20
67.59235040543561
 30
0.0
 40
0.14065
  0
LINE
  5
F84
330
EED
100
AcDbEntity
  8
CENTER
  6
DGN2
 62
     3
100
AcDbLine
 10
-67.62612277097986
 20
66.96735040543558
 30
0.0
 11
-67.62612277097986
 21
38.96735040543559
 31
0.0
  0
LINE
  5
F85
102
{ACAD_REACTORS
330
1738
102
}
330
EED
100
AcDbEntity
  8
CONTRUCTION
  6
Continuous
 62
     4
100
AcDbLine
 10
-66.50112277097986
 20
67.96735040543558
 30
0.0
 11
-66.50112277097986
 21
37.9673504054356
 31
0.0
  0
CIRCLE
  5
F86
330
EED
100
AcDbEntity
  8
CONSTRUCTION
100
AcDbCircle
 10
-74.62612277097986
 20
38.34235040543559
 30
0.0
 40
0.14065
  0
LINE
  5
F87
102
{ACAD_REACTORS
330
1714
330
1736
102
}
330
EED
100
AcDbEntity
  8
CONSTRUCTION
100
AcDbLine
 10
-50.11231658169551
 20
38.96735040543559
 30
0.0
 11
-50.11231658169551
 21
66.96735040543561
 31
0.0
  0
LINE
  5
F88
330
EED
100
AcDbEntity
  8
CONSTRUCTION
100
AcDbLine
 10
-50.23731658169551
 20
37.9673504054356
 30
0.0
 11
-50.23731658169551
 21
67.96735040543558
 31
0.0
  0
LINE
  5
F89
102
{ACAD_REACTORS
330
171A
102
}
330
EED
100
AcDbEntity
  8
CONSTRUCTION
100
AcDbLine
 10
-50.23731658169551
 20
66.96735040543558
 30
0.0
 11
-50.11231658169551
 21
66.96735040543558
 31
0.0
  0
LINE
  5
F8A
330
EED
100
AcDbEntity
  8
CONSTRUCTION
100
AcDbLine
 10
-50.48731658169551
 20
37.9673504054356
 30
0.0
 11
-50.48731658169522
 21
67.96735040543558
 31
0.0
  0
LINE
  5
F8B
102
{ACAD_REACTORS
330
1708
102
}
330
EED
100
AcDbEntity
  8
CONSTRUCTION
100
AcDbLine
 10
-50.23731658169551
 20
67.96735040543561
 30
0.0
 11
-50.48731658169522
 21
67.96735040543558
 31
0.0
  0
LINE
  5
F8C
330
EED
100
AcDbEntity
  8
CONSTRUCTION
100
AcDbLine
 10
-50.23731658169551
 20
38.96735040543559
 30
0.0
 11
-50.11231658169551
 21
38.96735040543559
 31
0.0
  0
LINE
  5
F8D
102
{ACAD_REACTORS
330
1714
330
1728
330
1744
102
}
330
EED
100
AcDbEntity
  8
CONSTRUCTION
100
AcDbLine
 10
-50.48731658169551
 20
37.9673504054356
 30
0.0
 11
-50.23731658169551
 21
37.9673504054356
 31
0.0
  0
LINE
  5
F8E
102
{ACAD_REACTORS
330
1724
102
}
330
EED
100
AcDbEntity
  8
CONSTRUCTION
100
AcDbLine
 10
-123.6261227709799
 20
11.12502437791202
 30
0.0
 11
-67.62612277097986
 21
11.12502437791202
 31
0.0
  0
LINE
  5
F8F
102
{ACAD_REACTORS
330
173C
102
}
330
EED
100
AcDbEntity
  8
CONSTRUCTION
100
AcDbLine
 10
-124.7511227709799
 20
11.25002437791202
 30
0.0
 11
-66.50112277097986
 21
11.25002437791202
 31
0.0
  0
LINE
  5
F90
102
{ACAD_REACTORS
330
173C
102
}
330
EED
100
AcDbEntity
  8
CONSTRUCTION
100
AcDbLine
 10
-67.62612277097986
 20
11.25002437791202
 30
0.0
 11
-67.62612277097986
 21
11.12502437791203
 31
0.0
  0
LINE
  5
F91
330
EED
100
AcDbEntity
  8
CONSTRUCTION
100
AcDbLine
 10
-66.50112277097986
 20
11.50002437791202
 30
0.0
 11
-124.7511227709799
 21
11.50002437791202
 31
0.0
  0
LINE
  5
F92
102
{ACAD_REACTORS
330
1740
330
1768
102
}
330
EED
100
AcDbEntity
  8
CONSTRUCTION
100
AcDbLine
 10
-66.50112277097986
 20
11.25002437791202
 30
0.0
 11
-66.50112277097986
 21
11.50002437791202
 31
0.0
  0
LINE
  5
F93
330
EED
100
AcDbEntity
  8
CONSTRUCTION
100
AcDbLine
 10
-124.7511227709799
 20
11.50002437791203
 30
0.0
 11
-124.7511227709799
 21
11.25002437791202
 31
0.0
  0
LINE
  5
F94
330
EED
100
AcDbEntity
  8
CONSTRUCTION
100
AcDbLine
 10
-123.6261227709799
 20
11.25002437791202
 30
0.0
 11
-123.6261227709799
 21
11.12502437791202
 31
0.0
  0
LINE
  5
F95
102
{ACAD_REACTORS
330
16FC
330
1716
102
}
330
EED
100
AcDbEntity
  8
CONSTRUCTION
100
AcDbLine
 10
-96.96987438796523
 20
40.21734898494008
 30
0.0
 11
-96.37612438796523
 21
55.71734898494008
 31
0.0
  0
LINE
  5
F96
102
{ACAD_REACTORS
330
16FC
330
1712
330
1716
102
}
330
EED
100
AcDbEntity
  8
CONSTRUCTION
100
AcDbLine
 10
-94.87612438796523
 20
55.71734898494008
 30
0.0
 11
-94.28237438796523
 21
40.21734898494008
 31
0.0
  0
LINE
  5
F97
102
{ACAD_REACTORS
330
1704
330
1710
330
1712
330
1722
102
}
330
EED
100
AcDbEntity
  8
CONSTRUCTION
100
AcDbLine
 10
-92.21987438796525
 20
40.21734898494008
 30
0.0
 11
-91.62612438796525
 21
55.71734898494008
 31
0.0
  0
LINE
  5
F98
102
{ACAD_REACTORS
330
16FE
330
1704
330
171C
330
1722
102
}
330
EED
100
AcDbEntity
  8
CONSTRUCTION
100
AcDbLine
 10
-90.12612438796525
 20
55.71734898494008
 30
0.0
 11
-89.53237438796525
 21
40.21734898494008
 31
0.0
  0
CIRCLE
  5
F99
330
EED
100
AcDbEntity
  8
CONSTRUCTION
100
AcDbCircle
 10
-90.87612438796523
 20
40.96734898494008
 30
0.0
 40
0.625
  0
CIRCLE
  5
F9A
330
EED
100
AcDbEntity
  8
CONSTRUCTION
100
AcDbCircle
 10
-90.87612438796523
 20
40.96734898494008
 30
0.0
 40
0.75
  0
CIRCLE
  5
F9B
330
EED
100
AcDbEntity
  8
CONSTRUCTION
100
AcDbCircle
 10
-95.62612438796523
 20
40.96734898494008
 30
0.0
 40
0.625
  0
CIRCLE
  5
F9C
330
EED
100
AcDbEntity
  8
CONSTRUCTION
100
AcDbCircle
 10
-95.62612438796523
 20
40.96734898494008
 30
0.0
 40
0.75
  0
CIRCLE
  5
F9D
102
{ACAD_REACTORS
330
1770
102
}
330
EED
100
AcDbEntity
  8
CONSTRUCTION
100
AcDbCircle
 10
-100.3761243879652
 20
40.96734898494008
 30
0.0
 40
0.625
  0
CIRCLE
  5
F9E
102
{ACAD_REACTORS
330
1764
102
}
330
EED
100
AcDbEntity
  8
CONSTRUCTION
100
AcDbCircle
 10
-100.3761243879652
 20
40.96734898494008
 30
0.0
 40
0.75
  0
LINE
  5
F9F
102
{ACAD_REACTORS
330
16FA
102
}
330
EED
100
AcDbEntity
  8
CENTER
100
AcDbLine
 10
-100.3761243879652
 20
36.9673504054356
 30
0.0
 11
-100.3761243879652
 21
57.90158038182353
 31
0.0
  0
LINE
  5
FA0
102
{ACAD_REACTORS
330
16F8
330
16FA
102
}
330
EED
100
AcDbEntity
  8
CENTER
100
AcDbLine
 10
-95.62612438796523
 20
36.9673504054356
 30
0.0
 11
-95.62612438796523
 21
61.30612237066546
 31
0.0
  0
LINE
  5
FA1
102
{ACAD_REACTORS
330
16F8
330
16FE
330
1710
102
}
330
EED
100
AcDbEntity
  8
CENTER
100
AcDbLine
 10
-90.87612438796525
 20
36.9673504054356
 30
0.0
 11
-90.87612438796525
 21
57.90158038182353
 31
0.0
  0
LINE
  5
FA2
102
{ACAD_REACTORS
330
1774
102
}
330
EED
100
AcDbEntity
  8
CONSTRUCTION
100
AcDbLine
 10
-102.758914262741
 20
39.21734898494008
 30
0.0
 11
-102.0885513595152
 21
56.71734898494008
 31
0.0
  0
LINE
  5
FA3
102
{ACAD_REACTORS
330
177A
102
}
330
EED
100
AcDbEntity
  8
CONSTRUCTION
100
AcDbLine
 10
-89.16369741641535
 20
56.71734898494008
 30
0.0
 11
-88.49333451318954
 21
39.21734898494008
 31
0.0
  0
LINE
  5
FA4
330
EED
100
AcDbEntity
  8
HIDDEN
100
AcDbLine
 10
-102.720607811128
 20
12.12502437791202
 30
0.0
 11
-102.720607811128
 21
11.25002437791202
 31
0.0
  0
LINE
  5
FA5
330
EED
100
AcDbEntity
  8
HIDDEN
100
AcDbLine
 10
-96.96987277097985
 20
12.12502437791202
 30
0.0
 11
-96.87790656512239
 21
11.25002437791202
 31
0.0
  0
LINE
  5
FA6
330
EED
100
AcDbEntity
  8
HIDDEN
100
AcDbLine
 10
-94.28237277097983
 20
12.12502437791202
 30
0.0
 11
-94.37433897683734
 21
11.25002437791202
 31
0.0
  0
LINE
  5
FA7
330
EED
100
AcDbEntity
  8
CENTER
100
AcDbLine
 10
-100.3761243879652
 20
12.86447637435946
 30
0.0
 11
-100.3761243879652
 21
9.81931443563467
 31
0.0
  0
LINE
  5
FA8
102
{ACAD_REACTORS
330
1752
330
1766
102
}
330
EED
100
AcDbEntity
  8
CENTER
100
AcDbLine
 10
-95.62612438796523
 20
12.86447637435946
 30
0.0
 11
-95.62612438796523
 21
9.81931443563467
 31
0.0
  0
LINE
  5
FA9
102
{ACAD_REACTORS
330
1766
330
176A
102
}
330
EED
100
AcDbEntity
  8
CENTER
100
AcDbLine
 10
-90.87612438796525
 20
12.86447637435946
 30
0.0
 11
-90.87612438796525
 21
9.81931443563467
 31
0.0
  0
LINE
  5
FAA
330
EED
100
AcDbEntity
  8
CONTRUCTION
100
AcDbLine
 10
-101.6261243879652
 20
39.21734898494008
 30
0.0
 11
-101.6261243879652
 21
40.21734898494008
 31
0.0
  0
LINE
  5
FAB
330
EED
100
AcDbEntity
  8
CONTRUCTION
100
AcDbLine
 10
-99.12612438796523
 20
39.21734898494008
 30
0.0
 11
-99.12612438796523
 21
40.21734898494008
 31
0.0
  0
LINE
  5
FAC
102
{ACAD_REACTORS
330
172E
330
1774
102
}
330
EED
100
AcDbEntity
  8
CONTRUCTION
100
AcDbLine
 10
-88.49333451318955
 20
39.21734898494008
 30
0.0
 11
-102.758914262741
 21
39.21734898494008
 31
0.0
  0
LINE
  5
FAD
330
EED
100
AcDbEntity
  8
CONTRUCTION
100
AcDbLine
 10
-101.3761243879652
 20
39.21734898494008
 30
0.0
 11
-101.3761243879652
 21
40.21734898494009
 31
0.0
  0
LINE
  5
FAE
330
EED
100
AcDbEntity
  8
CONTRUCTION
100
AcDbLine
 10
-99.37612438796523
 20
39.21734898494008
 30
0.0
 11
-99.37612438796523
 21
40.21734898494009
 31
0.0
  0
LINE
  5
FAF
330
EED
100
AcDbEntity
  8
CONTRUCTION
100
AcDbLine
 10
-89.87612438796523
 20
39.21734898494008
 30
0.0
 11
-89.87612438796523
 21
40.21734898494009
 31
0.0
  0
LINE
  5
FB0
330
EED
100
AcDbEntity
  8
CONTRUCTION
100
AcDbLine
 10
-89.62612438796523
 20
39.21734898494008
 30
0.0
 11
-89.62612438796523
 21
40.21734898494008
 31
0.0
  0
LINE
  5
FB1
330
EED
100
AcDbEntity
  8
CONTRUCTION
100
AcDbLine
 10
-91.87612438796523
 20
39.21734898494008
 30
0.0
 11
-91.87612438796523
 21
40.21734898494009
 31
0.0
  0
LINE
  5
FB2
330
EED
100
AcDbEntity
  8
CONTRUCTION
100
AcDbLine
 10
-92.12612438796523
 20
39.21734898494008
 30
0.0
 11
-92.12612438796523
 21
40.21734898494008
 31
0.0
  0
LINE
  5
FB3
330
EED
100
AcDbEntity
  8
HIDDEN
100
AcDbLine
 10
-50.48731658169549
 20
40.23700190217122
 30
0.0
 11
-50.23731658169551
 21
40.25010384699197
 31
0.0
  0
LINE
  5
FB4
330
EED
100
AcDbEntity
  8
CONSTRUCTION
100
AcDbLine
 10
-51.11231658169548
 20
40.20424704011932
 30
0.0
 11
-50.48731658169549
 21
40.23700190217122
 31
0.0
  0
LINE
  5
FB5
330
EED
100
AcDbEntity
  8
CONSTRUCTION
100
AcDbLine
 10
-51.11231658169549
 20
39.21734898494008
 30
0.0
 11
-51.11231658169548
 21
40.20424704011932
 31
0.0
  0
LINE
  5
FB6
330
EED
100
AcDbEntity
  8
CONSTRUCTION
100
AcDbLine
 10
-50.48731658169536
 20
39.71734898494008
 30
0.0
 11
-50.48731658169536
 21
39.21734898494008
 31
0.0
  0
LINE
  5
FB7
102
{ACAD_REACTORS
330
1706
330
1728
330
1736
102
}
330
EED
100
AcDbEntity
  8
CONSTRUCTION
100
AcDbLine
 10
-50.48731658169536
 20
39.21734898494008
 30
0.0
 11
-51.11231658169549
 21
39.21734898494008
 31
0.0
  0
LINE
  5
FB8
102
{ACAD_REACTORS
330
174A
102
}
330
EED
100
AcDbEntity
  8
CONSTRUCTION
100
AcDbLine
 10
-123.6261227709799
 20
86.35817873710663
 30
0.0
 11
-67.62612277097986
 21
86.35817873710661
 31
0.0
  0
LINE
  5
FB9
330
EED
100
AcDbEntity
  8
CONSTRUCTION
100
AcDbLine
 10
-124.7511227709799
 20
86.23317873710661
 30
0.0
 11
-66.50112277097986
 21
86.23317873710661
 31
0.0
  0
LINE
  5
FBA
330
EED
100
AcDbEntity
  8
CONSTRUCTION
100
AcDbLine
 10
-67.62612277097986
 20
86.23317873710661
 30
0.0
 11
-67.62612277097986
 21
86.35817873710661
 31
0.0
  0
LINE
  5
FBB
330
EED
100
AcDbEntity
  8
CONSTRUCTION
100
AcDbLine
 10
-66.50112277097986
 20
85.98317873710661
 30
0.0
 11
-124.7511227709799
 21
85.98317873710661
 31
0.0
  0
LINE
  5
FBC
102
{ACAD_REACTORS
330
1760
102
}
330
EED
100
AcDbEntity
  8
CONSTRUCTION
100
AcDbLine
 10
-66.50112277097986
 20
86.23317873710661
 30
0.0
 11
-66.50112277097986
 21
85.98317873710661
 31
0.0
  0
LINE
  5
FBD
330
EED
100
AcDbEntity
  8
CONSTRUCTION
100
AcDbLine
 10
-124.7511227709799
 20
85.98317873710661
 30
0.0
 11
-124.7511227709799
 21
86.23317873710661
 31
0.0
  0
LINE
  5
FBE
330
EED
100
AcDbEntity
  8
CONSTRUCTION
100
AcDbLine
 10
-123.6261227709799
 20
86.23317873710663
 30
0.0
 11
-123.6261227709799
 21
86.35817873710661
 31
0.0
  0
LINE
  5
FBF
102
{ACAD_REACTORS
330
176C
102
}
330
EED
100
AcDbEntity
  8
HIDDEN
100
AcDbLine
 10
-102.1507993433861
 20
85.98317873710661
 30
0.0
 11
-102.1603759562894
 21
86.23317873710661
 31
0.0
  0
LINE
  5
FC0
330
EED
100
AcDbEntity
  8
CENTER
100
AcDbLine
 10
-100.3761243879652
 20
84.61872674065918
 30
0.0
 11
-100.3761243879652
 21
87.66388867938397
 31
0.0
  0
LINE
  5
FC1
102
{ACAD_REACTORS
330
172C
102
}
330
EED
100
AcDbEntity
  8
CENTER
100
AcDbLine
 10
-95.62612438796523
 20
84.61872674065918
 30
0.0
 11
-95.62612438796523
 21
87.66388867938397
 31
0.0
  0
LINE
  5
FC2
330
EED
100
AcDbEntity
  8
CENTER
100
AcDbLine
 10
-90.87612438796525
 20
84.61872674065918
 30
0.0
 11
-90.87612438796525
 21
87.66388867938397
 31
0.0
  0
LINE
  5
FC3
330
EED
100
AcDbEntity
  8
HIDDEN
100
AcDbLine
 10
-96.37612277097985
 20
85.35817873710661
 30
0.0
 11
-96.28415656512239
 21
86.23317873710661
 31
0.0
  0
LINE
  5
FC4
330
EED
100
AcDbEntity
  8
HIDDEN
100
AcDbLine
 10
-94.87612277097985
 20
85.35817873710661
 30
0.0
 11
-94.96808897683734
 21
86.23317873710661
 31
0.0
  0
LINE
  5
FC5
330
EED
100
AcDbEntity
  8
CENTER
100
AcDbLine
 10
-104.1261243879652
 20
40.96734898494009
 30
0.0
 11
-65.55980215887489
 21
40.96734898494009
 31
0.0
  0
LINE
  5
FC6
102
{ACAD_REACTORS
330
1718
330
1720
102
}
330
EED
100
AcDbEntity
  8
CENTER
100
AcDbLine
 10
-125.7511227709799
 20
52.96735040543559
 30
0.0
 11
-65.55980215887489
 21
52.96735040543559
 31
0.0
  0
INSERT
  5
FC8
330
EED
100
AcDbEntity
  8
0
  6
Continuous
 62
     7
100
AcDbBlockReference
  2
ANONYMUSCELL
 10
116.6261226408853
 20
38.34234961245058
 30
0.0
210
0.0
220
0.0
230
-1.0
  0
INSERT
  5
FCC
330
EED
100
AcDbEntity
  8
0
  6
Continuous
 62
     7
100
AcDbBlockReference
  2
ANONYMUSCELL_2
 10
-74.62612290107438
 20
38.34234961245058
 30
0.0
  0
INSERT
  5
FD0
330
EED
100
AcDbEntity
  8
0
  6
Continuous
 62
     7
100
AcDbBlockReference
  2
ANONYMUSCELL_4
 10
-116.6261226408853
 20
67.5923511984206
 30
0.0
 50
180.0
  0
INSERT
  5
FD4
330
EED
100
AcDbEntity
  8
0
  6
Continuous
 62
     7
100
AcDbBlockReference
  2
ANONYMUSCELL_6
 10
74.62612290107438
 20
67.5923511984206
 30
0.0
 50
180.0
210
0.0
220
0.0
230
-1.0
  0
DIMENSION
  5
FD8
330
EED
100
AcDbEntity
  8
LEVEL_50
  6
Continuous
 62
     2
100
AcDbDimension
  2
*D6
 10
-116.7004855259009
 20
67.7117346723243
 30
0.0
 11
-113.5173359910001
 21
64.63126785169358
 31
0.0
 70
   163
 71
     5
 42
-1.0
  3
STANDARD
100
AcDbDiametricDimension
 15
-116.5517600160588
 25
67.47296613854692
 35
0.0
 40
0.0
1001
ACAD
1000
DSTYLE
1002
{
1070
     7
1000
OPEN
1070
     6
1000
OPEN
1070
   174
1070
     0
1070
   142
1040
0.0
1070
   282
1070
     0
1070
   281
1070
     0
1070
   280
1070
     0
1070
    77
1070
     0
1070
   145
1040
0.3125
1070
   294
1070
     0
1070
    69
1070
     0
1070
   279
1070
     0
1070
   172
1070
     0
1070
    71
1070
     0
1070
   170
1070
     0
1070
   278
1070
    46
1070
    45
1040
0.0
1070
    76
1070
     1
1070
    75
1070
     1
1070
    90
1070
     2
1070
   179
1070
     0
1070
    41
1040
0.625
1070
   289
1070
     1
1070
   275
1070
     0
1070
    79
1070
     0
1070
   141
1040
0.0
1070
   176
1070
     2
1070
   177
1070
     2
1070
   178
1070
     2
1070
   271
1070
     5
1070
    44
1040
0.3125
1070
    42
1040
0.3125
1070
   276
1070
     2
1070
   147
1040
0.15625
1070
   144
1040
0.9999999999999999
1070
   277
1070
     5
1070
   371
1070
     0
1070
   372
1070
     0
1070
     3
1000
<>"%%c
1070
   173
1070
     1
1070
   175
1070
     1
1070
    73
1070
     1
1070
    74
1070
     1
1070
   340
1005
811
1070
   140
1040
0.625
1070
    78
1070
    12
1070
   345
1005
EE4
1070
   346
1005
EE4
1070
   347
1005
EE4
1070
   297
1040
1000.0
1070
   298
1000
TH%%c
1002
}
1001
ACAD_DSTYLE_DIMARC_LENGTH_SYMBOL
1070
   379
1070
     2
1001
ACAD_DSTYLE_DIM_LINETYPE
1070
   380
1005
EE4
1001
ACAD_DSTYLE_DIM_EXT1_LINETYPE
1070
   381
1005
EE4
1001
ACAD_DSTYLE_DIM_EXT2_LINETYPE
1070
   382
1005
EE4
  0
DIMENSION
  5
FE3
330
EED
100
AcDbEntity
  8
LEVEL_50
  6
Continuous
 62
     2
100
AcDbDimension
  2
*D7
 10
-128.6197468178205
 20
67.96735040543558
 30
0.0
 11
-128.3072468178205
 21
60.46735040543559
 31
0.0
 70
    32
 71
     5
 42
-1.0
 52
-90.0
  3
STANDARD
100
AcDbAlignedDimension
 13
-125.7511227709799
 23
52.96735040543559
 33
0.0
 14
-124.7511227709799
 24
67.96735040543558
 34
0.0
 50
-270.0
100
AcDbRotatedDimension
1001
ACAD
1000
DSTYLE
1002
{
1070
     7
1000
OPEN
1070
     6
1000
OPEN
1070
   142
1040
0.0
1070
   282
1070
     0
1070
   281
1070
     0
1070
   280
1070
     0
1070
    77
1070
     0
1070
   145
1040
0.3125
1070
   294
1070
     0
1070
    69
1070
     0
1070
   279
1070
     0
1070
   172
1070
     0
1070
    71
1070
     0
1070
   170
1070
     0
1070
   278
1070
    46
1070
    45
1040
0.0
1070
    76
1070
     0
1070
    75
1070
     0
1070
    90
1070
     2
1070
   179
1070
     0
1070
    41
1040
0.625
1070
   289
1070
     1
1070
   275
1070
     0
1070
    79
1070
     0
1070
   141
1040
0.0
1070
   176
1070
     2
1070
   177
1070
     2
1070
   178
1070
     2
1070
   271
1070
     5
1070
    44
1040
0.3125
1070
    42
1040
0.3125
1070
   276
1070
     2
1070
   147
1040
0.15625
1070
   144
1040
0.9999999999999999
1070
   277
1070
     5
1070
   371
1070
     0
1070
   372
1070
     0
1070
     3
1000
<>"
1070
   173
1070
     1
1070
   175
1070
     1
1070
    73
1070
     0
1070
    74
1070
     0
1070
   340
1005
811
1070
   140
1040
0.625
1070
    78
1070
    12
1070
   345
1005
EE4
1070
   346
1005
EE4
1070
   347
1005
EE4
1070
   297
1040
1000.0
1070
   298
1000
TH
1002
}
1001
ACAD_DSTYLE_DIMARC_LENGTH_SYMBOL
1070
   379
1070
     2
1001
ACAD_DSTYLE_DIM_LINETYPE
1070
   380
1005
EE4
1001
ACAD_DSTYLE_DIM_EXT1_LINETYPE
1070
   381
1005
EE4
1001
ACAD_DSTYLE_DIM_EXT2_LINETYPE
1070
   382
1005
EE4
  0
DIMENSION
  5
FED
330
EED
100
AcDbEntity
  8
LEVEL_50
  6
Continuous
 62
     2
100
AcDbDimension
  2
*D8
 10
-130.1086991084142
 20
67.96735040543558
 30
0.0
 11
-129.7961991084142
 21
69.62164301502416
 31
0.0
 70
   160
 71
     5
 42
-1.0
 52
-90.0
  3
STANDARD
100
AcDbAlignedDimension
 13
-123.6261227709799
 23
66.96735040543558
 33
0.0
 14
-124.7511227709799
 24
67.96735040543558
 34
0.0
 50
-270.0
100
AcDbRotatedDimension
1001
ACAD
1000
DSTYLE
1002
{
1070
     7
1000
OPEN
1070
     6
1000
OPEN
1070
   142
1040
0.0
1070
   282
1070
     0
1070
   281
1070
     0
1070
   280
1070
     0
1070
    77
1070
     0
1070
   145
1040
0.3125
1070
   294
1070
     0
1070
    69
1070
     0
1070
   279
1070
     0
1070
   172
1070
     0
1070
    71
1070
     0
1070
   170
1070
     0
1070
   278
1070
    46
1070
    45
1040
0.0
1070
    76
1070
     0
1070
    75
1070
     0
1070
    90
1070
     2
1070
   179
1070
     0
1070
    41
1040
0.625
1070
   289
1070
     1
1070
   275
1070
     0
1070
    79
1070
     0
1070
   141
1040
0.0
1070
   176
1070
     2
1070
   177
1070
     2
1070
   178
1070
     2
1070
   271
1070
     5
1070
    44
1040
0.3125
1070
    42
1040
0.3125
1070
   276
1070
     2
1070
   147
1040
0.15625
1070
   144
1040
0.9999999999999999
1070
   277
1070
     5
1070
   371
1070
     0
1070
   372
1070
     0
1070
     3
1000
<>"
1070
   173
1070
     1
1070
   175
1070
     1
1070
    73
1070
     0
1070
    74
1070
     0
1070
   340
1005
811
1070
   140
1040
0.625
1070
    78
1070
    12
1070
   345
1005
EE4
1070
   346
1005
EE4
1070
   347
1005
EE4
1070
   297
1040
1000.0
1070
   298
1000
TH
1002
}
1001
ACAD_DSTYLE_DIMARC_LENGTH_SYMBOL
1070
   379
1070
     2
1001
ACAD_DSTYLE_DIM_LINETYPE
1070
   380
1005
EE4
1001
ACAD_DSTYLE_DIM_EXT1_LINETYPE
1070
   381
1005
EE4
1001
ACAD_DSTYLE_DIM_EXT2_LINETYPE
1070
   382
1005
EE4
  0
DIMENSION
  5
FF9
330
EED
100
AcDbEntity
  8
LEVEL_50
  6
Continuous
 62
     2
100
AcDbDimension
  2
*D9
 10
-127.3609852779504
 20
67.5923504054356
 30
0.0
 11
-126.8922352779504
 21
60.2798504054356
 31
0.0
 70
    32
 71
     5
 42
-1.0
 52
-90.0
  3
STANDARD
100
AcDbAlignedDimension
 13
-125.7511227709799
 23
52.96735040543559
 33
0.0
 14
-116.8761227709799
 24
67.5923504054356
 34
0.0
 50
-270.0
100
AcDbRotatedDimension
1001
ACAD
1000
DSTYLE
1002
{
1070
     7
1000
OPEN
1070
     6
1000
OPEN
1070
   142
1040
0.0
1070
   282
1070
     0
1070
   281
1070
     0
1070
   280
1070
     0
1070
    77
1070
     0
1070
   145
1040
0.3125
1070
   294
1070
     0
1070
    69
1070
     0
1070
   279
1070
     0
1070
   172
1070
     0
1070
    71
1070
     0
1070
   170
1070
     0
1070
   278
1070
    46
1070
    45
1040
0.0
1070
    76
1070
     0
1070
    75
1070
     0
1070
    90
1070
     2
1070
   179
1070
     0
1070
    41
1040
0.625
1070
   289
1070
     1
1070
   275
1070
     0
1070
    79
1070
     0
1070
   141
1040
0.0
1070
   176
1070
     2
1070
   177
1070
     2
1070
   178
1070
     2
1070
   271
1070
     4
1070
    44
1040
0.3125
1070
    42
1040
0.3125
1070
   276
1070
     2
1070
   147
1040
0.15625
1070
   144
1040
0.9999999999999999
1070
   277
1070
     5
1070
   371
1070
     0
1070
   372
1070
     0
1070
     3
1000
<>"
1070
   173
1070
     1
1070
   175
1070
     1
1070
    73
1070
     0
1070
    74
1070
     0
1070
   340
1005
811
1070
   140
1040
0.625
1070
    78
1070
    12
1070
   345
1005
EE4
1070
   346
1005
EE4
1070
   347
1005
EE4
1070
   297
1040
1000.0
1070
   298
1000
TH
1002
}
1001
ACAD_DSTYLE_DIMARC_LENGTH_SYMBOL
1070
   379
1070
     2
1001
ACAD_DSTYLE_DIM_LINETYPE
1070
   380
1005
EE4
1001
ACAD_DSTYLE_DIM_EXT1_LINETYPE
1070
   381
1005
EE4
1001
ACAD_DSTYLE_DIM_EXT2_LINETYPE
1070
   382
1005
EE4
  0
DIMENSION
  5
1007
330
EED
100
AcDbEntity
  8
LEVEL_50
  6
Continuous
 62
     2
100
AcDbDimension
  2
*D10
 10
-130.1086991084142
 20
38.96735040543559
 30
0.0
 11
-129.7961991084142
 21
52.96735040543559
 31
0.0
 70
    32
  1
<> PERFORATED PLATE
 71
     5
 42
-1.0
 52
90.0
  3
STANDARD
100
AcDbAlignedDimension
 13
-123.6261227709799
 23
66.96735040543558
 33
0.0
 14
-123.6261227709799
 24
38.96735040543559
 34
0.0
 50
-90.0
100
AcDbRotatedDimension
1001
ACAD
1000
DSTYLE
1002
{
1070
     7
1000
OPEN
1070
     6
1000
OPEN
1070
   142
1040
0.0
1070
   282
1070
     0
1070
   281
1070
     0
1070
   280
1070
     0
1070
    77
1070
     0
1070
   145
1040
0.3125
1070
   294
1070
     0
1070
    69
1070
     0
1070
   279
1070
     0
1070
   172
1070
     0
1070
    71
1070
     0
1070
   170
1070
     0
1070
   278
1070
    46
1070
    45
1040
0.0
1070
    76
1070
     0
1070
    75
1070
     0
1070
    90
1070
     2
1070
   179
1070
     0
1070
    41
1040
0.625
1070
   289
1070
     1
1070
   275
1070
     0
1070
    79
1070
     0
1070
   141
1040
0.0
1070
   176
1070
     2
1070
   177
1070
     2
1070
   178
1070
     2
1070
   271
1070
     5
1070
    44
1040
0.3125
1070
    42
1040
0.3125
1070
   276
1070
     2
1070
   147
1040
0.15625
1070
   144
1040
0.9999999999999999
1070
   277
1070
     5
1070
   371
1070
     0
1070
   372
1070
     0
1070
     3
1000
<>"
1070
   173
1070
     1
1070
   175
1070
     1
1070
    73
1070
     0
1070
    74
1070
     0
1070
   340
1005
811
1070
   140
1040
0.625
1070
    78
1070
    12
1070
   345
1005
EE4
1070
   346
1005
EE4
1070
   347
1005
EE4
1070
   297
1040
1000.0
1070
   298
1000
TH
1002
}
1001
ACAD_DSTYLE_DIMARC_LENGTH_SYMBOL
1070
   379
1070
     2
1001
ACAD_DSTYLE_DIM_LINETYPE
1070
   380
1005
EE4
1001
ACAD_DSTYLE_DIM_EXT1_LINETYPE
1070
   381
1005
EE4
1001
ACAD_DSTYLE_DIM_EXT2_LINETYPE
1070
   382
1005
EE4
  0
DIMENSION
  5
1011
330
EED
100
AcDbEntity
  8
LEVEL_50
  6
Continuous
 62
     2
100
AcDbDimension
  2
*D11
 10
-131.4034402306696
 20
37.96735040543559
 30
0.0
 11
-131.0909402306696
 21
52.96735040543559
 31
0.0
 70
    32
  1
<> ALUM. PLATE
 71
     5
 42
-1.0
 52
90.0
  3
STANDARD
100
AcDbAlignedDimension
 13
-124.7511227709799
 23
67.96735040543558
 33
0.0
 14
-124.7511227709799
 24
37.96735040543559
 34
0.0
 50
-90.0
100
AcDbRotatedDimension
1001
ACAD
1000
DSTYLE
1002
{
1070
     7
1000
OPEN
1070
     6
1000
OPEN
1070
   142
1040
0.0
1070
   282
1070
     0
1070
   281
1070
     0
1070
   280
1070
     0
1070
    77
1070
     0
1070
   145
1040
0.3125
1070
   294
1070
     0
1070
    69
1070
     0
1070
   279
1070
     0
1070
   172
1070
     0
1070
    71
1070
     0
1070
   170
1070
     0
1070
   278
1070
    46
1070
    45
1040
0.0
1070
    76
1070
     0
1070
    75
1070
     0
1070
    90
1070
     2
1070
   179
1070
     0
1070
    41
1040
0.625
1070
   289
1070
     1
1070
   275
1070
     0
1070
    79
1070
     0
1070
   141
1040
0.0
1070
   176
1070
     2
1070
   177
1070
     2
1070
   178
1070
     2
1070
   271
1070
     5
1070
    44
1040
0.3125
1070
    42
1040
0.3125
1070
   276
1070
     2
1070
   147
1040
0.15625
1070
   144
1040
0.9999999999999999
1070
   277
1070
     5
1070
   371
1070
     0
1070
   372
1070
     0
1070
     3
1000
<>"
1070
   173
1070
     1
1070
   175
1070
     1
1070
    73
1070
     0
1070
    74
1070
     0
1070
   340
1005
811
1070
   140
1040
0.625
1070
    78
1070
    12
1070
   345
1005
EE4
1070
   346
1005
EE4
1070
   347
1005
EE4
1070
   297
1040
1000.0
1070
   298
1000
TH
1002
}
1001
ACAD_DSTYLE_DIMARC_LENGTH_SYMBOL
1070
   379
1070
     2
1001
ACAD_DSTYLE_DIM_LINETYPE
1070
   380
1005
EE4
1001
ACAD_DSTYLE_DIM_EXT1_LINETYPE
1070
   381
1005
EE4
1001
ACAD_DSTYLE_DIM_EXT2_LINETYPE
1070
   382
1005
EE4
  0
DIMENSION
  5
101B
330
EED
100
AcDbEntity
  8
LEVEL_50
  6
Continuous
 62
     2
100
AcDbDimension
  2
*D12
 10
-128.6197468178205
 20
38.96735040543559
 30
0.0
 11
-128.3072468178205
 21
45.96735040543559
 31
0.0
 70
    32
 71
     5
 42
-1.0
 52
90.0
  3
STANDARD
100
AcDbAlignedDimension
 13
-125.7511227709799
 23
52.96735040543559
 33
0.0
 14
-123.6261227709799
 24
38.96735040543559
 34
0.0
 50
-90.0
100
AcDbRotatedDimension
1001
ACAD
1000
DSTYLE
1002
{
1070
     7
1000
OPEN
1070
     6
1000
OPEN
1070
   142
1040
0.0
1070
   282
1070
     0
1070
   281
1070
     0
1070
   280
1070
     0
1070
    77
1070
     0
1070
   145
1040
0.3125
1070
   294
1070
     0
1070
    69
1070
     0
1070
   279
1070
     0
1070
   172
1070
     0
1070
    71
1070
     0
1070
   170
1070
     0
1070
   278
1070
    46
1070
    45
1040
0.0
1070
    76
1070
     0
1070
    75
1070
     0
1070
    90
1070
     2
1070
   179
1070
     0
1070
    41
1040
0.625
1070
   289
1070
     1
1070
   275
1070
     0
1070
    79
1070
     0
1070
   141
1040
0.0
1070
   176
1070
     2
1070
   177
1070
     2
1070
   178
1070
     2
1070
   271
1070
     5
1070
    44
1040
0.3125
1070
    42
1040
0.3125
1070
   276
1070
     2
1070
   147
1040
0.15625
1070
   144
1040
0.9999999999999999
1070
   277
1070
     5
1070
   371
1070
     0
1070
   372
1070
     0
1070
     3
1000
<>"
1070
   173
1070
     1
1070
   175
1070
     1
1070
    73
1070
     0
1070
    74
1070
     0
1070
   340
1005
811
1070
   140
1040
0.625
1070
    78
1070
    12
1070
   345
1005
EE4
1070
   346
1005
EE4
1070
   347
1005
EE4
1070
   297
1040
1000.0
1070
   298
1000
TH
1002
}
1001
ACAD_DSTYLE_DIMARC_LENGTH_SYMBOL
1070
   379
1070
     2
1001
ACAD_DSTYLE_DIM_LINETYPE
1070
   380
1005
EE4
1001
ACAD_DSTYLE_DIM_EXT1_LINETYPE
1070
   381
1005
EE4
1001
ACAD_DSTYLE_DIM_EXT2_LINETYPE
1070
   382
1005
EE4
  0
DIMENSION
  5
1025
330
EED
100
AcDbEntity
  8
LEVEL_50
  6
Continuous
 62
     2
100
AcDbDimension
  2
*D13
 10
-130.1086991084142
 20
37.96735040543559
 30
0.0
 11
-129.7961991084142
 21
36.55430089764212
 31
0.0
 70
   160
 71
     5
 42
-1.0
 52
90.0
  3
STANDARD
100
AcDbAlignedDimension
 13
-123.6261227709799
 23
38.96735040543559
 33
0.0
 14
-124.7511227709799
 24
37.96735040543559
 34
0.0
 50
-90.0
100
AcDbRotatedDimension
1001
ACAD
1000
DSTYLE
1002
{
1070
     7
1000
OPEN
1070
     6
1000
OPEN
1070
   142
1040
0.0
1070
   282
1070
     0
1070
   281
1070
     0
1070
   280
1070
     0
1070
    77
1070
     0
1070
   145
1040
0.3125
1070
   294
1070
     0
1070
    69
1070
     0
1070
   279
1070
     0
1070
   172
1070
     0
1070
    71
1070
     0
1070
   170
1070
     0
1070
   278
1070
    46
1070
    45
1040
0.0
1070
    76
1070
     0
1070
    75
1070
     0
1070
    90
1070
     2
1070
   179
1070
     0
1070
    41
1040
0.625
1070
   289
1070
     1
1070
   275
1070
     0
1070
    79
1070
     0
1070
   141
1040
0.0
1070
   176
1070
     2
1070
   177
1070
     2
1070
   178
1070
     2
1070
   271
1070
     5
1070
    44
1040
0.3125
1070
    42
1040
0.3125
1070
   276
1070
     2
1070
   147
1040
0.15625
1070
   144
1040
0.9999999999999999
1070
   277
1070
     5
1070
   371
1070
     0
1070
   372
1070
     0
1070
     3
1000
<>"
1070
   173
1070
     1
1070
   175
1070
     1
1070
    73
1070
     0
1070
    74
1070
     0
1070
   340
1005
811
1070
   140
1040
0.625
1070
    78
1070
    12
1070
   345
1005
EE4
1070
   346
1005
EE4
1070
   347
1005
EE4
1070
   297
1040
1000.0
1070
   298
1000
TH
1002
}
1001
ACAD_DSTYLE_DIMARC_LENGTH_SYMBOL
1070
   379
1070
     2
1001
ACAD_DSTYLE_DIM_LINETYPE
1070
   380
1005
EE4
1001
ACAD_DSTYLE_DIM_EXT1_LINETYPE
1070
   381
1005
EE4
1001
ACAD_DSTYLE_DIM_EXT2_LINETYPE
1070
   382
1005
EE4
  0
DIMENSION
  5
1031
330
EED
100
AcDbEntity
  8
LEVEL_50
  6
Continuous
 62
     2
100
AcDbDimension
  2
*D14
 10
-127.3609852779504
 20
38.34235040543557
 30
0.0
 11
-126.8922352779504
 21
45.65485040543558
 31
0.0
 70
    32
 71
     5
 42
-1.0
 52
90.0
  3
STANDARD
100
AcDbAlignedDimension
 13
-125.7511227709799
 23
52.96735040543559
 33
0.0
 14
-116.8761227709799
 24
38.34235040543557
 34
0.0
 50
-90.0
100
AcDbRotatedDimension
1001
ACAD
1000
DSTYLE
1002
{
1070
     7
1000
OPEN
1070
     6
1000
OPEN
1070
   142
1040
0.0
1070
   282
1070
     0
1070
   281
1070
     0
1070
   280
1070
     0
1070
    77
1070
     0
1070
   145
1040
0.3125
1070
   294
1070
     0
1070
    69
1070
     0
1070
   279
1070
     0
1070
   172
1070
     0
1070
    71
1070
     0
1070
   170
1070
     0
1070
   278
1070
    46
1070
    45
1040
0.0
1070
    76
1070
     0
1070
    75
1070
     0
1070
    90
1070
     2
1070
   179
1070
     0
1070
    41
1040
0.625
1070
   289
1070
     1
1070
   275
1070
     0
1070
    79
1070
     0
1070
   141
1040
0.0
1070
   176
1070
     2
1070
   177
1070
     2
1070
   178
1070
     2
1070
   271
1070
     4
1070
    44
1040
0.3125
1070
    42
1040
0.3125
1070
   276
1070
     2
1070
   147
1040
0.15625
1070
   144
1040
0.9999999999999999
1070
   277
1070
     5
1070
   371
1070
     0
1070
   372
1070
     0
1070
     3
1000
<>"
1070
   173
1070
     1
1070
   175
1070
     1
1070
    73
1070
     0
1070
    74
1070
     0
1070
   340
1005
811
1070
   140
1040
0.625
1070
    78
1070
    12
1070
   345
1005
EE4
1070
   346
1005
EE4
1070
   347
1005
EE4
1070
   297
1040
1000.0
1070
   298
1000
TH
1002
}
1001
ACAD_DSTYLE_DIMARC_LENGTH_SYMBOL
1070
   379
1070
     2
1001
ACAD_DSTYLE_DIM_LINETYPE
1070
   380
1005
EE4
1001
ACAD_DSTYLE_DIM_EXT1_LINETYPE
1070
   381
1005
EE4
1001
ACAD_DSTYLE_DIM_EXT2_LINETYPE
1070
   382
1005
EE4
  0
DIMENSION
  5
103F
330
EED
100
AcDbEntity
  8
LEVEL_50
  6
Continuous
 62
     2
100
AcDbDimension
  2
*D15
 10
-95.62612277097986
 20
70.88269162228225
 30
0.0
 11
-106.1261227709799
 21
70.57019162228225
 31
0.0
 70
    32
 71
     5
 42
-1.0
 52
-90.0
  3
STANDARD
100
AcDbAlignedDimension
 13
-116.6261227709799
 23
67.8423504054356
 33
0.0
 14
-95.62612277097986
 24
68.96735040543557
 34
0.0
100
AcDbRotatedDimension
1001
ACAD
1000
DSTYLE
1002
{
1070
     7
1000
OPEN
1070
     6
1000
OPEN
1070
   142
1040
0.0
1070
   282
1070
     0
1070
   281
1070
     0
1070
   280
1070
     0
1070
    77
1070
     0
1070
   145
1040
0.3125
1070
   294
1070
     0
1070
    69
1070
     0
1070
   279
1070
     0
1070
   172
1070
     0
1070
    71
1070
     0
1070
   170
1070
     0
1070
   278
1070
    46
1070
    45
1040
0.0
1070
    76
1070
     0
1070
    75
1070
     0
1070
    90
1070
     2
1070
   179
1070
     0
1070
    41
1040
0.625
1070
   289
1070
     1
1070
   275
1070
     0
1070
    79
1070
     0
1070
   141
1040
0.0
1070
   176
1070
     2
1070
   177
1070
     2
1070
   178
1070
     2
1070
   271
1070
     4
1070
    44
1040
0.3125
1070
    42
1040
0.3125
1070
   276
1070
     2
1070
   147
1040
0.15625
1070
   144
1040
0.9999999999999999
1070
   277
1070
     5
1070
   371
1070
     0
1070
   372
1070
     0
1070
     3
1000
<>"
1070
   173
1070
     1
1070
   175
1070
     1
1070
    73
1070
     0
1070
    74
1070
     0
1070
   340
1005
811
1070
   140
1040
0.625
1070
    78
1070
    12
1070
   345
1005
EE4
1070
   346
1005
EE4
1070
   347
1005
EE4
1070
   297
1040
1000.0
1070
   298
1000
TH
1002
}
1001
ACAD_DSTYLE_DIMARC_LENGTH_SYMBOL
1070
   379
1070
     2
1001
ACAD_DSTYLE_DIM_LINETYPE
1070
   380
1005
EE4
1001
ACAD_DSTYLE_DIM_EXT1_LINETYPE
1070
   381
1005
EE4
1001
ACAD_DSTYLE_DIM_EXT2_LINETYPE
1070
   382
1005
EE4
  0
DIMENSION
  5
1049
330
EED
100
AcDbEntity
  8
LEVEL_50
  6
Continuous
 62
     2
100
AcDbDimension
  2
*D16
 10
-74.62612277097986
 20
70.88269162228225
 30
0.0
 11
-85.12612277097986
 21
70.57019162228225
 31
0.0
 70
    32
 71
     5
 42
-1.0
 52
-90.0
  3
STANDARD
100
AcDbAlignedDimension
 13
-95.62612277097986
 23
68.96735040543557
 33
0.0
 14
-74.62612277097986
 24
67.8423504054356
 34
0.0
100
AcDbRotatedDimension
1001
ACAD
1000
DSTYLE
1002
{
1070
     7
1000
OPEN
1070
     6
1000
OPEN
1070
   142
1040
0.0
1070
   282
1070
     0
1070
   281
1070
     0
1070
   280
1070
     0
1070
    77
1070
     0
1070
   145
1040
0.3125
1070
   294
1070
     0
1070
    69
1070
     0
1070
   279
1070
     0
1070
   172
1070
     0
1070
    71
1070
     0
1070
   170
1070
     0
1070
   278
1070
    46
1070
    45
1040
0.0
1070
    76
1070
     0
1070
    75
1070
     0
1070
    90
1070
     2
1070
   179
1070
     0
1070
    41
1040
0.625
1070
   289
1070
     1
1070
   275
1070
     0
1070
    79
1070
     0
1070
   141
1040
0.0
1070
   176
1070
     2
1070
   177
1070
     2
1070
   178
1070
     2
1070
   271
1070
     4
1070
    44
1040
0.3125
1070
    42
1040
0.3125
1070
   276
1070
     2
1070
   147
1040
0.15625
1070
   144
1040
0.9999999999999999
1070
   277
1070
     5
1070
   371
1070
     0
1070
   372
1070
     0
1070
     3
1000
<>"
1070
   173
1070
     1
1070
   175
1070
     1
1070
    73
1070
     0
1070
    74
1070
     0
1070
   340
1005
811
1070
   140
1040
0.625
1070
    78
1070
    12
1070
   345
1005
EE4
1070
   346
1005
EE4
1070
   347
1005
EE4
1070
   297
1040
1000.0
1070
   298
1000
TH
1002
}
1001
ACAD_DSTYLE_DIMARC_LENGTH_SYMBOL
1070
   379
1070
     2
1001
ACAD_DSTYLE_DIM_LINETYPE
1070
   380
1005
EE4
1001
ACAD_DSTYLE_DIM_EXT1_LINETYPE
1070
   381
1005
EE4
1001
ACAD_DSTYLE_DIM_EXT2_LINETYPE
1070
   382
1005
EE4
  0
DIMENSION
  5
1053
330
EED
100
AcDbEntity
  8
LEVEL_50
  6
Continuous
 62
     2
100
AcDbDimension
  2
*D17
 10
-124.7511227709799
 20
26.40637148687617
 30
0.0
 11
-110.1886227709799
 21
25.93762148687617
 31
0.0
 70
    32
 71
     5
 42
-1.0
 52
-90.0
  3
STANDARD
100
AcDbAlignedDimension
 13
-95.62612277097986
 23
36.9673504054356
 33
0.0
 14
-124.7511227709799
 24
37.96735040543559
 34
0.0
 50
-180.0
100
AcDbRotatedDimension
1001
ACAD
1000
DSTYLE
1002
{
1070
     7
1000
OPEN
1070
     6
1000
OPEN
1070
   142
1040
0.0
1070
   282
1070
     0
1070
   281
1070
     0
1070
   280
1070
     0
1070
    77
1070
     0
1070
   145
1040
0.3125
1070
   294
1070
     0
1070
    69
1070
     0
1070
   279
1070
     0
1070
   172
1070
     0
1070
    71
1070
     0
1070
   170
1070
     0
1070
   278
1070
    46
1070
    45
1040
0.0
1070
    76
1070
     0
1070
    75
1070
     0
1070
    90
1070
     2
1070
   179
1070
     0
1070
    41
1040
0.625
1070
   289
1070
     1
1070
   275
1070
     0
1070
    79
1070
     0
1070
   141
1040
0.0
1070
   176
1070
     2
1070
   177
1070
     2
1070
   178
1070
     2
1070
   271
1070
     5
1070
    44
1040
0.3125
1070
    42
1040
0.3125
1070
   276
1070
     2
1070
   147
1040
0.15625
1070
   144
1040
0.9999999999999999
1070
   277
1070
     5
1070
   371
1070
     0
1070
   372
1070
     0
1070
     3
1000
<>"
1070
   173
1070
     1
1070
   175
1070
     1
1070
    73
1070
     0
1070
    74
1070
     0
1070
   340
1005
811
1070
   140
1040
0.625
1070
    78
1070
    12
1070
   345
1005
EE4
1070
   346
1005
EE4
1070
   347
1005
EE4
1070
   297
1040
1000.0
1070
   298
1000
TH
1002
}
1001
ACAD_DSTYLE_DIMARC_LENGTH_SYMBOL
1070
   379
1070
     2
1001
ACAD_DSTYLE_DIM_LINETYPE
1070
   380
1005
EE4
1001
ACAD_DSTYLE_DIM_EXT1_LINETYPE
1070
   381
1005
EE4
1001
ACAD_DSTYLE_DIM_EXT2_LINETYPE
1070
   382
1005
EE4
  0
DIMENSION
  5
1061
330
EED
100
AcDbEntity
  8
LEVEL_50
  6
Continuous
 62
     2
100
AcDbDimension
  2
*D18
 10
-67.62612277097986
 20
26.40637148687617
 30
0.0
 11
-81.62612277097986
 21
26.09387148687617
 31
0.0
 70
    32
 71
     5
 42
-1.0
 52
90.0
  3
STANDARD
100
AcDbAlignedDimension
 13
-95.62612277097986
 23
36.9673504054356
 33
0.0
 14
-67.62612277097986
 24
38.96735040543559
 34
0.0
100
AcDbRotatedDimension
1001
ACAD
1000
DSTYLE
1002
{
1070
     7
1000
OPEN
1070
     6
1000
OPEN
1070
   142
1040
0.0
1070
   282
1070
     0
1070
   281
1070
     0
1070
   280
1070
     0
1070
    77
1070
     0
1070
   145
1040
0.3125
1070
   294
1070
     0
1070
    69
1070
     0
1070
   279
1070
     0
1070
   172
1070
     0
1070
    71
1070
     0
1070
   170
1070
     0
1070
   278
1070
    46
1070
    45
1040
0.0
1070
    76
1070
     0
1070
    75
1070
     0
1070
    90
1070
     2
1070
   179
1070
     0
1070
    41
1040
0.625
1070
   289
1070
     1
1070
   275
1070
     0
1070
    79
1070
     0
1070
   141
1040
0.0
1070
   176
1070
     2
1070
   177
1070
     2
1070
   178
1070
     2
1070
   271
1070
     5
1070
    44
1040
0.3125
1070
    42
1040
0.3125
1070
   276
1070
     2
1070
   147
1040
0.15625
1070
   144
1040
0.9999999999999999
1070
   277
1070
     5
1070
   371
1070
     0
1070
   372
1070
     0
1070
     3
1000
<>"
1070
   173
1070
     1
1070
   175
1070
     1
1070
    73
1070
     0
1070
    74
1070
     0
1070
   340
1005
811
1070
   140
1040
0.625
1070
    78
1070
    12
1070
   345
1005
EE4
1070
   346
1005
EE4
1070
   347
1005
EE4
1070
   297
1040
1000.0
1070
   298
1000
TH
1002
}
1001
ACAD_DSTYLE_DIMARC_LENGTH_SYMBOL
1070
   379
1070
     2
1001
ACAD_DSTYLE_DIM_LINETYPE
1070
   380
1005
EE4
1001
ACAD_DSTYLE_DIM_EXT1_LINETYPE
1070
   381
1005
EE4
1001
ACAD_DSTYLE_DIM_EXT2_LINETYPE
1070
   382
1005
EE4
  0
DIMENSION
  5
106B
330
EED
100
AcDbEntity
  8
LEVEL_50
  6
Continuous
 62
     2
100
AcDbDimension
  2
*D19
 10
-66.50112277097986
 20
23.81835305369645
 30
0.0
 11
-95.62612277097986
 21
23.34960305369645
 31
0.0
 70
    32
  1
<> ALUM. PLATE
 71
     5
 42
-1.0
 52
90.0
  3
STANDARD
100
AcDbAlignedDimension
 13
-124.7511227709799
 23
37.9673504054356
 33
0.0
 14
-66.50112277097986
 24
37.9673504054356
 34
0.0
100
AcDbRotatedDimension
1001
ACAD
1000
DSTYLE
1002
{
1070
     7
1000
OPEN
1070
     6
1000
OPEN
1070
   142
1040
0.0
1070
   282
1070
     0
1070
   281
1070
     0
1070
   280
1070
     0
1070
    77
1070
     0
1070
   145
1040
0.3125
1070
   294
1070
     0
1070
    69
1070
     0
1070
   279
1070
     0
1070
   172
1070
     0
1070
    71
1070
     0
1070
   170
1070
     0
1070
   278
1070
    46
1070
    45
1040
0.0
1070
    76
1070
     0
1070
    75
1070
     0
1070
    90
1070
     2
1070
   179
1070
     0
1070
    41
1040
0.625
1070
   289
1070
     1
1070
   275
1070
     0
1070
    79
1070
     0
1070
   141
1040
0.0
1070
   176
1070
     2
1070
   177
1070
     2
1070
   178
1070
     2
1070
   271
1070
     5
1070
    44
1040
0.3125
1070
    42
1040
0.3125
1070
   276
1070
     2
1070
   147
1040
0.15625
1070
   144
1040
0.9999999999999999
1070
   277
1070
     5
1070
   371
1070
     0
1070
   372
1070
     0
1070
     3
1000
<>"
1070
   173
1070
     1
1070
   175
1070
     1
1070
    73
1070
     0
1070
    74
1070
     0
1070
   340
1005
811
1070
   140
1040
0.625
1070
    78
1070
    12
1070
   345
1005
EE4
1070
   346
1005
EE4
1070
   347
1005
EE4
1070
   297
1040
1000.0
1070
   298
1000
TH
1002
}
1001
ACAD_DSTYLE_DIMARC_LENGTH_SYMBOL
1070
   379
1070
     2
1001
ACAD_DSTYLE_DIM_LINETYPE
1070
   380
1005
EE4
1001
ACAD_DSTYLE_DIM_EXT1_LINETYPE
1070
   381
1005
EE4
1001
ACAD_DSTYLE_DIM_EXT2_LINETYPE
1070
   382
1005
EE4
  0
DIMENSION
  5
1079
330
EED
100
AcDbEntity
  8
LEVEL_50
  6
Continuous
 62
     2
100
AcDbDimension
  2
*D20
 10
-67.62612277097986
 20
25.11236227028631
 30
0.0
 11
-95.62612277097986
 21
24.79986227028631
 31
0.0
 70
    32
  1
<> PERFORATED PLATE
 71
     5
 42
-1.0
 52
90.0
  3
STANDARD
100
AcDbAlignedDimension
 13
-123.6261227709799
 23
38.96735040543559
 33
0.0
 14
-67.62612277097986
 24
38.96735040543559
 34
0.0
100
AcDbRotatedDimension
1001
ACAD
1000
DSTYLE
1002
{
1070
     7
1000
OPEN
1070
     6
1000
OPEN
1070
   142
1040
0.0
1070
   282
1070
     0
1070
   281
1070
     0
1070
   280
1070
     0
1070
    77
1070
     0
1070
   145
1040
0.3125
1070
   294
1070
     0
1070
    69
1070
     0
1070
   279
1070
     0
1070
   172
1070
     0
1070
    71
1070
     0
1070
   170
1070
     0
1070
   278
1070
    46
1070
    45
1040
0.0
1070
    76
1070
     0
1070
    75
1070
     0
1070
    90
1070
     2
1070
   179
1070
     0
1070
    41
1040
0.625
1070
   289
1070
     1
1070
   275
1070
     0
1070
    79
1070
     0
1070
   141
1040
0.0
1070
   176
1070
     2
1070
   177
1070
     2
1070
   178
1070
     2
1070
   271
1070
     5
1070
    44
1040
0.3125
1070
    42
1040
0.3125
1070
   276
1070
     2
1070
   147
1040
0.15625
1070
   144
1040
0.9999999999999999
1070
   277
1070
     5
1070
   371
1070
     0
1070
   372
1070
     0
1070
     3
1000
<>"
1070
   173
1070
     1
1070
   175
1070
     1
1070
    73
1070
     0
1070
    74
1070
     0
1070
   340
1005
811
1070
   140
1040
0.625
1070
    78
1070
    12
1070
   345
1005
EE4
1070
   346
1005
EE4
1070
   347
1005
EE4
1070
   297
1040
1000.0
1070
   298
1000
TH
1002
}
1001
ACAD_DSTYLE_DIMARC_LENGTH_SYMBOL
1070
   379
1070
     2
1001
ACAD_DSTYLE_DIM_LINETYPE
1070
   380
1005
EE4
1001
ACAD_DSTYLE_DIM_EXT1_LINETYPE
1070
   381
1005
EE4
1001
ACAD_DSTYLE_DIM_EXT2_LINETYPE
1070
   382
1005
EE4
  0
DIMENSION
  5
1083
330
EED
100
AcDbEntity
  8
LEVEL_50
  6
Continuous
 62
     2
100
AcDbDimension
  2
*D21
 10
-123.6261227709799
 20
27.68603869585257
 30
0.0
 11
-126.4049531413264
 21
27.21728869585257
 31
0.0
 70
   160
 71
     5
 42
-1.0
 52
90.0
  3
STANDARD
100
AcDbAlignedDimension
 13
-124.7511227709799
 23
37.9673504054356
 33
0.0
 14
-123.6261227709799
 24
38.96735040543559
 34
0.0
100
AcDbRotatedDimension
1001
ACAD
1000
DSTYLE
1002
{
1070
     7
1000
OPEN
1070
     6
1000
OPEN
1070
   142
1040
0.0
1070
   282
1070
     0
1070
   281
1070
     0
1070
   280
1070
     0
1070
    77
1070
     0
1070
   145
1040
0.3125
1070
   294
1070
     0
1070
    69
1070
     0
1070
   279
1070
     0
1070
   172
1070
     0
1070
    71
1070
     0
1070
   170
1070
     0
1070
   278
1070
    46
1070
    45
1040
0.0
1070
    76
1070
     0
1070
    75
1070
     0
1070
    90
1070
     2
1070
   179
1070
     0
1070
    41
1040
0.625
1070
   289
1070
     1
1070
   275
1070
     0
1070
    79
1070
     0
1070
   141
1040
0.0
1070
   176
1070
     2
1070
   177
1070
     2
1070
   178
1070
     2
1070
   271
1070
     5
1070
    44
1040
0.3125
1070
    42
1040
0.3125
1070
   276
1070
     2
1070
   147
1040
0.15625
1070
   144
1040
0.9999999999999999
1070
   277
1070
     5
1070
   371
1070
     0
1070
   372
1070
     0
1070
     3
1000
<>"
1070
   173
1070
     1
1070
   175
1070
     1
1070
    73
1070
     0
1070
    74
1070
     0
1070
   340
1005
811
1070
   140
1040
0.625
1070
    78
1070
    12
1070
   345
1005
EE4
1070
   346
1005
EE4
1070
   347
1005
EE4
1070
   297
1040
1000.0
1070
   298
1000
TH
1002
}
1001
ACAD_DSTYLE_DIMARC_LENGTH_SYMBOL
1070
   379
1070
     2
1001
ACAD_DSTYLE_DIM_LINETYPE
1070
   380
1005
EE4
1001
ACAD_DSTYLE_DIM_EXT1_LINETYPE
1070
   381
1005
EE4
1001
ACAD_DSTYLE_DIM_EXT2_LINETYPE
1070
   382
1005
EE4
  0
DIMENSION
  5
1093
330
EED
100
AcDbEntity
  8
LEVEL_50
  6
Continuous
 62
     2
100
AcDbDimension
  2
*D22
 10
-66.50112277097986
 20
27.68603869585257
 30
0.0
 11
-64.3953465850765
 21
27.21728869585257
 31
0.0
 70
   160
 71
     5
 42
-1.0
 52
90.0
  3
STANDARD
100
AcDbAlignedDimension
 13
-67.62612277097986
 23
38.96735040543559
 33
0.0
 14
-66.50112277097986
 24
37.9673504054356
 34
0.0
100
AcDbRotatedDimension
1001
ACAD
1000
DSTYLE
1002
{
1070
     7
1000
OPEN
1070
     6
1000
OPEN
1070
   142
1040
0.0
1070
   282
1070
     0
1070
   281
1070
     0
1070
   280
1070
     0
1070
    77
1070
     0
1070
   145
1040
0.3125
1070
   294
1070
     0
1070
    69
1070
     0
1070
   279
1070
     0
1070
   172
1070
     0
1070
    71
1070
     0
1070
   170
1070
     0
1070
   278
1070
    46
1070
    45
1040
0.0
1070
    76
1070
     0
1070
    75
1070
     0
1070
    90
1070
     2
1070
   179
1070
     0
1070
    41
1040
0.625
1070
   289
1070
     1
1070
   275
1070
     0
1070
    79
1070
     0
1070
   141
1040
0.0
1070
   176
1070
     2
1070
   177
1070
     2
1070
   178
1070
     2
1070
   271
1070
     5
1070
    44
1040
0.3125
1070
    42
1040
0.3125
1070
   276
1070
     2
1070
   147
1040
0.15625
1070
   144
1040
0.9999999999999999
1070
   277
1070
     5
1070
   371
1070
     0
1070
   372
1070
     0
1070
     3
1000
<>"
1070
   173
1070
     1
1070
   175
1070
     1
1070
    73
1070
     0
1070
    74
1070
     0
1070
   340
1005
811
1070
   140
1040
0.625
1070
    78
1070
    12
1070
   345
1005
EE4
1070
   346
1005
EE4
1070
   347
1005
EE4
1070
   297
1040
1000.0
1070
   298
1000
TH
1002
}
1001
ACAD_DSTYLE_DIMARC_LENGTH_SYMBOL
1070
   379
1070
     2
1001
ACAD_DSTYLE_DIM_LINETYPE
1070
   380
1005
EE4
1001
ACAD_DSTYLE_DIM_EXT1_LINETYPE
1070
   381
1005
EE4
1001
ACAD_DSTYLE_DIM_EXT2_LINETYPE
1070
   382
1005
EE4
  0
DIMENSION
  5
10A3
102
{ACAD_REACTORS
330
1702
102
}
102
{ACAD_XDICTIONARY
360
1701
102
}
330
EED
100
AcDbEntity
  8
DIMENSION
  6
Continuous
 62
     2
100
AcDbDimension
  2
*D23
 10
-99.03237438796523
 20
31.596484663094
 30
0.0
 11
-100.3761243879652
 21
31.127734663094
 31
0.0
 70
    32
 71
     5
 42
-1.0
 52
90.0
  3
STANDARD
100
AcDbAlignedDimension
 13
-101.7198743879652
 23
40.21734898494008
 33
0.0
 14
-99.03237438796523
 24
40.21734898494008
 34
0.0
100
AcDbRotatedDimension
1001
ACAD
1000
DSTYLE
1002
{
1070
     7
1000
OPEN
1070
     6
1000
OPEN
1070
   142
1040
0.0
1070
   282
1070
     0
1070
   281
1070
     0
1070
   280
1070
     0
1070
    77
1070
     0
1070
   145
1040
0.3125
1070
   294
1070
     0
1070
    69
1070
     0
1070
   279
1070
     0
1070
   172
1070
     0
1070
    71
1070
     0
1070
   170
1070
     0
1070
   278
1070
    46
1070
    45
1040
0.0
1070
    76
1070
     0
1070
    75
1070
     0
1070
    90
1070
     2
1070
   179
1070
     0
1070
    41
1040
0.546875
1070
   289
1070
     1
1070
   275
1070
     0
1070
    79
1070
     0
1070
   141
1040
0.0
1070
   176
1070
     2
1070
   177
1070
     2
1070
   178
1070
     2
1070
   271
1070
     5
1070
    44
1040
0.3125
1070
    42
1040
0.3125
1070
   276
1070
     2
1070
   147
1040
0.15625
1070
   144
1040
0.9999999999999999
1070
   277
1070
     5
1070
   371
1070
     0
1070
   372
1070
     0
1070
     3
1000
<>"
1070
   173
1070
     1
1070
   175
1070
     1
1070
    73
1070
     0
1070
    74
1070
     0
1070
   340
1005
811
1070
   140
1040
0.625
1070
    78
1070
    12
1070
   345
1005
EE4
1070
   346
1005
EE4
1070
   347
1005
EE4
1070
   297
1040
1000.0
1070
   298
1000
TH
1002
}
1001
ACAD_DSTYLE_DIMARC_LENGTH_SYMBOL
1070
   379
1070
     2
1001
ACAD_DSTYLE_DIM_LINETYPE
1070
   380
1005
EE4
1001
ACAD_DSTYLE_DIM_EXT1_LINETYPE
1070
   381
1005
EE4
1001
ACAD_DSTYLE_DIM_EXT2_LINETYPE
1070
   382
1005
EE4
  0
DIMENSION
  5
10B1
102
{ACAD_REACTORS
330
16FC
102
}
102
{ACAD_XDICTIONARY
360
16FB
102
}
330
EED
100
AcDbEntity
  8
DIMENSION
  6
Continuous
 62
     2
100
AcDbDimension
  2
*D24
 10
-94.28237438796523
 20
31.596484663094
 30
0.0
 11
-95.62612438796523
 21
31.127734663094
 31
0.0
 70
    32
 71
     5
 42
-1.0
 52
90.0
  3
STANDARD
100
AcDbAlignedDimension
 13
-96.96987438796523
 23
40.21734898494008
 33
0.0
 14
-94.28237438796523
 24
40.21734898494008
 34
0.0
100
AcDbRotatedDimension
1001
ACAD
1000
DSTYLE
1002
{
1070
     7
1000
OPEN
1070
     6
1000
OPEN
1070
   142
1040
0.0
1070
   282
1070
     0
1070
   281
1070
     0
1070
   280
1070
     0
1070
    77
1070
     0
1070
   145
1040
0.3125
1070
   294
1070
     0
1070
    69
1070
     0
1070
   279
1070
     0
1070
   172
1070
     0
1070
    71
1070
     0
1070
   170
1070
     0
1070
   278
1070
    46
1070
    45
1040
0.0
1070
    76
1070
     0
1070
    75
1070
     0
1070
    90
1070
     2
1070
   179
1070
     0
1070
    41
1040
0.546875
1070
   289
1070
     1
1070
   275
1070
     0
1070
    79
1070
     0
1070
   141
1040
0.0
1070
   176
1070
     2
1070
   177
1070
     2
1070
   178
1070
     2
1070
   271
1070
     5
1070
    44
1040
0.3125
1070
    42
1040
0.3125
1070
   276
1070
     2
1070
   147
1040
0.15625
1070
   144
1040
0.9999999999999999
1070
   277
1070
     5
1070
   371
1070
     0
1070
   372
1070
     0
1070
     3
1000
<>"
1070
   173
1070
     1
1070
   175
1070
     1
1070
    73
1070
     0
1070
    74
1070
     0
1070
   340
1005
811
1070
   140
1040
0.625
1070
    78
1070
    12
1070
   345
1005
EE4
1070
   346
1005
EE4
1070
   347
1005
EE4
1070
   297
1040
1000.0
1070
   298
1000
TH
1002
}
1001
ACAD_DSTYLE_DIMARC_LENGTH_SYMBOL
1070
   379
1070
     2
1001
ACAD_DSTYLE_DIM_LINETYPE
1070
   380
1005
EE4
1001
ACAD_DSTYLE_DIM_EXT1_LINETYPE
1070
   381
1005
EE4
1001
ACAD_DSTYLE_DIM_EXT2_LINETYPE
1070
   382
1005
EE4
  0
DIMENSION
  5
10BF
102
{ACAD_REACTORS
330
1704
102
}
102
{ACAD_XDICTIONARY
360
1703
102
}
330
EED
100
AcDbEntity
  8
DIMENSION
  6
Continuous
 62
     2
100
AcDbDimension
  2
*D25
 10
-89.53237438796525
 20
31.596484663094
 30
0.0
 11
-90.87612438796525
 21
31.127734663094
 31
0.0
 70
    32
 71
     5
 42
-1.0
 52
90.0
  3
STANDARD
100
AcDbAlignedDimension
 13
-92.21987438796525
 23
40.21734898494008
 33
0.0
 14
-89.53237438796525
 24
40.21734898494008
 34
0.0
100
AcDbRotatedDimension
1001
ACAD
1000
DSTYLE
1002
{
1070
     7
1000
OPEN
1070
     6
1000
OPEN
1070
   142
1040
0.0
1070
   282
1070
     0
1070
   281
1070
     0
1070
   280
1070
     0
1070
    77
1070
     0
1070
   145
1040
0.3125
1070
   294
1070
     0
1070
    69
1070
     0
1070
   279
1070
     0
1070
   172
1070
     0
1070
    71
1070
     0
1070
   170
1070
     0
1070
   278
1070
    46
1070
    45
1040
0.0
1070
    76
1070
     0
1070
    75
1070
     0
1070
    90
1070
     2
1070
   179
1070
     0
1070
    41
1040
0.546875
1070
   289
1070
     1
1070
   275
1070
     0
1070
    79
1070
     0
1070
   141
1040
0.0
1070
   176
1070
     2
1070
   177
1070
     2
1070
   178
1070
     2
1070
   271
1070
     5
1070
    44
1040
0.3125
1070
    42
1040
0.3125
1070
   276
1070
     2
1070
   147
1040
0.15625
1070
   144
1040
0.9999999999999999
1070
   277
1070
     5
1070
   371
1070
     0
1070
   372
1070
     0
1070
     3
1000
<>"
1070
   173
1070
     1
1070
   175
1070
     1
1070
    73
1070
     0
1070
    74
1070
     0
1070
   340
1005
811
1070
   140
1040
0.625
1070
    78
1070
    12
1070
   345
1005
EE4
1070
   346
1005
EE4
1070
   347
1005
EE4
1070
   297
1040
1000.0
1070
   298
1000
TH
1002
}
1001
ACAD_DSTYLE_DIMARC_LENGTH_SYMBOL
1070
   379
1070
     2
1001
ACAD_DSTYLE_DIM_LINETYPE
1070
   380
1005
EE4
1001
ACAD_DSTYLE_DIM_EXT1_LINETYPE
1070
   381
1005
EE4
1001
ACAD_DSTYLE_DIM_EXT2_LINETYPE
1070
   382
1005
EE4
  0
TEXT
  5
10CC
330
EED
100
AcDbEntity
  8
DIMENSION
 62
     2
100
AcDbText
 10
-101.1026467688735
 20
30.21333547440564
 30
0.0
 40
0.625
  1
PROD.
 41
0.5
  7
STEVE
 72
     1
 11
-100.3958015307782
 21
30.52583547440564
 31
0.0
100
AcDbText
 73
     2
  0
TEXT
  5
10CD
330
EED
100
AcDbEntity
  8
DIMENSION
 62
     2
100
AcDbText
 10
-96.223825144636
 20
30.21333547440564
 30
0.0
 40
0.625
  1
PROD.
 41
0.5
  7
STEVE
 72
     1
 11
-95.51697990654075
 21
30.52583547440564
 31
0.0
100
AcDbText
 73
     2
  0
TEXT
  5
10CE
330
EED
100
AcDbEntity
  8
DIMENSION
 62
     2
100
AcDbText
 10
-91.56945294136825
 20
30.21333547440564
 30
0.0
 40
0.625
  1
PROD.
 41
0.5
  7
STEVE
 72
     1
 11
-90.86260770327301
 21
30.52583547440564
 31
0.0
100
AcDbText
 73
     2
  0
DIMENSION
  5
10D0
102
{ACAD_REACTORS
330
16FE
102
}
102
{ACAD_XDICTIONARY
360
16FD
102
}
330
EED
100
AcDbEntity
  8
DIMENSION
  6
Continuous
 62
     2
100
AcDbDimension
  2
*D26
 10
-89.53237438796525
 20
35.09063888093007
 30
0.0
 11
-87.2502511940554
 21
34.62188888093007
 31
0.0
 70
   160
 71
     5
 42
-1.0
 52
90.0
  3
STANDARD
100
AcDbAlignedDimension
 13
-90.87612438796525
 23
36.9673504054356
 33
0.0
 14
-89.53237438796525
 24
40.21734898494008
 34
0.0
100
AcDbRotatedDimension
1001
ACAD
1000
DSTYLE
1002
{
1070
     7
1000
OPEN
1070
     6
1000
OPEN
1070
   142
1040
0.0
1070
   282
1070
     0
1070
   281
1070
     0
1070
   280
1070
     0
1070
    77
1070
     0
1070
   145
1040
0.3125
1070
   294
1070
     0
1070
    69
1070
     0
1070
   279
1070
     0
1070
   172
1070
     0
1070
    71
1070
     0
1070
   170
1070
     0
1070
   278
1070
    46
1070
    45
1040
0.0
1070
    76
1070
     0
1070
    75
1070
     0
1070
    90
1070
     2
1070
   179
1070
     0
1070
    41
1040
0.546875
1070
   289
1070
     1
1070
   275
1070
     0
1070
    79
1070
     0
1070
   141
1040
0.0
1070
   176
1070
     2
1070
   177
1070
     2
1070
   178
1070
     2
1070
   271
1070
     5
1070
    44
1040
0.3125
1070
    42
1040
0.3125
1070
   276
1070
     2
1070
   147
1040
0.15625
1070
   144
1040
0.9999999999999999
1070
   277
1070
     5
1070
   371
1070
     0
1070
   372
1070
     0
1070
     3
1000
<>"
1070
   173
1070
     1
1070
   175
1070
     1
1070
    73
1070
     0
1070
    74
1070
     0
1070
   340
1005
811
1070
   140
1040
0.625
1070
    78
1070
    12
1070
   345
1005
EE4
1070
   346
1005
EE4
1070
   347
1005
EE4
1070
   297
1040
1000.0
1070
   298
1000
TH
1002
}
1001
ACAD_DSTYLE_DIMARC_LENGTH_SYMBOL
1070
   379
1070
     2
1001
ACAD_DSTYLE_DIM_LINETYPE
1070
   380
1005
EE4
1001
ACAD_DSTYLE_DIM_EXT1_LINETYPE
1070
   381
1005
EE4
1001
ACAD_DSTYLE_DIM_EXT2_LINETYPE
1070
   382
1005
EE4
  0
DIMENSION
  5
10E0
102
{ACAD_REACTORS
330
16F8
102
}
102
{ACAD_XDICTIONARY
360
16F7
102
}
330
EED
100
AcDbEntity
  8
DIMENSION
  6
Continuous
 62
     2
100
AcDbDimension
  2
*D27
 10
-90.87612438796525
 20
35.09063888093007
 30
0.0
 11
-93.25112438796523
 21
34.62188888093007
 31
0.0
 70
    32
 71
     5
 42
-1.0
 52
90.0
  3
STANDARD
100
AcDbAlignedDimension
 13
-95.62612438796523
 23
36.9673504054356
 33
0.0
 14
-90.87612438796525
 24
36.9673504054356
 34
0.0
100
AcDbRotatedDimension
1001
ACAD
1000
DSTYLE
1002
{
1070
     7
1000
OPEN
1070
     6
1000
OPEN
1070
   142
1040
0.0
1070
   282
1070
     0
1070
   281
1070
     0
1070
   280
1070
     0
1070
    77
1070
     0
1070
   145
1040
0.3125
1070
   294
1070
     0
1070
    69
1070
     0
1070
   279
1070
     0
1070
   172
1070
     0
1070
    71
1070
     0
1070
   170
1070
     0
1070
   278
1070
    46
1070
    45
1040
0.0
1070
    76
1070
     0
1070
    75
1070
     0
1070
    90
1070
     2
1070
   179
1070
     0
1070
    41
1040
0.546875
1070
   289
1070
     1
1070
   275
1070
     0
1070
    79
1070
     0
1070
   141
1040
0.0
1070
   176
1070
     2
1070
   177
1070
     2
1070
   178
1070
     2
1070
   271
1070
     5
1070
    44
1040
0.3125
1070
    42
1040
0.3125
1070
   276
1070
     2
1070
   147
1040
0.15625
1070
   144
1040
0.9999999999999999
1070
   277
1070
     5
1070
   371
1070
     0
1070
   372
1070
     0
1070
     3
1000
<>"
1070
   173
1070
     1
1070
   175
1070
     1
1070
    73
1070
     0
1070
    74
1070
     0
1070
   340
1005
811
1070
   140
1040
0.625
1070
    78
1070
    12
1070
   345
1005
EE4
1070
   346
1005
EE4
1070
   347
1005
EE4
1070
   297
1040
1000.0
1070
   298
1000
TH
1002
}
1001
ACAD_DSTYLE_DIMARC_LENGTH_SYMBOL
1070
   379
1070
     2
1001
ACAD_DSTYLE_DIM_LINETYPE
1070
   380
1005
EE4
1001
ACAD_DSTYLE_DIM_EXT1_LINETYPE
1070
   381
1005
EE4
1001
ACAD_DSTYLE_DIM_EXT2_LINETYPE
1070
   382
1005
EE4
  0
DIMENSION
  5
10EE
102
{ACAD_REACTORS
330
16FA
102
}
102
{ACAD_XDICTIONARY
360
16F9
102
}
330
EED
100
AcDbEntity
  8
DIMENSION
  6
Continuous
 62
     2
100
AcDbDimension
  2
*D28
 10
-100.3761243879652
 20
35.09063888093007
 30
0.0
 11
-98.00112438796523
 21
34.62188888093007
 31
0.0
 70
    32
 71
     5
 42
-1.0
 52
-90.0
  3
STANDARD
100
AcDbAlignedDimension
 13
-95.62612438796523
 23
36.9673504054356
 33
0.0
 14
-100.3761243879652
 24
36.9673504054356
 34
0.0
 50
-180.0
100
AcDbRotatedDimension
1001
ACAD
1000
DSTYLE
1002
{
1070
     7
1000
OPEN
1070
     6
1000
OPEN
1070
   142
1040
0.0
1070
   282
1070
     0
1070
   281
1070
     0
1070
   280
1070
     0
1070
    77
1070
     0
1070
   145
1040
0.3125
1070
   294
1070
     0
1070
    69
1070
     0
1070
   279
1070
     0
1070
   172
1070
     0
1070
    71
1070
     0
1070
   170
1070
     0
1070
   278
1070
    46
1070
    45
1040
0.0
1070
    76
1070
     0
1070
    75
1070
     0
1070
    90
1070
     2
1070
   179
1070
     0
1070
    41
1040
0.546875
1070
   289
1070
     1
1070
   275
1070
     0
1070
    79
1070
     0
1070
   141
1040
0.0
1070
   176
1070
     2
1070
   177
1070
     2
1070
   178
1070
     2
1070
   271
1070
     5
1070
    44
1040
0.3125
1070
    42
1040
0.3125
1070
   276
1070
     2
1070
   147
1040
0.15625
1070
   144
1040
0.9999999999999999
1070
   277
1070
     5
1070
   371
1070
     0
1070
   372
1070
     0
1070
     3
1000
<>"
1070
   173
1070
     1
1070
   175
1070
     1
1070
    73
1070
     0
1070
    74
1070
     0
1070
   340
1005
811
1070
   140
1040
0.625
1070
    78
1070
    12
1070
   345
1005
EE4
1070
   346
1005
EE4
1070
   347
1005
EE4
1070
   297
1040
1000.0
1070
   298
1000
TH
1002
}
1001
ACAD_DSTYLE_DIMARC_LENGTH_SYMBOL
1070
   379
1070
     2
1001
ACAD_DSTYLE_DIM_LINETYPE
1070
   380
1005
EE4
1001
ACAD_DSTYLE_DIM_EXT1_LINETYPE
1070
   381
1005
EE4
1001
ACAD_DSTYLE_DIM_EXT2_LINETYPE
1070
   382
1005
EE4
  0
DIMENSION
  5
10FC
102
{ACAD_REACTORS
330
1700
102
}
102
{ACAD_XDICTIONARY
360
16FF
102
}
330
EED
100
AcDbEntity
  8
DIMENSION
  6
Continuous
 62
     2
100
AcDbDimension
  2
*D29
 10
-101.7198743879652
 20
33.16690557932955
 30
0.0
 11
-102.2091594018158
 21
32.85440557932955
 31
0.0
 70
   160
 71
     5
 42
-1.0
 52
90.0
  3
STANDARD
100
AcDbAlignedDimension
 13
-102.7206078111281
 23
40.21734898494008
 33
0.0
 14
-101.7198743879652
 24
40.21734898494008
 34
0.0
100
AcDbRotatedDimension
1001
ACAD
1000
DSTYLE
1002
{
1070
     7
1000
OPEN
1070
     6
1000
OPEN
1070
   142
1040
0.0
1070
   282
1070
     0
1070
   281
1070
     0
1070
   280
1070
     0
1070
    77
1070
     0
1070
   145
1040
0.3125
1070
   294
1070
     0
1070
    69
1070
     0
1070
   279
1070
     0
1070
   172
1070
     0
1070
    71
1070
     0
1070
   170
1070
     0
1070
   278
1070
    46
1070
    45
1040
0.0
1070
    76
1070
     0
1070
    75
1070
     0
1070
    90
1070
     2
1070
   179
1070
     0
1070
    41
1040
0.546875
1070
   289
1070
     1
1070
   275
1070
     0
1070
    79
1070
     0
1070
   141
1040
0.0
1070
   176
1070
     2
1070
   177
1070
     2
1070
   178
1070
     2
1070
   271
1070
     5
1070
    44
1040
0.3125
1070
    42
1040
0.3125
1070
   276
1070
     2
1070
   147
1040
0.15625
1070
   144
1040
0.9999999999999999
1070
   277
1070
     5
1070
   371
1070
     0
1070
   372
1070
     0
1070
     3
1000
<>"
1070
   173
1070
     1
1070
   175
1070
     1
1070
    73
1070
     0
1070
    74
1070
     0
1070
   340
1005
811
1070
   140
1040
0.625
1070
    78
1070
    12
1070
   345
1005
EE4
1070
   346
1005
EE4
1070
   347
1005
EE4
1070
   297
1040
1000.0
1070
   298
1000
TH
1002
}
1001
ACAD_DSTYLE_DIMARC_LENGTH_SYMBOL
1070
   379
1070
     2
1001
ACAD_DSTYLE_DIM_LINETYPE
1070
   380
1005
EE4
1001
ACAD_DSTYLE_DIM_EXT1_LINETYPE
1070
   381
1005
EE4
1001
ACAD_DSTYLE_DIM_EXT2_LINETYPE
1070
   382
1005
EE4
  0
INSERT
  5
1106
330
EED
100
AcDbEntity
  8
0
  6
Continuous
 62
     7
100
AcDbBlockReference
  2
PERF
 10
-90.56930038656981
 20
44.37981804157717
 30
0.0
 41
0.6000000000000001
 42
0.6000000000000001
 43
0.6000000000000001
  0
INSERT
  5
111B
330
EED
100
AcDbEntity
  8
0
  6
Continuous
 62
     7
100
AcDbBlockReference
  2
PERF_2
 10
-90.2651123555187
 20
50.60018455443292
 30
0.0
 41
0.6000000000000001
 42
0.6000000000000001
 43
0.6000000000000001
  0
INSERT
  5
1130
330
EED
100
AcDbEntity
  8
0
  6
Continuous
 62
     7
100
AcDbBlockReference
  2
PERF_4
 10
-95.12326100677211
 20
46.48380899509417
 30
0.0
 41
0.6000000000000001
 42
0.6000000000000001
 43
0.6000000000000001
  0
INSERT
  5
1145
330
EED
100
AcDbEntity
  8
0
  6
Continuous
 62
     7
100
AcDbBlockReference
  2
PERF_6
 10
-100.0227556039937
 20
43.11210439121368
 30
0.0
 41
0.6000000000000001
 42
0.6000000000000001
 43
0.6000000000000001
  0
INSERT
  5
115A
330
EED
100
AcDbEntity
  8
0
  6
Continuous
 62
     7
100
AcDbBlockReference
  2
PERF_8
 10
-99.79535290116904
 20
51.4689673358009
 30
0.0
 41
0.6000000000000001
 42
0.6000000000000001
 43
0.6000000000000001
  0
DIMENSION
  5
116F
330
EED
100
AcDbEntity
  8
LEVEL_50
  6
Continuous
 62
     2
100
AcDbDimension
  2
*D35
 10
-62.74530970097248
 20
37.9673504054356
 30
0.0
 11
-62.43280970097248
 21
39.64218047165043
 31
0.0
 70
   160
 71
     5
 42
-1.0
 52
-90.0
  3
STANDARD
100
AcDbAlignedDimension
 13
-65.50112277097986
 23
40.9673504054356
 33
0.0
 14
-66.50112277097986
 24
37.9673504054356
 34
0.0
 50
-90.0
100
AcDbRotatedDimension
1001
ACAD
1000
DSTYLE
1002
{
1070
     7
1000
OPEN
1070
     6
1000
OPEN
1070
   142
1040
0.0
1070
   282
1070
     0
1070
   281
1070
     0
1070
   280
1070
     0
1070
    77
1070
     0
1070
   145
1040
0.3125
1070
   294
1070
     0
1070
    69
1070
     0
1070
   279
1070
     0
1070
   172
1070
     0
1070
    71
1070
     0
1070
   170
1070
     0
1070
   278
1070
    46
1070
    45
1040
0.0
1070
    76
1070
     0
1070
    75
1070
     0
1070
    90
1070
     2
1070
   179
1070
     0
1070
    41
1040
0.625
1070
   289
1070
     1
1070
   275
1070
     0
1070
    79
1070
     0
1070
   141
1040
0.0
1070
   176
1070
     2
1070
   177
1070
     2
1070
   178
1070
     2
1070
   271
1070
     5
1070
    44
1040
0.3125
1070
    42
1040
0.3125
1070
   276
1070
     2
1070
   147
1040
0.15625
1070
   144
1040
0.9999999999999999
1070
   277
1070
     5
1070
   371
1070
     0
1070
   372
1070
     0
1070
     3
1000
<>"
1070
   173
1070
     1
1070
   175
1070
     1
1070
    73
1070
     0
1070
    74
1070
     0
1070
   340
1005
811
1070
   140
1040
0.625
1070
    78
1070
    12
1070
   345
1005
EE4
1070
   346
1005
EE4
1070
   347
1005
EE4
1070
   297
1040
1000.0
1070
   298
1000

1002
}
1001
ACAD_DSTYLE_DIMARC_LENGTH_SYMBOL
1070
   379
1070
     2
1001
ACAD_DSTYLE_DIM_LINETYPE
1070
   380
1005
EE4
1001
ACAD_DSTYLE_DIM_EXT1_LINETYPE
1070
   381
1005
EE4
1001
ACAD_DSTYLE_DIM_EXT2_LINETYPE
1070
   382
1005
EE4
  0
DIMENSION
  5
1179
330
EED
100
AcDbEntity
  8
LEVEL_50
  6
Continuous
 62
     2
100
AcDbDimension
  2
*D36
 10
-62.74530970097248
 20
52.9673504054356
 30
0.0
 11
-62.43280970097248
 21
46.9673504054356
 31
0.0
 70
    32
 71
     5
 42
-1.0
 52
90.0
  3
STANDARD
100
AcDbAlignedDimension
 13
-65.50112277097986
 23
40.9673504054356
 33
0.0
 14
-65.50112277097986
 24
52.9673504054356
 34
0.0
 50
-270.0
100
AcDbRotatedDimension
1001
ACAD
1000
DSTYLE
1002
{
1070
     7
1000
OPEN
1070
     6
1000
OPEN
1070
   142
1040
0.0
1070
   282
1070
     0
1070
   281
1070
     0
1070
   280
1070
     0
1070
    77
1070
     0
1070
   145
1040
0.3125
1070
   294
1070
     0
1070
    69
1070
     0
1070
   279
1070
     0
1070
   172
1070
     0
1070
    71
1070
     0
1070
   170
1070
     0
1070
   278
1070
    46
1070
    45
1040
0.0
1070
    76
1070
     0
1070
    75
1070
     0
1070
    90
1070
     2
1070
   179
1070
     0
1070
    41
1040
0.625
1070
   289
1070
     1
1070
   275
1070
     0
1070
    79
1070
     0
1070
   141
1040
0.0
1070
   176
1070
     2
1070
   177
1070
     2
1070
   178
1070
     2
1070
   271
1070
     5
1070
    44
1040
0.3125
1070
    42
1040
0.3125
1070
   276
1070
     2
1070
   147
1040
0.15625
1070
   144
1040
0.9999999999999999
1070
   277
1070
     5
1070
   371
1070
     0
1070
   372
1070
     0
1070
     3
1000
<>"
1070
   173
1070
     1
1070
   175
1070
     1
1070
    73
1070
     0
1070
    74
1070
     0
1070
   340
1005
811
1070
   140
1040
0.625
1070
    78
1070
    12
1070
   345
1005
EE4
1070
   346
1005
EE4
1070
   347
1005
EE4
1070
   297
1040
1000.0
1070
   298
1000

1002
}
1001
ACAD_DSTYLE_DIMARC_LENGTH_SYMBOL
1070
   379
1070
     2
1001
ACAD_DSTYLE_DIM_LINETYPE
1070
   380
1005
EE4
1001
ACAD_DSTYLE_DIM_EXT1_LINETYPE
1070
   381
1005
EE4
1001
ACAD_DSTYLE_DIM_EXT2_LINETYPE
1070
   382
1005
EE4
  0
DIMENSION
  5
1183
102
{ACAD_REACTORS
330
170E
102
}
102
{ACAD_XDICTIONARY
360
170D
102
}
330
EED
100
AcDbEntity
  8
LEVEL_50
  6
Continuous
 62
     2
100
AcDbDimension
  2
*D37
 10
-58.18096548917394
 20
67.96735040543558
 30
0.0
 11
-57.71221548917394
 21
62.34234969518783
 31
0.0
 70
    32
 71
     5
 42
-1.0
 52
90.0
  3
STANDARD
100
AcDbAlignedDimension
 13
-89.16369741641535
 23
56.71734898494008
 33
0.0
 14
-66.50112277097986
 24
67.96735040543558
 34
0.0
 50
-270.0
100
AcDbRotatedDimension
1001
ACAD
1000
DSTYLE
1002
{
1070
     7
1000
OPEN
1070
     6
1000
OPEN
1070
   142
1040
0.0
1070
   282
1070
     0
1070
   281
1070
     0
1070
   280
1070
     0
1070
    77
1070
     0
1070
   145
1040
0.3125
1070
   294
1070
     0
1070
    69
1070
     0
1070
   279
1070
     0
1070
   172
1070
     0
1070
    71
1070
     0
1070
   170
1070
     0
1070
   278
1070
    46
1070
    45
1040
0.0
1070
    76
1070
     0
1070
    75
1070
     0
1070
    90
1070
     2
1070
   179
1070
     0
1070
    41
1040
0.625
1070
   289
1070
     1
1070
   275
1070
     0
1070
    79
1070
     0
1070
   141
1040
0.0
1070
   176
1070
     2
1070
   177
1070
     2
1070
   178
1070
     2
1070
   271
1070
     5
1070
    44
1040
0.3125
1070
    42
1040
0.3125
1070
   276
1070
     2
1070
   147
1040
0.15625
1070
   144
1040
0.9999999999999999
1070
   277
1070
     5
1070
   371
1070
     0
1070
   372
1070
     0
1070
     3
1000
<>"
1070
   173
1070
     1
1070
   175
1070
     1
1070
    73
1070
     0
1070
    74
1070
     0
1070
   340
1005
811
1070
   140
1040
0.625
1070
    78
1070
    12
1070
   345
1005
EE4
1070
   346
1005
EE4
1070
   347
1005
EE4
1070
   297
1040
1000.0
1070
   298
1000

1002
}
1001
ACAD_DSTYLE_DIMARC_LENGTH_SYMBOL
1070
   379
1070
     2
1001
ACAD_DSTYLE_DIM_LINETYPE
1070
   380
1005
EE4
1001
ACAD_DSTYLE_DIM_EXT1_LINETYPE
1070
   381
1005
EE4
1001
ACAD_DSTYLE_DIM_EXT2_LINETYPE
1070
   382
1005
EE4
  0
DIMENSION
  5
1191
102
{ACAD_REACTORS
330
1718
102
}
102
{ACAD_XDICTIONARY
360
1717
102
}
330
EED
100
AcDbEntity
  8
DIMENSION
  6
Continuous
 62
     2
100
AcDbDimension
  2
*D38
 10
-61.22512271639626
 20
55.71734898494008
 30
0.0
 11
-60.75637271639626
 21
54.34234969518783
 31
0.0
 70
    32
 71
     5
 42
-1.0
 52
90.0
  3
STANDARD
100
AcDbAlignedDimension
 13
-65.55980215887489
 23
52.96735040543559
 33
0.0
 14
-89.12539096480245
 24
55.71734898494008
 34
0.0
 50
-270.0
100
AcDbRotatedDimension
1001
ACAD
1000
DSTYLE
1002
{
1070
     7
1000
OPEN
1070
     6
1000
OPEN
1070
   142
1040
0.0
1070
   282
1070
     0
1070
   281
1070
     0
1070
   280
1070
     0
1070
    77
1070
     0
1070
   145
1040
0.3125
1070
   294
1070
     0
1070
    69
1070
     0
1070
   279
1070
     0
1070
   172
1070
     0
1070
    71
1070
     0
1070
   170
1070
     0
1070
   278
1070
    46
1070
    45
1040
0.0
1070
    76
1070
     0
1070
    75
1070
     0
1070
    90
1070
     2
1070
   179
1070
     0
1070
    41
1040
0.546875
1070
   289
1070
     1
1070
   275
1070
     0
1070
    79
1070
     0
1070
   141
1040
0.0
1070
   176
1070
     2
1070
   177
1070
     2
1070
   178
1070
     2
1070
   271
1070
     5
1070
    44
1040
0.3125
1070
    42
1040
0.3125
1070
   276
1070
     2
1070
   147
1040
0.15625
1070
   144
1040
0.9999999999999999
1070
   277
1070
     5
1070
   371
1070
     0
1070
   372
1070
     0
1070
     3
1000
<>"
1070
   173
1070
     1
1070
   175
1070
     1
1070
    73
1070
     0
1070
    74
1070
     0
1070
   340
1005
811
1070
   140
1040
0.625
1070
    78
1070
    12
1070
   345
1005
EE4
1070
   346
1005
EE4
1070
   347
1005
EE4
1070
   297
1040
1000.0
1070
   298
1000
TH
1002
}
1001
ACAD_DSTYLE_DIMARC_LENGTH_SYMBOL
1070
   379
1070
     2
1001
ACAD_DSTYLE_DIM_LINETYPE
1070
   380
1005
EE4
1001
ACAD_DSTYLE_DIM_EXT1_LINETYPE
1070
   381
1005
EE4
1001
ACAD_DSTYLE_DIM_EXT2_LINETYPE
1070
   382
1005
EE4
  0
DIMENSION
  5
119F
102
{ACAD_REACTORS
330
1720
102
}
102
{ACAD_XDICTIONARY
360
171F
102
}
330
EED
100
AcDbEntity
  8
DIMENSION
  6
Continuous
 62
     2
100
AcDbDimension
  2
*D39
 10
-61.22512271639626
 20
40.21734898494008
 30
0.0
 11
-60.75637271639626
 21
46.59234969518783
 31
0.0
 70
    32
 71
     5
 42
-1.0
 52
-90.0
  3
STANDARD
100
AcDbAlignedDimension
 13
-65.55980215887489
 23
52.96735040543559
 33
0.0
 14
-88.53164096480243
 24
40.21734898494008
 34
0.0
 50
-90.0
100
AcDbRotatedDimension
1001
ACAD
1000
DSTYLE
1002
{
1070
     7
1000
OPEN
1070
     6
1000
OPEN
1070
   142
1040
0.0
1070
   282
1070
     0
1070
   281
1070
     0
1070
   280
1070
     0
1070
    77
1070
     0
1070
   145
1040
0.3125
1070
   294
1070
     0
1070
    69
1070
     0
1070
   279
1070
     0
1070
   172
1070
     0
1070
    71
1070
     0
1070
   170
1070
     0
1070
   278
1070
    46
1070
    45
1040
0.0
1070
    76
1070
     0
1070
    75
1070
     0
1070
    90
1070
     2
1070
   179
1070
     0
1070
    41
1040
0.546875
1070
   289
1070
     1
1070
   275
1070
     0
1070
    79
1070
     0
1070
   141
1040
0.0
1070
   176
1070
     2
1070
   177
1070
     2
1070
   178
1070
     2
1070
   271
1070
     5
1070
    44
1040
0.3125
1070
    42
1040
0.3125
1070
   276
1070
     2
1070
   147
1040
0.15625
1070
   144
1040
0.9999999999999999
1070
   277
1070
     5
1070
   371
1070
     0
1070
   372
1070
     0
1070
     3
1000
<>"
1070
   173
1070
     1
1070
   175
1070
     1
1070
    73
1070
     0
1070
    74
1070
     0
1070
   340
1005
811
1070
   140
1040
0.625
1070
    78
1070
    12
1070
   345
1005
EE4
1070
   346
1005
EE4
1070
   347
1005
EE4
1070
   297
1040
1000.0
1070
   298
1000
TH
1002
}
1001
ACAD_DSTYLE_DIMARC_LENGTH_SYMBOL
1070
   379
1070
     2
1001
ACAD_DSTYLE_DIM_LINETYPE
1070
   380
1005
EE4
1001
ACAD_DSTYLE_DIM_EXT1_LINETYPE
1070
   381
1005
EE4
1001
ACAD_DSTYLE_DIM_EXT2_LINETYPE
1070
   382
1005
EE4
  0
DIMENSION
  5
11AD
102
{ACAD_REACTORS
330
170C
102
}
102
{ACAD_XDICTIONARY
360
170B
102
}
330
EED
100
AcDbEntity
  8
DIMENSION
  6
Continuous
 62
     2
100
AcDbDimension
  2
*D40
 10
-99.62612438796523
 20
62.98754210739465
 30
0.0
 11
-100.2265472794196
 21
62.51879210739465
 31
0.0
 70
   160
 71
     5
 42
-1.0
 52
-90.0
  3
STANDARD
100
AcDbAlignedDimension
 13
-101.1261243879652
 23
55.71734898494008
 33
0.0
 14
-99.62612438796523
 24
55.71734898494008
 34
0.0
100
AcDbRotatedDimension
1001
ACAD
1000
DSTYLE
1002
{
1070
     7
1000
OPEN
1070
     6
1000
OPEN
1070
   142
1040
0.0
1070
   282
1070
     0
1070
   281
1070
     0
1070
   280
1070
     0
1070
    77
1070
     0
1070
   145
1040
0.3125
1070
   294
1070
     0
1070
    69
1070
     0
1070
   279
1070
     0
1070
   172
1070
     0
1070
    71
1070
     0
1070
   170
1070
     0
1070
   278
1070
    46
1070
    45
1040
0.0
1070
    76
1070
     0
1070
    75
1070
     0
1070
    90
1070
     2
1070
   179
1070
     0
1070
    41
1040
0.546875
1070
   289
1070
     1
1070
   275
1070
     0
1070
    79
1070
     0
1070
   141
1040
0.0
1070
   176
1070
     2
1070
   177
1070
     2
1070
   178
1070
     2
1070
   271
1070
     5
1070
    44
1040
0.3125
1070
    42
1040
0.3125
1070
   276
1070
     2
1070
   147
1040
0.15625
1070
   144
1040
0.9999999999999999
1070
   277
1070
     5
1070
   371
1070
     0
1070
   372
1070
     0
1070
     3
1000
<>"
1070
   173
1070
     1
1070
   175
1070
     1
1070
    73
1070
     0
1070
    74
1070
     0
1070
   340
1005
811
1070
   140
1040
0.625
1070
    78
1070
    12
1070
   345
1005
EE4
1070
   346
1005
EE4
1070
   347
1005
EE4
1070
   297
1040
1000.0
1070
   298
1000
TH
1002
}
1001
ACAD_DSTYLE_DIMARC_LENGTH_SYMBOL
1070
   379
1070
     2
1001
ACAD_DSTYLE_DIM_LINETYPE
1070
   380
1005
EE4
1001
ACAD_DSTYLE_DIM_EXT1_LINETYPE
1070
   381
1005
EE4
1001
ACAD_DSTYLE_DIM_EXT2_LINETYPE
1070
   382
1005
EE4
  0
TEXT
  5
11BB
330
EED
100
AcDbEntity
  8
DIMENSION
 62
     2
100
AcDbText
 10
-101.0505951761815
 20
61.69692271748716
 30
0.0
 40
0.625
  1
PROD.
 41
0.5
  7
STEVE
 72
     1
 11
-100.3437499380862
 21
62.00942271748716
 31
0.0
100
AcDbText
 73
     2
  0
DIMENSION
  5
11BD
102
{ACAD_REACTORS
330
1716
102
}
102
{ACAD_XDICTIONARY
360
1715
102
}
330
EED
100
AcDbEntity
  8
DIMENSION
  6
Continuous
 62
     2
100
AcDbDimension
  2
*D41
 10
-94.87612438796523
 20
62.98754210739465
 30
0.0
 11
-95.4765472794196
 21
62.51879210739465
 31
0.0
 70
   160
 71
     5
 42
-1.0
 52
-90.0
  3
STANDARD
100
AcDbAlignedDimension
 13
-96.37612438796523
 23
55.71734898494008
 33
0.0
 14
-94.87612438796523
 24
55.71734898494008
 34
0.0
100
AcDbRotatedDimension
1001
ACAD
1000
DSTYLE
1002
{
1070
     7
1000
OPEN
1070
     6
1000
OPEN
1070
   142
1040
0.0
1070
   282
1070
     0
1070
   281
1070
     0
1070
   280
1070
     0
1070
    77
1070
     0
1070
   145
1040
0.3125
1070
   294
1070
     0
1070
    69
1070
     0
1070
   279
1070
     0
1070
   172
1070
     0
1070
    71
1070
     0
1070
   170
1070
     0
1070
   278
1070
    46
1070
    45
1040
0.0
1070
    76
1070
     0
1070
    75
1070
     0
1070
    90
1070
     2
1070
   179
1070
     0
1070
    41
1040
0.546875
1070
   289
1070
     1
1070
   275
1070
     0
1070
    79
1070
     0
1070
   141
1040
0.0
1070
   176
1070
     2
1070
   177
1070
     2
1070
   178
1070
     2
1070
   271
1070
     5
1070
    44
1040
0.3125
1070
    42
1040
0.3125
1070
   276
1070
     2
1070
   147
1040
0.15625
1070
   144
1040
0.9999999999999999
1070
   277
1070
     5
1070
   371
1070
     0
1070
   372
1070
     0
1070
     3
1000
<>"
1070
   173
1070
     1
1070
   175
1070
     1
1070
    73
1070
     0
1070
    74
1070
     0
1070
   340
1005
811
1070
   140
1040
0.625
1070
    78
1070
    12
1070
   345
1005
EE4
1070
   346
1005
EE4
1070
   347
1005
EE4
1070
   297
1040
1000.0
1070
   298
1000
TH
1002
}
1001
ACAD_DSTYLE_DIMARC_LENGTH_SYMBOL
1070
   379
1070
     2
1001
ACAD_DSTYLE_DIM_LINETYPE
1070
   380
1005
EE4
1001
ACAD_DSTYLE_DIM_EXT1_LINETYPE
1070
   381
1005
EE4
1001
ACAD_DSTYLE_DIM_EXT2_LINETYPE
1070
   382
1005
EE4
  0
TEXT
  5
11CB
330
EED
100
AcDbEntity
  8
DIMENSION
 62
     2
100
AcDbText
 10
-96.30059517618147
 20
61.69692271748716
 30
0.0
 40
0.625
  1
PROD.
 41
0.5
  7
STEVE
 72
     1
 11
-95.59374993808623
 21
62.00942271748716
 31
0.0
100
AcDbText
 73
     2
  0
DIMENSION
  5
11CD
102
{ACAD_REACTORS
330
1722
102
}
102
{ACAD_XDICTIONARY
360
1721
102
}
330
EED
100
AcDbEntity
  8
DIMENSION
  6
Continuous
 62
     2
100
AcDbDimension
  2
*D42
 10
-90.12612438796525
 20
62.98754210739465
 30
0.0
 11
-90.72654727941962
 21
62.51879210739465
 31
0.0
 70
   160
 71
     5
 42
-1.0
 52
-90.0
  3
STANDARD
100
AcDbAlignedDimension
 13
-91.62612438796525
 23
55.71734898494008
 33
0.0
 14
-90.12612438796525
 24
55.71734898494008
 34
0.0
100
AcDbRotatedDimension
1001
ACAD
1000
DSTYLE
1002
{
1070
     7
1000
OPEN
1070
     6
1000
OPEN
1070
   142
1040
0.0
1070
   282
1070
     0
1070
   281
1070
     0
1070
   280
1070
     0
1070
    77
1070
     0
1070
   145
1040
0.3125
1070
   294
1070
     0
1070
    69
1070
     0
1070
   279
1070
     0
1070
   172
1070
     0
1070
    71
1070
     0
1070
   170
1070
     0
1070
   278
1070
    46
1070
    45
1040
0.0
1070
    76
1070
     0
1070
    75
1070
     0
1070
    90
1070
     2
1070
   179
1070
     0
1070
    41
1040
0.546875
1070
   289
1070
     1
1070
   275
1070
     0
1070
    79
1070
     0
1070
   141
1040
0.0
1070
   176
1070
     2
1070
   177
1070
     2
1070
   178
1070
     2
1070
   271
1070
     5
1070
    44
1040
0.3125
1070
    42
1040
0.3125
1070
   276
1070
     2
1070
   147
1040
0.15625
1070
   144
1040
0.9999999999999999
1070
   277
1070
     5
1070
   371
1070
     0
1070
   372
1070
     0
1070
     3
1000
<>"
1070
   173
1070
     1
1070
   175
1070
     1
1070
    73
1070
     0
1070
    74
1070
     0
1070
   340
1005
811
1070
   140
1040
0.625
1070
    78
1070
    12
1070
   345
1005
EE4
1070
   346
1005
EE4
1070
   347
1005
EE4
1070
   297
1040
1000.0
1070
   298
1000
TH
1002
}
1001
ACAD_DSTYLE_DIMARC_LENGTH_SYMBOL
1070
   379
1070
     2
1001
ACAD_DSTYLE_DIM_LINETYPE
1070
   380
1005
EE4
1001
ACAD_DSTYLE_DIM_EXT1_LINETYPE
1070
   381
1005
EE4
1001
ACAD_DSTYLE_DIM_EXT2_LINETYPE
1070
   382
1005
EE4
  0
TEXT
  5
11DB
330
EED
100
AcDbEntity
  8
DIMENSION
 62
     2
100
AcDbText
 10
-91.55059517618149
 20
61.69692271748716
 30
0.0
 40
0.625
  1
PROD.
 41
0.5
  7
STEVE
 72
     1
 11
-90.84374993808625
 21
62.00942271748716
 31
0.0
100
AcDbText
 73
     2
  0
LINE
  5
11DC
330
EED
100
AcDbEntity
  8
CENTER
100
AcDbLine
 10
-95.62612438796523
 20
65.77231054452682
 30
0.0
 11
-95.62612438796523
 21
68.96735040543558
 31
0.0
  0
DIMENSION
  5
11DE
102
{ACAD_REACTORS
330
1712
102
}
102
{ACAD_XDICTIONARY
360
1711
102
}
330
EED
100
AcDbEntity
  8
DIMENSION
  6
Continuous
 62
     2
100
AcDbDimension
  2
*D43
 10
-91.62612438796525
 20
62.98754210739465
 30
0.0
 11
-93.25112438796523
 21
62.51879210739465
 31
0.0
 70
    32
 71
     5
 42
-1.0
 52
-90.0
  3
STANDARD
100
AcDbAlignedDimension
 13
-94.87612438796523
 23
55.71734898494008
 33
0.0
 14
-91.62612438796525
 24
55.71734898494008
 34
0.0
100
AcDbRotatedDimension
1001
ACAD
1000
DSTYLE
1002
{
1070
     7
1000
OPEN
1070
     6
1000
OPEN
1070
   142
1040
0.0
1070
   282
1070
     0
1070
   281
1070
     0
1070
   280
1070
     0
1070
    77
1070
     0
1070
   145
1040
0.3125
1070
   294
1070
     0
1070
    69
1070
     0
1070
   279
1070
     0
1070
   172
1070
     0
1070
    71
1070
     0
1070
   170
1070
     0
1070
   278
1070
    46
1070
    45
1040
0.0
1070
    76
1070
     0
1070
    75
1070
     0
1070
    90
1070
     2
1070
   179
1070
     0
1070
    41
1040
0.546875
1070
   289
1070
     1
1070
   275
1070
     0
1070
    79
1070
     0
1070
   141
1040
0.0
1070
   176
1070
     2
1070
   177
1070
     2
1070
   178
1070
     2
1070
   271
1070
     5
1070
    44
1040
0.3125
1070
    42
1040
0.3125
1070
   276
1070
     2
1070
   147
1040
0.15625
1070
   144
1040
0.9999999999999999
1070
   277
1070
     5
1070
   371
1070
     0
1070
   372
1070
     0
1070
     3
1000
<>"
1070
   173
1070
     1
1070
   175
1070
     1
1070
    73
1070
     0
1070
    74
1070
     0
1070
   340
1005
811
1070
   140
1040
0.625
1070
    78
1070
    12
1070
   345
1005
EE4
1070
   346
1005
EE4
1070
   347
1005
EE4
1070
   297
1040
1000.0
1070
   298
1000
TH
1002
}
1001
ACAD_DSTYLE_DIMARC_LENGTH_SYMBOL
1070
   379
1070
     2
1001
ACAD_DSTYLE_DIM_LINETYPE
1070
   380
1005
EE4
1001
ACAD_DSTYLE_DIM_EXT1_LINETYPE
1070
   381
1005
EE4
1001
ACAD_DSTYLE_DIM_EXT2_LINETYPE
1070
   382
1005
EE4
  0
DIMENSION
  5
11EC
102
{ACAD_REACTORS
330
171E
102
}
102
{ACAD_XDICTIONARY
360
171D
102
}
330
EED
100
AcDbEntity
  8
DIMENSION
  6
Continuous
 62
     2
100
AcDbDimension
  2
*D44
 10
-98.62539096480242
 20
60.94222308096999
 30
0.0
 11
-99.02060241298071
 21
60.62972308096999
 31
0.0
 70
   160
 71
     5
 42
-1.0
 52
-90.0
  3
STANDARD
100
AcDbAlignedDimension
 13
-99.62612438796523
 23
55.71734898494008
 33
0.0
 14
-98.62539096480242
 24
55.71734898494008
 34
0.0
100
AcDbRotatedDimension
1001
ACAD
1000
DSTYLE
1002
{
1070
     7
1000
OPEN
1070
     6
1000
OPEN
1070
   142
1040
0.0
1070
   282
1070
     0
1070
   281
1070
     0
1070
   280
1070
     0
1070
    77
1070
     0
1070
   145
1040
0.3125
1070
   294
1070
     0
1070
    69
1070
     0
1070
   279
1070
     0
1070
   172
1070
     0
1070
    71
1070
     0
1070
   170
1070
     0
1070
   278
1070
    46
1070
    45
1040
0.0
1070
    76
1070
     0
1070
    75
1070
     0
1070
    90
1070
     2
1070
   179
1070
     0
1070
    41
1040
0.546875
1070
   289
1070
     1
1070
   275
1070
     0
1070
    79
1070
     0
1070
   141
1040
0.0
1070
   176
1070
     2
1070
   177
1070
     2
1070
   178
1070
     2
1070
   271
1070
     5
1070
    44
1040
0.3125
1070
    42
1040
0.3125
1070
   276
1070
     2
1070
   147
1040
0.15625
1070
   144
1040
0.9999999999999999
1070
   277
1070
     5
1070
   371
1070
     0
1070
   372
1070
     0
1070
     3
1000
<>"
1070
   173
1070
     1
1070
   175
1070
     1
1070
    73
1070
     0
1070
    74
1070
     0
1070
   340
1005
811
1070
   140
1040
0.625
1070
    78
1070
    12
1070
   345
1005
EE4
1070
   346
1005
EE4
1070
   347
1005
EE4
1070
   297
1040
1000.0
1070
   298
1000
TH
1002
}
1001
ACAD_DSTYLE_DIMARC_LENGTH_SYMBOL
1070
   379
1070
     2
1001
ACAD_DSTYLE_DIM_LINETYPE
1070
   380
1005
EE4
1001
ACAD_DSTYLE_DIM_EXT1_LINETYPE
1070
   381
1005
EE4
1001
ACAD_DSTYLE_DIM_EXT2_LINETYPE
1070
   382
1005
EE4
  0
DIMENSION
  5
11F6
102
{ACAD_REACTORS
330
170A
102
}
102
{ACAD_XDICTIONARY
360
1709
102
}
330
EED
100
AcDbEntity
  8
DIMENSION
  6
Continuous
 62
     2
100
AcDbDimension
  2
*D45
 10
-102.1268578111281
 20
61.0501417297267
 30
0.0
 11
-101.5647603199114
 21
60.7376417297267
 31
0.0
 70
   160
 71
     5
 42
-1.0
 52
90.0
  3
STANDARD
100
AcDbAlignedDimension
 13
-101.1261243879652
 23
55.71734898494008
 33
0.0
 14
-102.1268578111281
 24
55.71734898494008
 34
0.0
 50
-180.0
100
AcDbRotatedDimension
1001
ACAD
1000
DSTYLE
1002
{
1070
     7
1000
OPEN
1070
     6
1000
OPEN
1070
   142
1040
0.0
1070
   282
1070
     0
1070
   281
1070
     0
1070
   280
1070
     0
1070
    77
1070
     0
1070
   145
1040
0.3125
1070
   294
1070
     0
1070
    69
1070
     0
1070
   279
1070
     0
1070
   172
1070
     0
1070
    71
1070
     0
1070
   170
1070
     0
1070
   278
1070
    46
1070
    45
1040
0.0
1070
    76
1070
     0
1070
    75
1070
     0
1070
    90
1070
     2
1070
   179
1070
     0
1070
    41
1040
0.546875
1070
   289
1070
     1
1070
   275
1070
     0
1070
    79
1070
     0
1070
   141
1040
0.0
1070
   176
1070
     2
1070
   177
1070
     2
1070
   178
1070
     2
1070
   271
1070
     5
1070
    44
1040
0.3125
1070
    42
1040
0.3125
1070
   276
1070
     2
1070
   147
1040
0.15625
1070
   144
1040
0.9999999999999999
1070
   277
1070
     5
1070
   371
1070
     0
1070
   372
1070
     0
1070
     3
1000
<>"
1070
   173
1070
     1
1070
   175
1070
     1
1070
    73
1070
     0
1070
    74
1070
     0
1070
   340
1005
811
1070
   140
1040
0.625
1070
    78
1070
    12
1070
   345
1005
EE4
1070
   346
1005
EE4
1070
   347
1005
EE4
1070
   297
1040
1000.0
1070
   298
1000
TH
1002
}
1001
ACAD_DSTYLE_DIMARC_LENGTH_SYMBOL
1070
   379
1070
     2
1001
ACAD_DSTYLE_DIM_LINETYPE
1070
   380
1005
EE4
1001
ACAD_DSTYLE_DIM_EXT1_LINETYPE
1070
   381
1005
EE4
1001
ACAD_DSTYLE_DIM_EXT2_LINETYPE
1070
   382
1005
EE4
  0
DIMENSION
  5
1200
102
{ACAD_REACTORS
330
171C
102
}
102
{ACAD_XDICTIONARY
360
171B
102
}
330
EED
100
AcDbEntity
  8
DIMENSION
  6
Continuous
 62
     2
100
AcDbDimension
  2
*D46
 10
-89.12539096480245
 20
61.0501417297267
 30
0.0
 11
-87.37791352253758
 21
60.7376417297267
 31
0.0
 70
   160
 71
     5
 42
-1.0
 52
-90.0
  3
STANDARD
100
AcDbAlignedDimension
 13
-90.12612438796525
 23
55.71734898494008
 33
0.0
 14
-89.12539096480245
 24
55.71734898494008
 34
0.0
100
AcDbRotatedDimension
1001
ACAD
1000
DSTYLE
1002
{
1070
     7
1000
OPEN
1070
     6
1000
OPEN
1070
   142
1040
0.0
1070
   282
1070
     0
1070
   281
1070
     0
1070
   280
1070
     0
1070
    77
1070
     0
1070
   145
1040
0.3125
1070
   294
1070
     0
1070
    69
1070
     0
1070
   279
1070
     0
1070
   172
1070
     0
1070
    71
1070
     0
1070
   170
1070
     0
1070
   278
1070
    46
1070
    45
1040
0.0
1070
    76
1070
     0
1070
    75
1070
     0
1070
    90
1070
     2
1070
   179
1070
     0
1070
    41
1040
0.546875
1070
   289
1070
     1
1070
   275
1070
     0
1070
    79
1070
     0
1070
   141
1040
0.0
1070
   176
1070
     2
1070
   177
1070
     2
1070
   178
1070
     2
1070
   271
1070
     5
1070
    44
1040
0.3125
1070
    42
1040
0.3125
1070
   276
1070
     2
1070
   147
1040
0.15625
1070
   144
1040
0.9999999999999999
1070
   277
1070
     5
1070
   371
1070
     0
1070
   372
1070
     0
1070
     3
1000
<>"
1070
   173
1070
     1
1070
   175
1070
     1
1070
    73
1070
     0
1070
    74
1070
     0
1070
   340
1005
811
1070
   140
1040
0.625
1070
    78
1070
    12
1070
   345
1005
EE4
1070
   346
1005
EE4
1070
   347
1005
EE4
1070
   297
1040
1000.0
1070
   298
1000
TH
1002
}
1001
ACAD_DSTYLE_DIMARC_LENGTH_SYMBOL
1070
   379
1070
     2
1001
ACAD_DSTYLE_DIM_LINETYPE
1070
   380
1005
EE4
1001
ACAD_DSTYLE_DIM_EXT1_LINETYPE
1070
   381
1005
EE4
1001
ACAD_DSTYLE_DIM_EXT2_LINETYPE
1070
   382
1005
EE4
  0
DIMENSION
  5
120C
102
{ACAD_REACTORS
330
1710
102
}
102
{ACAD_XDICTIONARY
360
170F
102
}
330
EED
100
AcDbEntity
  8
DIMENSION
  6
Continuous
 62
     2
100
AcDbDimension
  2
*D47
 10
-91.62612438796525
 20
59.50869554616737
 30
0.0
 11
-93.26289040322372
 21
59.03994554616737
 31
0.0
 70
   160
 71
     5
 42
-1.0
 52
90.0
  3
STANDARD
100
AcDbAlignedDimension
 13
-90.87612438796525
 23
57.90158038182353
 33
0.0
 14
-91.62612438796525
 24
55.71734898494008
 34
0.0
 50
-180.0
100
AcDbRotatedDimension
1001
ACAD
1000
DSTYLE
1002
{
1070
     7
1000
OPEN
1070
     6
1000
OPEN
1070
   142
1040
0.0
1070
   282
1070
     0
1070
   281
1070
     0
1070
   280
1070
     0
1070
    77
1070
     0
1070
   145
1040
0.3125
1070
   294
1070
     0
1070
    69
1070
     0
1070
   279
1070
     0
1070
   172
1070
     0
1070
    71
1070
     0
1070
   170
1070
     0
1070
   278
1070
    46
1070
    45
1040
0.0
1070
    76
1070
     0
1070
    75
1070
     0
1070
    90
1070
     2
1070
   179
1070
     0
1070
    41
1040
0.546875
1070
   289
1070
     1
1070
   275
1070
     0
1070
    79
1070
     0
1070
   141
1040
0.0
1070
   176
1070
     2
1070
   177
1070
     2
1070
   178
1070
     2
1070
   271
1070
     5
1070
    44
1040
0.3125
1070
    42
1040
0.3125
1070
   276
1070
     2
1070
   147
1040
0.15625
1070
   144
1040
0.9999999999999999
1070
   277
1070
     5
1070
   371
1070
     0
1070
   372
1070
     0
1070
     3
1000
<>"
1070
   173
1070
     1
1070
   175
1070
     1
1070
    73
1070
     0
1070
    74
1070
     0
1070
   340
1005
811
1070
   140
1040
0.625
1070
    78
1070
    12
1070
   345
1005
EE4
1070
   346
1005
EE4
1070
   347
1005
EE4
1070
   297
1040
1000.0
1070
   298
1000
TH
1002
}
1001
ACAD_DSTYLE_DIMARC_LENGTH_SYMBOL
1070
   379
1070
     2
1001
ACAD_DSTYLE_DIM_LINETYPE
1070
   380
1005
EE4
1001
ACAD_DSTYLE_DIM_EXT1_LINETYPE
1070
   381
1005
EE4
1001
ACAD_DSTYLE_DIM_EXT2_LINETYPE
1070
   382
1005
EE4
  0
LINE
  5
121A
102
{ACAD_REACTORS
330
1748
330
177A
102
}
330
EED
100
AcDbEntity
  8
DIMENSION
100
AcDbLine
 10
-88.53164096480245
 20
40.21734898494008
 30
0.0
 11
-88.53164096480245
 21
50.61182003811204
 31
0.0
  0
DIMENSION
  5
121C
102
{ACAD_REACTORS
330
1706
102
}
102
{ACAD_XDICTIONARY
360
1705
102
}
330
EED
100
AcDbEntity
  8
DIMENSION
  6
Continuous
 62
     2
100
AcDbDimension
  2
*D48
 10
-51.11231658169549
 20
31.78140574299304
 30
0.0
 11
-54.51955939061588
 21
31.31265574299304
 31
0.0
 70
   160
  1
<> LOCK IN
 71
     5
 42
-1.0
 52
-90.0
  3
STANDARD
100
AcDbAlignedDimension
 13
-50.86231658169549
 23
39.21734898494008
 33
0.0
 14
-51.11231658169549
 24
39.21734898494008
 34
0.0
 50
-180.0
100
AcDbRotatedDimension
1001
ACAD
1000
DSTYLE
1002
{
1070
     7
1000
OPEN
1070
     6
1000
OPEN
1070
   142
1040
0.0
1070
   282
1070
     0
1070
   281
1070
     0
1070
   280
1070
     0
1070
    77
1070
     0
1070
   145
1040
0.3125
1070
   294
1070
     0
1070
    69
1070
     0
1070
   279
1070
     0
1070
   172
1070
     0
1070
    71
1070
     0
1070
   170
1070
     0
1070
   278
1070
    46
1070
    45
1040
0.0
1070
    76
1070
     0
1070
    75
1070
     0
1070
    90
1070
     2
1070
   179
1070
     0
1070
    41
1040
0.546875
1070
   289
1070
     1
1070
   275
1070
     0
1070
    79
1070
     0
1070
   141
1040
0.0
1070
   176
1070
     2
1070
   177
1070
     2
1070
   178
1070
     2
1070
   271
1070
     5
1070
    44
1040
0.3125
1070
    42
1040
0.3125
1070
   276
1070
     2
1070
   147
1040
0.15625
1070
   144
1040
0.9999999999999999
1070
   277
1070
     5
1070
   371
1070
     0
1070
   372
1070
     0
1070
     3
1000
<>"
1070
   173
1070
     1
1070
   175
1070
     1
1070
    73
1070
     0
1070
    74
1070
     0
1070
   340
1005
811
1070
   140
1040
0.625
1070
    78
1070
    12
1070
   345
1005
EE4
1070
   346
1005
EE4
1070
   347
1005
EE4
1070
   297
1040
1000.0
1070
   298
1000
TH
1002
}
1001
ACAD_DSTYLE_DIMARC_LENGTH_SYMBOL
1070
   379
1070
     2
1001
ACAD_DSTYLE_DIM_LINETYPE
1070
   380
1005
EE4
1001
ACAD_DSTYLE_DIM_EXT1_LINETYPE
1070
   381
1005
EE4
1001
ACAD_DSTYLE_DIM_EXT2_LINETYPE
1070
   382
1005
EE4
  0
DIMENSION
  5
122B
102
{ACAD_REACTORS
330
1714
102
}
102
{ACAD_XDICTIONARY
360
1713
102
}
330
EED
100
AcDbEntity
  8
DIMENSION
  6
Continuous
 62
     2
100
AcDbDimension
  2
*D49
 10
-50.11231658169551
 20
36.62601525329816
 30
0.0
 11
-46.70054640730159
 21
36.15726525329816
 31
0.0
 70
   160
  1
<> PERF. PL.
 71
     5
 42
-1.0
 52
90.0
  3
STANDARD
100
AcDbAlignedDimension
 13
-50.23731658169551
 23
37.9673504054356
 33
0.0
 14
-50.11231658169551
 24
38.96735040543559
 34
0.0
100
AcDbRotatedDimension
1001
ACAD
1000
DSTYLE
1002
{
1070
     7
1000
OPEN
1070
     6
1000
OPEN
1070
   142
1040
0.0
1070
   282
1070
     0
1070
   281
1070
     0
1070
   280
1070
     0
1070
    77
1070
     0
1070
   145
1040
0.3125
1070
   294
1070
     0
1070
    69
1070
     0
1070
   279
1070
     0
1070
   172
1070
     0
1070
    71
1070
     0
1070
   170
1070
     0
1070
   278
1070
    46
1070
    45
1040
0.0
1070
    76
1070
     0
1070
    75
1070
     0
1070
    90
1070
     2
1070
   179
1070
     0
1070
    41
1040
0.546875
1070
   289
1070
     1
1070
   275
1070
     0
1070
    79
1070
     0
1070
   141
1040
0.0
1070
   176
1070
     2
1070
   177
1070
     2
1070
   178
1070
     2
1070
   271
1070
     5
1070
    44
1040
0.3125
1070
    42
1040
0.3125
1070
   276
1070
     2
1070
   147
1040
0.15625
1070
   144
1040
0.9999999999999999
1070
   277
1070
     5
1070
   371
1070
     0
1070
   372
1070
     0
1070
     3
1000
<>"
1070
   173
1070
     1
1070
   175
1070
     1
1070
    73
1070
     0
1070
    74
1070
     0
1070
   340
1005
811
1070
   140
1040
0.625
1070
    78
1070
    12
1070
   345
1005
EE4
1070
   346
1005
EE4
1070
   347
1005
EE4
1070
   297
1040
1000.0
1070
   298
1000
TH
1002
}
1001
ACAD_DSTYLE_DIMARC_LENGTH_SYMBOL
1070
   379
1070
     2
1001
ACAD_DSTYLE_DIM_LINETYPE
1070
   380
1005
EE4
1001
ACAD_DSTYLE_DIM_EXT1_LINETYPE
1070
   381
1005
EE4
1001
ACAD_DSTYLE_DIM_EXT2_LINETYPE
1070
   382
1005
EE4
  0
DIMENSION
  5
123A
102
{ACAD_REACTORS
330
171A
102
}
102
{ACAD_XDICTIONARY
360
1719
102
}
330
EED
100
AcDbEntity
  8
DIMENSION
  6
Continuous
 62
     2
100
AcDbDimension
  2
*D50
 10
-50.11231658169551
 20
76.281361547181
 30
0.0
 11
-48.05156717019034
 21
75.968861547181
 31
0.0
 70
   160
 71
     5
 42
-1.0
 52
-90.0
  3
STANDARD
100
AcDbAlignedDimension
 13
-51.11231658169548
 23
56.71734898494008
 33
0.0
 14
-50.11231658169551
 24
66.96735040543558
 34
0.0
100
AcDbRotatedDimension
1001
ACAD
1000
DSTYLE
1002
{
1070
     7
1000
OPEN
1070
     6
1000
OPEN
1070
   142
1040
0.0
1070
   282
1070
     0
1070
   281
1070
     0
1070
   280
1070
     0
1070
    77
1070
     0
1070
   145
1040
0.3125
1070
   294
1070
     0
1070
    69
1070
     0
1070
   279
1070
     0
1070
   172
1070
     0
1070
    71
1070
     0
1070
   170
1070
     0
1070
   278
1070
    46
1070
    45
1040
0.0
1070
    76
1070
     0
1070
    75
1070
     0
1070
    90
1070
     2
1070
   179
1070
     0
1070
    41
1040
0.546875
1070
   289
1070
     1
1070
   275
1070
     0
1070
    79
1070
     0
1070
   141
1040
0.0
1070
   176
1070
     2
1070
   177
1070
     2
1070
   178
1070
     2
1070
   271
1070
     5
1070
    44
1040
0.3125
1070
    42
1040
0.3125
1070
   276
1070
     2
1070
   147
1040
0.15625
1070
   144
1040
0.9999999999999999
1070
   277
1070
     5
1070
   371
1070
     0
1070
   372
1070
     0
1070
     3
1000
<>"
1070
   173
1070
     1
1070
   175
1070
     1
1070
    73
1070
     0
1070
    74
1070
     0
1070
   340
1005
811
1070
   140
1040
0.625
1070
    78
1070
    12
1070
   345
1005
EE4
1070
   346
1005
EE4
1070
   347
1005
EE4
1070
   297
1040
1000.0
1070
   298
1000
TH
1002
}
1001
ACAD_DSTYLE_DIMARC_LENGTH_SYMBOL
1070
   379
1070
     2
1001
ACAD_DSTYLE_DIM_LINETYPE
1070
   380
1005
EE4
1001
ACAD_DSTYLE_DIM_EXT1_LINETYPE
1070
   381
1005
EE4
1001
ACAD_DSTYLE_DIM_EXT2_LINETYPE
1070
   382
1005
EE4
  0
DIMENSION
  5
1246
102
{ACAD_REACTORS
330
1708
102
}
102
{ACAD_XDICTIONARY
360
1707
102
}
330
EED
100
AcDbEntity
  8
DIMENSION
  6
Continuous
 62
     2
100
AcDbDimension
  2
*D51
 10
-50.23731658169551
 20
74.3588335682475
 30
0.0
 11
-53.84517481278456
 21
73.8900835682475
 31
0.0
 70
   160
  1
<> PROD.
 71
     5
 42
-1.0
 52
-90.0
  3
STANDARD
100
AcDbAlignedDimension
 13
-51.11231658169548
 23
56.71734898494008
 33
0.0
 14
-50.23731658169551
 24
67.96735040543561
 34
0.0
100
AcDbRotatedDimension
1001
ACAD
1000
DSTYLE
1002
{
1070
     7
1000
OPEN
1070
     6
1000
OPEN
1070
   142
1040
0.0
1070
   282
1070
     0
1070
   281
1070
     0
1070
   280
1070
     0
1070
    77
1070
     0
1070
   145
1040
0.3125
1070
   294
1070
     0
1070
    69
1070
     0
1070
   279
1070
     0
1070
   172
1070
     0
1070
    71
1070
     0
1070
   170
1070
     0
1070
   278
1070
    46
1070
    45
1040
0.0
1070
    76
1070
     0
1070
    75
1070
     0
1070
    90
1070
     2
1070
   179
1070
     0
1070
    41
1040
0.546875
1070
   289
1070
     1
1070
   275
1070
     0
1070
    79
1070
     0
1070
   141
1040
0.0
1070
   176
1070
     2
1070
   177
1070
     2
1070
   178
1070
     2
1070
   271
1070
     5
1070
    44
1040
0.3125
1070
    42
1040
0.3125
1070
   276
1070
     2
1070
   147
1040
0.15625
1070
   144
1040
0.9999999999999999
1070
   277
1070
     5
1070
   371
1070
     0
1070
   372
1070
     0
1070
     3
1000
<>"
1070
   173
1070
     1
1070
   175
1070
     1
1070
    73
1070
     0
1070
    74
1070
     0
1070
   340
1005
811
1070
   140
1040
0.625
1070
    78
1070
    12
1070
   345
1005
EE4
1070
   346
1005
EE4
1070
   347
1005
EE4
1070
   297
1040
1000.0
1070
   298
1000
TH
1002
}
1001
ACAD_DSTYLE_DIMARC_LENGTH_SYMBOL
1070
   379
1070
     2
1001
ACAD_DSTYLE_DIM_LINETYPE
1070
   380
1005
EE4
1001
ACAD_DSTYLE_DIM_EXT1_LINETYPE
1070
   381
1005
EE4
1001
ACAD_DSTYLE_DIM_EXT2_LINETYPE
1070
   382
1005
EE4
  0
LINE
  5
1254
330
EED
100
AcDbEntity
  8
CONSTRUCTION
100
AcDbLine
 10
-102.758914262741
 20
11.50002437791202
 30
0.0
 11
-102.758914262741
 21
12.12502437791203
 31
0.0
  0
LINE
  5
1255
102
{ACAD_REACTORS
330
1734
330
174E
330
1752
102
}
330
EED
100
AcDbEntity
  8
CONSTRUCTION
100
AcDbLine
 10
-102.758914262741
 20
12.12502437791202
 30
0.0
 11
-101.6261243879652
 21
12.12502437791202
 31
0.0
  0
LINE
  5
1256
330
EED
100
AcDbEntity
  8
HIDDEN
100
AcDbLine
 10
-101.7198727709798
 20
12.12502437791202
 30
0.0
 11
-101.6279065651224
 21
11.25002437791202
 31
0.0
  0
LINE
  5
1257
330
EED
100
AcDbEntity
  8
HIDDEN
100
AcDbLine
 10
-99.03237277097983
 20
12.12502437791202
 30
0.0
 11
-99.12433897683734
 21
11.25002437791202
 31
0.0
  0
LINE
  5
1258
330
EED
100
AcDbEntity
  8
HIDDEN
100
AcDbLine
 10
-92.21987277097986
 20
12.12502437791202
 30
0.0
 11
-92.1279065651224
 21
11.25002437791202
 31
0.0
  0
LINE
  5
1259
330
EED
100
AcDbEntity
  8
HIDDEN
100
AcDbLine
 10
-89.53237277097985
 20
12.12502437791202
 30
0.0
 11
-89.62433897683735
 21
11.25002437791202
 31
0.0
  0
LINE
  5
125A
102
{ACAD_REACTORS
330
177E
102
}
330
EED
100
AcDbEntity
  8
CONSTRUCTION
100
AcDbLine
 10
-101.3761243879652
 20
11.87502437791202
 30
0.0
 11
-99.37612438796523
 21
11.87502437791202
 31
0.0
  0
LINE
  5
125B
102
{ACAD_REACTORS
330
1746
330
174C
330
1778
102
}
330
EED
100
AcDbEntity
  8
CONSTRUCTION
100
AcDbLine
 10
-99.12612438796523
 20
12.12502437791202
 30
0.0
 11
-92.12612438796523
 21
12.12502437791202
 31
0.0
  0
LINE
  5
125C
102
{ACAD_REACTORS
330
1746
330
177E
102
}
330
EED
100
AcDbEntity
  8
CONSTRUCTION
100
AcDbLine
 10
-101.6261243879652
 20
12.12502437791202
 30
0.0
 11
-101.3761243879652
 21
11.87502437791202
 31
0.0
  0
LINE
  5
125D
330
EED
100
AcDbEntity
  8
CONSTRUCTION
100
AcDbLine
 10
-99.12612438796523
 20
12.12502437791202
 30
0.0
 11
-99.37612438796523
 21
11.87502437791202
 31
0.0
  0
LINE
  5
125E
102
{ACAD_REACTORS
330
1730
330
173E
330
174C
330
175C
330
1772
102
}
330
EED
100
AcDbEntity
  8
CONSTRUCTION
100
AcDbLine
 10
-89.87612438796523
 20
11.87502437791202
 30
0.0
 11
-91.87612438796523
 21
11.87502437791202
 31
0.0
  0
LINE
  5
125F
102
{ACAD_REACTORS
330
175E
330
176A
102
}
330
EED
100
AcDbEntity
  8
CONSTRUCTION
100
AcDbLine
 10
-89.62612438796523
 20
12.12502437791202
 30
0.0
 11
-89.87612438796523
 21
11.87502437791202
 31
0.0
  0
LINE
  5
1260
102
{ACAD_REACTORS
330
173E
330
1778
102
}
330
EED
100
AcDbEntity
  8
CONSTRUCTION
100
AcDbLine
 10
-92.12612438796523
 20
12.12502437791202
 30
0.0
 11
-91.87612438796523
 21
11.87502437791202
 31
0.0
  0
LINE
  5
1261
102
{ACAD_REACTORS
330
175C
102
}
330
EED
100
AcDbEntity
  8
CONSTRUCTION
100
AcDbLine
 10
-89.62612438796523
 20
12.12502437791202
 30
0.0
 11
-88.49333451318952
 21
12.12502437791202
 31
0.0
  0
LINE
  5
1262
330
EED
100
AcDbEntity
  8
HIDDEN
100
AcDbLine
 10
-88.51248773899599
 20
39.71734898494008
 30
0.0
 11
-102.7397610369345
 21
39.71734898494008
 31
0.0
  0
LINE
  5
1263
330
EED
100
AcDbEntity
  8
CONSTRUCTION
100
AcDbLine
 10
-101.6279065651224
 20
40.21734898494008
 30
0.0
 11
-101.0676747102837
 21
54.84234898494008
 31
0.0
  0
LINE
  5
1264
330
EED
100
AcDbEntity
  8
CONSTRUCTION
100
AcDbLine
 10
-99.1243422108081
 20
40.21734898494008
 30
0.0
 11
-99.6845740656468
 21
54.84234898494008
 31
0.0
  0
LINE
  5
1265
330
EED
100
AcDbEntity
  8
CONSTRUCTION
100
AcDbLine
 10
-96.87790656512239
 20
40.21734898494008
 30
0.0
 11
-96.31767471028367
 21
54.84234898494008
 31
0.0
  0
LINE
  5
1266
330
EED
100
AcDbEntity
  8
CONSTRUCTION
100
AcDbLine
 10
-94.3743422108081
 20
40.21734898494008
 30
0.0
 11
-94.9345740656468
 21
54.84234898494008
 31
0.0
  0
LINE
  5
1267
330
EED
100
AcDbEntity
  8
CONSTRUCTION
100
AcDbLine
 10
-92.1279065651224
 20
40.21734898494008
 30
0.0
 11
-91.5676747102837
 21
54.84234898494008
 31
0.0
  0
LINE
  5
1268
330
EED
100
AcDbEntity
  8
CONSTRUCTION
100
AcDbLine
 10
-89.62434221080811
 20
40.21734898494008
 30
0.0
 11
-90.18457406564681
 21
54.84234898494008
 31
0.0
  0
LINE
  5
1269
330
EED
100
AcDbEntity
  8
CONSTRUCTION
100
AcDbLine
 10
-99.6845740656468
 20
54.84234898494008
 30
0.0
 11
-101.0676747102837
 21
54.84234898494008
 31
0.0
  0
LINE
  5
126A
330
EED
100
AcDbEntity
  8
CONSTRUCTION
100
AcDbLine
 10
-101.0676747102837
 20
54.84234898494008
 30
0.0
 11
-101.1261243879652
 21
55.71734898494008
 31
0.0
  0
LINE
  5
126B
330
EED
100
AcDbEntity
  8
CONSTRUCTION
100
AcDbLine
 10
-99.6845740656468
 20
54.84234898494008
 30
0.0
 11
-99.62612438796523
 21
55.71734898494008
 31
0.0
  0
LINE
  5
126C
330
EED
100
AcDbEntity
  8
CONSTRUCTION
100
AcDbLine
 10
-94.9345740656468
 20
54.84234898494008
 30
0.0
 11
-96.31767471028367
 21
54.84234898494008
 31
0.0
  0
LINE
  5
126D
330
EED
100
AcDbEntity
  8
CONSTRUCTION
100
AcDbLine
 10
-96.31767471028367
 20
54.84234898494008
 30
0.0
 11
-96.37612438796523
 21
55.71734898494008
 31
0.0
  0
LINE
  5
126E
330
EED
100
AcDbEntity
  8
CONSTRUCTION
100
AcDbLine
 10
-94.9345740656468
 20
54.84234898494008
 30
0.0
 11
-94.87612438796523
 21
55.71734898494008
 31
0.0
  0
LINE
  5
126F
330
EED
100
AcDbEntity
  8
CONSTRUCTION
100
AcDbLine
 10
-90.18457406564681
 20
54.84234898494008
 30
0.0
 11
-91.5676747102837
 21
54.84234898494008
 31
0.0
  0
LINE
  5
1270
330
EED
100
AcDbEntity
  8
CONSTRUCTION
100
AcDbLine
 10
-91.5676747102837
 20
54.84234898494008
 30
0.0
 11
-91.62612438796525
 21
55.71734898494008
 31
0.0
  0
LINE
  5
1271
330
EED
100
AcDbEntity
  8
CONSTRUCTION
100
AcDbLine
 10
-90.18457406564681
 20
54.84234898494008
 30
0.0
 11
-90.12612438796525
 21
55.71734898494008
 31
0.0
  0
LINE
  5
1272
102
{ACAD_REACTORS
330
170E
330
1742
330
1754
330
175A
102
}
330
EED
100
AcDbEntity
  8
CONSTRUCTION
100
AcDbLine
 10
-89.16369741641535
 20
56.71734898494008
 30
0.0
 11
-102.0885513595152
 21
56.71734898494008
 31
0.0
  0
LINE
  5
1273
102
{ACAD_REACTORS
330
1762
102
}
330
EED
100
AcDbEntity
  8
HIDDEN
100
AcDbLine
 10
-101.0676747102837
 20
54.84234898494008
 30
0.0
 11
-102.1603759562894
 21
54.84234898494008
 31
0.0
  0
LINE
  5
1274
330
EED
100
AcDbEntity
  8
HIDDEN
100
AcDbLine
 10
-99.6845740656468
 20
54.84234898494008
 30
0.0
 11
-96.31767471028367
 21
54.84234898494008
 31
0.0
  0
LINE
  5
1275
330
EED
100
AcDbEntity
  8
HIDDEN
100
AcDbLine
 10
-94.9345740656468
 20
54.84234898494008
 30
0.0
 11
-91.5676747102837
 21
54.84234898494008
 31
0.0
  0
LINE
  5
1276
102
{ACAD_REACTORS
330
1762
102
}
330
EED
100
AcDbEntity
  8
HIDDEN
100
AcDbLine
 10
-90.18457406564681
 20
54.84234898494008
 30
0.0
 11
-89.09187281964114
 21
54.84234898494008
 31
0.0
  0
LINE
  5
1277
330
EED
100
AcDbEntity
  8
HIDDEN
100
AcDbLine
 10
-50.48731658169536
 20
39.71734898494008
 30
0.0
 11
-50.23731658169551
 21
39.71734898494008
 31
0.0
  0
LINE
  5
1278
102
{ACAD_REACTORS
330
1706
102
}
330
EED
100
AcDbEntity
  8
HIDDEN
100
AcDbLine
 10
-50.86231658169549
 20
39.21734898494008
 30
0.0
 11
-50.86231658169548
 21
40.21734898494007
 31
0.0
  0
LINE
  5
1279
330
EED
100
AcDbEntity
  8
CONSTRUCTION
100
AcDbLine
 10
-51.11231658169548
 20
40.20424704011932
 30
0.0
 11
-51.11231658169548
 21
55.71734898494007
 31
0.0
  0
LINE
  5
127A
330
EED
100
AcDbEntity
  8
CONSTRUCTION
100
AcDbLine
 10
-51.11231658169548
 20
55.71734898494007
 30
0.0
 11
-50.48731658169535
 21
55.09234898493994
 31
0.0
  0
LINE
  5
127B
330
EED
100
AcDbEntity
  8
CONSTRUCTION
100
AcDbLine
 10
-51.11231658169548
 20
56.71734898494008
 30
0.0
 11
-50.48731658169537
 21
56.71734898494008
 31
0.0
  0
LINE
  5
127C
102
{ACAD_REACTORS
330
1708
330
171A
102
}
330
EED
100
AcDbEntity
  8
CONSTRUCTION
100
AcDbLine
 10
-51.11231658169548
 20
55.71734898494007
 30
0.0
 11
-51.11231658169548
 21
56.71734898494008
 31
0.0
  0
LINE
  5
127D
330
EED
100
AcDbEntity
  8
HIDDEN
100
AcDbLine
 10
-50.48731658169537
 20
56.71734898494008
 30
0.0
 11
-50.23731658169551
 21
56.71734898494008
 31
0.0
  0
LINE
  5
127E
330
EED
100
AcDbEntity
  8
HIDDEN
100
AcDbLine
 10
-50.23731658169551
 20
54.8423489849401
 30
0.0
 11
-50.48731658169535
 21
55.09234898493994
 31
0.0
  0
LINE
  5
127F
330
EED
100
AcDbEntity
  8
CONSTRUCTION
100
AcDbLine
 10
-89.12539096480243
 20
85.35817873710661
 30
0.0
 11
-102.126857811128
 21
85.35817873710661
 31
0.0
  0
LINE
  5
1280
330
EED
100
AcDbEntity
  8
HIDDEN
100
AcDbLine
 10
-101.1261227709798
 20
85.35817873710661
 30
0.0
 11
-101.0341565651224
 21
86.23317873710661
 31
0.0
  0
LINE
  5
1281
330
EED
100
AcDbEntity
  8
HIDDEN
100
AcDbLine
 10
-99.62612277097985
 20
85.35817873710661
 30
0.0
 11
-99.71808897683734
 21
86.23317873710661
 31
0.0
  0
LINE
  5
1282
330
EED
100
AcDbEntity
  8
HIDDEN
100
AcDbLine
 10
-91.62612277097986
 20
85.35817873710661
 30
0.0
 11
-91.5341565651224
 21
86.23317873710661
 31
0.0
  0
LINE
  5
1283
330
EED
100
AcDbEntity
  8
HIDDEN
100
AcDbLine
 10
-90.12612277097986
 20
85.35817873710661
 30
0.0
 11
-90.21808897683735
 21
86.23317873710661
 31
0.0
  0
LINE
  5
1284
330
EED
100
AcDbEntity
  8
CONSTRUCTION
100
AcDbLine
 10
-102.1507993433861
 20
85.98317873710661
 30
0.0
 11
-102.126857811128
 21
85.35817873710661
 31
0.0
  0
LINE
  5
1285
102
{ACAD_REACTORS
330
172C
330
1776
102
}
330
EED
100
AcDbEntity
  8
CONSTRUCTION
100
AcDbLine
 10
-102.0885513595152
 20
85.35817873710661
 30
0.0
 11
-102.0885513595152
 21
85.98317873710661
 31
0.0
  0
LINE
  5
1286
330
EED
100
AcDbEntity
  8
HIDDEN
100
AcDbLine
 10
-102.0885513595152
 20
85.98317873710661
 30
0.0
 11
-102.0885513595152
 21
86.23317873710661
 31
0.0
  0
LINE
  5
1287
102
{ACAD_REACTORS
330
173A
330
176C
102
}
330
EED
100
AcDbEntity
  8
HIDDEN
100
AcDbLine
 10
-89.10144943254436
 20
85.98317873710661
 30
0.0
 11
-89.09187281964113
 21
86.23317873710661
 31
0.0
  0
LINE
  5
1288
102
{ACAD_REACTORS
330
174A
330
1760
102
}
330
EED
100
AcDbEntity
  8
CONSTRUCTION
100
AcDbLine
 10
-89.10144943254436
 20
85.98317873710661
 30
0.0
 11
-89.12539096480243
 21
85.35817873710661
 31
0.0
  0
LINE
  5
1289
102
{ACAD_REACTORS
330
1776
102
}
330
EED
100
AcDbEntity
  8
CONSTRUCTION
100
AcDbLine
 10
-89.16369741641532
 20
85.35817873710661
 30
0.0
 11
-89.16369741641532
 21
85.98317873710661
 31
0.0
  0
LINE
  5
128A
330
EED
100
AcDbEntity
  8
HIDDEN
100
AcDbLine
 10
-89.16369741641532
 20
85.98317873710661
 30
0.0
 11
-89.16369741641532
 21
86.23317873710661
 31
0.0
  0
LINE
  5
128B
102
{ACAD_REACTORS
330
171E
330
1750
330
176E
102
}
330
EED
100
AcDbEntity
  8
CONSTRUCTION
100
AcDbLine
 10
-98.62539096480242
 20
55.71734898494008
 30
0.0
 11
-98.03164096480242
 21
40.21734898494008
 31
0.0
  0
LINE
  5
128C
102
{ACAD_REACTORS
330
1756
102
}
330
EED
100
AcDbEntity
  8
CONSTRUCTION
100
AcDbLine
 10
-97.97060781112806
 20
40.21734898494008
 30
0.0
 11
-97.37685781112806
 21
55.71734898494008
 31
0.0
  0
LINE
  5
128D
102
{ACAD_REACTORS
330
1756
102
}
330
EED
100
AcDbEntity
  8
CONSTRUCTION
100
AcDbLine
 10
-93.87539096480242
 20
55.71734898494008
 30
0.0
 11
-93.28164096480242
 21
40.21734898494008
 31
0.0
  0
LINE
  5
128E
102
{ACAD_REACTORS
330
1758
102
}
330
EED
100
AcDbEntity
  8
CONSTRUCTION
100
AcDbLine
 10
-93.22060781112808
 20
40.21734898494008
 30
0.0
 11
-92.62685781112808
 21
55.71734898494008
 31
0.0
  0
LINE
  5
128F
330
EED
100
AcDbEntity
  8
HIDDEN
100
AcDbLine
 10
-98.03164096480242
 20
12.12502437791202
 30
0.0
 11
-98.03164096480242
 21
11.25002437791202
 31
0.0
  0
LINE
  5
1290
330
EED
100
AcDbEntity
  8
HIDDEN
100
AcDbLine
 10
-97.97060781112806
 20
12.12502437791202
 30
0.0
 11
-97.97060781112806
 21
11.25002437791202
 31
0.0
  0
LINE
  5
1291
330
EED
100
AcDbEntity
  8
HIDDEN
100
AcDbLine
 10
-93.22060781112806
 20
12.12502437791202
 30
0.0
 11
-93.22060781112806
 21
11.25002437791202
 31
0.0
  0
LINE
  5
1292
330
EED
100
AcDbEntity
  8
HIDDEN
100
AcDbLine
 10
-93.28164096480242
 20
12.12502437791202
 30
0.0
 11
-93.28164096480242
 21
11.25002437791202
 31
0.0
  0
DIMENSION
  5
1294
102
{ACAD_REACTORS
330
1750
102
}
102
{ACAD_XDICTIONARY
360
174F
102
}
330
EED
100
AcDbEntity
  8
DIMENSION
  6
Continuous
 62
     2
100
AcDbDimension
  2
*D52
 10
-98.62539096480242
 20
64.86386325777804
 30
0.0
 11
-100.3761243879652
 21
64.39511325777804
 31
0.0
 70
    32
 71
     5
 42
-1.0
 52
-90.0
  3
STANDARD
100
AcDbAlignedDimension
 13
-102.1268578111281
 23
55.71734898494008
 33
0.0
 14
-98.62539096480242
 24
55.71734898494008
 34
0.0
100
AcDbRotatedDimension
1001
ACAD
1000
DSTYLE
1002
{
1070
     7
1000
OPEN
1070
     6
1000
OPEN
1070
   142
1040
0.0
1070
   282
1070
     0
1070
   281
1070
     0
1070
   280
1070
     0
1070
    77
1070
     0
1070
   145
1040
0.3125
1070
   294
1070
     0
1070
    69
1070
     0
1070
   279
1070
     0
1070
   172
1070
     0
1070
    71
1070
     0
1070
   170
1070
     0
1070
   278
1070
    46
1070
    45
1040
0.0
1070
    76
1070
     0
1070
    75
1070
     0
1070
    90
1070
     2
1070
   179
1070
     0
1070
    41
1040
0.546875
1070
   289
1070
     1
1070
   275
1070
     0
1070
    79
1070
     0
1070
   141
1040
0.0
1070
   176
1070
     2
1070
   177
1070
     2
1070
   178
1070
     2
1070
   271
1070
     5
1070
    44
1040
0.3125
1070
    42
1040
0.3125
1070
   276
1070
     2
1070
   147
1040
0.15625
1070
   144
1040
0.9999999999999999
1070
   277
1070
     5
1070
   371
1070
     0
1070
   372
1070
     0
1070
     3
1000
<>"
1070
   173
1070
     1
1070
   175
1070
     1
1070
    73
1070
     0
1070
    74
1070
     0
1070
   340
1005
811
1070
   140
1040
0.625
1070
    78
1070
    12
1070
   345
1005
EE4
1070
   346
1005
EE4
1070
   347
1005
EE4
1070
   297
1040
1000.0
1070
   298
1000
TH
1002
}
1001
ACAD_DSTYLE_DIMARC_LENGTH_SYMBOL
1070
   379
1070
     2
1001
ACAD_DSTYLE_DIM_LINETYPE
1070
   380
1005
EE4
1001
ACAD_DSTYLE_DIM_EXT1_LINETYPE
1070
   381
1005
EE4
1001
ACAD_DSTYLE_DIM_EXT2_LINETYPE
1070
   382
1005
EE4
  0
DIMENSION
  5
12A2
102
{ACAD_REACTORS
330
1756
102
}
102
{ACAD_XDICTIONARY
360
1755
102
}
330
EED
100
AcDbEntity
  8
DIMENSION
  6
Continuous
 62
     2
100
AcDbDimension
  2
*D53
 10
-93.87539096480242
 20
64.86386325777804
 30
0.0
 11
-95.62612438796523
 21
64.39511325777804
 31
0.0
 70
    32
 71
     5
 42
-1.0
 52
-90.0
  3
STANDARD
100
AcDbAlignedDimension
 13
-97.37685781112806
 23
55.71734898494008
 33
0.0
 14
-93.87539096480242
 24
55.71734898494008
 34
0.0
100
AcDbRotatedDimension
1001
ACAD
1000
DSTYLE
1002
{
1070
     7
1000
OPEN
1070
     6
1000
OPEN
1070
   142
1040
0.0
1070
   282
1070
     0
1070
   281
1070
     0
1070
   280
1070
     0
1070
    77
1070
     0
1070
   145
1040
0.3125
1070
   294
1070
     0
1070
    69
1070
     0
1070
   279
1070
     0
1070
   172
1070
     0
1070
    71
1070
     0
1070
   170
1070
     0
1070
   278
1070
    46
1070
    45
1040
0.0
1070
    76
1070
     0
1070
    75
1070
     0
1070
    90
1070
     2
1070
   179
1070
     0
1070
    41
1040
0.546875
1070
   289
1070
     1
1070
   275
1070
     0
1070
    79
1070
     0
1070
   141
1040
0.0
1070
   176
1070
     2
1070
   177
1070
     2
1070
   178
1070
     2
1070
   271
1070
     5
1070
    44
1040
0.3125
1070
    42
1040
0.3125
1070
   276
1070
     2
1070
   147
1040
0.15625
1070
   144
1040
0.9999999999999999
1070
   277
1070
     5
1070
   371
1070
     0
1070
   372
1070
     0
1070
     3
1000
<>"
1070
   173
1070
     1
1070
   175
1070
     1
1070
    73
1070
     0
1070
    74
1070
     0
1070
   340
1005
811
1070
   140
1040
0.625
1070
    78
1070
    12
1070
   345
1005
EE4
1070
   346
1005
EE4
1070
   347
1005
EE4
1070
   297
1040
1000.0
1070
   298
1000
TH
1002
}
1001
ACAD_DSTYLE_DIMARC_LENGTH_SYMBOL
1070
   379
1070
     2
1001
ACAD_DSTYLE_DIM_LINETYPE
1070
   380
1005
EE4
1001
ACAD_DSTYLE_DIM_EXT1_LINETYPE
1070
   381
1005
EE4
1001
ACAD_DSTYLE_DIM_EXT2_LINETYPE
1070
   382
1005
EE4
  0
DIMENSION
  5
12B0
102
{ACAD_REACTORS
330
1758
102
}
102
{ACAD_XDICTIONARY
360
1757
102
}
330
EED
100
AcDbEntity
  8
DIMENSION
  6
Continuous
 62
     2
100
AcDbDimension
  2
*D54
 10
-89.12539096480245
 20
64.86386325777804
 30
0.0
 11
-90.87612438796526
 21
64.39511325777804
 31
0.0
 70
    32
 71
     5
 42
-1.0
 52
-90.0
  3
STANDARD
100
AcDbAlignedDimension
 13
-92.62685781112808
 23
55.71734898494008
 33
0.0
 14
-89.12539096480245
 24
55.71734898494008
 34
0.0
100
AcDbRotatedDimension
1001
ACAD
1000
DSTYLE
1002
{
1070
     7
1000
OPEN
1070
     6
1000
OPEN
1070
   142
1040
0.0
1070
   282
1070
     0
1070
   281
1070
     0
1070
   280
1070
     0
1070
    77
1070
     0
1070
   145
1040
0.3125
1070
   294
1070
     0
1070
    69
1070
     0
1070
   279
1070
     0
1070
   172
1070
     0
1070
    71
1070
     0
1070
   170
1070
     0
1070
   278
1070
    46
1070
    45
1040
0.0
1070
    76
1070
     0
1070
    75
1070
     0
1070
    90
1070
     2
1070
   179
1070
     0
1070
    41
1040
0.546875
1070
   289
1070
     1
1070
   275
1070
     0
1070
    79
1070
     0
1070
   141
1040
0.0
1070
   176
1070
     2
1070
   177
1070
     2
1070
   178
1070
     2
1070
   271
1070
     5
1070
    44
1040
0.3125
1070
    42
1040
0.3125
1070
   276
1070
     2
1070
   147
1040
0.15625
1070
   144
1040
0.9999999999999999
1070
   277
1070
     5
1070
   371
1070
     0
1070
   372
1070
     0
1070
     3
1000
<>"
1070
   173
1070
     1
1070
   175
1070
     1
1070
    73
1070
     0
1070
    74
1070
     0
1070
   340
1005
811
1070
   140
1040
0.625
1070
    78
1070
    12
1070
   345
1005
EE4
1070
   346
1005
EE4
1070
   347
1005
EE4
1070
   297
1040
1000.0
1070
   298
1000
TH
1002
}
1001
ACAD_DSTYLE_DIMARC_LENGTH_SYMBOL
1070
   379
1070
     2
1001
ACAD_DSTYLE_DIM_LINETYPE
1070
   380
1005
EE4
1001
ACAD_DSTYLE_DIM_EXT1_LINETYPE
1070
   381
1005
EE4
1001
ACAD_DSTYLE_DIM_EXT2_LINETYPE
1070
   382
1005
EE4
  0
DIMENSION
  5
12BE
102
{ACAD_REACTORS
330
175A
102
}
102
{ACAD_XDICTIONARY
360
1759
102
}
330
EED
100
AcDbEntity
  8
DIMENSION
  6
Continuous
 62
     2
100
AcDbDimension
  2
*D55
 10
-102.0885513595152
 20
72.95538211416851
 30
0.0
 11
-95.62612438796525
 21
72.48663211416851
 31
0.0
 70
    32
  1
<> BACK OF BAR
 71
     5
 42
-1.0
 52
90.0
  3
STANDARD
100
AcDbAlignedDimension
 13
-89.16369741641535
 23
56.71734898494008
 33
0.0
 14
-102.0885513595152
 24
56.71734898494008
 34
0.0
 50
-180.0
100
AcDbRotatedDimension
1001
ACAD
1000
DSTYLE
1002
{
1070
     7
1000
OPEN
1070
     6
1000
OPEN
1070
   142
1040
0.0
1070
   282
1070
     0
1070
   281
1070
     0
1070
   280
1070
     0
1070
    77
1070
     0
1070
   145
1040
0.3125
1070
   294
1070
     0
1070
    69
1070
     0
1070
   279
1070
     0
1070
   172
1070
     0
1070
    71
1070
     0
1070
   170
1070
     0
1070
   278
1070
    46
1070
    45
1040
0.0
1070
    76
1070
     0
1070
    75
1070
     0
1070
    90
1070
     2
1070
   179
1070
     0
1070
    41
1040
0.546875
1070
   289
1070
     1
1070
   275
1070
     0
1070
    79
1070
     0
1070
   141
1040
0.0
1070
   176
1070
     2
1070
   177
1070
     2
1070
   178
1070
     2
1070
   271
1070
     5
1070
    44
1040
0.3125
1070
    42
1040
0.3125
1070
   276
1070
     2
1070
   147
1040
0.15625
1070
   144
1040
0.9999999999999999
1070
   277
1070
     5
1070
   371
1070
     0
1070
   372
1070
     0
1070
     3
1000
<>"
1070
   173
1070
     1
1070
   175
1070
     1
1070
    73
1070
     0
1070
    74
1070
     0
1070
   340
1005
811
1070
   140
1040
0.625
1070
    78
1070
    12
1070
   345
1005
EE4
1070
   346
1005
EE4
1070
   347
1005
EE4
1070
   297
1040
1000.0
1070
   298
1000
TH
1002
}
1001
ACAD_DSTYLE_DIMARC_LENGTH_SYMBOL
1070
   379
1070
     2
1001
ACAD_DSTYLE_DIM_LINETYPE
1070
   380
1005
EE4
1001
ACAD_DSTYLE_DIM_EXT1_LINETYPE
1070
   381
1005
EE4
1001
ACAD_DSTYLE_DIM_EXT2_LINETYPE
1070
   382
1005
EE4
  0
DIMENSION
  5
12CC
102
{ACAD_REACTORS
330
1762
102
}
102
{ACAD_XDICTIONARY
360
1761
102
}
330
EED
100
AcDbEntity
  8
DIMENSION
  6
Continuous
 62
     2
100
AcDbDimension
  2
*D56
 10
-89.09187281964114
 20
74.62438992005582
 30
0.0
 11
-95.62612438796525
 21
74.15563992005582
 31
0.0
 70
    32
  1
<> FRONT OF BAR
 71
     5
 42
-1.0
 52
-90.0
  3
STANDARD
100
AcDbAlignedDimension
 13
-102.1603759562894
 23
54.84234898494008
 33
0.0
 14
-89.09187281964114
 24
54.84234898494008
 34
0.0
100
AcDbRotatedDimension
1001
ACAD
1000
DSTYLE
1002
{
1070
     7
1000
OPEN
1070
     6
1000
OPEN
1070
   142
1040
0.0
1070
   282
1070
     0
1070
   281
1070
     0
1070
   280
1070
     0
1070
    77
1070
     0
1070
   145
1040
0.3125
1070
   294
1070
     0
1070
    69
1070
     0
1070
   279
1070
     0
1070
   172
1070
     0
1070
    71
1070
     0
1070
   170
1070
     0
1070
   278
1070
    46
1070
    45
1040
0.0
1070
    76
1070
     0
1070
    75
1070
     0
1070
    90
1070
     2
1070
   179
1070
     0
1070
    41
1040
0.546875
1070
   289
1070
     1
1070
   275
1070
     0
1070
    79
1070
     0
1070
   141
1040
0.0
1070
   176
1070
     2
1070
   177
1070
     2
1070
   178
1070
     2
1070
   271
1070
     5
1070
    44
1040
0.3125
1070
    42
1040
0.3125
1070
   276
1070
     2
1070
   147
1040
0.15625
1070
   144
1040
0.9999999999999999
1070
   277
1070
     5
1070
   371
1070
     0
1070
   372
1070
     0
1070
     3
1000
<>"
1070
   173
1070
     1
1070
   175
1070
     1
1070
    73
1070
     0
1070
    74
1070
     0
1070
   340
1005
811
1070
   140
1040
0.625
1070
    78
1070
    12
1070
   345
1005
EE4
1070
   346
1005
EE4
1070
   347
1005
EE4
1070
   297
1040
1000.0
1070
   298
1000
TH
1002
}
1001
ACAD_DSTYLE_DIMARC_LENGTH_SYMBOL
1070
   379
1070
     2
1001
ACAD_DSTYLE_DIM_LINETYPE
1070
   380
1005
EE4
1001
ACAD_DSTYLE_DIM_EXT1_LINETYPE
1070
   381
1005
EE4
1001
ACAD_DSTYLE_DIM_EXT2_LINETYPE
1070
   382
1005
EE4
  0
DIMENSION
  5
12DA
102
{ACAD_REACTORS
330
176E
102
}
102
{ACAD_XDICTIONARY
360
176D
102
}
330
EED
100
AcDbEntity
  8
DIMENSION
  6
Continuous
 62
     2
100
AcDbDimension
  2
*D57
 10
-98.03164096480242
 20
33.16690557932955
 30
0.0
 11
-98.66820115961877
 21
32.85440557932955
 31
0.0
 70
   160
 71
     5
 42
-1.0
 52
90.0
  3
STANDARD
100
AcDbAlignedDimension
 13
-99.03237438796523
 23
40.21734898494008
 33
0.0
 14
-98.03164096480242
 24
40.21734898494008
 34
0.0
100
AcDbRotatedDimension
1001
ACAD
1000
DSTYLE
1002
{
1070
     7
1000
OPEN
1070
     6
1000
OPEN
1070
   142
1040
0.0
1070
   282
1070
     0
1070
   281
1070
     0
1070
   280
1070
     0
1070
    77
1070
     0
1070
   145
1040
0.3125
1070
   294
1070
     0
1070
    69
1070
     0
1070
   279
1070
     0
1070
   172
1070
     0
1070
    71
1070
     0
1070
   170
1070
     0
1070
   278
1070
    46
1070
    45
1040
0.0
1070
    76
1070
     0
1070
    75
1070
     0
1070
    90
1070
     2
1070
   179
1070
     0
1070
    41
1040
0.546875
1070
   289
1070
     1
1070
   275
1070
     0
1070
    79
1070
     0
1070
   141
1040
0.0
1070
   176
1070
     2
1070
   177
1070
     2
1070
   178
1070
     2
1070
   271
1070
     5
1070
    44
1040
0.3125
1070
    42
1040
0.3125
1070
   276
1070
     2
1070
   147
1040
0.15625
1070
   144
1040
0.9999999999999999
1070
   277
1070
     5
1070
   371
1070
     0
1070
   372
1070
     0
1070
     3
1000
<>"
1070
   173
1070
     1
1070
   175
1070
     1
1070
    73
1070
     0
1070
    74
1070
     0
1070
   340
1005
811
1070
   140
1040
0.625
1070
    78
1070
    12
1070
   345
1005
EE4
1070
   346
1005
EE4
1070
   347
1005
EE4
1070
   297
1040
1000.0
1070
   298
1000
TH
1002
}
1001
ACAD_DSTYLE_DIMARC_LENGTH_SYMBOL
1070
   379
1070
     2
1001
ACAD_DSTYLE_DIM_LINETYPE
1070
   380
1005
EE4
1001
ACAD_DSTYLE_DIM_EXT1_LINETYPE
1070
   381
1005
EE4
1001
ACAD_DSTYLE_DIM_EXT2_LINETYPE
1070
   382
1005
EE4
  0
DIMENSION
  5
12E4
102
{ACAD_REACTORS
330
1774
102
}
102
{ACAD_XDICTIONARY
360
1773
102
}
330
EED
100
AcDbEntity
  8
DIMENSION
  6
Continuous
 62
     2
100
AcDbDimension
  2
*D58
 10
-88.49333451318955
 20
28.07537929276349
 30
0.0
 11
-95.62612438796526
 21
27.60662929276349
 31
0.0
 70
    32
  1
<> BACK OF BAR
 71
     5
 42
-1.0
 52
90.0
  3
STANDARD
100
AcDbAlignedDimension
 13
-102.758914262741
 23
39.21734898494008
 33
0.0
 14
-88.49333451318955
 24
39.21734898494008
 34
0.0
100
AcDbRotatedDimension
1001
ACAD
1000
DSTYLE
1002
{
1070
     7
1000
OPEN
1070
     6
1000
OPEN
1070
   142
1040
0.0
1070
   282
1070
     0
1070
   281
1070
     0
1070
   280
1070
     0
1070
    77
1070
     0
1070
   145
1040
0.3125
1070
   294
1070
     0
1070
    69
1070
     0
1070
   279
1070
     0
1070
   172
1070
     0
1070
    71
1070
     0
1070
   170
1070
     0
1070
   278
1070
    46
1070
    45
1040
0.0
1070
    76
1070
     0
1070
    75
1070
     0
1070
    90
1070
     2
1070
   179
1070
     0
1070
    41
1040
0.546875
1070
   289
1070
     1
1070
   275
1070
     0
1070
    79
1070
     0
1070
   141
1040
0.0
1070
   176
1070
     2
1070
   177
1070
     2
1070
   178
1070
     2
1070
   271
1070
     5
1070
    44
1040
0.3125
1070
    42
1040
0.3125
1070
   276
1070
     2
1070
   147
1040
0.15625
1070
   144
1040
0.9999999999999999
1070
   277
1070
     5
1070
   371
1070
     0
1070
   372
1070
     0
1070
     3
1000
<>"
1070
   173
1070
     1
1070
   175
1070
     1
1070
    73
1070
     0
1070
    74
1070
     0
1070
   340
1005
811
1070
   140
1040
0.625
1070
    78
1070
    12
1070
   345
1005
EE4
1070
   346
1005
EE4
1070
   347
1005
EE4
1070
   297
1040
1000.0
1070
   298
1000
TH
1002
}
1001
ACAD_DSTYLE_DIMARC_LENGTH_SYMBOL
1070
   379
1070
     2
1001
ACAD_DSTYLE_DIM_LINETYPE
1070
   380
1005
EE4
1001
ACAD_DSTYLE_DIM_EXT1_LINETYPE
1070
   381
1005
EE4
1001
ACAD_DSTYLE_DIM_EXT2_LINETYPE
1070
   382
1005
EE4
  0
DIMENSION
  5
12F2
102
{ACAD_REACTORS
330
177C
102
}
102
{ACAD_XDICTIONARY
360
177B
102
}
330
EED
100
AcDbEntity
  8
DIMENSION
  6
Continuous
 62
     2
100
AcDbDimension
  2
*D59
 10
-88.53164096480243
 20
29.36410683908156
 30
0.0
 11
-95.62612438796525
 21
28.89535683908156
 31
0.0
 70
    32
  1
<> FRONT OF BAR
 71
     5
 42
-1.0
 52
90.0
  3
STANDARD
100
AcDbAlignedDimension
 13
-102.7206078111281
 23
40.21734898494008
 33
0.0
 14
-88.53164096480243
 24
40.21734898494008
 34
0.0
100
AcDbRotatedDimension
1001
ACAD
1000
DSTYLE
1002
{
1070
     7
1000
OPEN
1070
     6
1000
OPEN
1070
   142
1040
0.0
1070
   282
1070
     0
1070
   281
1070
     0
1070
   280
1070
     0
1070
    77
1070
     0
1070
   145
1040
0.3125
1070
   294
1070
     0
1070
    69
1070
     0
1070
   279
1070
     0
1070
   172
1070
     0
1070
    71
1070
     0
1070
   170
1070
     0
1070
   278
1070
    46
1070
    45
1040
0.0
1070
    76
1070
     0
1070
    75
1070
     0
1070
    90
1070
     2
1070
   179
1070
     0
1070
    41
1040
0.546875
1070
   289
1070
     1
1070
   275
1070
     0
1070
    79
1070
     0
1070
   141
1040
0.0
1070
   176
1070
     2
1070
   177
1070
     2
1070
   178
1070
     2
1070
   271
1070
     5
1070
    44
1040
0.3125
1070
    42
1040
0.3125
1070
   276
1070
     2
1070
   147
1040
0.15625
1070
   144
1040
0.9999999999999999
1070
   277
1070
     5
1070
   371
1070
     0
1070
   372
1070
     0
1070
     3
1000
<>"
1070
   173
1070
     1
1070
   175
1070
     1
1070
    73
1070
     0
1070
    74
1070
     0
1070
   340
1005
811
1070
   140
1040
0.625
1070
    78
1070
    12
1070
   345
1005
EE4
1070
   346
1005
EE4
1070
   347
1005
EE4
1070
   297
1040
1000.0
1070
   298
1000
TH
1002
}
1001
ACAD_DSTYLE_DIMARC_LENGTH_SYMBOL
1070
   379
1070
     2
1001
ACAD_DSTYLE_DIM_LINETYPE
1070
   380
1005
EE4
1001
ACAD_DSTYLE_DIM_EXT1_LINETYPE
1070
   381
1005
EE4
1001
ACAD_DSTYLE_DIM_EXT2_LINETYPE
1070
   382
1005
EE4
  0
DIMENSION
  5
1300
102
{ACAD_REACTORS
330
172E
102
}
102
{ACAD_XDICTIONARY
360
172D
102
}
330
EED
100
AcDbEntity
  8
LEVEL_50
  6
Continuous
 62
     2
100
AcDbDimension
  2
*D60
 10
-59.80553014991571
 20
40.21734898494008
 30
0.0
 11
-59.49303014991571
 21
36.96416833978765
 31
0.0
 70
   160
 71
     5
 42
-1.0
 52
90.0
  3
STANDARD
100
AcDbAlignedDimension
 13
-88.49333451318955
 23
39.21734898494008
 33
0.0
 14
-88.53164096480243
 24
40.21734898494008
 34
0.0
 50
-270.0
100
AcDbRotatedDimension
1001
ACAD
1000
DSTYLE
1002
{
1070
     7
1000
OPEN
1070
     6
1000
OPEN
1070
   142
1040
0.0
1070
   282
1070
     0
1070
   281
1070
     0
1070
   280
1070
     0
1070
    77
1070
     0
1070
   145
1040
0.3125
1070
   294
1070
     0
1070
    69
1070
     0
1070
   279
1070
     0
1070
   172
1070
     0
1070
    71
1070
     0
1070
   170
1070
     0
1070
   278
1070
    46
1070
    45
1040
0.0
1070
    76
1070
     0
1070
    75
1070
     0
1070
    90
1070
     2
1070
   179
1070
     0
1070
    41
1040
0.625
1070
   289
1070
     1
1070
   275
1070
     0
1070
    79
1070
     0
1070
   141
1040
0.0
1070
   176
1070
     2
1070
   177
1070
     2
1070
   178
1070
     2
1070
   271
1070
     5
1070
    44
1040
0.3125
1070
    42
1040
0.3125
1070
   276
1070
     2
1070
   147
1040
0.15625
1070
   144
1040
0.9999999999999999
1070
   277
1070
     5
1070
   371
1070
     0
1070
   372
1070
     0
1070
     3
1000
<>"
1070
   173
1070
     1
1070
   175
1070
     1
1070
    73
1070
     0
1070
    74
1070
     0
1070
   340
1005
811
1070
   140
1040
0.625
1070
    78
1070
    12
1070
   345
1005
EE4
1070
   346
1005
EE4
1070
   347
1005
EE4
1070
   297
1040
1000.0
1070
   298
1000

1002
}
1001
ACAD_DSTYLE_DIMARC_LENGTH_SYMBOL
1070
   379
1070
     2
1001
ACAD_DSTYLE_DIM_LINETYPE
1070
   380
1005
EE4
1001
ACAD_DSTYLE_DIM_EXT1_LINETYPE
1070
   381
1005
EE4
1001
ACAD_DSTYLE_DIM_EXT2_LINETYPE
1070
   382
1005
EE4
  0
DIMENSION
  5
130C
102
{ACAD_REACTORS
330
1738
102
}
102
{ACAD_XDICTIONARY
360
1737
102
}
330
EED
100
AcDbEntity
  8
DIMENSION
  6
Continuous
 62
     2
100
AcDbDimension
  2
*D61
 10
-58.18096548917393
 20
37.9673504054356
 30
0.0
 11
-57.71221548917393
 21
36.34127005791965
 31
0.0
 70
   160
 71
     5
 42
-1.0
 52
-90.0
  3
STANDARD
100
AcDbAlignedDimension
 13
-88.49333451318955
 23
39.21734898494008
 33
0.0
 14
-66.50112277097986
 24
37.9673504054356
 34
0.0
 50
-90.0
100
AcDbRotatedDimension
1001
ACAD
1000
DSTYLE
1002
{
1070
     7
1000
OPEN
1070
     6
1000
OPEN
1070
   142
1040
0.0
1070
   282
1070
     0
1070
   281
1070
     0
1070
   280
1070
     0
1070
    77
1070
     0
1070
   145
1040
0.3125
1070
   294
1070
     0
1070
    69
1070
     0
1070
   279
1070
     0
1070
   172
1070
     0
1070
    71
1070
     0
1070
   170
1070
     0
1070
   278
1070
    46
1070
    45
1040
0.0
1070
    76
1070
     0
1070
    75
1070
     0
1070
    90
1070
     2
1070
   179
1070
     0
1070
    41
1040
0.546875
1070
   289
1070
     1
1070
   275
1070
     0
1070
    79
1070
     0
1070
   141
1040
0.0
1070
   176
1070
     2
1070
   177
1070
     2
1070
   178
1070
     2
1070
   271
1070
     5
1070
    44
1040
0.3125
1070
    42
1040
0.3125
1070
   276
1070
     2
1070
   147
1040
0.15625
1070
   144
1040
0.9999999999999999
1070
   277
1070
     5
1070
   371
1070
     0
1070
   372
1070
     0
1070
     3
1000
<>"
1070
   173
1070
     1
1070
   175
1070
     1
1070
    73
1070
     0
1070
    74
1070
     0
1070
   340
1005
811
1070
   140
1040
0.625
1070
    78
1070
    12
1070
   345
1005
EE4
1070
   346
1005
EE4
1070
   347
1005
EE4
1070
   297
1040
1000.0
1070
   298
1000
TH
1002
}
1001
ACAD_DSTYLE_DIMARC_LENGTH_SYMBOL
1070
   379
1070
     2
1001
ACAD_DSTYLE_DIM_LINETYPE
1070
   380
1005
EE4
1001
ACAD_DSTYLE_DIM_EXT1_LINETYPE
1070
   381
1005
EE4
1001
ACAD_DSTYLE_DIM_EXT2_LINETYPE
1070
   382
1005
EE4
  0
DIMENSION
  5
131C
102
{ACAD_REACTORS
330
1742
102
}
102
{ACAD_XDICTIONARY
360
1741
102
}
330
EED
100
AcDbEntity
  8
DIMENSION
  6
Continuous
 62
     2
100
AcDbDimension
  2
*D62
 10
-58.18096548917393
 20
56.71734898494008
 30
0.0
 11
-57.71221548917393
 21
47.96734898494008
 31
0.0
 70
    32
 71
     5
 42
-1.0
 52
90.0
  3
STANDARD
100
AcDbAlignedDimension
 13
-88.49333451318955
 23
39.21734898494008
 33
0.0
 14
-89.16369741641535
 24
56.71734898494008
 34
0.0
 50
-270.0
100
AcDbRotatedDimension
1001
ACAD
1000
DSTYLE
1002
{
1070
     7
1000
OPEN
1070
     6
1000
OPEN
1070
   142
1040
0.0
1070
   282
1070
     0
1070
   281
1070
     0
1070
   280
1070
     0
1070
    77
1070
     0
1070
   145
1040
0.3125
1070
   294
1070
     0
1070
    69
1070
     0
1070
   279
1070
     0
1070
   172
1070
     0
1070
    71
1070
     0
1070
   170
1070
     0
1070
   278
1070
    46
1070
    45
1040
0.0
1070
    76
1070
     0
1070
    75
1070
     0
1070
    90
1070
     2
1070
   179
1070
     0
1070
    41
1040
0.546875
1070
   289
1070
     1
1070
   275
1070
     0
1070
    79
1070
     0
1070
   141
1040
0.0
1070
   176
1070
     2
1070
   177
1070
     2
1070
   178
1070
     2
1070
   271
1070
     5
1070
    44
1040
0.3125
1070
    42
1040
0.3125
1070
   276
1070
     2
1070
   147
1040
0.15625
1070
   144
1040
0.9999999999999999
1070
   277
1070
     5
1070
   371
1070
     0
1070
   372
1070
     0
1070
     3
1000
<>"
1070
   173
1070
     1
1070
   175
1070
     1
1070
    73
1070
     0
1070
    74
1070
     0
1070
   340
1005
811
1070
   140
1040
0.625
1070
    78
1070
    12
1070
   345
1005
EE4
1070
   346
1005
EE4
1070
   347
1005
EE4
1070
   297
1040
1000.0
1070
   298
1000
TH
1002
}
1001
ACAD_DSTYLE_DIMARC_LENGTH_SYMBOL
1070
   379
1070
     2
1001
ACAD_DSTYLE_DIM_LINETYPE
1070
   380
1005
EE4
1001
ACAD_DSTYLE_DIM_EXT1_LINETYPE
1070
   381
1005
EE4
1001
ACAD_DSTYLE_DIM_EXT2_LINETYPE
1070
   382
1005
EE4
  0
DIMENSION
  5
132A
102
{ACAD_REACTORS
330
1748
102
}
102
{ACAD_XDICTIONARY
360
1747
102
}
330
EED
100
AcDbEntity
  8
DIMENSION
  6
Continuous
 62
     2
100
AcDbDimension
  2
*D63
 10
-59.80553014991571
 20
40.21734898494008
 30
0.0
 11
-59.33678014991571
 21
47.96734898494007
 31
0.0
 70
    32
  1
<> PRODUCT
 71
     5
 42
-1.0
 52
-90.0
  3
STANDARD
100
AcDbAlignedDimension
 13
-89.12539096480245
 23
55.71734898494008
 33
0.0
 14
-88.53164096480245
 24
40.21734898494008
 34
0.0
 50
-90.0
100
AcDbRotatedDimension
1001
ACAD
1000
DSTYLE
1002
{
1070
     7
1000
OPEN
1070
     6
1000
OPEN
1070
   142
1040
0.0
1070
   282
1070
     0
1070
   281
1070
     0
1070
   280
1070
     0
1070
    77
1070
     0
1070
   145
1040
0.3125
1070
   294
1070
     0
1070
    69
1070
     0
1070
   279
1070
     0
1070
   172
1070
     0
1070
    71
1070
     0
1070
   170
1070
     0
1070
   278
1070
    46
1070
    45
1040
0.0
1070
    76
1070
     0
1070
    75
1070
     0
1070
    90
1070
     2
1070
   179
1070
     0
1070
    41
1040
0.546875
1070
   289
1070
     1
1070
   275
1070
     0
1070
    79
1070
     0
1070
   141
1040
0.0
1070
   176
1070
     2
1070
   177
1070
     2
1070
   178
1070
     2
1070
   271
1070
     5
1070
    44
1040
0.3125
1070
    42
1040
0.3125
1070
   276
1070
     2
1070
   147
1040
0.15625
1070
   144
1040
0.9999999999999999
1070
   277
1070
     5
1070
   371
1070
     0
1070
   372
1070
     0
1070
     3
1000
<>"
1070
   173
1070
     1
1070
   175
1070
     1
1070
    73
1070
     0
1070
    74
1070
     0
1070
   340
1005
811
1070
   140
1040
0.625
1070
    78
1070
    12
1070
   345
1005
EE4
1070
   346
1005
EE4
1070
   347
1005
EE4
1070
   297
1040
1000.0
1070
   298
1000
TH
1002
}
1001
ACAD_DSTYLE_DIMARC_LENGTH_SYMBOL
1070
   379
1070
     2
1001
ACAD_DSTYLE_DIM_LINETYPE
1070
   380
1005
EE4
1001
ACAD_DSTYLE_DIM_EXT1_LINETYPE
1070
   381
1005
EE4
1001
ACAD_DSTYLE_DIM_EXT2_LINETYPE
1070
   382
1005
EE4
  0
DIMENSION
  5
1338
102
{ACAD_REACTORS
330
1754
102
}
102
{ACAD_XDICTIONARY
360
1753
102
}
330
EED
100
AcDbEntity
  8
DIMENSION
  6
Continuous
 62
     2
100
AcDbDimension
  2
*D64
 10
-59.80553014991571
 20
56.71734898494008
 30
0.0
 11
-59.49303014991571
 21
58.1027331850806
 31
0.0
 70
   160
 71
     5
 42
-1.0
 52
90.0
  3
STANDARD
100
AcDbAlignedDimension
 13
-89.12539096480245
 23
55.71734898494008
 33
0.0
 14
-89.16369741641535
 24
56.71734898494008
 34
0.0
 50
-270.0
100
AcDbRotatedDimension
1001
ACAD
1000
DSTYLE
1002
{
1070
     7
1000
OPEN
1070
     6
1000
OPEN
1070
   142
1040
0.0
1070
   282
1070
     0
1070
   281
1070
     0
1070
   280
1070
     0
1070
    77
1070
     0
1070
   145
1040
0.3125
1070
   294
1070
     0
1070
    69
1070
     0
1070
   279
1070
     0
1070
   172
1070
     0
1070
    71
1070
     0
1070
   170
1070
     0
1070
   278
1070
    46
1070
    45
1040
0.0
1070
    76
1070
     0
1070
    75
1070
     0
1070
    90
1070
     2
1070
   179
1070
     0
1070
    41
1040
0.546875
1070
   289
1070
     1
1070
   275
1070
     0
1070
    79
1070
     0
1070
   141
1040
0.0
1070
   176
1070
     2
1070
   177
1070
     2
1070
   178
1070
     2
1070
   271
1070
     5
1070
    44
1040
0.3125
1070
    42
1040
0.3125
1070
   276
1070
     2
1070
   147
1040
0.15625
1070
   144
1040
0.9999999999999999
1070
   277
1070
     5
1070
   371
1070
     0
1070
   372
1070
     0
1070
     3
1000
<>"
1070
   173
1070
     1
1070
   175
1070
     1
1070
    73
1070
     0
1070
    74
1070
     0
1070
   340
1005
811
1070
   140
1040
0.625
1070
    78
1070
    12
1070
   345
1005
EE4
1070
   346
1005
EE4
1070
   347
1005
EE4
1070
   297
1040
1000.0
1070
   298
1000
TH
1002
}
1001
ACAD_DSTYLE_DIMARC_LENGTH_SYMBOL
1070
   379
1070
     2
1001
ACAD_DSTYLE_DIM_LINETYPE
1070
   380
1005
EE4
1001
ACAD_DSTYLE_DIM_EXT1_LINETYPE
1070
   381
1005
EE4
1001
ACAD_DSTYLE_DIM_EXT2_LINETYPE
1070
   382
1005
EE4
  0
TEXT
  5
1343
330
EED
100
AcDbEntity
  8
DIMENSION
 62
     2
100
AcDbText
 10
-71.6549541050037
 20
42.06432197121735
 30
0.0
 40
0.625
  1
3059
 41
0.5
  7
STEVE
 72
     1
 11
-71.06715648595608
 21
42.37682197121735
 31
0.0
100
AcDbText
 73
     2
  0
TEXT
  5
1344
330
EED
100
AcDbEntity
  8
DIMENSION
 62
     2
100
AcDbText
 10
-80.25023461077872
 20
36.06335422928186
 30
0.0
 40
0.625
  1
OPERATOR SIDE
 41
0.5
  7
STEVE
 72
     1
 11
-78.39011556315967
 21
36.37585422928186
 31
0.0
100
AcDbText
 73
     2
  0
MULTILEADER
  5
1348
330
EED
100
AcDbEntity
  8
DIMENSION
  6
Continuous
 62
     2
 92
      956
310
BC030000110000000C00000013000000993A00009C0000000B000000419A73A13F6B52C0852616CF25434140000000000000000000000000000000000000000000000000000000000000F03F000000000000F03F000000000000000000000000000000005354414D500000000500000001000000000000000000E43F000000
310
000000E03F0000000000000000000000000000F03F000000000000000000000000000000000000000000000000000000000C00000013000000112700000C0000001300000001000000880000001D0000002C31F1FD5CD4AB3F05298C25D169E1BF0000000000000000798678CE1FC351C005298C25D169E13F2C31F1FD5CD4
310
AB3F0000000000000000598533F8CB04454000000000000000000000000000000000000000000080E13F0000000000000000000000000000000000000000000000000000000000000000000000000000F03F0C00000012000000FE7F0000540000002000000002000000000000000000F0BF744529215855C53F0000000000
310
00000000000000000000000000000000000000000000000000000000000000000000000000000000000000000000000000F03F540000002000000002000000000000000000F0BF744529215855C5BF000000000000000000000000000000000000000000000000000000000000000000000000000000000000000000000000
310
000000000000F03F540000002000000002000000000000000000000000000000000000000000000000000000000000000000F0BF0000000000000000000000000000000000000000000000000000000000000000000000000000F03F080000001F000000880000001D000000000000000000F03F0000000000000000000000
310
000000000000000000000000000000000000000000000000000000F03F0000000000000000000000000000000000000000000000000000000000000000000000000000F03F0000000000000000000000000000000000000000000000000000000000000000000000000000F03F080000001F0000000C000000130000008913
310
00000C00000012000000000000005400000020000000020000009F44185A9AC651C0B5549DB324BF444000000000000000008A2C98EAD1F151C030D1C079D05D4140000000000000000000000000000000000000000000000000000000000000F03F0C00000013000000112700005400000020000000020000008A2C98EAD1
310
F151C030D1C079D05D414000000000000000008A2C98EAD1FB51C030D1C079D05D4140000000000000000000000000000000000000000000000000000000000000F03F
100
AcDbMLeader
300
CONTEXT_DATA{
 40
1.0
 10
-73.94361585075539
 20
35.17042467036151
 30
0.0
 41
0.625
140
0.546875
145
0.3125
174
     2
175
     2
176
     0
177
     0
290
     1
304
STAMP
 11
0.0
 21
0.0
 31
1.0
340
811
 12
-73.63111585075539
 22
35.14959133702818
 32
0.0
 13
1.0
 23
0.0
 33
0.0
 42
0.0
 43
0.0
 44
0.0
 45
1.2
170
     2
 90
-1023410174
171
     1
172
     1
 91
-939524096
141
1.5
 92
        0
291
     0
292
     0
173
     0
293
     0
142
0.0
143
0.0
294
     0
295
     0
296
     0
110
0.0
120
0.0
130
0.0
111
1.0
121
0.0
131
0.0
112
0.0
122
1.0
132
0.0
297
     0
302
LEADER{
290
     1
291
     1
 10
-71.77843727932682
 20
34.73292467036151
 30
0.0
 11
-1.0
 21
0.0
 31
0.0
 90
        0
 40
0.15625
304
LEADER_LINE{
 10
-71.04881631631896
 20
42.03747465625447
 30
0.0
 91
        0
305
}
303
}
301
}
340
1349
 90
839368480
170
     1
 91
-1056964608
341
EE2
171
    -2
290
     1
291
     1
 41
0.15625
342
F5D
 42
0.546875
172
     2
343
811
173
     2
 95
        2
174
     1
175
     0
 92
-1023410174
292
     0
 93
-1056964608
 10
1.0
 20
1.0
 30
1.0
 43
0.0
176
     0
293
     0
294
     0
178
     0
179
     1
 45
1.0
1001
ACAD_MLEADERVER
1070
     2
  0
INSERT
  5
134B
330
EED
100
AcDbEntity
  8
0
  6
Continuous
 62
     7
100
AcDbBlockReference
  2
AT
 10
-89.98755953690713
 20
41.65743692236091
 30
0.0
  0
INSERT
  5
1353
330
EED
100
AcDbEntity
  8
0
  6
Continuous
 62
     7
100
AcDbBlockReference
  2
AB
 10
-89.98755953690713
 20
37.97535821859501
 30
0.0
  0
INSERT
  5
135A
330
EED
100
AcDbEntity
  8
0
  6
Continuous
 62
     7
100
AcDbBlockReference
  2
AR
 10
-101.3047099709474
 20
44.92301819897952
 30
0.0
  0
INSERT
  5
1361
330
EED
100
AcDbEntity
  8
0
  6
Continuous
 62
     7
100
AcDbBlockReference
  2
AL
 10
-102.7615819484638
 20
44.92301819897952
 30
0.0
  0
LINE
  5
1367
330
EED
100
AcDbEntity
  8
CONSTRUCTION
100
AcDbLine
 10
-98.59187281964113
 20
54.84234898494008
 30
0.0
 11
-97.41037595628934
 21
54.84234898494008
 31
0.0
  0
LINE
  5
1368
330
EED
100
AcDbEntity
  8
CONSTRUCTION
100
AcDbLine
 10
-93.84187281964113
 20
54.84234898494008
 30
0.0
 11
-92.66037595628936
 21
54.84234898494008
 31
0.0
  0
LINE
  5
1369
330
EED
100
AcDbEntity
  8
DIMENSION
100
AcDbLine
 10
-97.94379982405792
 20
54.23686646112832
 30
0.0
 11
-98.26051112351799
 21
58.75797621378513
 31
0.0
  0
LINE
  5
136A
330
EED
100
AcDbEntity
  8
DIMENSION
100
AcDbLine
 10
-103.0322947020499
 20
59.34952328422621
 30
0.0
 11
-93.48872754498606
 21
58.16642914334405
 31
0.0
  0
LINE
  5
136B
330
EED
100
AcDbEntity
  8
DIMENSION
100
AcDbLine
 10
-93.48872754498606
 20
58.16642914334405
 30
0.0
 11
-93.19313033215667
 21
54.15235973677959
 31
0.0
  0
CIRCLE
  5
136C
330
EED
100
AcDbEntity
  8
DIMENSION
100
AcDbCircle
 10
-97.94379982405792
 20
54.23686646112832
 30
0.0
 40
0.1539229622065992
  0
CIRCLE
  5
136D
102
{ACAD_REACTORS
330
136E
102
}
330
EED
100
AcDbEntity
  8
DIMENSION
100
AcDbCircle
 10
-97.94379982405792
 20
54.23686646112832
 30
0.0
 40
0.1539229622065992
  0
HATCH
  5
136E
330
EED
100
AcDbEntity
  8
DIMENSION
100
AcDbHatch
 10
0.0
 20
0.0
 30
0.0
210
0.0
220
0.0
230
1.0
  2
HATCH
 70
     0
 71
     1
 91
        1
 92
        1
 93
        1
 72
     2
 10
-97.94379982405792
 20
54.23686646112832
 40
0.1539229622065992
 50
0.0
 51
360.0
 73
     1
 97
        1
330
136D
 75
     0
 76
     0
 52
45.0
 41
1.0
 77
     0
 78
     1
 53
45.0
 43
-98.21892784112437
 44
54.56498161710034
 45
-0.0007071067811865
 46
0.0007071067811865
 79
     1
 49
0.001
 98
        1
 10
0.0
 20
0.0
1001
ACAD
1010
-97.86537445053109
1020
54.21142822650706
1030
0.0
  0
CIRCLE
  5
136F
330
EED
100
AcDbEntity
  8
DIMENSION
100
AcDbCircle
 10
-93.19313033215667
 20
54.15235973677959
 30
0.0
 40
0.1539229622065992
  0
CIRCLE
  5
1370
102
{ACAD_REACTORS
330
1371
102
}
330
EED
100
AcDbEntity
  8
DIMENSION
100
AcDbCircle
 10
-93.19313033215667
 20
54.15235973677959
 30
0.0
 40
0.1539229622065992
  0
HATCH
  5
1371
330
EED
100
AcDbEntity
  8
DIMENSION
100
AcDbHatch
 10
0.0
 20
0.0
 30
0.0
210
0.0
220
0.0
230
1.0
  2
HATCH
 70
     0
 71
     1
 91
        1
 92
        1
 93
        1
 72
     2
 10
-93.19313033215667
 20
54.15235973677959
 40
0.1539229622065992
 50
0.0
 51
360.0
 73
     1
 97
        1
330
1370
 75
     0
 76
     0
 52
45.0
 41
1.0
 77
     0
 78
     1
 53
45.0
 43
-93.46825834922312
 44
54.48047489275161
 45
-0.0007071067811865
 46
0.0007071067811865
 79
     1
 49
0.001
 98
        1
 10
0.0
 20
0.0
1001
ACAD
1010
-93.11470495862984
1020
54.12692150215833
1030
0.0
  0
INSERT
  5
1373
330
EED
100
AcDbEntity
  8
0
  6
Continuous
 62
     7
100
AcDbBlockReference
  2
ATR
 10
-91.41905804418253
 20
56.76764883483207
 30
0.0
  0
INSERT
  5
137C
330
EED
100
AcDbEntity
  8
0
  6
Continuous
 62
     7
100
AcDbBlockReference
  2
ABR
 10
-91.41905804418253
 20
54.84234898494008
 30
0.0
  0
DIMENSION
  5
1385
102
{ACAD_REACTORS
330
1764
102
}
102
{ACAD_XDICTIONARY
360
1763
102
}
330
EED
100
AcDbEntity
  8
DIMENSION
  6
Continuous
 62
     2
100
AcDbDimension
  2
*D73
 10
-99.88467323217814
 20
41.53389621287041
 30
0.0
 11
-105.890310409288
 21
35.9359849951685
 31
0.0
 70
   163
 71
     5
 42
-1.0
  3
STANDARD
100
AcDbDiametricDimension
 15
-100.8675755437523
 25
40.40080175700975
 35
0.0
 40
0.0
1001
ACAD
1000
DSTYLE
1002
{
1070
     7
1000
OPEN
1070
     6
1000
OPEN
1070
   174
1070
     0
1070
   142
1040
0.0
1070
   282
1070
     0
1070
   281
1070
     0
1070
   280
1070
     0
1070
    77
1070
     0
1070
   145
1040
0.3125
1070
   294
1070
     0
1070
    69
1070
     0
1070
   279
1070
     0
1070
   172
1070
     0
1070
    71
1070
     0
1070
   170
1070
     0
1070
   278
1070
    46
1070
    45
1040
0.0
1070
    76
1070
     1
1070
    75
1070
     1
1070
    90
1070
     2
1070
   179
1070
     0
1070
    41
1040
0.546875
1070
   289
1070
     1
1070
   275
1070
     0
1070
    79
1070
     0
1070
   141
1040
0.0
1070
   176
1070
     2
1070
   177
1070
     2
1070
   178
1070
     2
1070
   271
1070
     5
1070
    44
1040
0.3125
1070
    42
1040
0.3125
1070
   276
1070
     2
1070
   147
1040
0.15625
1070
   144
1040
0.9999999999999999
1070
   277
1070
     5
1070
   371
1070
     0
1070
   372
1070
     0
1070
     3
1000
<>"%%c
1070
   173
1070
     1
1070
   175
1070
     1
1070
    73
1070
     1
1070
    74
1070
     1
1070
   340
1005
811
1070
   140
1040
0.625
1070
    78
1070
    12
1070
   345
1005
EE4
1070
   346
1005
EE4
1070
   347
1005
EE4
1070
   297
1040
1000.0
1070
   298
1000
TH%%c
1002
}
1001
ACAD_DSTYLE_DIMARC_LENGTH_SYMBOL
1070
   379
1070
     2
1001
ACAD_DSTYLE_DIM_LINETYPE
1070
   380
1005
EE4
1001
ACAD_DSTYLE_DIM_EXT1_LINETYPE
1070
   381
1005
EE4
1001
ACAD_DSTYLE_DIM_EXT2_LINETYPE
1070
   382
1005
EE4
  0
DIMENSION
  5
1391
102
{ACAD_REACTORS
330
1770
102
}
102
{ACAD_XDICTIONARY
360
176F
102
}
330
EED
100
AcDbEntity
  8
DIMENSION
  6
Continuous
 62
     2
100
AcDbDimension
  2
*D74
 10
-99.83152903213573
 20
40.66068809990752
 30
0.0
 11
-105.7794614544769
 21
42.66483292143578
 31
0.0
 70
   163
 71
     5
 42
-1.0
  3
STANDARD
100
AcDbDiametricDimension
 15
-100.9207197437947
 25
41.27400986997264
 35
0.0
 40
0.0
1001
ACAD
1000
DSTYLE
1002
{
1070
     7
1000
OPEN
1070
     6
1000
OPEN
1070
   174
1070
     0
1070
   142
1040
0.0
1070
   282
1070
     0
1070
   281
1070
     0
1070
   280
1070
     0
1070
    77
1070
     0
1070
   145
1040
0.3125
1070
   294
1070
     0
1070
    69
1070
     0
1070
   279
1070
     0
1070
   172
1070
     0
1070
    71
1070
     0
1070
   170
1070
     0
1070
   278
1070
    46
1070
    45
1040
0.0
1070
    76
1070
     1
1070
    75
1070
     1
1070
    90
1070
     2
1070
   179
1070
     0
1070
    41
1040
0.546875
1070
   289
1070
     1
1070
   275
1070
     0
1070
    79
1070
     0
1070
   141
1040
0.0
1070
   176
1070
     2
1070
   177
1070
     2
1070
   178
1070
     2
1070
   271
1070
     5
1070
    44
1040
0.3125
1070
    42
1040
0.3125
1070
   276
1070
     2
1070
   147
1040
0.15625
1070
   144
1040
0.9999999999999999
1070
   277
1070
     5
1070
   371
1070
     0
1070
   372
1070
     0
1070
     3
1000
<>"%%c
1070
   173
1070
     1
1070
   175
1070
     1
1070
    73
1070
     1
1070
    74
1070
     1
1070
   340
1005
811
1070
   140
1040
0.625
1070
    78
1070
    12
1070
   345
1005
EE4
1070
   346
1005
EE4
1070
   347
1005
EE4
1070
   297
1040
1000.0
1070
   298
1000
TH%%c
1002
}
1001
ACAD_DSTYLE_DIMARC_LENGTH_SYMBOL
1070
   379
1070
     2
1001
ACAD_DSTYLE_DIM_LINETYPE
1070
   380
1005
EE4
1001
ACAD_DSTYLE_DIM_EXT1_LINETYPE
1070
   381
1005
EE4
1001
ACAD_DSTYLE_DIM_EXT2_LINETYPE
1070
   382
1005
EE4
  0
DIMENSION
  5
139D
102
{ACAD_REACTORS
330
177A
102
}
102
{ACAD_XDICTIONARY
360
1779
102
}
330
EED
100
AcDbEntity
  8
DIMENSION
  6
Continuous
 62
     2
100
AcDbDimension
  2
*D75
 10
-88.7885121344873
 20
50.27861554253268
 30
0.0
 11
-86.8046701380415
 21
49.91418301140847
 31
0.0
 70
    37
 71
     5
 42
-1.0
  3
STANDARD
100
AcDb3PointAngularDimension
 13
-88.53164096480245
 23
50.61182003811204
 33
0.0
 14
-89.16369741641535
 24
56.71734898494008
 34
0.0
 15
-88.53164096480245
 25
40.21734898494008
 35
0.0
1001
ACAD
1000
DSTYLE
1002
{
1070
     7
1000
OPEN
1070
     6
1000
OPEN
1070
   142
1040
0.0
1070
   282
1070
     0
1070
   281
1070
     0
1070
   280
1070
     0
1070
    77
1070
     0
1070
   145
1040
0.3125
1070
   294
1070
     0
1070
    69
1070
     0
1070
   279
1070
     0
1070
   172
1070
     0
1070
    71
1070
     0
1070
   170
1070
     0
1070
   278
1070
    46
1070
    45
1040
0.0
1070
    76
1070
     0
1070
    75
1070
     0
1070
    90
1070
     2
1070
   179
1070
     1
1070
    41
1040
0.546875
1070
   289
1070
     1
1070
   275
1070
     0
1070
    79
1070
     3
1070
   141
1040
0.0
1070
   176
1070
     2
1070
   177
1070
     2
1070
   178
1070
     2
1070
   271
1070
     1
1070
    44
1040
0.3125
1070
    42
1040
0.3125
1070
   276
1070
     2
1070
   147
1040
0.15625
1070
   144
1040
0.9999999999999999
1070
   277
1070
     5
1070
   371
1070
     0
1070
   372
1070
     0
1070
     3
1000

1070
   173
1070
     1
1070
   175
1070
     1
1070
    73
1070
     1
1070
    74
1070
     1
1070
   340
1005
811
1070
   140
1040
0.625
1070
    78
1070
    12
1070
   345
1005
EE4
1070
   346
1005
EE4
1070
   347
1005
EE4
1070
   297
1040
1000.0
1070
   298
1000

1002
}
1001
ACAD_DSTYLE_DIMARC_LENGTH_SYMBOL
1070
   379
1070
     2
1001
ACAD_DSTYLE_DIM_LINETYPE
1070
   380
1005
EE4
1001
ACAD_DSTYLE_DIM_EXT1_LINETYPE
1070
   381
1005
EE4
1001
ACAD_DSTYLE_DIM_EXT2_LINETYPE
1070
   382
1005
EE4
  0
DIMENSION
  5
13A7
102
{ACAD_REACTORS
330
172C
102
}
102
{ACAD_XDICTIONARY
360
172B
102
}
330
EED
100
AcDbEntity
  8
DIMENSION
  6
Continuous
 62
     2
100
AcDbDimension
  2
*D76
 10
-102.0885513595152
 20
83.40851579070859
 30
0.0
 11
-98.85733787374019
 21
82.93976579070859
 31
0.0
 70
    32
 71
     5
 42
-1.0
 52
-90.0
  3
STANDARD
100
AcDbAlignedDimension
 13
-95.62612438796523
 23
84.61872674065918
 33
0.0
 14
-102.0885513595152
 24
85.35817873710661
 34
0.0
 50
-180.0
100
AcDbRotatedDimension
1001
ACAD
1000
DSTYLE
1002
{
1070
     7
1000
OPEN
1070
     6
1000
OPEN
1070
   142
1040
0.0
1070
   282
1070
     0
1070
   281
1070
     0
1070
   280
1070
     0
1070
    77
1070
     0
1070
   145
1040
0.3125
1070
   294
1070
     0
1070
    69
1070
     0
1070
   279
1070
     0
1070
   172
1070
     0
1070
    71
1070
     0
1070
   170
1070
     0
1070
   278
1070
    46
1070
    45
1040
0.0
1070
    76
1070
     0
1070
    75
1070
     0
1070
    90
1070
     2
1070
   179
1070
     0
1070
    41
1040
0.546875
1070
   289
1070
     1
1070
   275
1070
     0
1070
    79
1070
     0
1070
   141
1040
0.0
1070
   176
1070
     2
1070
   177
1070
     2
1070
   178
1070
     2
1070
   271
1070
     5
1070
    44
1040
0.3125
1070
    42
1040
0.3125
1070
   276
1070
     2
1070
   147
1040
0.15625
1070
   144
1040
0.9999999999999999
1070
   277
1070
     5
1070
   371
1070
     0
1070
   372
1070
     0
1070
     3
1000
<>"
1070
   173
1070
     1
1070
   175
1070
     1
1070
    73
1070
     0
1070
    74
1070
     0
1070
   340
1005
811
1070
   140
1040
0.625
1070
    78
1070
    12
1070
   345
1005
EE4
1070
   346
1005
EE4
1070
   347
1005
EE4
1070
   297
1040
1000.0
1070
   298
1000
TH
1002
}
1001
ACAD_DSTYLE_DIMARC_LENGTH_SYMBOL
1070
   379
1070
     2
1001
ACAD_DSTYLE_DIM_LINETYPE
1070
   380
1005
EE4
1001
ACAD_DSTYLE_DIM_EXT1_LINETYPE
1070
   381
1005
EE4
1001
ACAD_DSTYLE_DIM_EXT2_LINETYPE
1070
   382
1005
EE4
  0
DIMENSION
  5
13B5
102
{ACAD_REACTORS
330
173A
102
}
102
{ACAD_XDICTIONARY
360
1739
102
}
330
EED
100
AcDbEntity
  8
DIMENSION
  6
Continuous
 62
     2
100
AcDbDimension
  2
*D77
 10
-89.09187281964113
 20
83.40851579070859
 30
0.0
 11
-92.35899860380317
 21
82.93976579070859
 31
0.0
 70
    32
 71
     5
 42
-1.0
 52
90.0
  3
STANDARD
100
AcDbAlignedDimension
 13
-95.62612438796523
 23
84.61872674065918
 33
0.0
 14
-89.09187281964113
 24
86.23317873710661
 34
0.0
100
AcDbRotatedDimension
1001
ACAD
1000
DSTYLE
1002
{
1070
     7
1000
OPEN
1070
     6
1000
OPEN
1070
   142
1040
0.0
1070
   282
1070
     0
1070
   281
1070
     0
1070
   280
1070
     0
1070
    77
1070
     0
1070
   145
1040
0.3125
1070
   294
1070
     0
1070
    69
1070
     0
1070
   279
1070
     0
1070
   172
1070
     0
1070
    71
1070
     0
1070
   170
1070
     0
1070
   278
1070
    46
1070
    45
1040
0.0
1070
    76
1070
     0
1070
    75
1070
     0
1070
    90
1070
     2
1070
   179
1070
     0
1070
    41
1040
0.546875
1070
   289
1070
     1
1070
   275
1070
     0
1070
    79
1070
     0
1070
   141
1040
0.0
1070
   176
1070
     2
1070
   177
1070
     2
1070
   178
1070
     2
1070
   271
1070
     5
1070
    44
1040
0.3125
1070
    42
1040
0.3125
1070
   276
1070
     2
1070
   147
1040
0.15625
1070
   144
1040
0.9999999999999999
1070
   277
1070
     5
1070
   371
1070
     0
1070
   372
1070
     0
1070
     3
1000
<>"
1070
   173
1070
     1
1070
   175
1070
     1
1070
    73
1070
     0
1070
    74
1070
     0
1070
   340
1005
811
1070
   140
1040
0.625
1070
    78
1070
    12
1070
   345
1005
EE4
1070
   346
1005
EE4
1070
   347
1005
EE4
1070
   297
1040
1000.0
1070
   298
1000
TH
1002
}
1001
ACAD_DSTYLE_DIMARC_LENGTH_SYMBOL
1070
   379
1070
     2
1001
ACAD_DSTYLE_DIM_LINETYPE
1070
   380
1005
EE4
1001
ACAD_DSTYLE_DIM_EXT1_LINETYPE
1070
   381
1005
EE4
1001
ACAD_DSTYLE_DIM_EXT2_LINETYPE
1070
   382
1005
EE4
  0
DIMENSION
  5
13C3
102
{ACAD_REACTORS
330
174A
102
}
102
{ACAD_XDICTIONARY
360
1749
102
}
330
EED
100
AcDbEntity
  8
DIMENSION
  6
Continuous
 62
     2
100
AcDbDimension
  2
*D78
 10
-58.18096548917394
 20
85.35817873710661
 30
0.0
 11
-57.86846548917394
 21
88.01213071514793
 31
0.0
 70
   160
 71
     5
 42
-1.0
 52
-90.0
  3
STANDARD
100
AcDbAlignedDimension
 13
-67.62612277097986
 23
86.35817873710661
 33
0.0
 14
-89.12539096480243
 24
85.35817873710661
 34
0.0
 50
-90.0
100
AcDbRotatedDimension
1001
ACAD
1000
DSTYLE
1002
{
1070
     7
1000
OPEN
1070
     6
1000
OPEN
1070
   142
1040
0.0
1070
   282
1070
     0
1070
   281
1070
     0
1070
   280
1070
     0
1070
    77
1070
     0
1070
   145
1040
0.3125
1070
   294
1070
     0
1070
    69
1070
     0
1070
   279
1070
     0
1070
   172
1070
     0
1070
    71
1070
     0
1070
   170
1070
     0
1070
   278
1070
    46
1070
    45
1040
0.0
1070
    76
1070
     0
1070
    75
1070
     0
1070
    90
1070
     2
1070
   179
1070
     0
1070
    41
1040
0.546875
1070
   289
1070
     1
1070
   275
1070
     0
1070
    79
1070
     0
1070
   141
1040
0.0
1070
   176
1070
     2
1070
   177
1070
     2
1070
   178
1070
     2
1070
   271
1070
     5
1070
    44
1040
0.3125
1070
    42
1040
0.3125
1070
   276
1070
     2
1070
   147
1040
0.15625
1070
   144
1040
0.9999999999999999
1070
   277
1070
     5
1070
   371
1070
     0
1070
   372
1070
     0
1070
     3
1000
<>"
1070
   173
1070
     1
1070
   175
1070
     1
1070
    73
1070
     0
1070
    74
1070
     0
1070
   340
1005
811
1070
   140
1040
0.625
1070
    78
1070
    12
1070
   345
1005
EE4
1070
   346
1005
EE4
1070
   347
1005
EE4
1070
   297
1040
1000.0
1070
   298
1000
TH
1002
}
1001
ACAD_DSTYLE_DIMARC_LENGTH_SYMBOL
1070
   379
1070
     2
1001
ACAD_DSTYLE_DIM_LINETYPE
1070
   380
1005
EE4
1001
ACAD_DSTYLE_DIM_EXT1_LINETYPE
1070
   381
1005
EE4
1001
ACAD_DSTYLE_DIM_EXT2_LINETYPE
1070
   382
1005
EE4
  0
DIMENSION
  5
13CF
102
{ACAD_REACTORS
330
1760
102
}
102
{ACAD_XDICTIONARY
360
175F
102
}
330
EED
100
AcDbEntity
  8
DIMENSION
  6
Continuous
 62
     2
100
AcDbDimension
  2
*D79
 10
-60.88971184461548
 20
85.35817873710661
 30
0.0
 11
-60.42096184461548
 21
81.50095314417034
 31
0.0
 70
   160
  1
<> PROD.
 71
     5
 42
-1.0
 52
-90.0
  3
STANDARD
100
AcDbAlignedDimension
 13
-66.50112277097986
 23
86.23317873710661
 33
0.0
 14
-89.12539096480243
 24
85.35817873710661
 34
0.0
 50
-90.0
100
AcDbRotatedDimension
1001
ACAD
1000
DSTYLE
1002
{
1070
     7
1000
OPEN
1070
     6
1000
OPEN
1070
   142
1040
0.0
1070
   282
1070
     0
1070
   281
1070
     0
1070
   280
1070
     0
1070
    77
1070
     0
1070
   145
1040
0.3125
1070
   294
1070
     0
1070
    69
1070
     0
1070
   279
1070
     0
1070
   172
1070
     0
1070
    71
1070
     0
1070
   170
1070
     0
1070
   278
1070
    46
1070
    45
1040
0.0
1070
    76
1070
     0
1070
    75
1070
     0
1070
    90
1070
     2
1070
   179
1070
     0
1070
    41
1040
0.546875
1070
   289
1070
     1
1070
   275
1070
     0
1070
    79
1070
     0
1070
   141
1040
0.0
1070
   176
1070
     2
1070
   177
1070
     2
1070
   178
1070
     2
1070
   271
1070
     5
1070
    44
1040
0.3125
1070
    42
1040
0.3125
1070
   276
1070
     2
1070
   147
1040
0.15625
1070
   144
1040
0.9999999999999999
1070
   277
1070
     5
1070
   371
1070
     0
1070
   372
1070
     0
1070
     3
1000
<>"
1070
   173
1070
     1
1070
   175
1070
     1
1070
    73
1070
     0
1070
    74
1070
     0
1070
   340
1005
811
1070
   140
1040
0.625
1070
    78
1070
    12
1070
   345
1005
EE4
1070
   346
1005
EE4
1070
   347
1005
EE4
1070
   297
1040
1000.0
1070
   298
1000
TH
1002
}
1001
ACAD_DSTYLE_DIMARC_LENGTH_SYMBOL
1070
   379
1070
     2
1001
ACAD_DSTYLE_DIM_LINETYPE
1070
   380
1005
EE4
1001
ACAD_DSTYLE_DIM_EXT1_LINETYPE
1070
   381
1005
EE4
1001
ACAD_DSTYLE_DIM_EXT2_LINETYPE
1070
   382
1005
EE4
  0
DIMENSION
  5
13DE
102
{ACAD_REACTORS
330
176C
102
}
102
{ACAD_XDICTIONARY
360
176B
102
}
330
EED
100
AcDbEntity
  8
DIMENSION
  6
Continuous
 62
     2
100
AcDbDimension
  2
*D80
 10
-89.09187281964113
 20
80.81898830887981
 30
0.0
 11
-95.62612438796525
 21
80.35023830887981
 31
0.0
 70
    32
  1
<> FRONT OF ALUM. BAR
 71
     5
 42
-1.0
 52
90.0
  3
STANDARD
100
AcDbAlignedDimension
 13
-102.1603759562894
 23
86.23317873710661
 33
0.0
 14
-89.09187281964113
 24
86.23317873710661
 34
0.0
100
AcDbRotatedDimension
1001
ACAD
1000
DSTYLE
1002
{
1070
     7
1000
OPEN
1070
     6
1000
OPEN
1070
   142
1040
0.0
1070
   282
1070
     0
1070
   281
1070
     0
1070
   280
1070
     0
1070
    77
1070
     0
1070
   145
1040
0.3125
1070
   294
1070
     0
1070
    69
1070
     0
1070
   279
1070
     0
1070
   172
1070
     0
1070
    71
1070
     0
1070
   170
1070
     0
1070
   278
1070
    46
1070
    45
1040
0.0
1070
    76
1070
     0
1070
    75
1070
     0
1070
    90
1070
     2
1070
   179
1070
     0
1070
    41
1040
0.546875
1070
   289
1070
     1
1070
   275
1070
     0
1070
    79
1070
     0
1070
   141
1040
0.0
1070
   176
1070
     2
1070
   177
1070
     2
1070
   178
1070
     2
1070
   271
1070
     5
1070
    44
1040
0.3125
1070
    42
1040
0.3125
1070
   276
1070
     2
1070
   147
1040
0.15625
1070
   144
1040
0.9999999999999999
1070
   277
1070
     5
1070
   371
1070
     0
1070
   372
1070
     0
1070
     3
1000
<>"
1070
   173
1070
     1
1070
   175
1070
     1
1070
    73
1070
     0
1070
    74
1070
     0
1070
   340
1005
811
1070
   140
1040
0.625
1070
    78
1070
    12
1070
   345
1005
EE4
1070
   346
1005
EE4
1070
   347
1005
EE4
1070
   297
1040
1000.0
1070
   298
1000
TH
1002
}
1001
ACAD_DSTYLE_DIMARC_LENGTH_SYMBOL
1070
   379
1070
     2
1001
ACAD_DSTYLE_DIM_LINETYPE
1070
   380
1005
EE4
1001
ACAD_DSTYLE_DIM_EXT1_LINETYPE
1070
   381
1005
EE4
1001
ACAD_DSTYLE_DIM_EXT2_LINETYPE
1070
   382
1005
EE4
  0
DIMENSION
  5
13EC
102
{ACAD_REACTORS
330
1776
102
}
102
{ACAD_XDICTIONARY
360
1775
102
}
330
EED
100
AcDbEntity
  8
DIMENSION
  6
Continuous
 62
     2
100
AcDbDimension
  2
*D81
 10
-89.16369741641532
 20
82.24353023361545
 30
0.0
 11
-95.62612438796523
 21
81.77478023361545
 31
0.0
 70
    32
  1
<> BACK OF ALUM. BAR
 71
     5
 42
-1.0
 52
90.0
  3
STANDARD
100
AcDbAlignedDimension
 13
-102.0885513595152
 23
85.35817873710661
 33
0.0
 14
-89.16369741641532
 24
85.35817873710661
 34
0.0
100
AcDbRotatedDimension
1001
ACAD
1000
DSTYLE
1002
{
1070
     7
1000
OPEN
1070
     6
1000
OPEN
1070
   142
1040
0.0
1070
   282
1070
     0
1070
   281
1070
     0
1070
   280
1070
     0
1070
    77
1070
     0
1070
   145
1040
0.3125
1070
   294
1070
     0
1070
    69
1070
     0
1070
   279
1070
     0
1070
   172
1070
     0
1070
    71
1070
     0
1070
   170
1070
     0
1070
   278
1070
    46
1070
    45
1040
0.0
1070
    76
1070
     0
1070
    75
1070
     0
1070
    90
1070
     2
1070
   179
1070
     0
1070
    41
1040
0.546875
1070
   289
1070
     1
1070
   275
1070
     0
1070
    79
1070
     0
1070
   141
1040
0.0
1070
   176
1070
     2
1070
   177
1070
     2
1070
   178
1070
     2
1070
   271
1070
     5
1070
    44
1040
0.3125
1070
    42
1040
0.3125
1070
   276
1070
     2
1070
   147
1040
0.15625
1070
   144
1040
0.9999999999999999
1070
   277
1070
     5
1070
   371
1070
     0
1070
   372
1070
     0
1070
     3
1000
<>"
1070
   173
1070
     1
1070
   175
1070
     1
1070
    73
1070
     0
1070
    74
1070
     0
1070
   340
1005
811
1070
   140
1040
0.625
1070
    78
1070
    12
1070
   345
1005
EE4
1070
   346
1005
EE4
1070
   347
1005
EE4
1070
   297
1040
1000.0
1070
   298
1000
TH
1002
}
1001
ACAD_DSTYLE_DIMARC_LENGTH_SYMBOL
1070
   379
1070
     2
1001
ACAD_DSTYLE_DIM_LINETYPE
1070
   380
1005
EE4
1001
ACAD_DSTYLE_DIM_EXT1_LINETYPE
1070
   381
1005
EE4
1001
ACAD_DSTYLE_DIM_EXT2_LINETYPE
1070
   382
1005
EE4
  0
DIMENSION
  5
13FA
102
{ACAD_REACTORS
330
1728
102
}
102
{ACAD_XDICTIONARY
360
1727
102
}
330
EED
100
AcDbEntity
  8
DIMENSION
  6
Continuous
 62
     2
100
AcDbDimension
  2
*D82
 10
-51.11231658169549
 20
33.87954671196459
 30
0.0
 11
-53.99990380440963
 21
33.41079671196459
 31
0.0
 70
   160
  1
<> PROD.
 71
     5
 42
-1.0
 52
-90.0
  3
STANDARD
100
AcDbAlignedDimension
 13
-50.23731658169551
 23
37.9673504054356
 33
0.0
 14
-51.11231658169549
 24
39.21734898494008
 34
0.0
 50
-180.0
100
AcDbRotatedDimension
1001
ACAD
1000
DSTYLE
1002
{
1070
     7
1000
OPEN
1070
     6
1000
OPEN
1070
   142
1040
0.0
1070
   282
1070
     0
1070
   281
1070
     0
1070
   280
1070
     0
1070
    77
1070
     0
1070
   145
1040
0.3125
1070
   294
1070
     0
1070
    69
1070
     0
1070
   279
1070
     0
1070
   172
1070
     0
1070
    71
1070
     0
1070
   170
1070
     0
1070
   278
1070
    46
1070
    45
1040
0.0
1070
    76
1070
     0
1070
    75
1070
     0
1070
    90
1070
     2
1070
   179
1070
     0
1070
    41
1040
0.546875
1070
   289
1070
     1
1070
   275
1070
     0
1070
    79
1070
     0
1070
   141
1040
0.0
1070
   176
1070
     2
1070
   177
1070
     2
1070
   178
1070
     2
1070
   271
1070
     5
1070
    44
1040
0.3125
1070
    42
1040
0.3125
1070
   276
1070
     2
1070
   147
1040
0.15625
1070
   144
1040
0.9999999999999999
1070
   277
1070
     5
1070
   371
1070
     0
1070
   372
1070
     0
1070
     3
1000
<>"
1070
   173
1070
     1
1070
   175
1070
     1
1070
    73
1070
     0
1070
    74
1070
     0
1070
   340
1005
811
1070
   140
1040
0.625
1070
    78
1070
    12
1070
   345
1005
EE4
1070
   346
1005
EE4
1070
   347
1005
EE4
1070
   297
1040
1000.0
1070
   298
1000
TH
1002
}
1001
ACAD_DSTYLE_DIMARC_LENGTH_SYMBOL
1070
   379
1070
     2
1001
ACAD_DSTYLE_DIM_LINETYPE
1070
   380
1005
EE4
1001
ACAD_DSTYLE_DIM_EXT1_LINETYPE
1070
   381
1005
EE4
1001
ACAD_DSTYLE_DIM_EXT2_LINETYPE
1070
   382
1005
EE4
  0
DIMENSION
  5
1409
102
{ACAD_REACTORS
330
1736
102
}
102
{ACAD_XDICTIONARY
360
1735
102
}
330
EED
100
AcDbEntity
  8
DIMENSION
  6
Continuous
 62
     2
100
AcDbDimension
  2
*D83
 10
-50.11231658169551
 20
29.58876348525482
 30
0.0
 11
-48.40740070583364
 21
29.27626348525482
 31
0.0
 70
   160
 71
     5
 42
-1.0
 52
90.0
  3
STANDARD
100
AcDbAlignedDimension
 13
-51.11231658169549
 23
39.21734898494008
 33
0.0
 14
-50.11231658169551
 24
38.96735040543559
 34
0.0
100
AcDbRotatedDimension
1001
ACAD
1000
DSTYLE
1002
{
1070
     7
1000
OPEN
1070
     6
1000
OPEN
1070
   142
1040
0.0
1070
   282
1070
     0
1070
   281
1070
     0
1070
   280
1070
     0
1070
    77
1070
     0
1070
   145
1040
0.3125
1070
   294
1070
     0
1070
    69
1070
     0
1070
   279
1070
     0
1070
   172
1070
     0
1070
    71
1070
     0
1070
   170
1070
     0
1070
   278
1070
    46
1070
    45
1040
0.0
1070
    76
1070
     0
1070
    75
1070
     0
1070
    90
1070
     2
1070
   179
1070
     0
1070
    41
1040
0.546875
1070
   289
1070
     1
1070
   275
1070
     0
1070
    79
1070
     0
1070
   141
1040
0.0
1070
   176
1070
     2
1070
   177
1070
     2
1070
   178
1070
     2
1070
   271
1070
     5
1070
    44
1040
0.3125
1070
    42
1040
0.3125
1070
   276
1070
     2
1070
   147
1040
0.15625
1070
   144
1040
0.9999999999999999
1070
   277
1070
     5
1070
   371
1070
     0
1070
   372
1070
     0
1070
     3
1000
<>"
1070
   173
1070
     1
1070
   175
1070
     1
1070
    73
1070
     0
1070
    74
1070
     0
1070
   340
1005
811
1070
   140
1040
0.625
1070
    78
1070
    12
1070
   345
1005
EE4
1070
   346
1005
EE4
1070
   347
1005
EE4
1070
   297
1040
1000.0
1070
   298
1000
TH
1002
}
1001
ACAD_DSTYLE_DIMARC_LENGTH_SYMBOL
1070
   379
1070
     2
1001
ACAD_DSTYLE_DIM_LINETYPE
1070
   380
1005
EE4
1001
ACAD_DSTYLE_DIM_EXT1_LINETYPE
1070
   381
1005
EE4
1001
ACAD_DSTYLE_DIM_EXT2_LINETYPE
1070
   382
1005
EE4
  0
DIMENSION
  5
1415
102
{ACAD_REACTORS
330
1744
102
}
102
{ACAD_XDICTIONARY
360
1743
102
}
330
EED
100
AcDbEntity
  8
DIMENSION
  6
Continuous
 62
     2
100
AcDbDimension
  2
*D84
 10
-50.48731658169551
 20
35.12602089610829
 30
0.0
 11
-46.85789697559687
 21
34.65727089610829
 31
0.0
 70
   160
  1
<> ALUM. PLATE
 71
     5
 42
-1.0
 52
-90.0
  3
STANDARD
100
AcDbAlignedDimension
 13
-50.23731658169551
 23
37.9673504054356
 33
0.0
 14
-50.48731658169551
 24
37.9673504054356
 34
0.0
 50
-180.0
100
AcDbRotatedDimension
1001
ACAD
1000
DSTYLE
1002
{
1070
     7
1000
OPEN
1070
     6
1000
OPEN
1070
   142
1040
0.0
1070
   282
1070
     0
1070
   281
1070
     0
1070
   280
1070
     0
1070
    77
1070
     0
1070
   145
1040
0.3125
1070
   294
1070
     0
1070
    69
1070
     0
1070
   279
1070
     0
1070
   172
1070
     0
1070
    71
1070
     0
1070
   170
1070
     0
1070
   278
1070
    46
1070
    45
1040
0.0
1070
    76
1070
     0
1070
    75
1070
     0
1070
    90
1070
     2
1070
   179
1070
     0
1070
    41
1040
0.546875
1070
   289
1070
     1
1070
   275
1070
     0
1070
    79
1070
     0
1070
   141
1040
0.0
1070
   176
1070
     2
1070
   177
1070
     2
1070
   178
1070
     2
1070
   271
1070
     5
1070
    44
1040
0.3125
1070
    42
1040
0.3125
1070
   276
1070
     2
1070
   147
1040
0.15625
1070
   144
1040
0.9999999999999999
1070
   277
1070
     5
1070
   371
1070
     0
1070
   372
1070
     0
1070
     3
1000
<>"
1070
   173
1070
     1
1070
   175
1070
     1
1070
    73
1070
     0
1070
    74
1070
     0
1070
   340
1005
811
1070
   140
1040
0.625
1070
    78
1070
    12
1070
   345
1005
EE4
1070
   346
1005
EE4
1070
   347
1005
EE4
1070
   297
1040
1000.0
1070
   298
1000
TH
1002
}
1001
ACAD_DSTYLE_DIMARC_LENGTH_SYMBOL
1070
   379
1070
     2
1001
ACAD_DSTYLE_DIM_LINETYPE
1070
   380
1005
EE4
1001
ACAD_DSTYLE_DIM_EXT1_LINETYPE
1070
   381
1005
EE4
1001
ACAD_DSTYLE_DIM_EXT2_LINETYPE
1070
   382
1005
EE4
  0
DIMENSION
  5
1424
102
{ACAD_REACTORS
330
1752
102
}
102
{ACAD_XDICTIONARY
360
1751
102
}
330
EED
100
AcDbEntity
  8
DIMENSION
  6
Continuous
 62
     2
100
AcDbDimension
  2
*D85
 10
-102.758914262741
 20
14.09849948165539
 30
0.0
 11
-98.40181567263315
 21
13.62974948165539
 31
0.0
 70
   160
 71
     5
 42
-1.0
 52
90.0
  3
STANDARD
100
AcDbAlignedDimension
 13
-95.62612438796523
 23
12.86447637435946
 33
0.0
 14
-102.758914262741
 24
12.12502437791202
 34
0.0
 50
-180.0
100
AcDbRotatedDimension
1001
ACAD
1000
DSTYLE
1002
{
1070
     7
1000
OPEN
1070
     6
1000
OPEN
1070
   142
1040
0.0
1070
   282
1070
     0
1070
   281
1070
     0
1070
   280
1070
     0
1070
    77
1070
     0
1070
   145
1040
0.3125
1070
   294
1070
     0
1070
    69
1070
     0
1070
   279
1070
     0
1070
   172
1070
     0
1070
    71
1070
     0
1070
   170
1070
     0
1070
   278
1070
    46
1070
    45
1040
0.0
1070
    76
1070
     0
1070
    75
1070
     0
1070
    90
1070
     2
1070
   179
1070
     0
1070
    41
1040
0.546875
1070
   289
1070
     1
1070
   275
1070
     0
1070
    79
1070
     0
1070
   141
1040
0.0
1070
   176
1070
     2
1070
   177
1070
     2
1070
   178
1070
     2
1070
   271
1070
     5
1070
    44
1040
0.3125
1070
    42
1040
0.3125
1070
   276
1070
     2
1070
   147
1040
0.15625
1070
   144
1040
0.9999999999999999
1070
   277
1070
     5
1070
   371
1070
     0
1070
   372
1070
     0
1070
     3
1000
<>"
1070
   173
1070
     1
1070
   175
1070
     1
1070
    73
1070
     0
1070
    74
1070
     0
1070
   340
1005
811
1070
   140
1040
0.625
1070
    78
1070
    12
1070
   345
1005
EE4
1070
   346
1005
EE4
1070
   347
1005
EE4
1070
   297
1040
1000.0
1070
   298
1000
TH
1002
}
1001
ACAD_DSTYLE_DIMARC_LENGTH_SYMBOL
1070
   379
1070
     2
1001
ACAD_DSTYLE_DIM_LINETYPE
1070
   380
1005
EE4
1001
ACAD_DSTYLE_DIM_EXT1_LINETYPE
1070
   381
1005
EE4
1001
ACAD_DSTYLE_DIM_EXT2_LINETYPE
1070
   382
1005
EE4
  0
DIMENSION
  5
1432
102
{ACAD_REACTORS
330
1766
102
}
102
{ACAD_XDICTIONARY
360
1765
102
}
330
EED
100
AcDbEntity
  8
DIMENSION
  6
Continuous
 62
     2
100
AcDbDimension
  2
*D86
 10
-90.87612438796525
 20
14.09849948165539
 30
0.0
 11
-93.25112438796523
 21
13.62974948165539
 31
0.0
 70
    32
 71
     5
 42
-1.0
 52
-90.0
  3
STANDARD
100
AcDbAlignedDimension
 13
-95.62612438796523
 23
12.86447637435946
 33
0.0
 14
-90.87612438796525
 24
12.86447637435946
 34
0.0
100
AcDbRotatedDimension
1001
ACAD
1000
DSTYLE
1002
{
1070
     7
1000
OPEN
1070
     6
1000
OPEN
1070
   142
1040
0.0
1070
   282
1070
     0
1070
   281
1070
     0
1070
   280
1070
     0
1070
    77
1070
     0
1070
   145
1040
0.3125
1070
   294
1070
     0
1070
    69
1070
     0
1070
   279
1070
     0
1070
   172
1070
     0
1070
    71
1070
     0
1070
   170
1070
     0
1070
   278
1070
    46
1070
    45
1040
0.0
1070
    76
1070
     0
1070
    75
1070
     0
1070
    90
1070
     2
1070
   179
1070
     0
1070
    41
1040
0.546875
1070
   289
1070
     1
1070
   275
1070
     0
1070
    79
1070
     0
1070
   141
1040
0.0
1070
   176
1070
     2
1070
   177
1070
     2
1070
   178
1070
     2
1070
   271
1070
     5
1070
    44
1040
0.3125
1070
    42
1040
0.3125
1070
   276
1070
     2
1070
   147
1040
0.15625
1070
   144
1040
0.9999999999999999
1070
   277
1070
     5
1070
   371
1070
     0
1070
   372
1070
     0
1070
     3
1000
<>"
1070
   173
1070
     1
1070
   175
1070
     1
1070
    73
1070
     0
1070
    74
1070
     0
1070
   340
1005
811
1070
   140
1040
0.625
1070
    78
1070
    12
1070
   345
1005
EE4
1070
   346
1005
EE4
1070
   347
1005
EE4
1070
   297
1040
1000.0
1070
   298
1000
TH
1002
}
1001
ACAD_DSTYLE_DIMARC_LENGTH_SYMBOL
1070
   379
1070
     2
1001
ACAD_DSTYLE_DIM_LINETYPE
1070
   380
1005
EE4
1001
ACAD_DSTYLE_DIM_EXT1_LINETYPE
1070
   381
1005
EE4
1001
ACAD_DSTYLE_DIM_EXT2_LINETYPE
1070
   382
1005
EE4
  0
LINE
  5
143F
330
EED
100
AcDbEntity
  8
HIDDEN
100
AcDbLine
 10
-102.7397610369345
 20
11.50002437791202
 30
0.0
 11
-102.7397610369345
 21
11.25002437791203
 31
0.0
  0
LINE
  5
1440
330
EED
100
AcDbEntity
  8
HIDDEN
100
AcDbLine
 10
-88.53164096480243
 20
12.12502437791202
 30
0.0
 11
-88.53164096480243
 21
11.25002437791202
 31
0.0
  0
LINE
  5
1441
102
{ACAD_REACTORS
330
1724
330
174E
330
1768
102
}
330
EED
100
AcDbEntity
  8
CONSTRUCTION
100
AcDbLine
 10
-88.49333451318952
 20
11.50002437791202
 30
0.0
 11
-88.49333451318952
 21
12.12502437791203
 31
0.0
  0
LINE
  5
1442
330
EED
100
AcDbEntity
  8
HIDDEN
100
AcDbLine
 10
-88.51248773899597
 20
11.50002437791202
 30
0.0
 11
-88.51248773899597
 21
11.25002437791203
 31
0.0
  0
DIMENSION
  5
1444
102
{ACAD_REACTORS
330
1778
102
}
102
{ACAD_XDICTIONARY
360
1777
102
}
330
EED
100
AcDbEntity
  8
DIMENSION
  6
Continuous
 62
     2
100
AcDbDimension
  2
*D87
 10
-92.12612438796523
 20
18.88620522790551
 30
0.0
 11
-95.62612438796523
 21
18.57370522790551
 31
0.0
 70
    32
 71
     5
 42
-1.0
 52
-90.0
  3
STANDARD
100
AcDbAlignedDimension
 13
-99.12612438796523
 23
12.12502437791202
 33
0.0
 14
-92.12612438796523
 24
12.12502437791202
 34
0.0
100
AcDbRotatedDimension
1001
ACAD
1000
DSTYLE
1002
{
1070
     7
1000
OPEN
1070
     6
1000
OPEN
1070
   142
1040
0.0
1070
   282
1070
     0
1070
   281
1070
     0
1070
   280
1070
     0
1070
    77
1070
     0
1070
   145
1040
0.3125
1070
   294
1070
     0
1070
    69
1070
     0
1070
   279
1070
     0
1070
   172
1070
     0
1070
    71
1070
     0
1070
   170
1070
     0
1070
   278
1070
    46
1070
    45
1040
0.0
1070
    76
1070
     0
1070
    75
1070
     0
1070
    90
1070
     2
1070
   179
1070
     0
1070
    41
1040
0.546875
1070
   289
1070
     1
1070
   275
1070
     0
1070
    79
1070
     0
1070
   141
1040
0.0
1070
   176
1070
     2
1070
   177
1070
     2
1070
   178
1070
     2
1070
   271
1070
     5
1070
    44
1040
0.3125
1070
    42
1040
0.3125
1070
   276
1070
     2
1070
   147
1040
0.15625
1070
   144
1040
0.9999999999999999
1070
   277
1070
     5
1070
   371
1070
     0
1070
   372
1070
     0
1070
     3
1000
<>"
1070
   173
1070
     1
1070
   175
1070
     1
1070
    73
1070
     0
1070
    74
1070
     0
1070
   340
1005
811
1070
   140
1040
0.625
1070
    78
1070
    12
1070
   345
1005
EE4
1070
   346
1005
EE4
1070
   347
1005
EE4
1070
   297
1040
1000.0
1070
   298
1000
TH
1002
}
1001
ACAD_DSTYLE_DIMARC_LENGTH_SYMBOL
1070
   379
1070
     2
1001
ACAD_DSTYLE_DIM_LINETYPE
1070
   380
1005
EE4
1001
ACAD_DSTYLE_DIM_EXT1_LINETYPE
1070
   381
1005
EE4
1001
ACAD_DSTYLE_DIM_EXT2_LINETYPE
1070
   382
1005
EE4
  0
DIMENSION
  5
144E
102
{ACAD_REACTORS
330
1734
102
}
102
{ACAD_XDICTIONARY
360
1733
102
}
330
EED
100
AcDbEntity
  8
DIMENSION
  6
Continuous
 62
     2
100
AcDbDimension
  2
*D88
 10
-101.6261243879652
 20
18.88620522790551
 30
0.0
 11
-104.3778382251979
 21
18.41745522790551
 31
0.0
 70
   160
 71
     5
 42
-1.0
 52
-90.0
  3
STANDARD
100
AcDbAlignedDimension
 13
-102.758914262741
 23
12.12502437791202
 33
0.0
 14
-101.6261243879652
 24
12.12502437791202
 34
0.0
100
AcDbRotatedDimension
1001
ACAD
1000
DSTYLE
1002
{
1070
     7
1000
OPEN
1070
     6
1000
OPEN
1070
   142
1040
0.0
1070
   282
1070
     0
1070
   281
1070
     0
1070
   280
1070
     0
1070
    77
1070
     0
1070
   145
1040
0.3125
1070
   294
1070
     0
1070
    69
1070
     0
1070
   279
1070
     0
1070
   172
1070
     0
1070
    71
1070
     0
1070
   170
1070
     0
1070
   278
1070
    46
1070
    45
1040
0.0
1070
    76
1070
     0
1070
    75
1070
     0
1070
    90
1070
     2
1070
   179
1070
     0
1070
    41
1040
0.546875
1070
   289
1070
     1
1070
   275
1070
     0
1070
    79
1070
     0
1070
   141
1040
0.0
1070
   176
1070
     2
1070
   177
1070
     2
1070
   178
1070
     2
1070
   271
1070
     5
1070
    44
1040
0.3125
1070
    42
1040
0.3125
1070
   276
1070
     2
1070
   147
1040
0.15625
1070
   144
1040
0.9999999999999999
1070
   277
1070
     5
1070
   371
1070
     0
1070
   372
1070
     0
1070
     3
1000
<>"
1070
   173
1070
     1
1070
   175
1070
     1
1070
    73
1070
     0
1070
    74
1070
     0
1070
   340
1005
811
1070
   140
1040
0.625
1070
    78
1070
    12
1070
   345
1005
EE4
1070
   346
1005
EE4
1070
   347
1005
EE4
1070
   297
1040
1000.0
1070
   298
1000
TH
1002
}
1001
ACAD_DSTYLE_DIMARC_LENGTH_SYMBOL
1070
   379
1070
     2
1001
ACAD_DSTYLE_DIM_LINETYPE
1070
   380
1005
EE4
1001
ACAD_DSTYLE_DIM_EXT1_LINETYPE
1070
   381
1005
EE4
1001
ACAD_DSTYLE_DIM_EXT2_LINETYPE
1070
   382
1005
EE4
  0
DIMENSION
  5
145E
102
{ACAD_REACTORS
330
1746
102
}
102
{ACAD_XDICTIONARY
360
1745
102
}
330
EED
100
AcDbEntity
  8
DIMENSION
  6
Continuous
 62
     2
100
AcDbDimension
  2
*D89
 10
-99.12612438796523
 20
18.88620522790551
 30
0.0
 11
-100.3761243879652
 21
18.88620522790551
 31
0.0
 70
    32
 71
     5
 42
-1.0
 52
-90.0
  3
STANDARD
100
AcDbAlignedDimension
 13
-101.6261243879652
 23
12.12502437791202
 33
0.0
 14
-99.12612438796523
 24
12.12502437791202
 34
0.0
100
AcDbRotatedDimension
1001
ACAD
1000
DSTYLE
1002
{
1070
     7
1000
OPEN
1070
     6
1000
OPEN
1070
   142
1040
0.0
1070
   282
1070
     0
1070
   281
1070
     0
1070
   280
1070
     0
1070
    77
1070
     1
1070
   145
1040
0.3125
1070
   294
1070
     0
1070
    69
1070
     0
1070
   279
1070
     0
1070
   172
1070
     0
1070
    71
1070
     0
1070
   170
1070
     0
1070
   278
1070
    46
1070
    45
1040
0.0
1070
    76
1070
     0
1070
    75
1070
     0
1070
    90
1070
     2
1070
   179
1070
     0
1070
    41
1040
0.546875
1070
   289
1070
     3
1070
   275
1070
     0
1070
    79
1070
     0
1070
   141
1040
0.0
1070
   176
1070
     2
1070
   177
1070
     2
1070
   178
1070
     2
1070
   271
1070
     5
1070
    44
1040
0.3125
1070
    42
1040
0.3125
1070
   276
1070
     2
1070
   147
1040
0.15625
1070
   144
1040
0.9999999999999999
1070
   277
1070
     5
1070
   371
1070
     0
1070
   372
1070
     0
1070
     3
1000
<>"
1070
   173
1070
     1
1070
   175
1070
     1
1070
    73
1070
     0
1070
    74
1070
     0
1070
   340
1005
811
1070
   140
1040
0.625
1070
    78
1070
    12
1070
   345
1005
EE4
1070
   346
1005
EE4
1070
   347
1005
EE4
1070
   297
1040
1000.0
1070
   298
1000
TH
1002
}
1001
ACAD_DSTYLE_DIMARC_LENGTH_SYMBOL
1070
   379
1070
     2
1001
ACAD_DSTYLE_DIM_LINETYPE
1070
   380
1005
EE4
1001
ACAD_DSTYLE_DIM_EXT1_LINETYPE
1070
   381
1005
EE4
1001
ACAD_DSTYLE_DIM_EXT2_LINETYPE
1070
   382
1005
EE4
  0
DIMENSION
  5
146B
102
{ACAD_REACTORS
330
175E
102
}
102
{ACAD_XDICTIONARY
360
175D
102
}
330
EED
100
AcDbEntity
  8
DIMENSION
  6
Continuous
 62
     2
100
AcDbDimension
  2
*D90
 10
-89.62612438796523
 20
18.88620522790551
 30
0.0
 11
-90.87612438796523
 21
18.88620522790551
 31
0.0
 70
    32
 71
     5
 42
-1.0
 52
-90.0
  3
STANDARD
100
AcDbAlignedDimension
 13
-92.12612438796523
 23
12.12502437791202
 33
0.0
 14
-89.62612438796523
 24
12.12502437791202
 34
0.0
100
AcDbRotatedDimension
1001
ACAD
1000
DSTYLE
1002
{
1070
     7
1000
OPEN
1070
     6
1000
OPEN
1070
   142
1040
0.0
1070
   282
1070
     0
1070
   281
1070
     0
1070
   280
1070
     0
1070
    77
1070
     1
1070
   145
1040
0.3125
1070
   294
1070
     0
1070
    69
1070
     0
1070
   279
1070
     0
1070
   172
1070
     0
1070
    71
1070
     0
1070
   170
1070
     0
1070
   278
1070
    46
1070
    45
1040
0.0
1070
    76
1070
     0
1070
    75
1070
     0
1070
    90
1070
     2
1070
   179
1070
     0
1070
    41
1040
0.546875
1070
   289
1070
     3
1070
   275
1070
     0
1070
    79
1070
     0
1070
   141
1040
0.0
1070
   176
1070
     2
1070
   177
1070
     2
1070
   178
1070
     2
1070
   271
1070
     5
1070
    44
1040
0.3125
1070
    42
1040
0.3125
1070
   276
1070
     2
1070
   147
1040
0.15625
1070
   144
1040
0.9999999999999999
1070
   277
1070
     5
1070
   371
1070
     0
1070
   372
1070
     0
1070
     3
1000
<>"
1070
   173
1070
     1
1070
   175
1070
     1
1070
    73
1070
     0
1070
    74
1070
     0
1070
   340
1005
811
1070
   140
1040
0.625
1070
    78
1070
    12
1070
   345
1005
EE4
1070
   346
1005
EE4
1070
   347
1005
EE4
1070
   297
1040
1000.0
1070
   298
1000
TH
1002
}
1001
ACAD_DSTYLE_DIMARC_LENGTH_SYMBOL
1070
   379
1070
     2
1001
ACAD_DSTYLE_DIM_LINETYPE
1070
   380
1005
EE4
1001
ACAD_DSTYLE_DIM_EXT1_LINETYPE
1070
   381
1005
EE4
1001
ACAD_DSTYLE_DIM_EXT2_LINETYPE
1070
   382
1005
EE4
  0
DIMENSION
  5
1478
102
{ACAD_REACTORS
330
177E
102
}
102
{ACAD_XDICTIONARY
360
177D
102
}
330
EED
100
AcDbEntity
  8
DIMENSION
  6
Continuous
 62
     2
100
AcDbDimension
  2
*D91
 10
-99.37612438796523
 20
17.59747768158745
 30
0.0
 11
-100.3761243879652
 21
17.59747768158745
 31
0.0
 70
    32
 71
     5
 42
-1.0
 52
-90.0
  3
STANDARD
100
AcDbAlignedDimension
 13
-101.3761243879652
 23
11.87502437791202
 33
0.0
 14
-99.37612438796523
 24
11.87502437791202
 34
0.0
100
AcDbRotatedDimension
1001
ACAD
1000
DSTYLE
1002
{
1070
     7
1000
OPEN
1070
     6
1000
OPEN
1070
   142
1040
0.0
1070
   282
1070
     0
1070
   281
1070
     0
1070
   280
1070
     0
1070
    77
1070
     1
1070
   145
1040
0.3125
1070
   294
1070
     0
1070
    69
1070
     0
1070
   279
1070
     0
1070
   172
1070
     0
1070
    71
1070
     0
1070
   170
1070
     0
1070
   278
1070
    46
1070
    45
1040
0.0
1070
    76
1070
     0
1070
    75
1070
     0
1070
    90
1070
     2
1070
   179
1070
     0
1070
    41
1040
0.546875
1070
   289
1070
     3
1070
   275
1070
     0
1070
    79
1070
     0
1070
   141
1040
0.0
1070
   176
1070
     2
1070
   177
1070
     2
1070
   178
1070
     2
1070
   271
1070
     5
1070
    44
1040
0.3125
1070
    42
1040
0.3125
1070
   276
1070
     2
1070
   147
1040
0.15625
1070
   144
1040
0.9999999999999999
1070
   277
1070
     5
1070
   371
1070
     0
1070
   372
1070
     0
1070
     3
1000
<>"
1070
   173
1070
     1
1070
   175
1070
     1
1070
    73
1070
     0
1070
    74
1070
     0
1070
   340
1005
811
1070
   140
1040
0.625
1070
    78
1070
    12
1070
   345
1005
EE4
1070
   346
1005
EE4
1070
   347
1005
EE4
1070
   297
1040
1000.0
1070
   298
1000
TH
1002
}
1001
ACAD_DSTYLE_DIMARC_LENGTH_SYMBOL
1070
   379
1070
     2
1001
ACAD_DSTYLE_DIM_LINETYPE
1070
   380
1005
EE4
1001
ACAD_DSTYLE_DIM_EXT1_LINETYPE
1070
   381
1005
EE4
1001
ACAD_DSTYLE_DIM_EXT2_LINETYPE
1070
   382
1005
EE4
  0
DIMENSION
  5
1481
102
{ACAD_REACTORS
330
173E
102
}
102
{ACAD_XDICTIONARY
360
173D
102
}
330
EED
100
AcDbEntity
  8
DIMENSION
  6
Continuous
 62
     2
100
AcDbDimension
  2
*D92
 10
-89.87612438796523
 20
17.59747768158745
 30
0.0
 11
-90.87612438796523
 21
17.59747768158745
 31
0.0
 70
    32
 71
     5
 42
-1.0
 52
-90.0
  3
STANDARD
100
AcDbAlignedDimension
 13
-91.87612438796523
 23
11.87502437791202
 33
0.0
 14
-89.87612438796523
 24
11.87502437791202
 34
0.0
100
AcDbRotatedDimension
1001
ACAD
1000
DSTYLE
1002
{
1070
     7
1000
OPEN
1070
     6
1000
OPEN
1070
   142
1040
0.0
1070
   282
1070
     0
1070
   281
1070
     0
1070
   280
1070
     0
1070
    77
1070
     1
1070
   145
1040
0.3125
1070
   294
1070
     0
1070
    69
1070
     0
1070
   279
1070
     0
1070
   172
1070
     0
1070
    71
1070
     0
1070
   170
1070
     0
1070
   278
1070
    46
1070
    45
1040
0.0
1070
    76
1070
     0
1070
    75
1070
     0
1070
    90
1070
     2
1070
   179
1070
     0
1070
    41
1040
0.546875
1070
   289
1070
     3
1070
   275
1070
     0
1070
    79
1070
     0
1070
   141
1040
0.0
1070
   176
1070
     2
1070
   177
1070
     2
1070
   178
1070
     2
1070
   271
1070
     5
1070
    44
1040
0.3125
1070
    42
1040
0.3125
1070
   276
1070
     2
1070
   147
1040
0.15625
1070
   144
1040
0.9999999999999999
1070
   277
1070
     5
1070
   371
1070
     0
1070
   372
1070
     0
1070
     3
1000
<>"
1070
   173
1070
     1
1070
   175
1070
     1
1070
    73
1070
     0
1070
    74
1070
     0
1070
   340
1005
811
1070
   140
1040
0.625
1070
    78
1070
    12
1070
   345
1005
EE4
1070
   346
1005
EE4
1070
   347
1005
EE4
1070
   297
1040
1000.0
1070
   298
1000
TH
1002
}
1001
ACAD_DSTYLE_DIMARC_LENGTH_SYMBOL
1070
   379
1070
     2
1001
ACAD_DSTYLE_DIM_LINETYPE
1070
   380
1005
EE4
1001
ACAD_DSTYLE_DIM_EXT1_LINETYPE
1070
   381
1005
EE4
1001
ACAD_DSTYLE_DIM_EXT2_LINETYPE
1070
   382
1005
EE4
  0
DIMENSION
  5
148A
102
{ACAD_REACTORS
330
176A
102
}
102
{ACAD_XDICTIONARY
360
1769
102
}
330
EED
100
AcDbEntity
  8
DIMENSION
  6
Continuous
 62
     2
100
AcDbDimension
  2
*D93
 10
-89.62612438796523
 20
16.12958872504003
 30
0.0
 11
-87.89678546091316
 21
15.66083872504003
 31
0.0
 70
   160
 71
     5
 42
-1.0
 52
-90.0
  3
STANDARD
100
AcDbAlignedDimension
 13
-90.87612438796525
 23
12.86447637435946
 33
0.0
 14
-89.62612438796523
 24
12.12502437791202
 34
0.0
100
AcDbRotatedDimension
1001
ACAD
1000
DSTYLE
1002
{
1070
     7
1000
OPEN
1070
     6
1000
OPEN
1070
   142
1040
0.0
1070
   282
1070
     0
1070
   281
1070
     0
1070
   280
1070
     0
1070
    77
1070
     0
1070
   145
1040
0.3125
1070
   294
1070
     0
1070
    69
1070
     0
1070
   279
1070
     0
1070
   172
1070
     0
1070
    71
1070
     0
1070
   170
1070
     0
1070
   278
1070
    46
1070
    45
1040
0.0
1070
    76
1070
     0
1070
    75
1070
     0
1070
    90
1070
     2
1070
   179
1070
     0
1070
    41
1040
0.546875
1070
   289
1070
     1
1070
   275
1070
     0
1070
    79
1070
     0
1070
   141
1040
0.0
1070
   176
1070
     2
1070
   177
1070
     2
1070
   178
1070
     2
1070
   271
1070
     5
1070
    44
1040
0.3125
1070
    42
1040
0.3125
1070
   276
1070
     2
1070
   147
1040
0.15625
1070
   144
1040
0.9999999999999999
1070
   277
1070
     5
1070
   371
1070
     0
1070
   372
1070
     0
1070
     3
1000
<>"
1070
   173
1070
     1
1070
   175
1070
     1
1070
    73
1070
     0
1070
    74
1070
     0
1070
   340
1005
811
1070
   140
1040
0.625
1070
    78
1070
    12
1070
   345
1005
EE4
1070
   346
1005
EE4
1070
   347
1005
EE4
1070
   297
1040
1000.0
1070
   298
1000
TH
1002
}
1001
ACAD_DSTYLE_DIMARC_LENGTH_SYMBOL
1070
   379
1070
     2
1001
ACAD_DSTYLE_DIM_LINETYPE
1070
   380
1005
EE4
1001
ACAD_DSTYLE_DIM_EXT1_LINETYPE
1070
   381
1005
EE4
1001
ACAD_DSTYLE_DIM_EXT2_LINETYPE
1070
   382
1005
EE4
  0
DIMENSION
  5
149A
102
{ACAD_REACTORS
330
1730
102
}
102
{ACAD_XDICTIONARY
360
172F
102
}
330
EED
100
AcDbEntity
  8
DIMENSION
  6
Continuous
 62
     2
100
AcDbDimension
  2
*D94
 10
-91.87612438796523
 20
15.4746616113374
 30
0.0
 11
-93.51347379511961
 21
15.1621616113374
 31
0.0
 70
   160
 71
     5
 42
-1.0
 52
90.0
  3
STANDARD
100
AcDbAlignedDimension
 13
-90.87612438796525
 23
12.86447637435946
 33
0.0
 14
-91.87612438796523
 24
11.87502437791202
 34
0.0
 50
-180.0
100
AcDbRotatedDimension
1001
ACAD
1000
DSTYLE
1002
{
1070
     7
1000
OPEN
1070
     6
1000
OPEN
1070
   142
1040
0.0
1070
   282
1070
     0
1070
   281
1070
     0
1070
   280
1070
     0
1070
    77
1070
     0
1070
   145
1040
0.3125
1070
   294
1070
     0
1070
    69
1070
     0
1070
   279
1070
     0
1070
   172
1070
     0
1070
    71
1070
     0
1070
   170
1070
     0
1070
   278
1070
    46
1070
    45
1040
0.0
1070
    76
1070
     0
1070
    75
1070
     0
1070
    90
1070
     2
1070
   179
1070
     0
1070
    41
1040
0.546875
1070
   289
1070
     1
1070
   275
1070
     0
1070
    79
1070
     0
1070
   141
1040
0.0
1070
   176
1070
     2
1070
   177
1070
     2
1070
   178
1070
     2
1070
   271
1070
     5
1070
    44
1040
0.3125
1070
    42
1040
0.3125
1070
   276
1070
     2
1070
   147
1040
0.15625
1070
   144
1040
0.9999999999999999
1070
   277
1070
     5
1070
   371
1070
     0
1070
   372
1070
     0
1070
     3
1000
<>"
1070
   173
1070
     1
1070
   175
1070
     1
1070
    73
1070
     0
1070
    74
1070
     0
1070
   340
1005
811
1070
   140
1040
0.625
1070
    78
1070
    12
1070
   345
1005
EE4
1070
   346
1005
EE4
1070
   347
1005
EE4
1070
   297
1040
1000.0
1070
   298
1000
TH
1002
}
1001
ACAD_DSTYLE_DIMARC_LENGTH_SYMBOL
1070
   379
1070
     2
1001
ACAD_DSTYLE_DIM_LINETYPE
1070
   380
1005
EE4
1001
ACAD_DSTYLE_DIM_EXT1_LINETYPE
1070
   381
1005
EE4
1001
ACAD_DSTYLE_DIM_EXT2_LINETYPE
1070
   382
1005
EE4
  0
DIMENSION
  5
14A6
102
{ACAD_REACTORS
330
174C
102
}
102
{ACAD_XDICTIONARY
360
174B
102
}
330
EED
100
AcDbEntity
  8
DIMENSION
  6
Continuous
 62
     2
100
AcDbDimension
  2
*D95
 10
-92.12612438796523
 20
17.59747768158745
 30
0.0
 11
-93.85506596841397
 21
17.12872768158745
 31
0.0
 70
   160
 71
     5
 42
-1.0
 52
90.0
  3
STANDARD
100
AcDbAlignedDimension
 13
-91.87612438796523
 23
11.87502437791202
 33
0.0
 14
-92.12612438796523
 24
12.12502437791202
 34
0.0
 50
-180.0
100
AcDbRotatedDimension
1001
ACAD
1000
DSTYLE
1002
{
1070
     7
1000
OPEN
1070
     6
1000
OPEN
1070
   142
1040
0.0
1070
   282
1070
     0
1070
   281
1070
     0
1070
   280
1070
     0
1070
    77
1070
     0
1070
   145
1040
0.3125
1070
   294
1070
     0
1070
    69
1070
     0
1070
   279
1070
     0
1070
   172
1070
     0
1070
    71
1070
     0
1070
   170
1070
     0
1070
   278
1070
    46
1070
    45
1040
0.0
1070
    76
1070
     0
1070
    75
1070
     0
1070
    90
1070
     2
1070
   179
1070
     0
1070
    41
1040
0.546875
1070
   289
1070
     1
1070
   275
1070
     0
1070
    79
1070
     0
1070
   141
1040
0.0
1070
   176
1070
     2
1070
   177
1070
     2
1070
   178
1070
     2
1070
   271
1070
     5
1070
    44
1040
0.3125
1070
    42
1040
0.3125
1070
   276
1070
     2
1070
   147
1040
0.15625
1070
   144
1040
0.9999999999999999
1070
   277
1070
     5
1070
   371
1070
     0
1070
   372
1070
     0
1070
     3
1000
<>"
1070
   173
1070
     1
1070
   175
1070
     1
1070
    73
1070
     0
1070
    74
1070
     0
1070
   340
1005
811
1070
   140
1040
0.625
1070
    78
1070
    12
1070
   345
1005
EE4
1070
   346
1005
EE4
1070
   347
1005
EE4
1070
   297
1040
1000.0
1070
   298
1000
TH
1002
}
1001
ACAD_DSTYLE_DIMARC_LENGTH_SYMBOL
1070
   379
1070
     2
1001
ACAD_DSTYLE_DIM_LINETYPE
1070
   380
1005
EE4
1001
ACAD_DSTYLE_DIM_EXT1_LINETYPE
1070
   381
1005
EE4
1001
ACAD_DSTYLE_DIM_EXT2_LINETYPE
1070
   382
1005
EE4
  0
DIMENSION
  5
14B5
102
{ACAD_REACTORS
330
1772
102
}
102
{ACAD_XDICTIONARY
360
1771
102
}
330
EED
100
AcDbEntity
  8
DIMENSION
  6
Continuous
 62
     2
100
AcDbDimension
  2
*D96
 10
-89.62612438796523
 20
17.59747768158745
 30
0.0
 11
-87.8617783662765
 21
17.12872768158745
 31
0.0
 70
   160
 71
     5
 42
-1.0
 52
-90.0
  3
STANDARD
100
AcDbAlignedDimension
 13
-89.87612438796523
 23
11.87502437791202
 33
0.0
 14
-89.62612438796523
 24
12.12502437791202
 34
0.0
100
AcDbRotatedDimension
1001
ACAD
1000
DSTYLE
1002
{
1070
     7
1000
OPEN
1070
     6
1000
OPEN
1070
   142
1040
0.0
1070
   282
1070
     0
1070
   281
1070
     0
1070
   280
1070
     0
1070
    77
1070
     0
1070
   145
1040
0.3125
1070
   294
1070
     0
1070
    69
1070
     0
1070
   279
1070
     0
1070
   172
1070
     0
1070
    71
1070
     0
1070
   170
1070
     0
1070
   278
1070
    46
1070
    45
1040
0.0
1070
    76
1070
     0
1070
    75
1070
     0
1070
    90
1070
     2
1070
   179
1070
     0
1070
    41
1040
0.546875
1070
   289
1070
     1
1070
   275
1070
     0
1070
    79
1070
     0
1070
   141
1040
0.0
1070
   176
1070
     2
1070
   177
1070
     2
1070
   178
1070
     2
1070
   271
1070
     5
1070
    44
1040
0.3125
1070
    42
1040
0.3125
1070
   276
1070
     2
1070
   147
1040
0.15625
1070
   144
1040
0.9999999999999999
1070
   277
1070
     5
1070
   371
1070
     0
1070
   372
1070
     0
1070
     3
1000
<>"
1070
   173
1070
     1
1070
   175
1070
     1
1070
    73
1070
     0
1070
    74
1070
     0
1070
   340
1005
811
1070
   140
1040
0.625
1070
    78
1070
    12
1070
   345
1005
EE4
1070
   346
1005
EE4
1070
   347
1005
EE4
1070
   297
1040
1000.0
1070
   298
1000
TH
1002
}
1001
ACAD_DSTYLE_DIMARC_LENGTH_SYMBOL
1070
   379
1070
     2
1001
ACAD_DSTYLE_DIM_LINETYPE
1070
   380
1005
EE4
1001
ACAD_DSTYLE_DIM_EXT1_LINETYPE
1070
   381
1005
EE4
1001
ACAD_DSTYLE_DIM_EXT2_LINETYPE
1070
   382
1005
EE4
  0
DIMENSION
  5
14C4
102
{ACAD_REACTORS
330
174E
102
}
102
{ACAD_XDICTIONARY
360
174D
102
}
330
EED
100
AcDbEntity
  8
DIMENSION
  6
Continuous
 62
     2
100
AcDbDimension
  2
*D97
 10
-88.49333451318952
 20
20.88309196965584
 30
0.0
 11
-95.62612438796523
 21
20.41434196965584
 31
0.0
 70
    32
  1
<> BACK OF ALUM. BAR
 71
     5
 42
-1.0
 52
-90.0
  3
STANDARD
100
AcDbAlignedDimension
 13
-102.758914262741
 23
12.12502437791202
 33
0.0
 14
-88.49333451318952
 24
12.12502437791203
 34
0.0
100
AcDbRotatedDimension
1001
ACAD
1000
DSTYLE
1002
{
1070
     7
1000
OPEN
1070
     6
1000
OPEN
1070
   142
1040
0.0
1070
   282
1070
     0
1070
   281
1070
     0
1070
   280
1070
     0
1070
    77
1070
     0
1070
   145
1040
0.3125
1070
   294
1070
     0
1070
    69
1070
     0
1070
   279
1070
     0
1070
   172
1070
     0
1070
    71
1070
     0
1070
   170
1070
     0
1070
   278
1070
    46
1070
    45
1040
0.0
1070
    76
1070
     0
1070
    75
1070
     0
1070
    90
1070
     2
1070
   179
1070
     0
1070
    41
1040
0.546875
1070
   289
1070
     1
1070
   275
1070
     0
1070
    79
1070
     0
1070
   141
1040
0.0
1070
   176
1070
     2
1070
   177
1070
     2
1070
   178
1070
     2
1070
   271
1070
     5
1070
    44
1040
0.3125
1070
    42
1040
0.3125
1070
   276
1070
     2
1070
   147
1040
0.15625
1070
   144
1040
0.9999999999999999
1070
   277
1070
     5
1070
   371
1070
     0
1070
   372
1070
     0
1070
     3
1000
<>"
1070
   173
1070
     1
1070
   175
1070
     1
1070
    73
1070
     0
1070
    74
1070
     0
1070
   340
1005
811
1070
   140
1040
0.625
1070
    78
1070
    12
1070
   345
1005
EE4
1070
   346
1005
EE4
1070
   347
1005
EE4
1070
   297
1040
1000.0
1070
   298
1000
TH
1002
}
1001
ACAD_DSTYLE_DIMARC_LENGTH_SYMBOL
1070
   379
1070
     2
1001
ACAD_DSTYLE_DIM_LINETYPE
1070
   380
1005
EE4
1001
ACAD_DSTYLE_DIM_EXT1_LINETYPE
1070
   381
1005
EE4
1001
ACAD_DSTYLE_DIM_EXT2_LINETYPE
1070
   382
1005
EE4
  0
DIMENSION
  5
14D2
102
{ACAD_REACTORS
330
1724
102
}
102
{ACAD_XDICTIONARY
360
1723
102
}
330
EED
100
AcDbEntity
  8
DIMENSION
  6
Continuous
 62
     2
100
AcDbDimension
  2
*D98
 10
-60.02809169916854
 20
12.12502437791203
 30
0.0
 11
-59.71559169916854
 21
14.15247297433205
 31
0.0
 70
   160
 71
     5
 42
-1.0
 52
90.0
  3
STANDARD
100
AcDbAlignedDimension
 13
-67.62612277097986
 23
11.12502437791202
 33
0.0
 14
-88.49333451318952
 24
12.12502437791203
 34
0.0
 50
-270.0
100
AcDbRotatedDimension
1001
ACAD
1000
DSTYLE
1002
{
1070
     7
1000
OPEN
1070
     6
1000
OPEN
1070
   142
1040
0.0
1070
   282
1070
     0
1070
   281
1070
     0
1070
   280
1070
     0
1070
    77
1070
     0
1070
   145
1040
0.3125
1070
   294
1070
     0
1070
    69
1070
     0
1070
   279
1070
     0
1070
   172
1070
     0
1070
    71
1070
     0
1070
   170
1070
     0
1070
   278
1070
    46
1070
    45
1040
0.0
1070
    76
1070
     0
1070
    75
1070
     0
1070
    90
1070
     2
1070
   179
1070
     0
1070
    41
1040
0.546875
1070
   289
1070
     1
1070
   275
1070
     0
1070
    79
1070
     0
1070
   141
1040
0.0
1070
   176
1070
     2
1070
   177
1070
     2
1070
   178
1070
     2
1070
   271
1070
     5
1070
    44
1040
0.3125
1070
    42
1040
0.3125
1070
   276
1070
     2
1070
   147
1040
0.15625
1070
   144
1040
0.9999999999999999
1070
   277
1070
     5
1070
   371
1070
     0
1070
   372
1070
     0
1070
     3
1000
<>"
1070
   173
1070
     1
1070
   175
1070
     1
1070
    73
1070
     0
1070
    74
1070
     0
1070
   340
1005
811
1070
   140
1040
0.625
1070
    78
1070
    12
1070
   345
1005
EE4
1070
   346
1005
EE4
1070
   347
1005
EE4
1070
   297
1040
1000.0
1070
   298
1000
TH
1002
}
1001
ACAD_DSTYLE_DIMARC_LENGTH_SYMBOL
1070
   379
1070
     2
1001
ACAD_DSTYLE_DIM_LINETYPE
1070
   380
1005
EE4
1001
ACAD_DSTYLE_DIM_EXT1_LINETYPE
1070
   381
1005
EE4
1001
ACAD_DSTYLE_DIM_EXT2_LINETYPE
1070
   382
1005
EE4
  0
DIMENSION
  5
14DE
102
{ACAD_REACTORS
330
1768
102
}
102
{ACAD_XDICTIONARY
360
1767
102
}
330
EED
100
AcDbEntity
  8
DIMENSION
  6
Continuous
 62
     2
100
AcDbDimension
  2
*D99
 10
-61.91628791835125
 20
12.12502437791203
 30
0.0
 11
-61.44753791835125
 21
16.89404701989685
 31
0.0
 70
   160
  1
<> PROD.
 71
     5
 42
-1.0
 52
90.0
  3
STANDARD
100
AcDbAlignedDimension
 13
-66.50112277097986
 23
11.25002437791202
 33
0.0
 14
-88.49333451318952
 24
12.12502437791203
 34
0.0
 50
-270.0
100
AcDbRotatedDimension
1001
ACAD
1000
DSTYLE
1002
{
1070
     7
1000
OPEN
1070
     6
1000
OPEN
1070
   142
1040
0.0
1070
   282
1070
     0
1070
   281
1070
     0
1070
   280
1070
     0
1070
    77
1070
     0
1070
   145
1040
0.3125
1070
   294
1070
     0
1070
    69
1070
     0
1070
   279
1070
     0
1070
   172
1070
     0
1070
    71
1070
     0
1070
   170
1070
     0
1070
   278
1070
    46
1070
    45
1040
0.0
1070
    76
1070
     0
1070
    75
1070
     0
1070
    90
1070
     2
1070
   179
1070
     0
1070
    41
1040
0.546875
1070
   289
1070
     1
1070
   275
1070
     0
1070
    79
1070
     0
1070
   141
1040
0.0
1070
   176
1070
     2
1070
   177
1070
     2
1070
   178
1070
     2
1070
   271
1070
     5
1070
    44
1040
0.3125
1070
    42
1040
0.3125
1070
   276
1070
     2
1070
   147
1040
0.15625
1070
   144
1040
0.9999999999999999
1070
   277
1070
     5
1070
   371
1070
     0
1070
   372
1070
     0
1070
     3
1000
<>"
1070
   173
1070
     1
1070
   175
1070
     1
1070
    73
1070
     0
1070
    74
1070
     0
1070
   340
1005
811
1070
   140
1040
0.625
1070
    78
1070
    12
1070
   345
1005
EE4
1070
   346
1005
EE4
1070
   347
1005
EE4
1070
   297
1040
1000.0
1070
   298
1000
TH
1002
}
1001
ACAD_DSTYLE_DIMARC_LENGTH_SYMBOL
1070
   379
1070
     2
1001
ACAD_DSTYLE_DIM_LINETYPE
1070
   380
1005
EE4
1001
ACAD_DSTYLE_DIM_EXT1_LINETYPE
1070
   381
1005
EE4
1001
ACAD_DSTYLE_DIM_EXT2_LINETYPE
1070
   382
1005
EE4
  0
DIMENSION
  5
14ED
102
{ACAD_REACTORS
330
175C
102
}
102
{ACAD_XDICTIONARY
360
175B
102
}
330
EED
100
AcDbEntity
  8
DIMENSION
  6
Continuous
 62
     2
100
AcDbDimension
  2
*D100
 10
-63.78639273421077
 20
12.12502437791202
 30
0.0
 11
-63.31764273421077
 21
16.28356671403411
 31
0.0
 70
   160
  1
<> LOCK IN
 71
     5
 42
-1.0
 52
90.0
  3
STANDARD
100
AcDbAlignedDimension
 13
-89.87612438796523
 23
11.87502437791202
 33
0.0
 14
-88.49333451318952
 24
12.12502437791202
 34
0.0
 50
-270.0
100
AcDbRotatedDimension
1001
ACAD
1000
DSTYLE
1002
{
1070
     7
1000
OPEN
1070
     6
1000
OPEN
1070
   142
1040
0.0
1070
   282
1070
     0
1070
   281
1070
     0
1070
   280
1070
     0
1070
    77
1070
     0
1070
   145
1040
0.3125
1070
   294
1070
     0
1070
    69
1070
     0
1070
   279
1070
     0
1070
   172
1070
     0
1070
    71
1070
     0
1070
   170
1070
     0
1070
   278
1070
    46
1070
    45
1040
0.0
1070
    76
1070
     0
1070
    75
1070
     0
1070
    90
1070
     2
1070
   179
1070
     0
1070
    41
1040
0.546875
1070
   289
1070
     1
1070
   275
1070
     0
1070
    79
1070
     0
1070
   141
1040
0.0
1070
   176
1070
     2
1070
   177
1070
     2
1070
   178
1070
     2
1070
   271
1070
     5
1070
    44
1040
0.3125
1070
    42
1040
0.3125
1070
   276
1070
     2
1070
   147
1040
0.15625
1070
   144
1040
0.9999999999999999
1070
   277
1070
     5
1070
   371
1070
     0
1070
   372
1070
     0
1070
     3
1000
<>"
1070
   173
1070
     1
1070
   175
1070
     1
1070
    73
1070
     0
1070
    74
1070
     0
1070
   340
1005
811
1070
   140
1040
0.625
1070
    78
1070
    12
1070
   345
1005
EE4
1070
   346
1005
EE4
1070
   347
1005
EE4
1070
   297
1040
1000.0
1070
   298
1000
TH
1002
}
1001
ACAD_DSTYLE_DIMARC_LENGTH_SYMBOL
1070
   379
1070
     2
1001
ACAD_DSTYLE_DIM_LINETYPE
1070
   380
1005
EE4
1001
ACAD_DSTYLE_DIM_EXT1_LINETYPE
1070
   381
1005
EE4
1001
ACAD_DSTYLE_DIM_EXT2_LINETYPE
1070
   382
1005
EE4
  0
DIMENSION
  5
14FC
102
{ACAD_REACTORS
330
173C
102
}
102
{ACAD_XDICTIONARY
360
173B
102
}
330
EED
100
AcDbEntity
  8
DIMENSION
  6
Continuous
 62
     2
100
AcDbDimension
  2
*D101
 10
-64.87829264282556
 20
11.12502437791203
 30
0.0
 11
-64.40954264282556
 21
7.718921179888818
 31
0.0
 70
   160
  1
<> PERF. PL.
 71
     5
 42
-1.0
 52
-90.0
  3
STANDARD
100
AcDbAlignedDimension
 13
-66.50112277097986
 23
11.25002437791202
 33
0.0
 14
-67.62612277097986
 24
11.12502437791203
 34
0.0
 50
-90.0
100
AcDbRotatedDimension
1001
ACAD
1000
DSTYLE
1002
{
1070
     7
1000
OPEN
1070
     6
1000
OPEN
1070
   142
1040
0.0
1070
   282
1070
     0
1070
   281
1070
     0
1070
   280
1070
     0
1070
    77
1070
     0
1070
   145
1040
0.3125
1070
   294
1070
     0
1070
    69
1070
     0
1070
   279
1070
     0
1070
   172
1070
     0
1070
    71
1070
     0
1070
   170
1070
     0
1070
   278
1070
    46
1070
    45
1040
0.0
1070
    76
1070
     0
1070
    75
1070
     0
1070
    90
1070
     2
1070
   179
1070
     0
1070
    41
1040
0.546875
1070
   289
1070
     1
1070
   275
1070
     0
1070
    79
1070
     0
1070
   141
1040
0.0
1070
   176
1070
     2
1070
   177
1070
     2
1070
   178
1070
     2
1070
   271
1070
     5
1070
    44
1040
0.3125
1070
    42
1040
0.3125
1070
   276
1070
     2
1070
   147
1040
0.15625
1070
   144
1040
0.9999999999999999
1070
   277
1070
     5
1070
   371
1070
     0
1070
   372
1070
     0
1070
     3
1000
<>"
1070
   173
1070
     1
1070
   175
1070
     1
1070
    73
1070
     0
1070
    74
1070
     0
1070
   340
1005
811
1070
   140
1040
0.625
1070
    78
1070
    12
1070
   345
1005
EE4
1070
   346
1005
EE4
1070
   347
1005
EE4
1070
   297
1040
1000.0
1070
   298
1000
TH
1002
}
1001
ACAD_DSTYLE_DIMARC_LENGTH_SYMBOL
1070
   379
1070
     2
1001
ACAD_DSTYLE_DIM_LINETYPE
1070
   380
1005
EE4
1001
ACAD_DSTYLE_DIM_EXT1_LINETYPE
1070
   381
1005
EE4
1001
ACAD_DSTYLE_DIM_EXT2_LINETYPE
1070
   382
1005
EE4
  0
DIMENSION
  5
150B
102
{ACAD_REACTORS
330
1740
102
}
102
{ACAD_XDICTIONARY
360
173F
102
}
330
EED
100
AcDbEntity
  8
DIMENSION
  6
Continuous
 62
     2
100
AcDbDimension
  2
*D102
 10
-63.05644859640756
 20
11.50002437791202
 30
0.0
 11
-62.58769859640756
 21
8.367781897953865
 31
0.0
 70
   160
  1
<> ALUM. PL.
 71
     5
 42
-1.0
 52
90.0
  3
STANDARD
100
AcDbAlignedDimension
 13
-66.50112277097986
 23
11.25002437791202
 33
0.0
 14
-66.50112277097986
 24
11.50002437791202
 34
0.0
 50
-270.0
100
AcDbRotatedDimension
1001
ACAD
1000
DSTYLE
1002
{
1070
     7
1000
OPEN
1070
     6
1000
OPEN
1070
   142
1040
0.0
1070
   282
1070
     0
1070
   281
1070
     0
1070
   280
1070
     0
1070
    77
1070
     0
1070
   145
1040
0.3125
1070
   294
1070
     0
1070
    69
1070
     0
1070
   279
1070
     0
1070
   172
1070
     0
1070
    71
1070
     0
1070
   170
1070
     0
1070
   278
1070
    46
1070
    45
1040
0.0
1070
    76
1070
     0
1070
    75
1070
     0
1070
    90
1070
     2
1070
   179
1070
     0
1070
    41
1040
0.546875
1070
   289
1070
     1
1070
   275
1070
     0
1070
    79
1070
     0
1070
   141
1040
0.0
1070
   176
1070
     2
1070
   177
1070
     2
1070
   178
1070
     2
1070
   271
1070
     5
1070
    44
1040
0.3125
1070
    42
1040
0.3125
1070
   276
1070
     2
1070
   147
1040
0.15625
1070
   144
1040
0.9999999999999999
1070
   277
1070
     5
1070
   371
1070
     0
1070
   372
1070
     0
1070
     3
1000
<>"
1070
   173
1070
     1
1070
   175
1070
     1
1070
    73
1070
     0
1070
    74
1070
     0
1070
   340
1005
811
1070
   140
1040
0.625
1070
    78
1070
    12
1070
   345
1005
EE4
1070
   346
1005
EE4
1070
   347
1005
EE4
1070
   297
1040
1000.0
1070
   298
1000
TH
1002
}
1001
ACAD_DSTYLE_DIMARC_LENGTH_SYMBOL
1070
   379
1070
     2
1001
ACAD_DSTYLE_DIM_LINETYPE
1070
   380
1005
EE4
1001
ACAD_DSTYLE_DIM_EXT1_LINETYPE
1070
   381
1005
EE4
1001
ACAD_DSTYLE_DIM_EXT2_LINETYPE
1070
   382
1005
EE4
  0
LINE
  5
1519
330
EED
100
AcDbEntity
  8
DIMENSION
100
AcDbLine
 10
-87.51442254751609
 20
14.23672621836118
 30
0.0
 11
-89.56090336899183
 21
12.19024539688544
 31
0.0
  0
DIMENSION
  5
151B
330
EED
100
AcDbEntity
  8
DIMENSION
  6
Continuous
 62
     2
100
AcDbDimension
  2
*D103
 10
-89.08410085519347
 20
14.83089644300644
 30
0.0
 11
-88.70505800096515
 21
14.3897287318469
 31
0.0
 70
    37
 71
     5
 42
-1.0
  3
STANDARD
100
AcDb3PointAngularDimension
 13
-87.74244618537871
 23
14.00870258049855
 33
0.0
 14
-89.87612438796523
 24
14.89250102974973
 34
0.0
 15
-89.87612438796523
 25
11.87502437791203
 35
0.0
1001
ACAD
1000
DSTYLE
1002
{
1070
     7
1000
OPEN
1070
     6
1000
OPEN
1070
   142
1040
0.0
1070
   282
1070
     0
1070
   281
1070
     0
1070
   280
1070
     0
1070
    77
1070
     0
1070
   145
1040
0.3125
1070
   294
1070
     0
1070
    69
1070
     0
1070
   279
1070
     0
1070
   172
1070
     0
1070
    71
1070
     0
1070
   170
1070
     0
1070
   278
1070
    46
1070
    45
1040
0.0
1070
    76
1070
     0
1070
    75
1070
     0
1070
    90
1070
     2
1070
   179
1070
     1
1070
    41
1040
0.546875
1070
   289
1070
     1
1070
   275
1070
     0
1070
    79
1070
     3
1070
   141
1040
0.0
1070
   176
1070
     2
1070
   177
1070
     2
1070
   178
1070
     2
1070
   271
1070
     1
1070
    44
1040
0.3125
1070
    42
1040
0.3125
1070
   276
1070
     2
1070
   147
1040
0.15625
1070
   144
1040
0.9999999999999999
1070
   277
1070
     5
1070
   371
1070
     0
1070
   372
1070
     0
1070
     3
1000

1070
   173
1070
     1
1070
   175
1070
     1
1070
    73
1070
     1
1070
    74
1070
     1
1070
   340
1005
811
1070
   140
1040
0.625
1070
    78
1070
    12
1070
   345
1005
EE4
1070
   346
1005
EE4
1070
   347
1005
EE4
1070
   297
1040
1000.0
1070
   298
1000

1002
}
1001
ACAD_DSTYLE_DIMARC_LENGTH_SYMBOL
1070
   379
1070
     2
1001
ACAD_DSTYLE_DIM_LINETYPE
1070
   380
1005
EE4
1001
ACAD_DSTYLE_DIM_EXT1_LINETYPE
1070
   381
1005
EE4
1001
ACAD_DSTYLE_DIM_EXT2_LINETYPE
1070
   382
1005
EE4
  0
TEXT
  5
1524
330
EED
100
AcDbEntity
  8
DIMENSION
 62
     2
100
AcDbText
 10
-16.41263903749368
 20
2.47937282654588
 30
0.0
 40
0.625
  1
BOTTOM DIE LAYOUT FOR #3059 WEDGE
 41
0.5
  7
STEVE
 11
-16.41263903749368
 21
2.79187282654588
 31
0.0
100
AcDbText
 73
     2
  0
TEXT
  5
1525
330
EED
100
AcDbEntity
  8
DIMENSION
 62
     2
100
AcDbText
 10
-1.886147435591186
 20
4.718801021787107
 30
0.0
 40
0.625
  1
SMS
 41
0.5
  7
STEVE
 11
-1.886147435591186
 21
5.031301021787107
 31
0.0
100
AcDbText
 73
     2
  0
TEXT
  5
1526
330
EED
100
AcDbEntity
  8
DIMENSION
 62
     2
100
AcDbText
 10
-4.377609658010506
 20
0.2821979934790155
 30
0.0
 40
0.625
  1
3059 SH.2
 41
0.5
  7
STEVE
 11
-4.377609658010506
 21
0.5946979934790155
 31
0.0
100
AcDbText
 73
     2
  0
TEXT
  5
1527
330
EED
100
AcDbEntity
  8
DIMENSION
 62
     2
100
AcDbText
 10
-19.10274603413218
 20
3.909519789120995
 30
0.0
 40
0.625
  1
7/14/15
 41
0.5
  7
STEVE
 11
-19.10274603413218
 21
4.222019789120995
 31
0.0
100
AcDbText
 73
     2
  0
TEXT
  5
1528
330
EED
100
AcDbEntity
  8
DIMENSION
 62
     2
100
AcDbText
 10
-18.56498317464077
 20
4.8343333028835
 30
0.0
 40
0.5
  1
\U+0082"=1"
 41
0.625
  7
STEVE
 11
-18.56498317464077
 21
5.0843333028835
 31
0.0
100
AcDbText
 73
     2
  0
LINE
  5
1529
102
{ACAD_REACTORS
330
1732
330
178C
102
}
330
EED
100
AcDbEntity
  8
CONSTRUCTION
100
AcDbLine
 10
-23.06360381127227
 20
79.59629939633122
 30
0.0
 11
-22.88017658378165
 21
76.09629939633133
 31
0.0
  0
LINE
  5
152A
102
{ACAD_REACTORS
330
1732
330
1782
102
}
330
EED
100
AcDbEntity
  8
CONSTRUCTION
100
AcDbLine
 10
-26.88619603198921
 20
79.59629939633122
 30
0.0
 11
-23.06360381127227
 21
79.59629939633122
 31
0.0
  0
LINE
  5
152B
102
{ACAD_REACTORS
330
1726
330
172A
102
}
330
EED
100
AcDbEntity
  8
CONSTRUCTION
100
AcDbLine
 10
-24.88619603198921
 20
77.09629939633068
 30
0.0
 11
-26.88619603198921
 21
77.09629939633068
 31
0.0
  0
LINE
  5
152C
102
{ACAD_REACTORS
330
1780
102
}
330
EED
100
AcDbEntity
  8
CONSTRUCTION
100
AcDbLine
 10
-26.88619603198921
 20
77.09629939633068
 30
0.0
 11
-26.88619603198921
 21
79.59629939633122
 31
0.0
  0
LINE
  5
152D
102
{ACAD_REACTORS
330
1782
330
178A
102
}
330
EED
100
AcDbEntity
  8
CONSTRUCTION
100
AcDbLine
 10
-24.88619603198921
 20
77.09629939633068
 30
0.0
 11
-24.88619603198921
 21
76.09629939633133
 31
0.0
  0
LINE
  5
152E
102
{ACAD_REACTORS
330
1780
330
178A
102
}
330
EED
100
AcDbEntity
  8
CONSTRUCTION
100
AcDbLine
 10
-26.88619603198921
 20
78.59629939633122
 30
0.0
 11
-23.01119603198927
 21
78.59629939633122
 31
0.0
  0
LINE
  5
152F
102
{ACAD_REACTORS
330
1726
330
172A
102
}
330
EED
100
AcDbEntity
  8
CONSTRUCTION
100
AcDbLine
 10
-24.88619603198921
 20
76.09629939633133
 30
0.0
 11
-22.88017658378165
 21
76.09629939633133
 31
0.0
  0
DIMENSION
  5
1531
102
{ACAD_REACTORS
330
1732
102
}
102
{ACAD_XDICTIONARY
360
1731
102
}
330
EED
100
AcDbEntity
  8
DIMENSION
  6
Continuous
 62
     2
100
AcDbDimension
  2
*D104
 10
-22.88017658378165
 20
82.99270851382599
 30
0.0
 11
-24.88318630788543
 21
82.68020851382599
 31
0.0
 70
    32
 71
     5
 42
-1.0
 52
-90.0
  3
STANDARD
100
AcDbAlignedDimension
 13
-26.88619603198921
 23
79.59629939633122
 33
0.0
 14
-22.88017658378165
 24
76.09629939633133
 34
0.0
100
AcDbRotatedDimension
1001
ACAD
1000
DSTYLE
1002
{
1070
     7
1000
OPEN
1070
     6
1000
OPEN
1070
   142
1040
0.0
1070
   282
1070
     0
1070
   281
1070
     0
1070
   280
1070
     0
1070
    77
1070
     0
1070
   145
1040
0.3125
1070
   294
1070
     0
1070
    69
1070
     0
1070
   279
1070
     0
1070
   172
1070
     0
1070
    71
1070
     0
1070
   170
1070
     0
1070
   278
1070
    46
1070
    45
1040
0.0
1070
    76
1070
     0
1070
    75
1070
     0
1070
    90
1070
     2
1070
   179
1070
     0
1070
    41
1040
0.546875
1070
   289
1070
     1
1070
   275
1070
     0
1070
    79
1070
     0
1070
   141
1040
0.0
1070
   176
1070
     2
1070
   177
1070
     2
1070
   178
1070
     2
1070
   271
1070
     5
1070
    44
1040
0.3125
1070
    42
1040
0.3125
1070
   276
1070
     2
1070
   147
1040
0.15625
1070
   144
1040
0.25
1070
   277
1070
     5
1070
   371
1070
     0
1070
   372
1070
     0
1070
     3
1000
<>"
1070
   173
1070
     1
1070
   175
1070
     1
1070
    73
1070
     0
1070
    74
1070
     0
1070
   340
1005
811
1070
   140
1040
0.625
1070
    78
1070
    12
1070
   345
1005
EE4
1070
   346
1005
EE4
1070
   347
1005
EE4
1070
   297
1040
1000.0
1070
   298
1000
TH
1002
}
1001
ACAD_DSTYLE_DIMARC_LENGTH_SYMBOL
1070
   379
1070
     2
1001
ACAD_DSTYLE_DIM_LINETYPE
1070
   380
1005
EE4
1001
ACAD_DSTYLE_DIM_EXT1_LINETYPE
1070
   381
1005
EE4
1001
ACAD_DSTYLE_DIM_EXT2_LINETYPE
1070
   382
1005
EE4
  0
DIMENSION
  5
153B
102
{ACAD_REACTORS
330
1726
102
}
102
{ACAD_XDICTIONARY
360
1725
102
}
330
EED
100
AcDbEntity
  8
DIMENSION
  6
Continuous
 62
     2
100
AcDbDimension
  2
*D105
 10
-26.88619603198921
 20
73.38138903672636
 30
0.0
 11
-25.88619603198921
 21
72.91263903672636
 31
0.0
 70
    32
 71
     5
 42
-1.0
 52
-90.0
  3
STANDARD
100
AcDbAlignedDimension
 13
-24.88619603198921
 23
76.09629939633133
 33
0.0
 14
-26.88619603198921
 24
77.09629939633068
 34
0.0
 50
-180.0
100
AcDbRotatedDimension
1001
ACAD
1000
DSTYLE
1002
{
1070
     7
1000
OPEN
1070
     6
1000
OPEN
1070
   142
1040
0.0
1070
   282
1070
     0
1070
   281
1070
     0
1070
   280
1070
     0
1070
    77
1070
     0
1070
   145
1040
0.3125
1070
   294
1070
     0
1070
    69
1070
     0
1070
   279
1070
     0
1070
   172
1070
     0
1070
    71
1070
     0
1070
   170
1070
     0
1070
   278
1070
    46
1070
    45
1040
0.0
1070
    76
1070
     0
1070
    75
1070
     0
1070
    90
1070
     2
1070
   179
1070
     0
1070
    41
1040
0.546875
1070
   289
1070
     1
1070
   275
1070
     0
1070
    79
1070
     0
1070
   141
1040
0.0
1070
   176
1070
     2
1070
   177
1070
     2
1070
   178
1070
     2
1070
   271
1070
     5
1070
    44
1040
0.3125
1070
    42
1040
0.3125
1070
   276
1070
     2
1070
   147
1040
0.15625
1070
   144
1040
0.25
1070
   277
1070
     5
1070
   371
1070
     0
1070
   372
1070
     0
1070
     3
1000
<>"
1070
   173
1070
     1
1070
   175
1070
     1
1070
    73
1070
     0
1070
    74
1070
     0
1070
   340
1005
811
1070
   140
1040
0.625
1070
    78
1070
    12
1070
   345
1005
EE4
1070
   346
1005
EE4
1070
   347
1005
EE4
1070
   297
1040
1000.0
1070
   298
1000
TH
1002
}
1001
ACAD_DSTYLE_DIMARC_LENGTH_SYMBOL
1070
   379
1070
     2
1001
ACAD_DSTYLE_DIM_LINETYPE
1070
   380
1005
EE4
1001
ACAD_DSTYLE_DIM_EXT1_LINETYPE
1070
   381
1005
EE4
1001
ACAD_DSTYLE_DIM_EXT2_LINETYPE
1070
   382
1005
EE4
  0
DIMENSION
  5
1548
102
{ACAD_REACTORS
330
172A
102
}
102
{ACAD_XDICTIONARY
360
1729
102
}
330
EED
100
AcDbEntity
  8
DIMENSION
  6
Continuous
 62
     2
100
AcDbDimension
  2
*D106
 10
-29.15959599195392
 20
76.09629939633133
 30
0.0
 11
-28.69084599195392
 21
73.98542748466475
 31
0.0
 70
   160
 71
     5
 42
-1.0
 52
90.0
  3
STANDARD
100
AcDbAlignedDimension
 13
-26.88619603198921
 23
77.09629939633068
 33
0.0
 14
-24.88619603198921
 24
76.09629939633133
 34
0.0
 50
-90.0
100
AcDbRotatedDimension
1001
ACAD
1000
DSTYLE
1002
{
1070
     7
1000
OPEN
1070
     6
1000
OPEN
1070
   142
1040
0.0
1070
   282
1070
     0
1070
   281
1070
     0
1070
   280
1070
     0
1070
    77
1070
     0
1070
   145
1040
0.3125
1070
   294
1070
     0
1070
    69
1070
     0
1070
   279
1070
     0
1070
   172
1070
     0
1070
    71
1070
     0
1070
   170
1070
     0
1070
   278
1070
    46
1070
    45
1040
0.0
1070
    76
1070
     0
1070
    75
1070
     0
1070
    90
1070
     2
1070
   179
1070
     0
1070
    41
1040
0.546875
1070
   289
1070
     1
1070
   275
1070
     0
1070
    79
1070
     0
1070
   141
1040
0.0
1070
   176
1070
     2
1070
   177
1070
     2
1070
   178
1070
     2
1070
   271
1070
     5
1070
    44
1040
0.3125
1070
    42
1040
0.3125
1070
   276
1070
     2
1070
   147
1040
0.15625
1070
   144
1040
0.25
1070
   277
1070
     5
1070
   371
1070
     0
1070
   372
1070
     0
1070
     3
1000
<>"
1070
   173
1070
     1
1070
   175
1070
     1
1070
    73
1070
     0
1070
    74
1070
     0
1070
   340
1005
811
1070
   140
1040
0.625
1070
    78
1070
    12
1070
   345
1005
EE4
1070
   346
1005
EE4
1070
   347
1005
EE4
1070
   297
1040
1000.0
1070
   298
1000
TH
1002
}
1001
ACAD_DSTYLE_DIMARC_LENGTH_SYMBOL
1070
   379
1070
     2
1001
ACAD_DSTYLE_DIM_LINETYPE
1070
   380
1005
EE4
1001
ACAD_DSTYLE_DIM_EXT1_LINETYPE
1070
   381
1005
EE4
1001
ACAD_DSTYLE_DIM_EXT2_LINETYPE
1070
   382
1005
EE4
  0
DIMENSION
  5
1557
102
{ACAD_REACTORS
330
1780
102
}
102
{ACAD_XDICTIONARY
360
177F
102
}
330
EED
100
AcDbEntity
  8
DIMENSION
  6
Continuous
 62
     2
100
AcDbDimension
  2
*D107
 10
-30.57423979620896
 20
79.59629939633122
 30
0.0
 11
-30.10548979620896
 21
81.37590979127077
 31
0.0
 70
   160
 71
     5
 42
-1.0
 52
-90.0
  3
STANDARD
100
AcDbAlignedDimension
 13
-26.88619603198921
 23
78.59629939633122
 33
0.0
 14
-26.88619603198921
 24
79.59629939633122
 34
0.0
 50
-270.0
100
AcDbRotatedDimension
1001
ACAD
1000
DSTYLE
1002
{
1070
     7
1000
OPEN
1070
     6
1000
OPEN
1070
   142
1040
0.0
1070
   282
1070
     0
1070
   281
1070
     0
1070
   280
1070
     0
1070
    77
1070
     0
1070
   145
1040
0.3125
1070
   294
1070
     0
1070
    69
1070
     0
1070
   279
1070
     0
1070
   172
1070
     0
1070
    71
1070
     0
1070
   170
1070
     0
1070
   278
1070
    46
1070
    45
1040
0.0
1070
    76
1070
     0
1070
    75
1070
     0
1070
    90
1070
     2
1070
   179
1070
     0
1070
    41
1040
0.546875
1070
   289
1070
     1
1070
   275
1070
     0
1070
    79
1070
     0
1070
   141
1040
0.0
1070
   176
1070
     2
1070
   177
1070
     2
1070
   178
1070
     2
1070
   271
1070
     5
1070
    44
1040
0.3125
1070
    42
1040
0.3125
1070
   276
1070
     2
1070
   147
1040
0.15625
1070
   144
1040
0.25
1070
   277
1070
     5
1070
   371
1070
     0
1070
   372
1070
     0
1070
     3
1000
<>"
1070
   173
1070
     1
1070
   175
1070
     1
1070
    73
1070
     0
1070
    74
1070
     0
1070
   340
1005
811
1070
   140
1040
0.625
1070
    78
1070
    12
1070
   345
1005
EE4
1070
   346
1005
EE4
1070
   347
1005
EE4
1070
   297
1040
1000.0
1070
   298
1000
TH
1002
}
1001
ACAD_DSTYLE_DIMARC_LENGTH_SYMBOL
1070
   379
1070
     2
1001
ACAD_DSTYLE_DIM_LINETYPE
1070
   380
1005
EE4
1001
ACAD_DSTYLE_DIM_EXT1_LINETYPE
1070
   381
1005
EE4
1001
ACAD_DSTYLE_DIM_EXT2_LINETYPE
1070
   382
1005
EE4
  0
DIMENSION
  5
1566
102
{ACAD_REACTORS
330
1782
102
}
102
{ACAD_XDICTIONARY
360
1781
102
}
330
EED
100
AcDbEntity
  8
DIMENSION
  6
Continuous
 62
     2
100
AcDbDimension
  2
*D108
 10
-32.62230619938416
 20
76.09629939633133
 30
0.0
 11
-32.15355619938416
 21
77.84629939633128
 31
0.0
 70
    32
 71
     5
 42
-1.0
 52
90.0
  3
STANDARD
100
AcDbAlignedDimension
 13
-26.88619603198921
 23
79.59629939633122
 33
0.0
 14
-24.88619603198921
 24
76.09629939633133
 34
0.0
 50
-90.0
100
AcDbRotatedDimension
1001
ACAD
1000
DSTYLE
1002
{
1070
     7
1000
OPEN
1070
     6
1000
OPEN
1070
   142
1040
0.0
1070
   282
1070
     0
1070
   281
1070
     0
1070
   280
1070
     0
1070
    77
1070
     0
1070
   145
1040
0.3125
1070
   294
1070
     0
1070
    69
1070
     0
1070
   279
1070
     0
1070
   172
1070
     0
1070
    71
1070
     0
1070
   170
1070
     0
1070
   278
1070
    46
1070
    45
1040
0.0
1070
    76
1070
     0
1070
    75
1070
     0
1070
    90
1070
     2
1070
   179
1070
     0
1070
    41
1040
0.546875
1070
   289
1070
     1
1070
   275
1070
     0
1070
    79
1070
     0
1070
   141
1040
0.0
1070
   176
1070
     2
1070
   177
1070
     2
1070
   178
1070
     2
1070
   271
1070
     5
1070
    44
1040
0.3125
1070
    42
1040
0.3125
1070
   276
1070
     2
1070
   147
1040
0.15625
1070
   144
1040
0.25
1070
   277
1070
     5
1070
   371
1070
     0
1070
   372
1070
     0
1070
     3
1000
<>"
1070
   173
1070
     1
1070
   175
1070
     1
1070
    73
1070
     0
1070
    74
1070
     0
1070
   340
1005
811
1070
   140
1040
0.625
1070
    78
1070
    12
1070
   345
1005
EE4
1070
   346
1005
EE4
1070
   347
1005
EE4
1070
   297
1040
1000.0
1070
   298
1000
TH
1002
}
1001
ACAD_DSTYLE_DIMARC_LENGTH_SYMBOL
1070
   379
1070
     2
1001
ACAD_DSTYLE_DIM_LINETYPE
1070
   380
1005
EE4
1001
ACAD_DSTYLE_DIM_EXT1_LINETYPE
1070
   381
1005
EE4
1001
ACAD_DSTYLE_DIM_EXT2_LINETYPE
1070
   382
1005
EE4
  0
DIMENSION
  5
1573
102
{ACAD_REACTORS
330
178A
102
}
102
{ACAD_XDICTIONARY
360
1789
102
}
330
EED
100
AcDbEntity
  8
DIMENSION
  6
Continuous
 62
     2
100
AcDbDimension
  2
*D109
 10
-30.57423979620896
 20
76.09629939633133
 30
0.0
 11
-30.57423979620896
 21
77.34629939633128
 31
0.0
 70
    32
 71
     5
 42
-1.0
 52
90.0
  3
STANDARD
100
AcDbAlignedDimension
 13
-26.88619603198921
 23
78.59629939633122
 33
0.0
 14
-24.88619603198921
 24
76.09629939633133
 34
0.0
 50
-90.0
100
AcDbRotatedDimension
1001
ACAD
1000
DSTYLE
1002
{
1070
     7
1000
OPEN
1070
     6
1000
OPEN
1070
   142
1040
0.0
1070
   282
1070
     0
1070
   281
1070
     0
1070
   280
1070
     0
1070
    77
1070
     1
1070
   145
1040
0.3125
1070
   294
1070
     0
1070
    69
1070
     0
1070
   279
1070
     0
1070
   172
1070
     0
1070
    71
1070
     0
1070
   170
1070
     0
1070
   278
1070
    46
1070
    45
1040
0.0
1070
    76
1070
     0
1070
    75
1070
     0
1070
    90
1070
     2
1070
   179
1070
     0
1070
    41
1040
0.546875
1070
   289
1070
     3
1070
   275
1070
     0
1070
    79
1070
     0
1070
   141
1040
0.0
1070
   176
1070
     2
1070
   177
1070
     2
1070
   178
1070
     2
1070
   271
1070
     5
1070
    44
1040
0.3125
1070
    42
1040
0.3125
1070
   276
1070
     2
1070
   147
1040
0.15625
1070
   144
1040
0.25
1070
   277
1070
     5
1070
   371
1070
     0
1070
   372
1070
     0
1070
     3
1000
<>"
1070
   173
1070
     1
1070
   175
1070
     1
1070
    73
1070
     0
1070
    74
1070
     0
1070
   340
1005
811
1070
   140
1040
0.625
1070
    78
1070
    12
1070
   345
1005
EE4
1070
   346
1005
EE4
1070
   347
1005
EE4
1070
   297
1040
1000.0
1070
   298
1000
TH
1002
}
1001
ACAD_DSTYLE_DIMARC_LENGTH_SYMBOL
1070
   379
1070
     2
1001
ACAD_DSTYLE_DIM_LINETYPE
1070
   380
1005
EE4
1001
ACAD_DSTYLE_DIM_EXT1_LINETYPE
1070
   381
1005
EE4
1001
ACAD_DSTYLE_DIM_EXT2_LINETYPE
1070
   382
1005
EE4
  0
LWPOLYLINE
  5
157E
102
{ACAD_REACTORS
330
157F
102
}
330
EED
100
AcDbEntity
  8
HATCH
100
AcDbPolyline
 90
        6
 70
     1
 43
0.0
 10
-26.88619603198921
 20
77.09629939633068
 10
-24.88619603198921
 20
77.09629939633068
 10
-24.88619603198921
 20
76.09629939633133
 10
-22.88017658378165
 20
76.09629939633133
 10
-23.01119603198927
 20
78.59629939633122
 10
-26.88619603198921
 20
78.59629939633122
  0
HATCH
  5
157F
330
EED
100
AcDbEntity
  8
HATCH
100
AcDbHatch
 10
0.0
 20
0.0
 30
0.0
210
0.0
220
0.0
230
1.0
  2
HATCH
 70
     0
 71
     1
 91
        1
 92
        1
 93
        6
 72
     1
 10
-26.88619603198921
 20
77.09629939633068
 11
-24.88619603198921
 21
77.09629939633068
 72
     1
 10
-24.88619603198921
 20
77.09629939633068
 11
-24.88619603198921
 21
76.09629939633133
 72
     1
 10
-24.88619603198921
 20
76.09629939633133
 11
-22.88017658378165
 21
76.09629939633133
 72
     1
 10
-22.88017658378165
 20
76.09629939633133
 11
-23.01119603198927
 21
78.59629939633122
 72
     1
 10
-23.01119603198927
 20
78.59629939633122
 11
-26.88619603198921
 21
78.59629939633122
 72
     1
 10
-26.88619603198921
 20
78.59629939633122
 11
-26.88619603198921
 21
77.09629939633068
 97
        1
330
157E
 75
     0
 76
     0
 52
45.0
 41
1.0
 77
     0
 78
     1
 53
45.0
 43
-24.20295577652862
 44
78.318111989403
 45
-0.3535533905932737
 46
0.3535533905932738
 79
     1
 49
0.5
 98
        1
 10
0.0
 20
0.0
1001
ACAD
1010
-23.84940238593535
1020
77.96455859880972
1030
0.0
  0
DIMENSION
  5
1581
102
{ACAD_REACTORS
330
178C
102
}
102
{ACAD_XDICTIONARY
360
178B
102
}
330
EED
100
AcDbEntity
  8
DIMENSION
  6
Continuous
 62
     2
100
AcDbDimension
  2
*D110
 10
-23.0674378685496
 20
81.45876097703105
 30
0.0
 11
-21.46809419735651
 21
81.04620829242333
 31
0.0
 70
    37
 71
     5
 42
-1.0
  3
STANDARD
100
AcDb3PointAngularDimension
 13
-22.88017658378165
 23
79.70075395507865
 33
0.0
 14
-23.06360381127227
 24
79.59629939633122
 34
0.0
 15
-22.88017658378165
 25
76.09629939633133
 35
0.0
1001
ACAD
1000
DSTYLE
1002
{
1070
     7
1000
OPEN
1070
     6
1000
OPEN
1070
   142
1040
0.0
1070
   282
1070
     0
1070
   281
1070
     0
1070
   280
1070
     0
1070
    77
1070
     0
1070
   145
1040
0.3125
1070
   294
1070
     0
1070
    69
1070
     0
1070
   279
1070
     0
1070
   172
1070
     0
1070
    71
1070
     0
1070
   170
1070
     0
1070
   278
1070
    46
1070
    45
1040
0.0
1070
    76
1070
     0
1070
    75
1070
     0
1070
    90
1070
     2
1070
   179
1070
     1
1070
    41
1040
0.546875
1070
   289
1070
     1
1070
   275
1070
     0
1070
    79
1070
     3
1070
   141
1040
0.0
1070
   176
1070
     2
1070
   177
1070
     2
1070
   178
1070
     2
1070
   271
1070
     1
1070
    44
1040
0.3125
1070
    42
1040
0.3125
1070
   276
1070
     2
1070
   147
1040
0.15625
1070
   144
1040
0.25
1070
   277
1070
     5
1070
   371
1070
     0
1070
   372
1070
     0
1070
     3
1000

1070
   173
1070
     1
1070
   175
1070
     1
1070
    73
1070
     1
1070
    74
1070
     1
1070
   340
1005
811
1070
   140
1040
0.625
1070
    78
1070
    12
1070
   345
1005
EE4
1070
   346
1005
EE4
1070
   347
1005
EE4
1070
   297
1040
1000.0
1070
   298
1000

1002
}
1001
ACAD_DSTYLE_DIMARC_LENGTH_SYMBOL
1070
   379
1070
     2
1001
ACAD_DSTYLE_DIM_LINETYPE
1070
   380
1005
EE4
1001
ACAD_DSTYLE_DIM_EXT1_LINETYPE
1070
   381
1005
EE4
1001
ACAD_DSTYLE_DIM_EXT2_LINETYPE
1070
   382
1005
EE4
  0
TEXT
  5
158A
330
EED
100
AcDbEntity
  8
CONSTRUCTION
 62
     2
100
AcDbText
 10
-26.46800773645685
 20
70.74495411713646
 30
0.0
 40
0.625
  1
SECTION A-A
 41
0.5
  7
STEVE
 72
     1
 11
-24.88318630788543
 21
71.05745411713646
 31
0.0
100
AcDbText
 73
     2
  0
LINE
  5
158B
330
EED
100
AcDbEntity
  8
CONSTRUCTION
100
AcDbLine
 10
-26.96292384100665
 20
70.5504137710441
 30
0.0
 11
-22.80344877476421
 21
70.5504137710441
 31
0.0
  0
LINE
  5
158C
102
{ACAD_REACTORS
330
178E
330
1792
102
}
330
EED
100
AcDbEntity
  8
CONSTRUCTION
100
AcDbLine
 10
-23.24804140721148
 20
59.47445607835886
 30
0.0
 11
-22.88017658378165
 21
55.97445607835898
 31
0.0
  0
LINE
  5
158D
102
{ACAD_REACTORS
330
178E
330
1790
330
1794
102
}
330
EED
100
AcDbEntity
  8
CONSTRUCTION
100
AcDbLine
 10
-27.26119603198921
 20
59.47445607835886
 30
0.0
 11
-23.24804140721148
 21
59.47445607835886
 31
0.0
  0
LINE
  5
158E
102
{ACAD_REACTORS
330
1790
102
}
330
EED
100
AcDbEntity
  8
CONSTRUCTION
100
AcDbLine
 10
-27.26119603198921
 20
55.97445607835898
 30
0.0
 11
-27.26119603198921
 21
59.47445607835886
 31
0.0
  0
LINE
  5
158F
330
EED
100
AcDbEntity
  8
CONSTRUCTION
100
AcDbLine
 10
-27.26119603198921
 20
55.97445607835898
 30
0.0
 11
-22.88017658378165
 21
55.97445607835898
 31
0.0
  0
DIMENSION
  5
1591
102
{ACAD_REACTORS
330
178E
102
}
102
{ACAD_XDICTIONARY
360
178D
102
}
330
EED
100
AcDbEntity
  8
DIMENSION
  6
Continuous
 62
     2
100
AcDbDimension
  2
*D111
 10
-22.88017658378165
 20
64.44819829630907
 30
0.0
 11
-25.07068630788543
 21
63.97944829630907
 31
0.0
 70
    32
 71
     5
 42
-1.0
 52
-90.0
  3
STANDARD
100
AcDbAlignedDimension
 13
-27.26119603198921
 23
59.47445607835886
 33
0.0
 14
-22.88017658378165
 24
55.97445607835898
 34
0.0
100
AcDbRotatedDimension
1001
ACAD
1000
DSTYLE
1002
{
1070
     7
1000
OPEN
1070
     6
1000
OPEN
1070
   142
1040
0.0
1070
   282
1070
     0
1070
   281
1070
     0
1070
   280
1070
     0
1070
    77
1070
     0
1070
   145
1040
0.3125
1070
   294
1070
     0
1070
    69
1070
     0
1070
   279
1070
     0
1070
   172
1070
     0
1070
    71
1070
     0
1070
   170
1070
     0
1070
   278
1070
    46
1070
    45
1040
0.0
1070
    76
1070
     0
1070
    75
1070
     0
1070
    90
1070
     2
1070
   179
1070
     0
1070
    41
1040
0.546875
1070
   289
1070
     1
1070
   275
1070
     0
1070
    79
1070
     0
1070
   141
1040
0.0
1070
   176
1070
     2
1070
   177
1070
     2
1070
   178
1070
     2
1070
   271
1070
     5
1070
    44
1040
0.3125
1070
    42
1040
0.3125
1070
   276
1070
     2
1070
   147
1040
0.15625
1070
   144
1040
0.25
1070
   277
1070
     5
1070
   371
1070
     0
1070
   372
1070
     0
1070
     3
1000
<>"
1070
   173
1070
     1
1070
   175
1070
     1
1070
    73
1070
     0
1070
    74
1070
     0
1070
   340
1005
811
1070
   140
1040
0.625
1070
    78
1070
    12
1070
   345
1005
EE4
1070
   346
1005
EE4
1070
   347
1005
EE4
1070
   297
1040
1000.0
1070
   298
1000
TH
1002
}
1001
ACAD_DSTYLE_DIMARC_LENGTH_SYMBOL
1070
   379
1070
     2
1001
ACAD_DSTYLE_DIM_LINETYPE
1070
   380
1005
EE4
1001
ACAD_DSTYLE_DIM_EXT1_LINETYPE
1070
   381
1005
EE4
1001
ACAD_DSTYLE_DIM_EXT2_LINETYPE
1070
   382
1005
EE4
  0
DIMENSION
  5
159F
102
{ACAD_REACTORS
330
1790
102
}
102
{ACAD_XDICTIONARY
360
178F
102
}
330
EED
100
AcDbEntity
  8
DIMENSION
  6
Continuous
 62
     2
100
AcDbDimension
  2
*D112
 10
-29.06024667361135
 20
55.97445607835898
 30
0.0
 11
-28.59149667361135
 21
57.72445607835892
 31
0.0
 70
    32
 71
     5
 42
-1.0
 52
90.0
  3
STANDARD
100
AcDbAlignedDimension
 13
-27.26119603198921
 23
59.47445607835886
 33
0.0
 14
-27.26119603198921
 24
55.97445607835898
 34
0.0
 50
-90.0
100
AcDbRotatedDimension
1001
ACAD
1000
DSTYLE
1002
{
1070
     7
1000
OPEN
1070
     6
1000
OPEN
1070
   142
1040
0.0
1070
   282
1070
     0
1070
   281
1070
     0
1070
   280
1070
     0
1070
    77
1070
     0
1070
   145
1040
0.3125
1070
   294
1070
     0
1070
    69
1070
     0
1070
   279
1070
     0
1070
   172
1070
     0
1070
    71
1070
     0
1070
   170
1070
     0
1070
   278
1070
    46
1070
    45
1040
0.0
1070
    76
1070
     0
1070
    75
1070
     0
1070
    90
1070
     2
1070
   179
1070
     0
1070
    41
1040
0.546875
1070
   289
1070
     1
1070
   275
1070
     0
1070
    79
1070
     0
1070
   141
1040
0.0
1070
   176
1070
     2
1070
   177
1070
     2
1070
   178
1070
     2
1070
   271
1070
     5
1070
    44
1040
0.3125
1070
    42
1040
0.3125
1070
   276
1070
     2
1070
   147
1040
0.15625
1070
   144
1040
0.25
1070
   277
1070
     5
1070
   371
1070
     0
1070
   372
1070
     0
1070
     3
1000
<>"
1070
   173
1070
     1
1070
   175
1070
     1
1070
    73
1070
     0
1070
    74
1070
     0
1070
   340
1005
811
1070
   140
1040
0.625
1070
    78
1070
    12
1070
   345
1005
EE4
1070
   346
1005
EE4
1070
   347
1005
EE4
1070
   297
1040
1000.0
1070
   298
1000
TH
1002
}
1001
ACAD_DSTYLE_DIMARC_LENGTH_SYMBOL
1070
   379
1070
     2
1001
ACAD_DSTYLE_DIM_LINETYPE
1070
   380
1005
EE4
1001
ACAD_DSTYLE_DIM_EXT1_LINETYPE
1070
   381
1005
EE4
1001
ACAD_DSTYLE_DIM_EXT2_LINETYPE
1070
   382
1005
EE4
  0
DIMENSION
  5
15AC
102
{ACAD_REACTORS
330
1792
102
}
102
{ACAD_XDICTIONARY
360
1791
102
}
330
EED
100
AcDbEntity
  8
DIMENSION
  6
Continuous
 62
     2
100
AcDbDimension
  2
*D113
 10
-23.25447100428746
 20
61.32711566776236
 30
0.0
 11
-21.46809419735651
 21
60.924364974451
 31
0.0
 70
    37
 71
     5
 42
-1.0
  3
STANDARD
100
AcDb3PointAngularDimension
 13
-22.88017658378165
 23
59.57891063710631
 33
0.0
 14
-23.24804140721148
 24
59.47445607835886
 34
0.0
 15
-22.88017658378165
 25
55.97445607835898
 35
0.0
1001
ACAD
1000
DSTYLE
1002
{
1070
     7
1000
OPEN
1070
     6
1000
OPEN
1070
   142
1040
0.0
1070
   282
1070
     0
1070
   281
1070
     0
1070
   280
1070
     0
1070
    77
1070
     0
1070
   145
1040
0.3125
1070
   294
1070
     0
1070
    69
1070
     0
1070
   279
1070
     0
1070
   172
1070
     0
1070
    71
1070
     0
1070
   170
1070
     0
1070
   278
1070
    46
1070
    45
1040
0.0
1070
    76
1070
     0
1070
    75
1070
     0
1070
    90
1070
     2
1070
   179
1070
     1
1070
    41
1040
0.546875
1070
   289
1070
     1
1070
   275
1070
     0
1070
    79
1070
     3
1070
   141
1040
0.0
1070
   176
1070
     2
1070
   177
1070
     2
1070
   178
1070
     2
1070
   271
1070
     1
1070
    44
1040
0.3125
1070
    42
1040
0.3125
1070
   276
1070
     2
1070
   147
1040
0.15625
1070
   144
1040
0.25
1070
   277
1070
     5
1070
   371
1070
     0
1070
   372
1070
     0
1070
     3
1000

1070
   173
1070
     1
1070
   175
1070
     1
1070
    73
1070
     1
1070
    74
1070
     1
1070
   340
1005
811
1070
   140
1040
0.625
1070
    78
1070
    12
1070
   345
1005
EE4
1070
   346
1005
EE4
1070
   347
1005
EE4
1070
   297
1040
1000.0
1070
   298
1000

1002
}
1001
ACAD_DSTYLE_DIMARC_LENGTH_SYMBOL
1070
   379
1070
     2
1001
ACAD_DSTYLE_DIM_LINETYPE
1070
   380
1005
EE4
1001
ACAD_DSTYLE_DIM_EXT1_LINETYPE
1070
   381
1005
EE4
1001
ACAD_DSTYLE_DIM_EXT2_LINETYPE
1070
   382
1005
EE4
  0
LINE
  5
15B5
330
EED
100
AcDbEntity
  8
CONSTRUCTION
100
AcDbLine
 10
-26.96292384100665
 20
53.91111115711787
 30
0.0
 11
-22.80344877476421
 21
53.91111115711787
 31
0.0
  0
DIMENSION
  5
15B7
102
{ACAD_REACTORS
330
1794
102
}
102
{ACAD_XDICTIONARY
360
1793
102
}
330
EED
100
AcDbEntity
  8
DIMENSION
  6
Continuous
 62
     2
100
AcDbDimension
  2
*D114
 10
-23.24804140721148
 20
63.03271066346792
 30
0.0
 11
-25.25461871960034
 21
62.72021066346792
 31
0.0
 70
    32
 71
     5
 42
-1.0
 52
-90.0
  3
STANDARD
100
AcDbAlignedDimension
 13
-27.26119603198921
 23
59.47445607835886
 33
0.0
 14
-23.24804140721148
 24
59.47445607835886
 34
0.0
100
AcDbRotatedDimension
1001
ACAD
1000
DSTYLE
1002
{
1070
     7
1000
OPEN
1070
     6
1000
OPEN
1070
   142
1040
0.0
1070
   282
1070
     0
1070
   281
1070
     0
1070
   280
1070
     0
1070
    77
1070
     0
1070
   145
1040
0.3125
1070
   294
1070
     0
1070
    69
1070
     0
1070
   279
1070
     0
1070
   172
1070
     0
1070
    71
1070
     0
1070
   170
1070
     0
1070
   278
1070
    46
1070
    45
1040
0.0
1070
    76
1070
     0
1070
    75
1070
     0
1070
    90
1070
     2
1070
   179
1070
     0
1070
    41
1040
0.546875
1070
   289
1070
     1
1070
   275
1070
     0
1070
    79
1070
     0
1070
   141
1040
0.0
1070
   176
1070
     2
1070
   177
1070
     2
1070
   178
1070
     2
1070
   271
1070
     5
1070
    44
1040
0.3125
1070
    42
1040
0.3125
1070
   276
1070
     2
1070
   147
1040
0.15625
1070
   144
1040
0.25
1070
   277
1070
     5
1070
   371
1070
     0
1070
   372
1070
     0
1070
     3
1000
<>"
1070
   173
1070
     1
1070
   175
1070
     1
1070
    73
1070
     1
1070
    74
1070
     1
1070
   340
1005
811
1070
   140
1040
0.625
1070
    78
1070
    12
1070
   345
1005
EE4
1070
   346
1005
EE4
1070
   347
1005
EE4
1070
   297
1040
1000.0
1070
   298
1000
TH
1002
}
1001
ACAD_DSTYLE_DIMARC_LENGTH_SYMBOL
1070
   379
1070
     2
1001
ACAD_DSTYLE_DIM_LINETYPE
1070
   380
1005
EE4
1001
ACAD_DSTYLE_DIM_EXT1_LINETYPE
1070
   381
1005
EE4
1001
ACAD_DSTYLE_DIM_EXT2_LINETYPE
1070
   382
1005
EE4
  0
LWPOLYLINE
  5
15C0
102
{ACAD_REACTORS
330
15C1
102
}
330
EED
100
AcDbEntity
  8
HATCH
100
AcDbPolyline
 90
        4
 70
     1
 43
0.0
 10
-22.88017658378165
 20
55.97445607835898
 10
-23.24804140721149
 20
59.47445607835886
 10
-27.26119603198921
 20
59.47445607835886
 10
-27.26119603198921
 20
55.97445607835898
  0
HATCH
  5
15C1
330
EED
100
AcDbEntity
  8
HATCH
100
AcDbHatch
 10
0.0
 20
0.0
 30
0.0
210
0.0
220
0.0
230
1.0
  2
HATCH
 70
     0
 71
     1
 91
        1
 92
        1
 93
        4
 72
     1
 10
-22.88017658378165
 20
55.97445607835898
 11
-23.24804140721149
 21
59.47445607835886
 72
     1
 10
-23.24804140721149
 20
59.47445607835886
 11
-27.26119603198921
 21
59.47445607835886
 72
     1
 10
-27.26119603198921
 20
59.47445607835886
 11
-27.26119603198921
 21
55.97445607835898
 72
     1
 10
-27.26119603198921
 20
55.97445607835898
 11
-22.88017658378165
 21
55.97445607835898
 97
        1
330
15C0
 75
     0
 76
     0
 52
45.0
 41
1.0
 77
     0
 78
     1
 53
45.0
 43
-25.56397276317729
 44
58.80690430390864
 45
-0.3535533905932737
 46
0.3535533905932738
 79
     1
 49
0.5
 98
        1
 10
0.0
 20
0.0
1001
ACAD
1010
-25.21041937258401
1020
58.45335091331536
1030
0.0
  0
TEXT
  5
15C2
330
EED
100
AcDbEntity
  8
CONSTRUCTION
 62
     2
100
AcDbText
 10
-26.49776964121876
 20
54.10565150321023
 30
0.0
 40
0.625
  1
SECTION B-B
 41
0.5
  7
STEVE
 72
     1
 11
-24.88318630788543
 21
54.41815150321023
 31
0.0
100
AcDbText
 73
     2
  0
LINE
  5
15C3
102
{ACAD_REACTORS
330
1784
330
1788
330
1796
102
}
330
EED
100
AcDbEntity
  8
CONSTRUCTION
100
AcDbLine
 10
-24.34118361902325
 20
42.2641334977137
 30
0.0
 11
-20.8411836190234
 21
38.76413349771381
 31
0.0
  0
LINE
  5
15C4
102
{ACAD_REACTORS
330
1786
330
1796
330
1798
102
}
330
EED
100
AcDbEntity
  8
CONSTRUCTION
100
AcDbLine
 10
-28.34118361902325
 20
42.2641334977137
 30
0.0
 11
-24.34118361902325
 21
42.2641334977137
 31
0.0
  0
LINE
  5
15C5
102
{ACAD_REACTORS
330
1798
102
}
330
EED
100
AcDbEntity
  8
CONSTRUCTION
100
AcDbLine
 10
-28.34118361902325
 20
38.76413349771381
 30
0.0
 11
-28.34118361902325
 21
42.2641334977137
 31
0.0
  0
LINE
  5
15C6
330
EED
100
AcDbEntity
  8
CONSTRUCTION
100
AcDbLine
 10
-28.34118361902325
 20
38.76413349771381
 30
0.0
 11
-20.8411836190234
 21
38.76413349771381
 31
0.0
  0
DIMENSION
  5
15C8
102
{ACAD_REACTORS
330
1796
102
}
102
{ACAD_XDICTIONARY
360
1795
102
}
330
EED
100
AcDbEntity
  8
DIMENSION
  6
Continuous
 62
     2
100
AcDbDimension
  2
*D115
 10
-20.8411836190234
 20
45.830485745663
 30
0.0
 11
-24.59118361902333
 21
45.361735745663
 31
0.0
 70
    32
 71
     5
 42
-1.0
 52
-90.0
  3
STANDARD
100
AcDbAlignedDimension
 13
-28.34118361902325
 23
42.2641334977137
 33
0.0
 14
-20.8411836190234
 24
38.76413349771381
 34
0.0
100
AcDbRotatedDimension
1001
ACAD
1000
DSTYLE
1002
{
1070
     7
1000
OPEN
1070
     6
1000
OPEN
1070
   142
1040
0.0
1070
   282
1070
     0
1070
   281
1070
     0
1070
   280
1070
     0
1070
    77
1070
     0
1070
   145
1040
0.3125
1070
   294
1070
     0
1070
    69
1070
     0
1070
   279
1070
     0
1070
   172
1070
     0
1070
    71
1070
     0
1070
   170
1070
     0
1070
   278
1070
    46
1070
    45
1040
0.0
1070
    76
1070
     0
1070
    75
1070
     0
1070
    90
1070
     2
1070
   179
1070
     0
1070
    41
1040
0.546875
1070
   289
1070
     1
1070
   275
1070
     0
1070
    79
1070
     0
1070
   141
1040
0.0
1070
   176
1070
     2
1070
   177
1070
     2
1070
   178
1070
     2
1070
   271
1070
     5
1070
    44
1040
0.3125
1070
    42
1040
0.3125
1070
   276
1070
     2
1070
   147
1040
0.15625
1070
   144
1040
0.25
1070
   277
1070
     5
1070
   371
1070
     0
1070
   372
1070
     0
1070
     3
1000
<>"
1070
   173
1070
     1
1070
   175
1070
     1
1070
    73
1070
     0
1070
    74
1070
     0
1070
   340
1005
811
1070
   140
1040
0.625
1070
    78
1070
    12
1070
   345
1005
EE4
1070
   346
1005
EE4
1070
   347
1005
EE4
1070
   297
1040
1000.0
1070
   298
1000
TH
1002
}
1001
ACAD_DSTYLE_DIMARC_LENGTH_SYMBOL
1070
   379
1070
     2
1001
ACAD_DSTYLE_DIM_LINETYPE
1070
   380
1005
EE4
1001
ACAD_DSTYLE_DIM_EXT1_LINETYPE
1070
   381
1005
EE4
1001
ACAD_DSTYLE_DIM_EXT2_LINETYPE
1070
   382
1005
EE4
  0
DIMENSION
  5
15D6
102
{ACAD_REACTORS
330
1798
102
}
102
{ACAD_XDICTIONARY
360
1797
102
}
330
EED
100
AcDbEntity
  8
DIMENSION
  6
Continuous
 62
     2
100
AcDbDimension
  2
*D116
 10
-30.51220131402852
 20
38.76413349771381
 30
0.0
 11
-30.04345131402852
 21
40.51413349771376
 31
0.0
 70
    32
 71
     5
 42
-1.0
 52
90.0
  3
STANDARD
100
AcDbAlignedDimension
 13
-28.34118361902325
 23
42.2641334977137
 33
0.0
 14
-28.34118361902325
 24
38.76413349771381
 34
0.0
 50
-90.0
100
AcDbRotatedDimension
1001
ACAD
1000
DSTYLE
1002
{
1070
     7
1000
OPEN
1070
     6
1000
OPEN
1070
   142
1040
0.0
1070
   282
1070
     0
1070
   281
1070
     0
1070
   280
1070
     0
1070
    77
1070
     0
1070
   145
1040
0.3125
1070
   294
1070
     0
1070
    69
1070
     0
1070
   279
1070
     0
1070
   172
1070
     0
1070
    71
1070
     0
1070
   170
1070
     0
1070
   278
1070
    46
1070
    45
1040
0.0
1070
    76
1070
     0
1070
    75
1070
     0
1070
    90
1070
     2
1070
   179
1070
     0
1070
    41
1040
0.546875
1070
   289
1070
     1
1070
   275
1070
     0
1070
    79
1070
     0
1070
   141
1040
0.0
1070
   176
1070
     2
1070
   177
1070
     2
1070
   178
1070
     2
1070
   271
1070
     5
1070
    44
1040
0.3125
1070
    42
1040
0.3125
1070
   276
1070
     2
1070
   147
1040
0.15625
1070
   144
1040
0.25
1070
   277
1070
     5
1070
   371
1070
     0
1070
   372
1070
     0
1070
     3
1000
<>"
1070
   173
1070
     1
1070
   175
1070
     1
1070
    73
1070
     0
1070
    74
1070
     0
1070
   340
1005
811
1070
   140
1040
0.625
1070
    78
1070
    12
1070
   345
1005
EE4
1070
   346
1005
EE4
1070
   347
1005
EE4
1070
   297
1040
1000.0
1070
   298
1000
TH
1002
}
1001
ACAD_DSTYLE_DIMARC_LENGTH_SYMBOL
1070
   379
1070
     2
1001
ACAD_DSTYLE_DIM_LINETYPE
1070
   380
1005
EE4
1001
ACAD_DSTYLE_DIM_EXT1_LINETYPE
1070
   381
1005
EE4
1001
ACAD_DSTYLE_DIM_EXT2_LINETYPE
1070
   382
1005
EE4
  0
DIMENSION
  5
15E3
102
{ACAD_REACTORS
330
1784
102
}
102
{ACAD_XDICTIONARY
360
1783
102
}
330
EED
100
AcDbEntity
  8
DIMENSION
  6
Continuous
 62
     2
100
AcDbDimension
  2
*D117
 10
-22.77720378951224
 20
42.11741879747866
 30
0.0
 11
-22.32294930696483
 21
42.02893231780114
 31
0.0
 70
    37
 71
     5
 42
-1.0
  3
STANDARD
100
AcDb3PointAngularDimension
 13
-20.8411836190234
 23
42.36858805646115
 33
0.0
 14
-24.34118361902325
 24
42.2641334977137
 34
0.0
 15
-20.8411836190234
 25
38.76413349771381
 35
0.0
1001
ACAD
1000
DSTYLE
1002
{
1070
     7
1000
OPEN
1070
     6
1000
OPEN
1070
   142
1040
0.0
1070
   282
1070
     0
1070
   281
1070
     0
1070
   280
1070
     0
1070
    77
1070
     0
1070
   145
1040
0.3125
1070
   294
1070
     0
1070
    69
1070
     0
1070
   279
1070
     0
1070
   172
1070
     0
1070
    71
1070
     0
1070
   170
1070
     0
1070
   278
1070
    46
1070
    45
1040
0.0
1070
    76
1070
     0
1070
    75
1070
     0
1070
    90
1070
     2
1070
   179
1070
     1
1070
    41
1040
0.546875
1070
   289
1070
     1
1070
   275
1070
     0
1070
    79
1070
     3
1070
   141
1040
0.0
1070
   176
1070
     2
1070
   177
1070
     2
1070
   178
1070
     2
1070
   271
1070
     1
1070
    44
1040
0.3125
1070
    42
1040
0.3125
1070
   276
1070
     2
1070
   147
1040
0.15625
1070
   144
1040
0.25
1070
   277
1070
     5
1070
   371
1070
     0
1070
   372
1070
     0
1070
     3
1000

1070
   173
1070
     1
1070
   175
1070
     1
1070
    73
1070
     1
1070
    74
1070
     1
1070
   340
1005
811
1070
   140
1040
0.625
1070
    78
1070
    12
1070
   345
1005
EE4
1070
   346
1005
EE4
1070
   347
1005
EE4
1070
   297
1040
1000.0
1070
   298
1000

1002
}
1001
ACAD_DSTYLE_DIMARC_LENGTH_SYMBOL
1070
   379
1070
     2
1001
ACAD_DSTYLE_DIM_LINETYPE
1070
   380
1005
EE4
1001
ACAD_DSTYLE_DIM_EXT1_LINETYPE
1070
   381
1005
EE4
1001
ACAD_DSTYLE_DIM_EXT2_LINETYPE
1070
   382
1005
EE4
  0
LINE
  5
15EC
330
EED
100
AcDbEntity
  8
CONSTRUCTION
100
AcDbLine
 10
-26.96292384100665
 20
36.7007885764727
 30
0.0
 11
-22.80344877476421
 21
36.7007885764727
 31
0.0
  0
DIMENSION
  5
15EE
102
{ACAD_REACTORS
330
1786
102
}
102
{ACAD_XDICTIONARY
360
1785
102
}
330
EED
100
AcDbEntity
  8
DIMENSION
  6
Continuous
 62
     2
100
AcDbDimension
  2
*D118
 10
-24.34118361902325
 20
44.53647652907313
 30
0.0
 11
-26.34118361902325
 21
44.22397652907313
 31
0.0
 70
    32
 71
     5
 42
-1.0
 52
-90.0
  3
STANDARD
100
AcDbAlignedDimension
 13
-28.34118361902325
 23
42.2641334977137
 33
0.0
 14
-24.34118361902325
 24
42.2641334977137
 34
0.0
100
AcDbRotatedDimension
1001
ACAD
1000
DSTYLE
1002
{
1070
     7
1000
OPEN
1070
     6
1000
OPEN
1070
   142
1040
0.0
1070
   282
1070
     0
1070
   281
1070
     0
1070
   280
1070
     0
1070
    77
1070
     0
1070
   145
1040
0.3125
1070
   294
1070
     0
1070
    69
1070
     0
1070
   279
1070
     0
1070
   172
1070
     0
1070
    71
1070
     0
1070
   170
1070
     0
1070
   278
1070
    46
1070
    45
1040
0.0
1070
    76
1070
     0
1070
    75
1070
     0
1070
    90
1070
     2
1070
   179
1070
     0
1070
    41
1040
0.546875
1070
   289
1070
     1
1070
   275
1070
     0
1070
    79
1070
     0
1070
   141
1040
0.0
1070
   176
1070
     2
1070
   177
1070
     2
1070
   178
1070
     2
1070
   271
1070
     5
1070
    44
1040
0.3125
1070
    42
1040
0.3125
1070
   276
1070
     2
1070
   147
1040
0.15625
1070
   144
1040
0.25
1070
   277
1070
     5
1070
   371
1070
     0
1070
   372
1070
     0
1070
     3
1000
<>"
1070
   173
1070
     1
1070
   175
1070
     1
1070
    73
1070
     1
1070
    74
1070
     1
1070
   340
1005
811
1070
   140
1040
0.625
1070
    78
1070
    12
1070
   345
1005
EE4
1070
   346
1005
EE4
1070
   347
1005
EE4
1070
   297
1040
1000.0
1070
   298
1000
TH
1002
}
1001
ACAD_DSTYLE_DIMARC_LENGTH_SYMBOL
1070
   379
1070
     2
1001
ACAD_DSTYLE_DIM_LINETYPE
1070
   380
1005
EE4
1001
ACAD_DSTYLE_DIM_EXT1_LINETYPE
1070
   381
1005
EE4
1001
ACAD_DSTYLE_DIM_EXT2_LINETYPE
1070
   382
1005
EE4
  0
TEXT
  5
15F7
330
EED
100
AcDbEntity
  8
CONSTRUCTION
 62
     2
100
AcDbText
 10
-26.49817018443165
 20
36.89532892256507
 30
0.0
 40
0.625
  1
SECTION C-C
 41
0.5
  7
STEVE
 72
     1
 11
-24.88358685109832
 21
37.20782892256507
 31
0.0
100
AcDbText
 73
     2
  0
DIMENSION
  5
15F9
102
{ACAD_REACTORS
330
1788
102
}
102
{ACAD_XDICTIONARY
360
1787
102
}
330
EED
100
AcDbEntity
  8
DIMENSION
  6
Continuous
 62
     2
100
AcDbDimension
  2
*D119
 10
-20.8411836190234
 20
44.53647652907313
 30
0.0
 11
-22.59118361902333
 21
44.06772652907313
 31
0.0
 70
    32
 71
     5
 42
-1.0
 52
-90.0
  3
STANDARD
100
AcDbAlignedDimension
 13
-24.34118361902325
 23
42.2641334977137
 33
0.0
 14
-20.8411836190234
 24
38.76413349771381
 34
0.0
100
AcDbRotatedDimension
1001
ACAD
1000
DSTYLE
1002
{
1070
     7
1000
OPEN
1070
     6
1000
OPEN
1070
   142
1040
0.0
1070
   282
1070
     0
1070
   281
1070
     0
1070
   280
1070
     0
1070
    77
1070
     0
1070
   145
1040
0.3125
1070
   294
1070
     0
1070
    69
1070
     0
1070
   279
1070
     0
1070
   172
1070
     0
1070
    71
1070
     0
1070
   170
1070
     0
1070
   278
1070
    46
1070
    45
1040
0.0
1070
    76
1070
     0
1070
    75
1070
     0
1070
    90
1070
     2
1070
   179
1070
     0
1070
    41
1040
0.546875
1070
   289
1070
     1
1070
   275
1070
     0
1070
    79
1070
     0
1070
   141
1040
0.0
1070
   176
1070
     2
1070
   177
1070
     2
1070
   178
1070
     2
1070
   271
1070
     5
1070
    44
1040
0.3125
1070
    42
1040
0.3125
1070
   276
1070
     2
1070
   147
1040
0.15625
1070
   144
1040
0.25
1070
   277
1070
     5
1070
   371
1070
     0
1070
   372
1070
     0
1070
     3
1000
<>"
1070
   173
1070
     1
1070
   175
1070
     1
1070
    73
1070
     1
1070
    74
1070
     1
1070
   340
1005
811
1070
   140
1040
0.625
1070
    78
1070
    12
1070
   345
1005
EE4
1070
   346
1005
EE4
1070
   347
1005
EE4
1070
   297
1040
1000.0
1070
   298
1000
TH
1002
}
1001
ACAD_DSTYLE_DIMARC_LENGTH_SYMBOL
1070
   379
1070
     2
1001
ACAD_DSTYLE_DIM_LINETYPE
1070
   380
1005
EE4
1001
ACAD_DSTYLE_DIM_EXT1_LINETYPE
1070
   381
1005
EE4
1001
ACAD_DSTYLE_DIM_EXT2_LINETYPE
1070
   382
1005
EE4
  0
LWPOLYLINE
  5
1605
102
{ACAD_REACTORS
330
1606
102
}
330
EED
100
AcDbEntity
  8
HATCH
100
AcDbPolyline
 90
        4
 70
     1
 43
0.0
 10
-20.8411836190234
 20
38.76413349771381
 10
-24.34118361902325
 20
42.2641334977137
 10
-28.34118361902325
 20
42.2641334977137
 10
-28.34118361902325
 20
38.76413349771381
  0
HATCH
  5
1606
330
EED
100
AcDbEntity
  8
HATCH
100
AcDbHatch
 10
0.0
 20
0.0
 30
0.0
210
0.0
220
0.0
230
1.0
  2
HATCH
 70
     0
 71
     1
 91
        1
 92
        1
 93
        4
 72
     1
 10
-20.8411836190234
 20
38.76413349771381
 11
-24.34118361902325
 21
42.2641334977137
 72
     1
 10
-24.34118361902325
 20
42.2641334977137
 11
-28.34118361902325
 21
42.2641334977137
 72
     1
 10
-28.34118361902325
 20
42.2641334977137
 11
-28.34118361902325
 21
38.76413349771381
 72
     1
 10
-28.34118361902325
 20
38.76413349771381
 11
-20.8411836190234
 21
38.76413349771381
 97
        1
330
1605
 75
     0
 76
     0
 52
45.0
 41
1.0
 77
     0
 78
     1
 53
45.0
 43
-25.51481592829792
 44
40.77165110168796
 45
-0.3535533905932737
 46
0.3535533905932738
 79
     1
 49
0.5
 98
        1
 10
0.0
 20
0.0
1001
ACAD
1010
-25.16126253770465
1020
40.41809771109468
1030
0.0
  0
TEXT
  5
1607
330
EED
100
AcDbEntity
  8
HATCH
 62
     2
100
AcDbText
 10
-36.69472727912331
 20
8.773947979140862
 30
0.0
 40
0.625
  1
SEE SHEET #3 FOR PLATE CUTOUT
 41
0.5
  7
STEVE
 72
     1
 11
-32.43133442198045
 21
9.086447979140862
 31
0.0
100
AcDbText
 73
     2
  0
TEXT
  5
1608
330
EED
100
AcDbEntity
  8
HATCH
 62
     2
100
AcDbText
 10
-53.94532226878891
 20
1.266987807975609
 30
0.0
 40
0.625
  1
\U+008B" TOTAL OF SHIM STOCK REQUIRED
 41
0.5
  7
STEVE
 72
     1
 11
-49.51823893545558
 21
1.579487807975609
 31
0.0
100
AcDbText
 73
     2
  0
ENDSEC
  0
SECTION
  2
OBJECTS
  0
DICTIONARY
  5
EDB
330
0
100
AcDbDictionary
281
     1
  3
ACAD_DETAILVIEWSTYLE
350
1820
  3
ACAD_DGNLINESTYLECOMP
350
F2D
  3
ACAD_GROUP
350
EDC
  3
ACAD_LAYOUT
350
EE8
  3
ACAD_MATERIAL
350
F11
  3
ACAD_MLEADERSTYLE
350
F29
  3
ACAD_MLINESTYLE
350
EE5
  3
ACAD_PLOTSETTINGS
350
EE7
  3
ACAD_PLOTSTYLENAME
350
17CE
  3
ACAD_SCALELIST
350
F15
  3
ACAD_SECTIONVIEWSTYLE
350
1821
  3
ACAD_TABLESTYLE
350
17D0
  3
ACAD_VISUALSTYLE
350
EF8
  3
ACDB_RECOMPOSE_DATA
350
1865
  3
ACDBVARIABLEDICTIONARY
350
17BA
  0
DICTIONARY
  5
1822
330
ED7
100
AcDbDictionary
280
     1
281
     1
  3
ACAD_XREC_ROUNDTRIP
360
1823
  0
DICTIONARY
  5
F2F
330
F2C
100
AcDbDictionary
280
     1
281
     1
  0
DICTIONARY
  5
F33
330
F31
100
AcDbDictionary
280
     1
281
     1
  0
DICTIONARY
  5
F37
330
F35
100
AcDbDictionary
280
     1
281
     1
  0
DICTIONARY
  5
F3B
330
F39
100
AcDbDictionary
280
     1
281
     1
  0
DICTIONARY
  5
F3F
330
F3D
100
AcDbDictionary
280
     1
281
     1
  0
DICTIONARY
  5
F43
330
F41
100
AcDbDictionary
280
     1
281
     1
  0
DICTIONARY
  5
F47
330
F45
100
AcDbDictionary
280
     1
281
     1
  0
DICTIONARY
  5
1701
330
10A3
100
AcDbDictionary
280
     1
281
     1
  3
ACAD_DIMASSOC
360
1702
  0
DICTIONARY
  5
16FB
330
10B1
100
AcDbDictionary
280
     1
281
     1
  3
ACAD_DIMASSOC
360
16FC
  0
DICTIONARY
  5
1703
330
10BF
100
AcDbDictionary
280
     1
281
     1
  3
ACAD_DIMASSOC
360
1704
  0
DICTIONARY
  5
16FD
330
10D0
100
AcDbDictionary
280
     1
281
     1
  3
ACAD_DIMASSOC
360
16FE
  0
DICTIONARY
  5
16F7
330
10E0
100
AcDbDictionary
280
     1
281
     1
  3
ACAD_DIMASSOC
360
16F8
  0
DICTIONARY
  5
16F9
330
10EE
100
AcDbDictionary
280
     1
281
     1
  3
ACAD_DIMASSOC
360
16FA
  0
DICTIONARY
  5
16FF
330
10FC
100
AcDbDictionary
280
     1
281
     1
  3
ACAD_DIMASSOC
360
1700
  0
DICTIONARY
  5
170D
330
1183
100
AcDbDictionary
280
     1
281
     1
  3
ACAD_DIMASSOC
360
170E
  0
DICTIONARY
  5
1717
330
1191
100
AcDbDictionary
280
     1
281
     1
  3
ACAD_DIMASSOC
360
1718
  0
DICTIONARY
  5
171F
330
119F
100
AcDbDictionary
280
     1
281
     1
  3
ACAD_DIMASSOC
360
1720
  0
DICTIONARY
  5
170B
330
11AD
100
AcDbDictionary
280
     1
281
     1
  3
ACAD_DIMASSOC
360
170C
  0
DICTIONARY
  5
1715
330
11BD
100
AcDbDictionary
280
     1
281
     1
  3
ACAD_DIMASSOC
360
1716
  0
DICTIONARY
  5
1721
330
11CD
100
AcDbDictionary
280
     1
281
     1
  3
ACAD_DIMASSOC
360
1722
  0
DICTIONARY
  5
1711
330
11DE
100
AcDbDictionary
280
     1
281
     1
  3
ACAD_DIMASSOC
360
1712
  0
DICTIONARY
  5
171D
330
11EC
100
AcDbDictionary
280
     1
281
     1
  3
ACAD_DIMASSOC
360
171E
  0
DICTIONARY
  5
1709
330
11F6
100
AcDbDictionary
280
     1
281
     1
  3
ACAD_DIMASSOC
360
170A
  0
DICTIONARY
  5
171B
330
1200
100
AcDbDictionary
280
     1
281
     1
  3
ACAD_DIMASSOC
360
171C
  0
DICTIONARY
  5
170F
330
120C
100
AcDbDictionary
280
     1
281
     1
  3
ACAD_DIMASSOC
360
1710
  0
DICTIONARY
  5
1705
330
121C
100
AcDbDictionary
280
     1
281
     1
  3
ACAD_DIMASSOC
360
1706
  0
DICTIONARY
  5
1713
330
122B
100
AcDbDictionary
280
     1
281
     1
  3
ACAD_DIMASSOC
360
1714
  0
DICTIONARY
  5
1719
330
123A
100
AcDbDictionary
280
     1
281
     1
  3
ACAD_DIMASSOC
360
171A
  0
DICTIONARY
  5
1707
330
1246
100
AcDbDictionary
280
     1
281
     1
  3
ACAD_DIMASSOC
360
1708
  0
DICTIONARY
  5
174F
330
1294
100
AcDbDictionary
280
     1
281
     1
  3
ACAD_DIMASSOC
360
1750
  0
DICTIONARY
  5
1755
330
12A2
100
AcDbDictionary
280
     1
281
     1
  3
ACAD_DIMASSOC
360
1756
  0
DICTIONARY
  5
1757
330
12B0
100
AcDbDictionary
280
     1
281
     1
  3
ACAD_DIMASSOC
360
1758
  0
DICTIONARY
  5
1759
330
12BE
100
AcDbDictionary
280
     1
281
     1
  3
ACAD_DIMASSOC
360
175A
  0
DICTIONARY
  5
1761
330
12CC
100
AcDbDictionary
280
     1
281
     1
  3
ACAD_DIMASSOC
360
1762
  0
DICTIONARY
  5
176D
330
12DA
100
AcDbDictionary
280
     1
281
     1
  3
ACAD_DIMASSOC
360
176E
  0
DICTIONARY
  5
1773
330
12E4
100
AcDbDictionary
280
     1
281
     1
  3
ACAD_DIMASSOC
360
1774
  0
DICTIONARY
  5
177B
330
12F2
100
AcDbDictionary
280
     1
281
     1
  3
ACAD_DIMASSOC
360
177C
  0
DICTIONARY
  5
172D
330
1300
100
AcDbDictionary
280
     1
281
     1
  3
ACAD_DIMASSOC
360
172E
  0
DICTIONARY
  5
1737
330
130C
100
AcDbDictionary
280
     1
281
     1
  3
ACAD_DIMASSOC
360
1738
  0
DICTIONARY
  5
1741
330
131C
100
AcDbDictionary
280
     1
281
     1
  3
ACAD_DIMASSOC
360
1742
  0
DICTIONARY
  5
1747
330
132A
100
AcDbDictionary
280
     1
281
     1
  3
ACAD_DIMASSOC
360
1748
  0
DICTIONARY
  5
1753
330
1338
100
AcDbDictionary
280
     1
281
     1
  3
ACAD_DIMASSOC
360
1754
  0
DICTIONARY
  5
1763
330
1385
100
AcDbDictionary
280
     1
281
     1
  3
ACAD_DIMASSOC
360
1764
  0
DICTIONARY
  5
176F
330
1391
100
AcDbDictionary
280
     1
281
     1
  3
ACAD_DIMASSOC
360
1770
  0
DICTIONARY
  5
1779
330
139D
100
AcDbDictionary
280
     1
281
     1
  3
ACAD_DIMASSOC
360
177A
  0
DICTIONARY
  5
172B
330
13A7
100
AcDbDictionary
280
     1
281
     1
  3
ACAD_DIMASSOC
360
172C
  0
DICTIONARY
  5
1739
330
13B5
100
AcDbDictionary
280
     1
281
     1
  3
ACAD_DIMASSOC
360
173A
  0
DICTIONARY
  5
1749
330
13C3
100
AcDbDictionary
280
     1
281
     1
  3
ACAD_DIMASSOC
360
174A
  0
DICTIONARY
  5
175F
330
13CF
100
AcDbDictionary
280
     1
281
     1
  3
ACAD_DIMASSOC
360
1760
  0
DICTIONARY
  5
176B
330
13DE
100
AcDbDictionary
280
     1
281
     1
  3
ACAD_DIMASSOC
360
176C
  0
DICTIONARY
  5
1775
330
13EC
100
AcDbDictionary
280
     1
281
     1
  3
ACAD_DIMASSOC
360
1776
  0
DICTIONARY
  5
1727
330
13FA
100
AcDbDictionary
280
     1
281
     1
  3
ACAD_DIMASSOC
360
1728
  0
DICTIONARY
  5
1735
330
1409
100
AcDbDictionary
280
     1
281
     1
  3
ACAD_DIMASSOC
360
1736
  0
DICTIONARY
  5
1743
330
1415
100
AcDbDictionary
280
     1
281
     1
  3
ACAD_DIMASSOC
360
1744
  0
DICTIONARY
  5
1751
330
1424
100
AcDbDictionary
280
     1
281
     1
  3
ACAD_DIMASSOC
360
1752
  0
DICTIONARY
  5
1765
330
1432
100
AcDbDictionary
280
     1
281
     1
  3
ACAD_DIMASSOC
360
1766
  0
DICTIONARY
  5
1777
330
1444
100
AcDbDictionary
280
     1
281
     1
  3
ACAD_DIMASSOC
360
1778
  0
DICTIONARY
  5
1733
330
144E
100
AcDbDictionary
280
     1
281
     1
  3
ACAD_DIMASSOC
360
1734
  0
DICTIONARY
  5
1745
330
145E
100
AcDbDictionary
280
     1
281
     1
  3
ACAD_DIMASSOC
360
1746
  0
DICTIONARY
  5
175D
330
146B
100
AcDbDictionary
280
     1
281
     1
  3
ACAD_DIMASSOC
360
175E
  0
DICTIONARY
  5
177D
330
1478
100
AcDbDictionary
280
     1
281
     1
  3
ACAD_DIMASSOC
360
177E
  0
DICTIONARY
  5
173D
330
1481
100
AcDbDictionary
280
     1
281
     1
  3
ACAD_DIMASSOC
360
173E
  0
DICTIONARY
  5
1769
330
148A
100
AcDbDictionary
280
     1
281
     1
  3
ACAD_DIMASSOC
360
176A
  0
DICTIONARY
  5
172F
330
149A
100
AcDbDictionary
280
     1
281
     1
  3
ACAD_DIMASSOC
360
1730
  0
DICTIONARY
  5
174B
330
14A6
100
AcDbDictionary
280
     1
281
     1
  3
ACAD_DIMASSOC
360
174C
  0
DICTIONARY
  5
1771
330
14B5
100
AcDbDictionary
280
     1
281
     1
  3
ACAD_DIMASSOC
360
1772
  0
DICTIONARY
  5
174D
330
14C4
100
AcDbDictionary
280
     1
281
     1
  3
ACAD_DIMASSOC
360
174E
  0
DICTIONARY
  5
1723
330
14D2
100
AcDbDictionary
280
     1
281
     1
  3
ACAD_DIMASSOC
360
1724
  0
DICTIONARY
  5
1767
330
14DE
100
AcDbDictionary
280
     1
281
     1
  3
ACAD_DIMASSOC
360
1768
  0
DICTIONARY
  5
175B
330
14ED
100
AcDbDictionary
280
     1
281
     1
  3
ACAD_DIMASSOC
360
175C
  0
DICTIONARY
  5
173B
330
14FC
100
AcDbDictionary
280
     1
281
     1
  3
ACAD_DIMASSOC
360
173C
  0
DICTIONARY
  5
173F
330
150B
100
AcDbDictionary
280
     1
281
     1
  3
ACAD_DIMASSOC
360
1740
  0
DICTIONARY
  5
1731
330
1531
100
AcDbDictionary
280
     1
281
     1
  3
ACAD_DIMASSOC
360
1732
  0
DICTIONARY
  5
1725
330
153B
100
AcDbDictionary
280
     1
281
     1
  3
ACAD_DIMASSOC
360
1726
  0
DICTIONARY
  5
1729
330
1548
100
AcDbDictionary
280
     1
281
     1
  3
ACAD_DIMASSOC
360
172A
  0
DICTIONARY
  5
177F
330
1557
100
AcDbDictionary
280
     1
281
     1
  3
ACAD_DIMASSOC
360
1780
  0
DICTIONARY
  5
1781
330
1566
100
AcDbDictionary
280
     1
281
     1
  3
ACAD_DIMASSOC
360
1782
  0
DICTIONARY
  5
1789
330
1573
100
AcDbDictionary
280
     1
281
     1
  3
ACAD_DIMASSOC
360
178A
  0
DICTIONARY
  5
178B
330
1581
100
AcDbDictionary
280
     1
281
     1
  3
ACAD_DIMASSOC
360
178C
  0
DICTIONARY
  5
178D
330
1591
100
AcDbDictionary
280
     1
281
     1
  3
ACAD_DIMASSOC
360
178E
  0
DICTIONARY
  5
178F
330
159F
100
AcDbDictionary
280
     1
281
     1
  3
ACAD_DIMASSOC
360
1790
  0
DICTIONARY
  5
1791
330
15AC
100
AcDbDictionary
280
     1
281
     1
  3
ACAD_DIMASSOC
360
1792
  0
DICTIONARY
  5
1793
330
15B7
100
AcDbDictionary
280
     1
281
     1
  3
ACAD_DIMASSOC
360
1794
  0
DICTIONARY
  5
1795
330
15C8
100
AcDbDictionary
280
     1
281
     1
  3
ACAD_DIMASSOC
360
1796
  0
DICTIONARY
  5
1797
330
15D6
100
AcDbDictionary
280
     1
281
     1
  3
ACAD_DIMASSOC
360
1798
  0
DICTIONARY
  5
1783
330
15E3
100
AcDbDictionary
280
     1
281
     1
  3
ACAD_DIMASSOC
360
1784
  0
DICTIONARY
  5
1785
330
15EE
100
AcDbDictionary
280
     1
281
     1
  3
ACAD_DIMASSOC
360
1786
  0
DICTIONARY
  5
1787
330
15F9
100
AcDbDictionary
280
     1
281
     1
  3
ACAD_DIMASSOC
360
1788
  0
DICTIONARY
  5
1820
102
{ACAD_REACTORS
330
EDB
102
}
330
EDB
100
AcDbDictionary
281
     1
  0
DICTIONARY
  5
F2D
102
{ACAD_REACTORS
330
EDB
102
}
330
EDB
100
AcDbDictionary
281
     1
  0
DICTIONARY
  5
EDC
102
{ACAD_REACTORS
330
EDB
102
}
330
EDB
100
AcDbDictionary
281
     1
  0
DICTIONARY
  5
EE8
102
{ACAD_REACTORS
330
EDB
102
}
330
EDB
100
AcDbDictionary
281
     1
  3
Layout1
350
17D2
  3
Model
350
17D1
  0
DICTIONARY
  5
F11
102
{ACAD_REACTORS
330
EDB
102
}
330
EDB
100
AcDbDictionary
281
     1
  3
BYBLOCK
350
F13
  3
BYLAYER
350
F12
  3
GLOBAL
350
F14
  0
DICTIONARY
  5
F29
102
{ACAD_REACTORS
330
EDB
102
}
330
EDB
100
AcDbDictionary
281
     1
  3
CUSTOMMLEADERSTYLE0
350
1349
  3
STANDARD
350
F2A
  0
DICTIONARY
  5
EE5
102
{ACAD_REACTORS
330
EDB
102
}
330
EDB
100
AcDbDictionary
281
     1
  3
DEFAULT
350
F58
  3
STANDARD
350
EE6
  0
DICTIONARY
  5
EE7
102
{ACAD_REACTORS
330
EDB
102
}
330
EDB
100
AcDbDictionary
281
     1
  0
ACDBDICTIONARYWDFLT
  5
17CE
102
{ACAD_REACTORS
330
EDB
102
}
330
EDB
100
AcDbDictionary
281
     1
  3
Normal
350
17CF
100
AcDbDictionaryWithDefault
340
17CF
  0
DICTIONARY
  5
F15
102
{ACAD_REACTORS
330
EDB
102
}
330
EDB
100
AcDbDictionary
281
     1
  3
A0
350
F16
  3
A1
350
F17
  3
A2
350
F18
  3
A3
350
F19
  3
A4
350
F1A
  3
A5
350
F1B
  3
A6
350
F1C
  3
A7
350
F1D
  3
A8
350
F1E
  3
A9
350
F1F
  3
B1
350
F20
  3
B2
350
F21
  3
B3
350
F22
  3
B4
350
F23
  3
B5
350
F24
  3
B6
350
F25
  3
B7
350
F26
  0
DICTIONARY
  5
1821
102
{ACAD_REACTORS
330
EDB
102
}
330
EDB
100
AcDbDictionary
281
     1
  0
DICTIONARY
  5
17D0
102
{ACAD_REACTORS
330
EDB
102
}
330
EDB
100
AcDbDictionary
281
     1
  3
Standard
350
17D5
  0
DICTIONARY
  5
EF8
102
{ACAD_REACTORS
330
EDB
102
}
330
EDB
100
AcDbDictionary
281
     1
  3
2DWIREFRAME
350
EFD
  3
BASIC
350
F00
  3
BRIGHTEN
350
F04
  3
COLORCHANGE
350
F08
  3
CONCEPTUAL
350
F02
  3
DIM
350
F03
  3
EDGECOLOROFF
350
F0B
  3
FACEPATTERN
350
F07
  3
FLAT
350
EF9
  3
FLATWITHEDGES
350
EFA
  3
GOURAUD
350
EFB
  3
GOURAUDWITHEDGES
350
EFC
  3
HIDDEN
350
EFF
  3
JITTEROFF
350
F09
  3
LINEPATTERN
350
F06
  3
OVERHANGOFF
350
F0A
  3
REALISTIC
350
F01
  3
SHADED
350
F10
  3
Shaded with edges
350
17D4
  3
SHADED_WITH_EDGES
350
F0F
  3
Shades of Gray
350
17D3
  3
SHADES_OF_GRAY
350
F0C
  3
SKETCHY
350
F0D
  3
THICKEN
350
F05
  3
WIREFRAME
350
EFE
  3
X-RAY
350
F0E
  0
XRECORD
  5
1865
102
{ACAD_REACTORS
330
EDB
102
}
330
EDB
100
AcDbXrecord
280
     1
 90
        1
330
17D5
  0
DICTIONARY
  5
17BA
102
{ACAD_REACTORS
330
EDB
102
}
330
EDB
100
AcDbDictionary
281
     1
  3
CANNOSCALE
350
17DC
  3
CMLEADERSTYLE
350
17BC
  3
CTABLESTYLE
350
181F
  3
DIMASSOC
350
17C0
  3
HIDETEXT
350
17C1
  3
MSLTSCALE
350
17C7
  3
XCLIPFRAME
350
17BD
  0
XRECORD
  5
1823
102
{ACAD_REACTORS
330
1822
102
}
330
1822
100
AcDbXrecord
280
     1
102
VTR_0.000_0.000_1.000_1.000_VISUALSTYLE
340
EFD
102
VTR_0.000_0.000_1.000_1.000_GRIDDISPLAY
 70
     3
102
VTR_0.000_0.000_1.000_1.000_GRIDMAJOR
 70
     5
102
VTR_0.000_0.000_1.000_1.000_DEFAULTLIGHTING
280
     1
102
VTR_0.000_0.000_1.000_1.000_DEFAULTLIGHTINGTYPE
 70
     1
102
VTR_0.000_0.000_1.000_1.000_BRIGHTNESS
141
0.0
102
VTR_0.000_0.000_1.000_1.000_CONTRAST
142
0.0
  0
DIMASSOC
  5
1702
102
{ACAD_REACTORS
330
1701
102
}
330
1701
100
AcDbDimAssoc
330
10A3
 90
        3
 70
     0
 71
     0
  1
AcDbOsnapPointRef
 72
    13
331
F78
 73
     3
 91
        0
 40
0.0
 10
-101.7198743879652
 20
40.21734898494008
 30
0.0
 75
     0
  1
AcDbOsnapPointRef
 72
     1
331
F79
 73
     3
 91
        0
 40
1.0
 10
-99.62612438796523
 20
55.71734898494008
 30
0.0
 75
     0
  0
DIMASSOC
  5
16FC
102
{ACAD_REACTORS
330
16FB
102
}
330
16FB
100
AcDbDimAssoc
330
10B1
 90
        3
 70
     0
 71
     0
  1
AcDbOsnapPointRef
 72
    13
331
F95
 73
     3
 91
        0
 40
0.0
 10
-96.96987438796523
 20
40.21734898494008
 30
0.0
 75
     0
  1
AcDbOsnapPointRef
 72
     1
331
F96
 73
     3
 91
        0
 40
1.0
 10
-94.87612438796523
 20
55.71734898494008
 30
0.0
 75
     0
  0
DIMASSOC
  5
1704
102
{ACAD_REACTORS
330
1703
102
}
330
1703
100
AcDbDimAssoc
330
10BF
 90
        3
 70
     0
 71
     0
  1
AcDbOsnapPointRef
 72
    13
331
F97
 73
     3
 91
        0
 40
0.0
 10
-92.21987438796525
 20
40.21734898494008
 30
0.0
 75
     0
  1
AcDbOsnapPointRef
 72
     1
331
F98
 73
     3
 91
        0
 40
1.0
 10
-90.12612438796525
 20
55.71734898494008
 30
0.0
 75
     0
  0
DIMASSOC
  5
16FE
102
{ACAD_REACTORS
330
16FD
102
}
330
16FD
100
AcDbDimAssoc
330
10D0
 90
        3
 70
     0
 71
     0
  1
AcDbOsnapPointRef
 72
    13
331
FA1
 73
     3
 91
        0
 40
0.0
 10
-90.87612438796525
 20
36.9673504054356
 30
0.0
 75
     0
  1
AcDbOsnapPointRef
 72
     1
331
F98
 73
     3
 91
        0
 40
1.0
 10
-90.12612438796525
 20
55.71734898494008
 30
0.0
 75
     0
  0
DIMASSOC
  5
16F8
102
{ACAD_REACTORS
330
16F7
102
}
330
16F7
100
AcDbDimAssoc
330
10E0
 90
        3
 70
     0
 71
     0
  1
AcDbOsnapPointRef
 72
    13
331
FA0
 73
     3
 91
        0
 40
0.0
 10
-95.62612438796523
 20
36.9673504054356
 30
0.0
 75
     0
  1
AcDbOsnapPointRef
 72
    13
331
FA1
 73
     3
 91
        0
 40
0.0
 10
-90.87612438796525
 20
36.9673504054356
 30
0.0
 75
     0
  0
DIMASSOC
  5
16FA
102
{ACAD_REACTORS
330
16F9
102
}
330
16F9
100
AcDbDimAssoc
330
10EE
 90
        3
 70
     0
 71
     0
  1
AcDbOsnapPointRef
 72
    13
331
FA0
 73
     3
 91
        0
 40
0.0
 10
-95.62612438796523
 20
36.9673504054356
 30
0.0
 75
     0
  1
AcDbOsnapPointRef
 72
    13
331
F9F
 73
     3
 91
        0
 40
0.0
 10
-100.3761243879652
 20
36.9673504054356
 30
0.0
 75
     0
  0
DIMASSOC
  5
1700
102
{ACAD_REACTORS
330
16FF
102
}
330
16FF
100
AcDbDimAssoc
330
10FC
 90
        3
 70
     0
 71
     0
  1
AcDbOsnapPointRef
 72
     1
331
F77
 73
     3
 91
        0
 40
1.0
 10
-88.53164096480243
 20
40.21734898494008
 30
0.0
 75
     0
  1
AcDbOsnapPointRef
 72
    13
331
F78
 73
     3
 91
        0
 40
0.0
 10
-101.7198743879652
 20
40.21734898494008
 30
0.0
 75
     0
  0
DIMASSOC
  5
170E
102
{ACAD_REACTORS
330
170D
102
}
330
170D
100
AcDbDimAssoc
330
1183
 90
        1
 70
     0
 71
     0
  1
AcDbOsnapPointRef
 72
    13
331
1272
 73
     3
 91
        0
 40
0.0
 10
-89.16369741641535
 20
56.71734898494008
 30
0.0
 75
     0
  0
DIMASSOC
  5
1718
102
{ACAD_REACTORS
330
1717
102
}
330
1717
100
AcDbDimAssoc
330
1191
 90
        3
 70
     0
 71
     0
  1
AcDbOsnapPointRef
 72
     1
331
FC6
 73
     3
 91
        0
 40
1.0
 10
-125.7511227709799
 20
52.96735040543559
 30
0.0
 75
     0
  1
AcDbOsnapPointRef
 72
    13
331
F7A
 73
     3
 91
        0
 40
0.0
 10
-89.12539096480245
 20
55.71734898494008
 30
0.0
 75
     0
  0
DIMASSOC
  5
1720
102
{ACAD_REACTORS
330
171F
102
}
330
171F
100
AcDbDimAssoc
330
119F
 90
        1
 70
     0
 71
     0
  1
AcDbOsnapPointRef
 72
     1
331
FC6
 73
     3
 91
        0
 40
1.0
 10
-125.7511227709799
 20
52.96735040543559
 30
0.0
 75
     0
  0
DIMASSOC
  5
170C
102
{ACAD_REACTORS
330
170B
102
}
330
170B
100
AcDbDimAssoc
330
11AD
 90
        3
 70
     0
 71
     0
  1
AcDbOsnapPointRef
 72
     1
331
F78
 73
     3
 91
        0
 40
1.0
 10
-101.7198743879652
 20
40.21734898494008
 30
0.0
 75
     0
  1
AcDbOsnapPointRef
 72
    13
331
F79
 73
     3
 91
        0
 40
0.0
 10
-99.62612438796523
 20
55.71734898494008
 30
0.0
 75
     0
  0
DIMASSOC
  5
1716
102
{ACAD_REACTORS
330
1715
102
}
330
1715
100
AcDbDimAssoc
330
11BD
 90
        3
 70
     0
 71
     0
  1
AcDbOsnapPointRef
 72
     1
331
F95
 73
     3
 91
        0
 40
1.0
 10
-96.96987438796523
 20
40.21734898494008
 30
0.0
 75
     0
  1
AcDbOsnapPointRef
 72
    13
331
F96
 73
     3
 91
        0
 40
0.0
 10
-94.87612438796523
 20
55.71734898494008
 30
0.0
 75
     0
  0
DIMASSOC
  5
1722
102
{ACAD_REACTORS
330
1721
102
}
330
1721
100
AcDbDimAssoc
330
11CD
 90
        3
 70
     0
 71
     0
  1
AcDbOsnapPointRef
 72
     1
331
F97
 73
     3
 91
        0
 40
1.0
 10
-92.21987438796525
 20
40.21734898494008
 30
0.0
 75
     0
  1
AcDbOsnapPointRef
 72
    13
331
F98
 73
     3
 91
        0
 40
0.0
 10
-90.12612438796525
 20
55.71734898494008
 30
0.0
 75
     0
  0
DIMASSOC
  5
1712
102
{ACAD_REACTORS
330
1711
102
}
330
1711
100
AcDbDimAssoc
330
11DE
 90
        3
 70
     0
 71
     0
  1
AcDbOsnapPointRef
 72
    13
331
F96
 73
     3
 91
        0
 40
0.0
 10
-94.87612438796523
 20
55.71734898494008
 30
0.0
 75
     0
  1
AcDbOsnapPointRef
 72
     1
331
F97
 73
     3
 91
        0
 40
1.0
 10
-92.21987438796525
 20
40.21734898494008
 30
0.0
 75
     0
  0
DIMASSOC
  5
171E
102
{ACAD_REACTORS
330
171D
102
}
330
171D
100
AcDbDimAssoc
330
11EC
 90
        2
 70
     0
 71
     0
  1
AcDbOsnapPointRef
 72
    13
331
128B
 73
     3
 91
        0
 40
0.0
 10
-98.62539096480242
 20
55.71734898494008
 30
0.0
 75
     0
  0
DIMASSOC
  5
170A
102
{ACAD_REACTORS
330
1709
102
}
330
1709
100
AcDbDimAssoc
330
11F6
 90
        3
 70
     0
 71
     0
  1
AcDbOsnapPointRef
 72
     1
331
F78
 73
     3
 91
        0
 40
1.0
 10
-101.7198743879652
 20
40.21734898494008
 30
0.0
 75
     0
  1
AcDbOsnapPointRef
 72
     1
331
F7A
 73
     3
 91
        0
 40
1.0
 10
-89.12539096480245
 20
55.71734898494008
 30
0.0
 75
     0
  0
DIMASSOC
  5
171C
102
{ACAD_REACTORS
330
171B
102
}
330
171B
100
AcDbDimAssoc
330
1200
 90
        3
 70
     0
 71
     0
  1
AcDbOsnapPointRef
 72
    13
331
F98
 73
     3
 91
        0
 40
0.0
 10
-90.12612438796525
 20
55.71734898494008
 30
0.0
 75
     0
  1
AcDbOsnapPointRef
 72
    13
331
F7A
 73
     3
 91
        0
 40
0.0
 10
-89.12539096480245
 20
55.71734898494008
 30
0.0
 75
     0
  0
DIMASSOC
  5
1710
102
{ACAD_REACTORS
330
170F
102
}
330
170F
100
AcDbDimAssoc
330
120C
 90
        3
 70
     0
 71
     0
  1
AcDbOsnapPointRef
 72
     1
331
FA1
 73
     3
 91
        0
 40
1.0
 10
-90.87612438796525
 20
36.9673504054356
 30
0.0
 75
     0
  1
AcDbOsnapPointRef
 72
     1
331
F97
 73
     3
 91
        0
 40
1.0
 10
-92.21987438796525
 20
40.21734898494008
 30
0.0
 75
     0
  0
DIMASSOC
  5
1706
102
{ACAD_REACTORS
330
1705
102
}
330
1705
100
AcDbDimAssoc
330
121C
 90
        3
 70
     0
 71
     0
  1
AcDbOsnapPointRef
 72
    13
331
1278
 73
     3
 91
        0
 40
0.0
 10
-50.86231658169549
 20
39.21734898494008
 30
0.0
 75
     0
  1
AcDbOsnapPointRef
 72
     1
331
FB7
 73
     3
 91
        0
 40
1.0
 10
-50.48731658169536
 20
39.21734898494008
 30
0.0
 75
     0
  0
DIMASSOC
  5
1714
102
{ACAD_REACTORS
330
1713
102
}
330
1713
100
AcDbDimAssoc
330
122B
 90
        3
 70
     0
 71
     0
  1
AcDbOsnapPointRef
 72
     1
331
F8D
 73
     3
 91
        0
 40
1.0
 10
-50.48731658169551
 20
37.9673504054356
 30
0.0
 75
     0
  1
AcDbOsnapPointRef
 72
    13
331
F87
 73
     3
 91
        0
 40
0.0
 10
-50.11231658169551
 20
38.96735040543559
 30
0.0
 75
     0
  0
DIMASSOC
  5
171A
102
{ACAD_REACTORS
330
1719
102
}
330
1719
100
AcDbDimAssoc
330
123A
 90
        3
 70
     0
 71
     0
  1
AcDbOsnapPointRef
 72
     1
331
127C
 73
     3
 91
        0
 40
1.0
 10
-51.11231658169548
 20
55.71734898494007
 30
0.0
 75
     0
  1
AcDbOsnapPointRef
 72
     1
331
F89
 73
     3
 91
        0
 40
1.0
 10
-50.23731658169551
 20
66.96735040543558
 30
0.0
 75
     0
  0
DIMASSOC
  5
1708
102
{ACAD_REACTORS
330
1707
102
}
330
1707
100
AcDbDimAssoc
330
1246
 90
        3
 70
     0
 71
     0
  1
AcDbOsnapPointRef
 72
     1
331
127C
 73
     3
 91
        0
 40
1.0
 10
-51.11231658169548
 20
55.71734898494007
 30
0.0
 75
     0
  1
AcDbOsnapPointRef
 72
    13
331
F8B
 73
     3
 91
        0
 40
0.0
 10
-50.23731658169551
 20
67.96735040543561
 30
0.0
 75
     0
  0
DIMASSOC
  5
1750
102
{ACAD_REACTORS
330
174F
102
}
330
174F
100
AcDbDimAssoc
330
1294
 90
        3
 70
     0
 71
     0
  1
AcDbOsnapPointRef
 72
     1
331
F7A
 73
     3
 91
        0
 40
1.0
 10
-89.12539096480245
 20
55.71734898494008
 30
0.0
 75
     0
  1
AcDbOsnapPointRef
 72
    13
331
128B
 73
     3
 91
        0
 40
0.0
 10
-98.62539096480242
 20
55.71734898494008
 30
0.0
 75
     0
  0
DIMASSOC
  5
1756
102
{ACAD_REACTORS
330
1755
102
}
330
1755
100
AcDbDimAssoc
330
12A2
 90
        3
 70
     0
 71
     0
  1
AcDbOsnapPointRef
 72
     1
331
128C
 73
     3
 91
        0
 40
1.0
 10
-97.97060781112806
 20
40.21734898494008
 30
0.0
 75
     0
  1
AcDbOsnapPointRef
 72
    13
331
128D
 73
     3
 91
        0
 40
0.0
 10
-93.87539096480242
 20
55.71734898494008
 30
0.0
 75
     0
  0
DIMASSOC
  5
1758
102
{ACAD_REACTORS
330
1757
102
}
330
1757
100
AcDbDimAssoc
330
12B0
 90
        3
 70
     0
 71
     0
  1
AcDbOsnapPointRef
 72
     1
331
128E
 73
     3
 91
        0
 40
1.0
 10
-93.22060781112808
 20
40.21734898494008
 30
0.0
 75
     0
  1
AcDbOsnapPointRef
 72
    13
331
F7A
 73
     3
 91
        0
 40
0.0
 10
-89.12539096480245
 20
55.71734898494008
 30
0.0
 75
     0
  0
DIMASSOC
  5
175A
102
{ACAD_REACTORS
330
1759
102
}
330
1759
100
AcDbDimAssoc
330
12BE
 90
        3
 70
     0
 71
     0
  1
AcDbOsnapPointRef
 72
    13
331
1272
 73
     3
 91
        0
 40
0.0
 10
-89.16369741641535
 20
56.71734898494008
 30
0.0
 75
     0
  1
AcDbOsnapPointRef
 72
     1
331
1272
 73
     3
 91
        0
 40
1.0
 10
-89.16369741641535
 20
56.71734898494008
 30
0.0
 75
     0
  0
DIMASSOC
  5
1762
102
{ACAD_REACTORS
330
1761
102
}
330
1761
100
AcDbDimAssoc
330
12CC
 90
        3
 70
     0
 71
     0
  1
AcDbOsnapPointRef
 72
     1
331
1273
 73
     3
 91
        0
 40
1.0
 10
-101.0676747102837
 20
54.84234898494008
 30
0.0
 75
     0
  1
AcDbOsnapPointRef
 72
     1
331
1276
 73
     3
 91
        0
 40
1.0
 10
-90.18457406564681
 20
54.84234898494008
 30
0.0
 75
     0
  0
DIMASSOC
  5
176E
102
{ACAD_REACTORS
330
176D
102
}
330
176D
100
AcDbDimAssoc
330
12DA
 90
        3
 70
     0
 71
     0
  1
AcDbOsnapPointRef
 72
     1
331
F79
 73
     3
 91
        0
 40
1.0
 10
-99.62612438796523
 20
55.71734898494008
 30
0.0
 75
     0
  1
AcDbOsnapPointRef
 72
     1
331
128B
 73
     3
 91
        0
 40
1.0
 10
-98.62539096480242
 20
55.71734898494008
 30
0.0
 75
     0
  0
DIMASSOC
  5
1774
102
{ACAD_REACTORS
330
1773
102
}
330
1773
100
AcDbDimAssoc
330
12E4
 90
        3
 70
     0
 71
     0
  1
AcDbOsnapPointRef
 72
    13
331
FA2
 73
     3
 91
        0
 40
0.0
 10
-102.758914262741
 20
39.21734898494008
 30
0.0
 75
     0
  1
AcDbOsnapPointRef
 72
    13
331
FAC
 73
     3
 91
        0
 40
0.0
 10
-88.49333451318955
 20
39.21734898494008
 30
0.0
 75
     0
  0
DIMASSOC
  5
177C
102
{ACAD_REACTORS
330
177B
102
}
330
177B
100
AcDbDimAssoc
330
12F2
 90
        3
 70
     0
 71
     0
  1
AcDbOsnapPointRef
 72
     1
331
F77
 73
     3
 91
        0
 40
1.0
 10
-88.53164096480243
 20
40.21734898494008
 30
0.0
 75
     0
  1
AcDbOsnapPointRef
 72
    13
331
F77
 73
     3
 91
        0
 40
0.0
 10
-88.53164096480243
 20
40.21734898494008
 30
0.0
 75
     0
  0
DIMASSOC
  5
172E
102
{ACAD_REACTORS
330
172D
102
}
330
172D
100
AcDbDimAssoc
330
1300
 90
        3
 70
     0
 71
     0
  1
AcDbOsnapPointRef
 72
    13
331
FAC
 73
     3
 91
        0
 40
0.0
 10
-88.49333451318955
 20
39.21734898494008
 30
0.0
 75
     0
  1
AcDbOsnapPointRef
 72
    13
331
F77
 73
     3
 91
        0
 40
0.0
 10
-88.53164096480243
 20
40.21734898494008
 30
0.0
 75
     0
  0
DIMASSOC
  5
1738
102
{ACAD_REACTORS
330
1737
102
}
330
1737
100
AcDbDimAssoc
330
130C
 90
        2
 70
     0
 71
     0
  1
AcDbOsnapPointRef
 72
     1
331
F85
 73
     3
 91
        0
 40
1.0
 10
-66.50112277097986
 20
67.96735040543558
 30
0.0
 75
     0
  0
DIMASSOC
  5
1742
102
{ACAD_REACTORS
330
1741
102
}
330
1741
100
AcDbDimAssoc
330
131C
 90
        2
 70
     0
 71
     0
  1
AcDbOsnapPointRef
 72
    13
331
1272
 73
     3
 91
        0
 40
0.0
 10
-89.16369741641535
 20
56.71734898494008
 30
0.0
 75
     0
  0
DIMASSOC
  5
1748
102
{ACAD_REACTORS
330
1747
102
}
330
1747
100
AcDbDimAssoc
330
132A
 90
        3
 70
     0
 71
     0
  1
AcDbOsnapPointRef
 72
    13
331
F7A
 73
     3
 91
        0
 40
0.0
 10
-89.12539096480245
 20
55.71734898494008
 30
0.0
 75
     0
  1
AcDbOsnapPointRef
 72
    13
331
121A
 73
     3
 91
        0
 40
0.0
 10
-88.53164096480245
 20
40.21734898494008
 30
0.0
 75
     0
  0
DIMASSOC
  5
1754
102
{ACAD_REACTORS
330
1753
102
}
330
1753
100
AcDbDimAssoc
330
1338
 90
        3
 70
     0
 71
     0
  1
AcDbOsnapPointRef
 72
    13
331
F7A
 73
     3
 91
        0
 40
0.0
 10
-89.12539096480245
 20
55.71734898494008
 30
0.0
 75
     0
  1
AcDbOsnapPointRef
 72
    13
331
1272
 73
     3
 91
        0
 40
0.0
 10
-89.16369741641535
 20
56.71734898494008
 30
0.0
 75
     0
  0
DIMASSOC
  5
1764
102
{ACAD_REACTORS
330
1763
102
}
330
1763
100
AcDbDimAssoc
330
1385
 90
        3
 70
     0
 71
     0
  1
AcDbOsnapPointRef
 72
    10
331
F9E
 73
     3
 91
        0
 40
3.99785135892406
 10
-100.8675755437523
 20
40.40080175700975
 30
0.0
 75
     0
  1
AcDbOsnapPointRef
 72
    10
331
F9E
 73
     3
 91
        0
 40
0.8562587053342666
 10
-99.88467323217814
 20
41.53389621287041
 30
0.0
 75
     0
  0
DIMASSOC
  5
1770
102
{ACAD_REACTORS
330
176F
102
}
330
176F
100
AcDbDimAssoc
330
1391
 90
        3
 70
     0
 71
     0
  1
AcDbOsnapPointRef
 72
    10
331
F9D
 73
     3
 91
        0
 40
2.628748583119021
 10
-100.9207197437947
 20
41.27400986997264
 30
0.0
 75
     0
  1
AcDbOsnapPointRef
 72
    10
331
F9D
 73
     3
 91
        0
 40
5.770341236708814
 10
-99.83152903213573
 20
40.66068809990752
 30
0.0
 75
     0
  0
DIMASSOC
  5
177A
102
{ACAD_REACTORS
330
1779
102
}
330
1779
100
AcDbDimAssoc
330
139D
 90
        7
 70
     0
 71
     0
  1
AcDbOsnapPointRef
 72
     1
331
121A
 73
     3
 91
        0
 40
1.0
 10
-88.53164096480245
 20
40.21734898494008
 30
0.0
 75
     0
  1
AcDbOsnapPointRef
 72
    13
331
FA3
 73
     3
 91
        0
 40
0.0
 10
-89.16369741641535
 20
56.71734898494008
 30
0.0
 75
     0
  1
AcDbOsnapPointRef
 72
     6
331
FA3
 73
     3
 91
        0
 40
0.9428571428571427
 10
-88.53164096480245
 20
40.21734898494008
 30
0.0
332
121A
 74
     3
 92
        0
 75
     0
  0
DIMASSOC
  5
172C
102
{ACAD_REACTORS
330
172B
102
}
330
172B
100
AcDbDimAssoc
330
13A7
 90
        3
 70
     0
 71
     0
  1
AcDbOsnapPointRef
 72
    13
331
FC1
 73
     3
 91
        0
 40
0.0
 10
-95.62612438796523
 20
84.61872674065918
 30
0.0
 75
     0
  1
AcDbOsnapPointRef
 72
    13
331
1285
 73
     3
 91
        0
 40
0.0
 10
-102.0885513595152
 20
85.35817873710661
 30
0.0
 75
     0
  0
DIMASSOC
  5
173A
102
{ACAD_REACTORS
330
1739
102
}
330
1739
100
AcDbDimAssoc
330
13B5
 90
        2
 70
     0
 71
     0
  1
AcDbOsnapPointRef
 72
     1
331
1287
 73
     3
 91
        0
 40
1.0
 10
-89.10144943254436
 20
85.98317873710661
 30
0.0
 75
     0
  0
DIMASSOC
  5
174A
102
{ACAD_REACTORS
330
1749
102
}
330
1749
100
AcDbDimAssoc
330
13C3
 90
        3
 70
     0
 71
     0
  1
AcDbOsnapPointRef
 72
     1
331
FB8
 73
     3
 91
        0
 40
1.0
 10
-123.6261227709799
 20
86.35817873710663
 30
0.0
 75
     0
  1
AcDbOsnapPointRef
 72
     1
331
1288
 73
     3
 91
        0
 40
1.0
 10
-89.10144943254436
 20
85.98317873710661
 30
0.0
 75
     0
  0
DIMASSOC
  5
1760
102
{ACAD_REACTORS
330
175F
102
}
330
175F
100
AcDbDimAssoc
330
13CF
 90
        3
 70
     0
 71
     0
  1
AcDbOsnapPointRef
 72
    13
331
FBC
 73
     3
 91
        0
 40
0.0
 10
-66.50112277097986
 20
86.23317873710661
 30
0.0
 75
     0
  1
AcDbOsnapPointRef
 72
     1
331
1288
 73
     3
 91
        0
 40
1.0
 10
-89.10144943254436
 20
85.98317873710661
 30
0.0
 75
     0
  0
DIMASSOC
  5
176C
102
{ACAD_REACTORS
330
176B
102
}
330
176B
100
AcDbDimAssoc
330
13DE
 90
        3
 70
     0
 71
     0
  1
AcDbOsnapPointRef
 72
     1
331
FBF
 73
     3
 91
        0
 40
1.0
 10
-102.1507993433861
 20
85.98317873710661
 30
0.0
 75
     0
  1
AcDbOsnapPointRef
 72
     1
331
1287
 73
     3
 91
        0
 40
1.0
 10
-89.10144943254436
 20
85.98317873710661
 30
0.0
 75
     0
  0
DIMASSOC
  5
1776
102
{ACAD_REACTORS
330
1775
102
}
330
1775
100
AcDbDimAssoc
330
13EC
 90
        3
 70
     0
 71
     0
  1
AcDbOsnapPointRef
 72
    13
331
1285
 73
     3
 91
        0
 40
0.0
 10
-102.0885513595152
 20
85.35817873710661
 30
0.0
 75
     0
  1
AcDbOsnapPointRef
 72
    13
331
1289
 73
     3
 91
        0
 40
0.0
 10
-89.16369741641532
 20
85.35817873710661
 30
0.0
 75
     0
  0
DIMASSOC
  5
1728
102
{ACAD_REACTORS
330
1727
102
}
330
1727
100
AcDbDimAssoc
330
13FA
 90
        3
 70
     0
 71
     0
  1
AcDbOsnapPointRef
 72
     1
331
F8D
 73
     3
 91
        0
 40
1.0
 10
-50.48731658169551
 20
37.9673504054356
 30
0.0
 75
     0
  1
AcDbOsnapPointRef
 72
     1
331
FB7
 73
     3
 91
        0
 40
1.0
 10
-50.48731658169536
 20
39.21734898494008
 30
0.0
 75
     0
  0
DIMASSOC
  5
1736
102
{ACAD_REACTORS
330
1735
102
}
330
1735
100
AcDbDimAssoc
330
1409
 90
        3
 70
     0
 71
     0
  1
AcDbOsnapPointRef
 72
     1
331
FB7
 73
     3
 91
        0
 40
1.0
 10
-50.48731658169536
 20
39.21734898494008
 30
0.0
 75
     0
  1
AcDbOsnapPointRef
 72
    13
331
F87
 73
     3
 91
        0
 40
0.0
 10
-50.11231658169551
 20
38.96735040543559
 30
0.0
 75
     0
  0
DIMASSOC
  5
1744
102
{ACAD_REACTORS
330
1743
102
}
330
1743
100
AcDbDimAssoc
330
1415
 90
        3
 70
     0
 71
     0
  1
AcDbOsnapPointRef
 72
     1
331
F8D
 73
     3
 91
        0
 40
1.0
 10
-50.48731658169551
 20
37.9673504054356
 30
0.0
 75
     0
  1
AcDbOsnapPointRef
 72
    13
331
F8D
 73
     3
 91
        0
 40
0.0
 10
-50.48731658169551
 20
37.9673504054356
 30
0.0
 75
     0
  0
DIMASSOC
  5
1752
102
{ACAD_REACTORS
330
1751
102
}
330
1751
100
AcDbDimAssoc
330
1424
 90
        3
 70
     0
 71
     0
  1
AcDbOsnapPointRef
 72
    13
331
FA8
 73
     3
 91
        0
 40
0.0
 10
-95.62612438796523
 20
12.86447637435946
 30
0.0
 75
     0
  1
AcDbOsnapPointRef
 72
    13
331
1255
 73
     3
 91
        0
 40
0.0
 10
-102.758914262741
 20
12.12502437791202
 30
0.0
 75
     0
  0
DIMASSOC
  5
1766
102
{ACAD_REACTORS
330
1765
102
}
330
1765
100
AcDbDimAssoc
330
1432
 90
        3
 70
     0
 71
     0
  1
AcDbOsnapPointRef
 72
    13
331
FA8
 73
     3
 91
        0
 40
0.0
 10
-95.62612438796523
 20
12.86447637435946
 30
0.0
 75
     0
  1
AcDbOsnapPointRef
 72
    13
331
FA9
 73
     3
 91
        0
 40
0.0
 10
-90.87612438796525
 20
12.86447637435946
 30
0.0
 75
     0
  0
DIMASSOC
  5
1778
102
{ACAD_REACTORS
330
1777
102
}
330
1777
100
AcDbDimAssoc
330
1444
 90
        3
 70
     0
 71
     0
  1
AcDbOsnapPointRef
 72
    13
331
125B
 73
     3
 91
        0
 40
0.0
 10
-99.12612438796523
 20
12.12502437791202
 30
0.0
 75
     0
  1
AcDbOsnapPointRef
 72
    13
331
1260
 73
     3
 91
        0
 40
0.0
 10
-92.12612438796523
 20
12.12502437791202
 30
0.0
 75
     0
  0
DIMASSOC
  5
1734
102
{ACAD_REACTORS
330
1733
102
}
330
1733
100
AcDbDimAssoc
330
144E
 90
        3
 70
     0
 71
     0
  1
AcDbOsnapPointRef
 72
    13
331
1255
 73
     3
 91
        0
 40
0.0
 10
-102.758914262741
 20
12.12502437791202
 30
0.0
 75
     0
  1
AcDbOsnapPointRef
 72
     1
331
1255
 73
     3
 91
        0
 40
1.0
 10
-102.758914262741
 20
12.12502437791202
 30
0.0
 75
     0
  0
DIMASSOC
  5
1746
102
{ACAD_REACTORS
330
1745
102
}
330
1745
100
AcDbDimAssoc
330
145E
 90
        3
 70
     0
 71
     0
  1
AcDbOsnapPointRef
 72
    13
331
125C
 73
     3
 91
        0
 40
0.0
 10
-101.6261243879652
 20
12.12502437791202
 30
0.0
 75
     0
  1
AcDbOsnapPointRef
 72
    13
331
125B
 73
     3
 91
        0
 40
0.0
 10
-99.12612438796523
 20
12.12502437791202
 30
0.0
 75
     0
  0
DIMASSOC
  5
175E
102
{ACAD_REACTORS
330
175D
102
}
330
175D
100
AcDbDimAssoc
330
146B
 90
        2
 70
     0
 71
     0
  1
AcDbOsnapPointRef
 72
    13
331
125F
 73
     3
 91
        0
 40
0.0
 10
-89.62612438796523
 20
12.12502437791202
 30
0.0
 75
     0
  0
DIMASSOC
  5
177E
102
{ACAD_REACTORS
330
177D
102
}
330
177D
100
AcDbDimAssoc
330
1478
 90
        3
 70
     0
 71
     0
  1
AcDbOsnapPointRef
 72
     1
331
125C
 73
     3
 91
        0
 40
1.0
 10
-101.6261243879652
 20
12.12502437791202
 30
0.0
 75
     0
  1
AcDbOsnapPointRef
 72
     1
331
125A
 73
     3
 91
        0
 40
1.0
 10
-101.3761243879652
 20
11.87502437791202
 30
0.0
 75
     0
  0
DIMASSOC
  5
173E
102
{ACAD_REACTORS
330
173D
102
}
330
173D
100
AcDbDimAssoc
330
1481
 90
        3
 70
     0
 71
     0
  1
AcDbOsnapPointRef
 72
     1
331
1260
 73
     3
 91
        0
 40
1.0
 10
-92.12612438796523
 20
12.12502437791202
 30
0.0
 75
     0
  1
AcDbOsnapPointRef
 72
    13
331
125E
 73
     3
 91
        0
 40
0.0
 10
-89.87612438796523
 20
11.87502437791202
 30
0.0
 75
     0
  0
DIMASSOC
  5
176A
102
{ACAD_REACTORS
330
1769
102
}
330
1769
100
AcDbDimAssoc
330
148A
 90
        3
 70
     0
 71
     0
  1
AcDbOsnapPointRef
 72
    13
331
FA9
 73
     3
 91
        0
 40
0.0
 10
-90.87612438796525
 20
12.86447637435946
 30
0.0
 75
     0
  1
AcDbOsnapPointRef
 72
    13
331
125F
 73
     3
 91
        0
 40
0.0
 10
-89.62612438796523
 20
12.12502437791202
 30
0.0
 75
     0
  0
DIMASSOC
  5
1730
102
{ACAD_REACTORS
330
172F
102
}
330
172F
100
AcDbDimAssoc
330
149A
 90
        2
 70
     0
 71
     0
  1
AcDbOsnapPointRef
 72
     1
331
125E
 73
     3
 91
        0
 40
1.0
 10
-89.87612438796523
 20
11.87502437791202
 30
0.0
 75
     0
  0
DIMASSOC
  5
174C
102
{ACAD_REACTORS
330
174B
102
}
330
174B
100
AcDbDimAssoc
330
14A6
 90
        3
 70
     0
 71
     0
  1
AcDbOsnapPointRef
 72
     1
331
125E
 73
     3
 91
        0
 40
1.0
 10
-89.87612438796523
 20
11.87502437791202
 30
0.0
 75
     0
  1
AcDbOsnapPointRef
 72
     1
331
125B
 73
     3
 91
        0
 40
1.0
 10
-99.12612438796523
 20
12.12502437791202
 30
0.0
 75
     0
  0
DIMASSOC
  5
1772
102
{ACAD_REACTORS
330
1771
102
}
330
1771
100
AcDbDimAssoc
330
14B5
 90
        1
 70
     0
 71
     0
  1
AcDbOsnapPointRef
 72
    13
331
125E
 73
     3
 91
        0
 40
0.0
 10
-89.87612438796523
 20
11.87502437791202
 30
0.0
 75
     0
  0
DIMASSOC
  5
174E
102
{ACAD_REACTORS
330
174D
102
}
330
174D
100
AcDbDimAssoc
330
14C4
 90
        3
 70
     0
 71
     0
  1
AcDbOsnapPointRef
 72
    13
331
1255
 73
     3
 91
        0
 40
0.0
 10
-102.758914262741
 20
12.12502437791202
 30
0.0
 75
     0
  1
AcDbOsnapPointRef
 72
     1
331
1441
 73
     3
 91
        0
 40
1.0
 10
-88.49333451318952
 20
11.50002437791202
 30
0.0
 75
     0
  0
DIMASSOC
  5
1724
102
{ACAD_REACTORS
330
1723
102
}
330
1723
100
AcDbDimAssoc
330
14D2
 90
        3
 70
     0
 71
     0
  1
AcDbOsnapPointRef
 72
     1
331
F8E
 73
     3
 91
        0
 40
1.0
 10
-123.6261227709799
 20
11.12502437791202
 30
0.0
 75
     0
  1
AcDbOsnapPointRef
 72
     1
331
1441
 73
     3
 91
        0
 40
1.0
 10
-88.49333451318952
 20
11.50002437791202
 30
0.0
 75
     0
  0
DIMASSOC
  5
1768
102
{ACAD_REACTORS
330
1767
102
}
330
1767
100
AcDbDimAssoc
330
14DE
 90
        3
 70
     0
 71
     0
  1
AcDbOsnapPointRef
 72
    13
331
F92
 73
     3
 91
        0
 40
0.0
 10
-66.50112277097986
 20
11.25002437791202
 30
0.0
 75
     0
  1
AcDbOsnapPointRef
 72
     1
331
1441
 73
     3
 91
        0
 40
1.0
 10
-88.49333451318952
 20
11.50002437791202
 30
0.0
 75
     0
  0
DIMASSOC
  5
175C
102
{ACAD_REACTORS
330
175B
102
}
330
175B
100
AcDbDimAssoc
330
14ED
 90
        3
 70
     0
 71
     0
  1
AcDbOsnapPointRef
 72
    13
331
125E
 73
     3
 91
        0
 40
0.0
 10
-89.87612438796523
 20
11.87502437791202
 30
0.0
 75
     0
  1
AcDbOsnapPointRef
 72
     1
331
1261
 73
     3
 91
        0
 40
1.0
 10
-89.62612438796523
 20
12.12502437791202
 30
0.0
 75
     0
  0
DIMASSOC
  5
173C
102
{ACAD_REACTORS
330
173B
102
}
330
173B
100
AcDbDimAssoc
330
14FC
 90
        3
 70
     0
 71
     0
  1
AcDbOsnapPointRef
 72
     1
331
F8F
 73
     3
 91
        0
 40
1.0
 10
-124.7511227709799
 20
11.25002437791202
 30
0.0
 75
     0
  1
AcDbOsnapPointRef
 72
     1
331
F90
 73
     3
 91
        0
 40
1.0
 10
-67.62612277097986
 20
11.25002437791202
 30
0.0
 75
     0
  0
DIMASSOC
  5
1740
102
{ACAD_REACTORS
330
173F
102
}
330
173F
100
AcDbDimAssoc
330
150B
 90
        3
 70
     0
 71
     0
  1
AcDbOsnapPointRef
 72
    13
331
F92
 73
     3
 91
        0
 40
0.0
 10
-66.50112277097986
 20
11.25002437791202
 30
0.0
 75
     0
  1
AcDbOsnapPointRef
 72
     1
331
F92
 73
     3
 91
        0
 40
1.0
 10
-66.50112277097986
 20
11.25002437791202
 30
0.0
 75
     0
  0
DIMASSOC
  5
1732
102
{ACAD_REACTORS
330
1731
102
}
330
1731
100
AcDbDimAssoc
330
1531
 90
        3
 70
     0
 71
     0
  1
AcDbOsnapPointRef
 72
    13
331
152A
 73
     3
 91
        0
 40
0.0
 10
-26.88619603198921
 20
79.59629939633122
 30
0.0
 75
     0
  1
AcDbOsnapPointRef
 72
     1
331
1529
 73
     3
 91
        0
 40
1.0
 10
-23.06360381127227
 20
79.59629939633122
 30
0.0
 75
     0
  0
DIMASSOC
  5
1726
102
{ACAD_REACTORS
330
1725
102
}
330
1725
100
AcDbDimAssoc
330
153B
 90
        3
 70
     0
 71
     0
  1
AcDbOsnapPointRef
 72
    13
331
152F
 73
     3
 91
        0
 40
0.0
 10
-24.88619603198921
 20
76.09629939633133
 30
0.0
 75
     0
  1
AcDbOsnapPointRef
 72
     1
331
152B
 73
     3
 91
        0
 40
1.0
 10
-24.88619603198921
 20
77.09629939633068
 30
0.0
 75
     0
  0
DIMASSOC
  5
172A
102
{ACAD_REACTORS
330
1729
102
}
330
1729
100
AcDbDimAssoc
330
1548
 90
        3
 70
     0
 71
     0
  1
AcDbOsnapPointRef
 72
     1
331
152B
 73
     3
 91
        0
 40
1.0
 10
-24.88619603198921
 20
77.09629939633068
 30
0.0
 75
     0
  1
AcDbOsnapPointRef
 72
    13
331
152F
 73
     3
 91
        0
 40
0.0
 10
-24.88619603198921
 20
76.09629939633133
 30
0.0
 75
     0
  0
DIMASSOC
  5
1780
102
{ACAD_REACTORS
330
177F
102
}
330
177F
100
AcDbDimAssoc
330
1557
 90
        3
 70
     0
 71
     0
  1
AcDbOsnapPointRef
 72
    13
331
152E
 73
     3
 91
        0
 40
0.0
 10
-26.88619603198921
 20
78.59629939633122
 30
0.0
 75
     0
  1
AcDbOsnapPointRef
 72
     1
331
152C
 73
     3
 91
        0
 40
1.0
 10
-26.88619603198921
 20
77.09629939633068
 30
0.0
 75
     0
  0
DIMASSOC
  5
1782
102
{ACAD_REACTORS
330
1781
102
}
330
1781
100
AcDbDimAssoc
330
1566
 90
        3
 70
     0
 71
     0
  1
AcDbOsnapPointRef
 72
    13
331
152A
 73
     3
 91
        0
 40
0.0
 10
-26.88619603198921
 20
79.59629939633122
 30
0.0
 75
     0
  1
AcDbOsnapPointRef
 72
     1
331
152D
 73
     3
 91
        0
 40
1.0
 10
-24.88619603198921
 20
77.09629939633068
 30
0.0
 75
     0
  0
DIMASSOC
  5
178A
102
{ACAD_REACTORS
330
1789
102
}
330
1789
100
AcDbDimAssoc
330
1573
 90
        3
 70
     0
 71
     0
  1
AcDbOsnapPointRef
 72
    13
331
152E
 73
     3
 91
        0
 40
0.0
 10
-26.88619603198921
 20
78.59629939633122
 30
0.0
 75
     0
  1
AcDbOsnapPointRef
 72
     1
331
152D
 73
     3
 91
        0
 40
1.0
 10
-24.88619603198921
 20
77.09629939633068
 30
0.0
 75
     0
  0
DIMASSOC
  5
178C
102
{ACAD_REACTORS
330
178B
102
}
330
178B
100
AcDbDimAssoc
330
1581
 90
        2
 70
     0
 71
     0
  1
AcDbOsnapPointRef
 72
    13
331
1529
 73
     3
 91
        0
 40
0.0
 10
-23.06360381127227
 20
79.59629939633122
 30
0.0
 75
     0
  0
DIMASSOC
  5
178E
102
{ACAD_REACTORS
330
178D
102
}
330
178D
100
AcDbDimAssoc
330
1591
 90
        3
 70
     0
 71
     0
  1
AcDbOsnapPointRef
 72
    13
331
158D
 73
     3
 91
        0
 40
0.0
 10
-27.26119603198921
 20
59.47445607835886
 30
0.0
 75
     0
  1
AcDbOsnapPointRef
 72
     1
331
158C
 73
     3
 91
        0
 40
1.0
 10
-23.24804140721148
 20
59.47445607835886
 30
0.0
 75
     0
  0
DIMASSOC
  5
1790
102
{ACAD_REACTORS
330
178F
102
}
330
178F
100
AcDbDimAssoc
330
159F
 90
        3
 70
     0
 71
     0
  1
AcDbOsnapPointRef
 72
    13
331
158D
 73
     3
 91
        0
 40
0.0
 10
-27.26119603198921
 20
59.47445607835886
 30
0.0
 75
     0
  1
AcDbOsnapPointRef
 72
    13
331
158E
 73
     3
 91
        0
 40
0.0
 10
-27.26119603198921
 20
55.97445607835898
 30
0.0
 75
     0
  0
DIMASSOC
  5
1792
102
{ACAD_REACTORS
330
1791
102
}
330
1791
100
AcDbDimAssoc
330
15AC
 90
        2
 70
     0
 71
     0
  1
AcDbOsnapPointRef
 72
    13
331
158C
 73
     3
 91
        0
 40
0.0
 10
-23.24804140721148
 20
59.47445607835886
 30
0.0
 75
     0
  0
DIMASSOC
  5
1794
102
{ACAD_REACTORS
330
1793
102
}
330
1793
100
AcDbDimAssoc
330
15B7
 90
        3
 70
     0
 71
     0
  1
AcDbOsnapPointRef
 72
    13
331
158D
 73
     3
 91
        0
 40
0.0
 10
-27.26119603198921
 20
59.47445607835886
 30
0.0
 75
     0
  1
AcDbOsnapPointRef
 72
     1
331
158D
 73
     3
 91
        0
 40
1.0
 10
-27.26119603198921
 20
59.47445607835886
 30
0.0
 75
     0
  0
DIMASSOC
  5
1796
102
{ACAD_REACTORS
330
1795
102
}
330
1795
100
AcDbDimAssoc
330
15C8
 90
        3
 70
     0
 71
     0
  1
AcDbOsnapPointRef
 72
    13
331
15C4
 73
     3
 91
        0
 40
0.0
 10
-28.34118361902325
 20
42.2641334977137
 30
0.0
 75
     0
  1
AcDbOsnapPointRef
 72
     1
331
15C3
 73
     3
 91
        0
 40
1.0
 10
-24.34118361902325
 20
42.2641334977137
 30
0.0
 75
     0
  0
DIMASSOC
  5
1798
102
{ACAD_REACTORS
330
1797
102
}
330
1797
100
AcDbDimAssoc
330
15D6
 90
        3
 70
     0
 71
     0
  1
AcDbOsnapPointRef
 72
    13
331
15C4
 73
     3
 91
        0
 40
0.0
 10
-28.34118361902325
 20
42.2641334977137
 30
0.0
 75
     0
  1
AcDbOsnapPointRef
 72
    13
331
15C5
 73
     3
 91
        0
 40
0.0
 10
-28.34118361902325
 20
38.76413349771381
 30
0.0
 75
     0
  0
DIMASSOC
  5
1784
102
{ACAD_REACTORS
330
1783
102
}
330
1783
100
AcDbDimAssoc
330
15E3
 90
        2
 70
     0
 71
     0
  1
AcDbOsnapPointRef
 72
    13
331
15C3
 73
     3
 91
        0
 40
0.0
 10
-24.34118361902325
 20
42.2641334977137
 30
0.0
 75
     0
  0
DIMASSOC
  5
1786
102
{ACAD_REACTORS
330
1785
102
}
330
1785
100
AcDbDimAssoc
330
15EE
 90
        3
 70
     0
 71
     0
  1
AcDbOsnapPointRef
 72
    13
331
15C4
 73
     3
 91
        0
 40
0.0
 10
-28.34118361902325
 20
42.2641334977137
 30
0.0
 75
     0
  1
AcDbOsnapPointRef
 72
     1
331
15C4
 73
     3
 91
        0
 40
1.0
 10
-28.34118361902325
 20
42.2641334977137
 30
0.0
 75
     0
  0
DIMASSOC
  5
1788
102
{ACAD_REACTORS
330
1787
102
}
330
1787
100
AcDbDimAssoc
330
15F9
 90
        3
 70
     0
 71
     0
  1
AcDbOsnapPointRef
 72
    13
331
15C3
 73
     3
 91
        0
 40
0.0
 10
-24.34118361902325
 20
42.2641334977137
 30
0.0
 75
     0
  1
AcDbOsnapPointRef
 72
     1
331
15C3
 73
     3
 91
        0
 40
1.0
 10
-24.34118361902325
 20
42.2641334977137
 30
0.0
 75
     0
  0
LAYOUT
  5
17D2
102
{ACAD_REACTORS
330
EE8
102
}
330
EE8
100
AcDbPlotSettings
  1

  2
none_device
  4

  6

 40
0.0
 41
0.0
 42
0.0
 43
0.0
 44
0.0
 45
0.0
 46
0.0
 47
0.0
 48
0.0
 49
0.0
140
0.0
141
0.0
142
1.0
143
1.0
 70
   688
 72
     0
 73
     0
 74
     5
  7

 75
    16
 76
     0
 77
     2
 78
   300
147
1.0
148
0.0
149
0.0
100
AcDbLayout
  1
Layout1
 70
     1
 71
     1
 10
0.0
 20
0.0
 11
12.0
 21
9.0
 12
0.0
 22
0.0
 32
0.0
 14
1.000000000000000E+20
 24
1.000000000000000E+20
 34
1.000000000000000E+20
 15
-1.000000000000000E+20
 25
-1.000000000000000E+20
 35
-1.000000000000000E+20
146
0.0
 13
0.0
 23
0.0
 33
0.0
 16
1.0
 26
0.0
 36
0.0
 17
0.0
 27
1.0
 37
0.0
 76
     0
330
EE9
  0
LAYOUT
  5
17D1
102
{ACAD_REACTORS
330
EE8
102
}
330
EE8
100
AcDbPlotSettings
  1

  2
none_device
  4
Letter_(8.50_x_11.00_Inches)
  6

 40
6.35
 41
6.35
 42
6.35000508
 43
6.35000508
 44
215.9
 45
279.4
 46
0.0
 47
0.0
 48
0.0
 49
0.0
140
0.0
141
0.0
142
1.0
143
25.47476473353196
 70
  1712
 72
     0
 73
     0
 74
     0
  7

 75
     0
 76
     0
 77
     2
 78
   300
147
0.0392545332787203
148
2588.236032220944
149
1248.156
100
AcDbLayout
  1
Model
 70
     1
 71
     0
 10
0.0
 20
0.0
 11
12.0
 21
9.0
 12
0.0
 22
0.0
 32
0.0
 14
1.000000000000000E+20
 24
1.000000000000000E+20
 34
1.000000000000000E+20
 15
-1.000000000000000E+20
 25
-1.000000000000000E+20
 35
-1.000000000000000E+20
146
0.0
 13
0.0
 23
0.0
 33
0.0
 16
1.0
 26
0.0
 36
0.0
 17
0.0
 27
1.0
 37
0.0
 76
     0
330
EED
331
EF7
  0
MATERIAL
  5
F13
102
{ACAD_REACTORS
330
F11
102
}
102
{ACAD_XDICTIONARY
360
1824
102
}
330
F11
100
AcDbMaterial
  1
BYBLOCK
  0
MATERIAL
  5
F12
102
{ACAD_REACTORS
330
F11
102
}
102
{ACAD_XDICTIONARY
360
1826
102
}
330
F11
100
AcDbMaterial
  1
BYLAYER
  0
MATERIAL
  5
F14
102
{ACAD_REACTORS
330
F11
102
}
102
{ACAD_XDICTIONARY
360
1828
102
}
330
F11
100
AcDbMaterial
  1
GLOBAL
  0
MLEADERSTYLE
  5
1349
102
{ACAD_REACTORS
330
F29
330
1348
102
}
102
{ACAD_XDICTIONARY
360
182A
102
}
330
F29
100
AcDbMLeaderStyle
170
     2
171
     1
172
     0
 90
        2
 40
0.0
 41
0.0
173
     1
 91
-1056964608
340
EE2
 92
       -2
290
     1
 42
0.0
291
     1
 43
0.15625
  3

341
0
 44
0.18
300

342
EE0
174
     1
178
     6
175
     1
176
     0
 93
-1056964608
 45
0.625
292
     0
297
     0
 46
5.0
343
0
 94
-1056964608
 47
1.0
 49
1.0
140
1.0
293
     1
141
0.0
294
     1
177
     0
142
1.0
295
     0
296
     0
143
0.125
1001
ACAD_MLEADERVER
1070
     2
  0
MLEADERSTYLE
  5
F2A
102
{ACAD_REACTORS
330
F29
102
}
102
{ACAD_XDICTIONARY
360
182C
102
}
330
F29
100
AcDbMLeaderStyle
170
     2
171
     1
172
     0
 90
        2
 40
0.0
 41
0.0
173
     1
 91
-1056964608
340
EE2
 92
       -2
290
     1
 42
0.09
291
     1
 43
0.36
  3
Standard
341
0
 44
0.18
300

342
EE0
174
     1
178
     6
175
     1
176
     0
 93
-1056964608
 45
0.18
292
     0
297
     0
 46
0.18
343
0
 94
-1056964608
 47
1.0
 49
1.0
140
1.0
293
     1
141
0.0
294
     1
177
     0
142
1.0
295
     0
296
     0
143
0.125
1001
ACAD_MLEADERVER
1070
     2
  0
MLINESTYLE
  5
F58
102
{ACAD_REACTORS
330
EE5
102
}
330
EE5
100
AcDbMlineStyle
  2
Default
 70
   272
  3

 62
     7
 51
90.0
 52
90.0
 71
     3
 49
0.0393700787401575
 62
     7
  6
CONTINUOUS
 49
0.0
 62
     7
  6
DGN7
 49
-0.0393700787401575
 62
     7
  6
CONTINUOUS
  0
MLINESTYLE
  5
EE6
102
{ACAD_REACTORS
330
EE5
102
}
330
EE5
100
AcDbMlineStyle
  2
Standard
 70
     0
  3

 62
   256
 51
90.0
 52
90.0
 71
     2
 49
0.5
 62
   256
  6
BYLAYER
 49
-0.5
 62
   256
  6
BYLAYER
  0
ACDBPLACEHOLDER
  5
17CF
102
{ACAD_REACTORS
330
17CE
102
}
330
17CE
  0
SCALE
  5
F16
102
{ACAD_REACTORS
330
F15
102
}
330
F15
100
AcDbScale
 70
     0
300
1:1
140
1.0
141
1.0
290
     1
  0
SCALE
  5
F17
102
{ACAD_REACTORS
330
F15
102
}
330
F15
100
AcDbScale
 70
     0
300
1/128" = 1'-0"
140
0.0078125
141
12.0
290
     0
  0
SCALE
  5
F18
102
{ACAD_REACTORS
330
F15
102
}
330
F15
100
AcDbScale
 70
     0
300
1/64" = 1'-0"
140
0.015625
141
12.0
290
     0
  0
SCALE
  5
F19
102
{ACAD_REACTORS
330
F15
102
}
330
F15
100
AcDbScale
 70
     0
300
1/32" = 1'-0"
140
0.03125
141
12.0
290
     0
  0
SCALE
  5
F1A
102
{ACAD_REACTORS
330
F15
102
}
330
F15
100
AcDbScale
 70
     0
300
1/16" = 1'-0"
140
0.0625
141
12.0
290
     0
  0
SCALE
  5
F1B
102
{ACAD_REACTORS
330
F15
102
}
330
F15
100
AcDbScale
 70
     0
300
3/32" = 1'-0"
140
0.09375
141
12.0
290
     0
  0
SCALE
  5
F1C
102
{ACAD_REACTORS
330
F15
102
}
330
F15
100
AcDbScale
 70
     0
300
1/8" = 1'-0"
140
0.125
141
12.0
290
     0
  0
SCALE
  5
F1D
102
{ACAD_REACTORS
330
F15
102
}
330
F15
100
AcDbScale
 70
     0
300
3/16" = 1'-0"
140
0.1875
141
12.0
290
     0
  0
SCALE
  5
F1E
102
{ACAD_REACTORS
330
F15
102
}
330
F15
100
AcDbScale
 70
     0
300
1/4" = 1'-0"
140
0.25
141
12.0
290
     0
  0
SCALE
  5
F1F
102
{ACAD_REACTORS
330
F15
102
}
330
F15
100
AcDbScale
 70
     0
300
3/8" = 1'-0"
140
0.375
141
12.0
290
     0
  0
SCALE
  5
F20
102
{ACAD_REACTORS
330
F15
102
}
330
F15
100
AcDbScale
 70
     0
300
1/2" = 1'-0"
140
0.5
141
12.0
290
     0
  0
SCALE
  5
F21
102
{ACAD_REACTORS
330
F15
102
}
330
F15
100
AcDbScale
 70
     0
300
3/4" = 1'-0"
140
0.75
141
12.0
290
     0
  0
SCALE
  5
F22
102
{ACAD_REACTORS
330
F15
102
}
330
F15
100
AcDbScale
 70
     0
300
1" = 1'-0"
140
1.0
141
12.0
290
     0
  0
SCALE
  5
F23
102
{ACAD_REACTORS
330
F15
102
}
330
F15
100
AcDbScale
 70
     0
300
1-1/2" = 1'-0"
140
1.5
141
12.0
290
     0
  0
SCALE
  5
F24
102
{ACAD_REACTORS
330
F15
102
}
330
F15
100
AcDbScale
 70
     0
300
3" = 1'-0"
140
3.0
141
12.0
290
     0
  0
SCALE
  5
F25
102
{ACAD_REACTORS
330
F15
102
}
330
F15
100
AcDbScale
 70
     0
300
6" = 1'-0"
140
6.0
141
12.0
290
     0
  0
SCALE
  5
F26
102
{ACAD_REACTORS
330
F15
102
}
330
F15
100
AcDbScale
 70
     0
300
1'-0" = 1'-0"
140
12.0
141
12.0
290
     0
  0
TABLESTYLE
  5
17D5
102
{ACAD_REACTORS
330
17D0
102
}
102
{ACAD_XDICTIONARY
360
182E
102
}
330
17D0
100
AcDbTableStyle
  3
Standard
 70
     0
 71
     0
 40
0.06
 41
0.06
280
     0
281
     0
  7
STANDARD
140
0.18
170
     2
 62
     0
 63
   257
283
     0
274
    -2
284
     1
 64
     0
275
    -2
285
     1
 65
     0
276
    -2
286
     1
 66
     0
277
    -2
287
     1
 67
     0
278
    -2
288
     1
 68
     0
279
    -2
289
     1
 69
     0
  7
STANDARD
140
0.25
170
     5
 62
     0
 63
   257
283
     0
274
    -2
284
     1
 64
     0
275
    -2
285
     1
 65
     0
276
    -2
286
     1
 66
     0
277
    -2
287
     1
 67
     0
278
    -2
288
     1
 68
     0
279
    -2
289
     1
 69
     0
  7
STANDARD
140
0.18
170
     5
 62
     0
 63
   257
283
     0
274
    -2
284
     1
 64
     0
275
    -2
285
     1
 65
     0
276
    -2
286
     1
 66
     0
277
    -2
287
     1
 67
     0
278
    -2
288
     1
 68
     0
279
    -2
289
     1
 69
     0
  0
VISUALSTYLE
  5
EFD
102
{ACAD_REACTORS
330
EF8
102
}
102
{ACAD_XDICTIONARY
360
1831
102
}
330
EF8
100
AcDbVisualStyle
  2
2dWireframe
 70
     4
 71
     0
 72
     2
 73
     0
 90
        0
 40
0.6
 41
30.0
 62
     5
 63
     7
 74
     1
 91
        4
 64
     7
 65
   257
 75
     1
175
     1
 42
1.0
 92
        0
 66
   257
 43
1.0
 76
     1
 77
     6
 78
     2
 67
     7
 79
     5
170
     0
171
     0
290
     0
174
     0
 93
        1
 44
0.0
173
     0
291
     0
 45
0.0
1001
ACAD
1000
AcDbSavedByObjectVersion
1070
     0
  0
VISUALSTYLE
  5
F00
102
{ACAD_REACTORS
330
EF8
102
}
102
{ACAD_XDICTIONARY
360
1833
102
}
330
EF8
100
AcDbVisualStyle
  2
Basic
 70
     7
 71
     1
 72
     0
 73
     1
 90
        0
 40
0.6
 41
30.0
 62
     5
 63
     7
 74
     0
 91
        4
 64
     7
 65
   257
 75
     1
175
     1
 42
1.0
 92
        8
 66
     7
 43
1.0
 76
     1
 77
     6
 78
     2
 67
     7
 79
     5
170
     0
171
     0
290
     0
174
     0
 93
        1
 44
0.0
173
     0
291
     1
 45
0.0
1001
ACAD
1000
AcDbSavedByObjectVersion
1070
     0
  0
VISUALSTYLE
  5
F04
102
{ACAD_REACTORS
330
EF8
102
}
102
{ACAD_XDICTIONARY
360
1835
102
}
330
EF8
100
AcDbVisualStyle
  2
Brighten
 70
    12
 71
     2
 72
     2
 73
     0
 90
        0
 40
0.6
 41
30.0
 62
     5
 63
     7
 74
     1
 91
        4
 64
     7
 65
   257
 75
     1
175
     1
 42
1.0
 92
        8
 66
     7
 43
1.0
 76
     1
 77
     6
 78
     2
 67
     7
 79
     5
170
     0
171
     0
290
     0
174
     0
 93
        1
 44
50.0
173
     0
291
     1
 45
0.0
1001
ACAD
1000
AcDbSavedByObjectVersion
1070
     0
  0
VISUALSTYLE
  5
F08
102
{ACAD_REACTORS
330
EF8
102
}
102
{ACAD_XDICTIONARY
360
1837
102
}
330
EF8
100
AcDbVisualStyle
  2
ColorChange
 70
    16
 71
     2
 72
     2
 73
     3
 90
        0
 40
0.6
 41
30.0
 62
     5
 63
     8
 74
     1
 91
        4
 64
     7
 65
   257
 75
     1
175
     1
 42
1.0
 92
        8
 66
     8
 43
1.0
 76
     1
 77
     6
 78
     2
 67
     7
 79
     5
170
     0
171
     0
290
     0
174
     0
 93
        1
 44
0.0
173
     0
291
     1
 45
0.0
1001
ACAD
1000
AcDbSavedByObjectVersion
1070
     0
  0
VISUALSTYLE
  5
F02
102
{ACAD_REACTORS
330
EF8
102
}
102
{ACAD_XDICTIONARY
360
1839
102
}
330
EF8
100
AcDbVisualStyle
  2
Conceptual
 70
     9
 71
     3
 72
     2
 73
     0
 90
        0
 40
0.6
 41
30.0
 62
     5
 63
     7
 74
     2
 91
        2
 64
     7
 65
   257
 75
     1
175
     1
 42
179.0
 92
        8
 66
     7
 43
1.0
 76
     1
 77
     6
 78
     2
 67
     7
 79
     3
170
     0
171
     0
290
     0
174
     0
 93
        1
 44
0.0
173
     0
291
     0
 45
0.0
1001
ACAD
1000
AcDbSavedByObjectVersion
1070
     0
  0
VISUALSTYLE
  5
F03
102
{ACAD_REACTORS
330
EF8
102
}
102
{ACAD_XDICTIONARY
360
183B
102
}
330
EF8
100
AcDbVisualStyle
  2
Dim
 70
    11
 71
     2
 72
     2
 73
     0
 90
        0
 40
0.6
 41
30.0
 62
     5
 63
     7
 74
     1
 91
        4
 64
     7
 65
   257
 75
     1
175
     1
 42
1.0
 92
        8
 66
     7
 43
1.0
 76
     1
 77
     6
 78
     2
 67
     7
 79
     5
170
     0
171
     0
290
     0
174
     0
 93
        1
 44
-50.0
173
     0
291
     1
 45
0.0
1001
ACAD
1000
AcDbSavedByObjectVersion
1070
     0
  0
VISUALSTYLE
  5
F0B
102
{ACAD_REACTORS
330
EF8
102
}
102
{ACAD_XDICTIONARY
360
183D
102
}
330
EF8
100
AcDbVisualStyle
  2
EdgeColorOff
 70
    22
 71
     2
 72
     2
 73
     0
 90
        0
 40
0.6
 41
30.0
 62
     5
 63
     7
 74
     1
 91
        4
 64
     7
 65
   257
 75
     1
175
     1
 42
1.0
 92
        8
 66
     7
 43
1.0
 76
     1
 77
     6
 78
     2
 67
     7
 79
     5
170
     0
171
     0
290
     0
174
     0
 93
        1
 44
0.0
173
     0
291
     1
 45
0.0
1001
ACAD
1000
AcDbSavedByObjectVersion
1070
     0
  0
VISUALSTYLE
  5
F07
102
{ACAD_REACTORS
330
EF8
102
}
102
{ACAD_XDICTIONARY
360
183F
102
}
330
EF8
100
AcDbVisualStyle
  2
Facepattern
 70
    15
 71
     2
 72
     2
 73
     0
 90
        0
 40
0.6
 41
30.0
 62
     5
 63
     7
 74
     1
 91
        4
 64
     7
 65
   257
 75
     1
175
     1
 42
1.0
 92
        8
 66
     7
 43
1.0
 76
     1
 77
     6
 78
     2
 67
     7
 79
     5
170
     0
171
     0
290
     0
174
     0
 93
        1
 44
0.0
173
     0
291
     1
 45
0.0
1001
ACAD
1000
AcDbSavedByObjectVersion
1070
     0
  0
VISUALSTYLE
  5
EF9
102
{ACAD_REACTORS
330
EF8
102
}
102
{ACAD_XDICTIONARY
360
1841
102
}
330
EF8
100
AcDbVisualStyle
  2
Flat
 70
     0
 71
     2
 72
     1
 73
     1
 90
        2
 40
0.6
 41
30.0
 62
     5
 63
     7
 74
     0
 91
        0
 64
     7
 65
   257
 75
     1
175
     1
 42
1.0
 92
        8
 66
     7
 43
1.0
 76
     1
 77
     6
 78
     2
 67
     7
 79
     5
170
     0
171
     0
290
     0
174
     0
 93
       13
 44
0.0
173
     0
291
     1
 45
0.0
1001
ACAD
1000
AcDbSavedByObjectVersion
1070
     0
  0
VISUALSTYLE
  5
EFA
102
{ACAD_REACTORS
330
EF8
102
}
102
{ACAD_XDICTIONARY
360
1843
102
}
330
EF8
100
AcDbVisualStyle
  2
FlatWithEdges
 70
     1
 71
     2
 72
     1
 73
     1
 90
        2
 40
0.6
 41
30.0
 62
     5
 63
     7
 74
     1
 91
        0
 64
     7
 65
   257
 75
     1
175
     1
 42
1.0
 92
        0
 66
   257
 43
1.0
 76
     1
 77
     6
 78
     2
 67
     7
 79
     5
170
     0
171
     0
290
     0
174
     0
 93
       13
 44
0.0
173
     0
291
     1
 45
0.0
1001
ACAD
1000
AcDbSavedByObjectVersion
1070
     0
  0
VISUALSTYLE
  5
EFB
102
{ACAD_REACTORS
330
EF8
102
}
102
{ACAD_XDICTIONARY
360
1845
102
}
330
EF8
100
AcDbVisualStyle
  2
Gouraud
 70
     2
 71
     2
 72
     2
 73
     1
 90
        2
 40
0.6
 41
30.0
 62
     5
 63
     7
 74
     0
 91
        0
 64
     7
 65
   257
 75
     1
175
     1
 42
1.0
 92
        0
 66
     7
 43
1.0
 76
     1
 77
     6
 78
     2
 67
     7
 79
     5
170
     0
171
     0
290
     0
174
     0
 93
       13
 44
0.0
173
     0
291
     1
 45
0.0
1001
ACAD
1000
AcDbSavedByObjectVersion
1070
     0
  0
VISUALSTYLE
  5
EFC
102
{ACAD_REACTORS
330
EF8
102
}
102
{ACAD_XDICTIONARY
360
1847
102
}
330
EF8
100
AcDbVisualStyle
  2
GouraudWithEdges
 70
     3
 71
     2
 72
     2
 73
     1
 90
        2
 40
0.6
 41
30.0
 62
     5
 63
     7
 74
     1
 91
        0
 64
     7
 65
   257
 75
     1
175
     1
 42
1.0
 92
        0
 66
   257
 43
1.0
 76
     1
 77
     6
 78
     2
 67
     7
 79
     5
170
     0
171
     0
290
     0
174
     0
 93
       13
 44
0.0
173
     0
291
     1
 45
0.0
1001
ACAD
1000
AcDbSavedByObjectVersion
1070
     0
  0
VISUALSTYLE
  5
EFF
102
{ACAD_REACTORS
330
EF8
102
}
102
{ACAD_XDICTIONARY
360
1849
102
}
330
EF8
100
AcDbVisualStyle
  2
Hidden
 70
     6
 71
     1
 72
     2
 73
     2
 90
        0
 40
0.6
 41
30.0
 62
     5
 63
     7
 74
     2
 91
        2
 64
     7
 65
   257
 75
     2
175
     1
 42
40.0
 92
        0
 66
   257
 43
1.0
 76
     1
 77
     6
 78
     2
 67
     7
 79
     3
170
     0
171
     0
290
     0
174
     0
 93
        1
 44
0.0
173
     0
291
     0
 45
0.0
1001
ACAD
1000
AcDbSavedByObjectVersion
1070
     0
  0
VISUALSTYLE
  5
F09
102
{ACAD_REACTORS
330
EF8
102
}
102
{ACAD_XDICTIONARY
360
184B
102
}
330
EF8
100
AcDbVisualStyle
  2
JitterOff
 70
    20
 71
     2
 72
     2
 73
     0
 90
        0
 40
0.6
 41
30.0
 62
     5
 63
     7
 74
     1
 91
        4
 64
     7
 65
   257
 75
     1
175
     1
 42
1.0
 92
       10
 66
     7
 43
1.0
 76
     1
 77
     6
 78
     2
 67
     7
 79
     5
170
     0
171
     0
290
     0
174
     0
 93
        1
 44
0.0
173
     0
291
     1
 45
0.0
1001
ACAD
1000
AcDbSavedByObjectVersion
1070
     0
  0
VISUALSTYLE
  5
F06
102
{ACAD_REACTORS
330
EF8
102
}
102
{ACAD_XDICTIONARY
360
184D
102
}
330
EF8
100
AcDbVisualStyle
  2
Linepattern
 70
    14
 71
     2
 72
     2
 73
     0
 90
        0
 40
0.6
 41
30.0
 62
     5
 63
     7
 74
     1
 91
        4
 64
     7
 65
   257
 75
     7
175
     7
 42
1.0
 92
        8
 66
     7
 43
1.0
 76
     1
 77
     6
 78
     2
 67
     7
 79
     5
170
     0
171
     0
290
     0
174
     0
 93
        1
 44
0.0
173
     0
291
     1
 45
0.0
1001
ACAD
1000
AcDbSavedByObjectVersion
1070
     0
  0
VISUALSTYLE
  5
F0A
102
{ACAD_REACTORS
330
EF8
102
}
102
{ACAD_XDICTIONARY
360
184F
102
}
330
EF8
100
AcDbVisualStyle
  2
OverhangOff
 70
    21
 71
     2
 72
     2
 73
     0
 90
        0
 40
0.6
 41
30.0
 62
     5
 63
     7
 74
     1
 91
        4
 64
     7
 65
   257
 75
     1
175
     1
 42
1.0
 92
        9
 66
     7
 43
1.0
 76
     1
 77
     6
 78
     2
 67
     7
 79
     5
170
     0
171
     0
290
     0
174
     0
 93
        1
 44
0.0
173
     0
291
     1
 45
0.0
1001
ACAD
1000
AcDbSavedByObjectVersion
1070
     0
  0
VISUALSTYLE
  5
F01
102
{ACAD_REACTORS
330
EF8
102
}
102
{ACAD_XDICTIONARY
360
1851
102
}
330
EF8
100
AcDbVisualStyle
  2
Realistic
 70
     8
 71
     2
 72
     3
 73
     0
 90
        2
 40
0.6
 41
30.0
 62
     5
 63
     7
 74
     0
 91
        0
 64
     7
 65
   257
 75
     1
175
     1
 42
1.0
 92
        8
 66
   257
 43
1.0
 76
     1
 77
     6
 78
     2
 67
     7
 79
     3
170
     0
171
     0
290
     0
174
     0
 93
       13
 44
0.0
173
     0
291
     0
 45
0.0
1001
ACAD
1000
AcDbSavedByObjectVersion
1070
     0
  0
VISUALSTYLE
  5
F10
102
{ACAD_REACTORS
330
EF8
102
}
102
{ACAD_XDICTIONARY
360
1853
102
}
330
EF8
100
AcDbVisualStyle
  2
Shaded
 70
    27
 71
     2
 72
     2
 73
     1
 90
        2
 40
0.6
 41
30.0
 62
     5
 63
     7
 74
     0
 91
        4
 64
     7
 65
   257
 75
     1
175
     1
 42
1.0
 92
        8
 66
   257
 43
1.0
 76
     1
 77
     6
 78
     2
 67
     8
 79
     3
170
     0
171
     0
290
     0
174
     0
 93
        5
 44
0.0
173
     0
291
     0
 45
0.0
1001
ACAD
1000
AcDbSavedByObjectVersion
1070
     0
  0
VISUALSTYLE
  5
17D4
102
{ACAD_REACTORS
330
EF8
102
}
102
{ACAD_XDICTIONARY
360
1855
102
}
330
EF8
100
AcDbVisualStyle
  2
Shaded with edges
 70
    26
 71
     2
 72
     2
 73
     1
 90
        2
 40
0.6
 41
30.0
 62
     5
 63
     7
421
 16777215
 74
     1
 91
       10
 64
     7
 65
   257
 75
     2
175
     1
 42
1.0
 92
        8
 66
   257
 43
1.0
 76
     1
 77
     6
 78
     2
 67
     7
 79
     3
170
     0
171
     0
290
     0
174
     0
 93
        5
 44
0.0
173
     0
291
     0
 45
0.0
1001
ACAD
1000
AcDbSavedByObjectVersion
1070
     0
  0
VISUALSTYLE
  5
F0F
102
{ACAD_REACTORS
330
EF8
102
}
102
{ACAD_XDICTIONARY
360
1857
102
}
330
EF8
100
AcDbVisualStyle
  2
Shaded with edges
 70
    26
 71
     2
 72
     2
 73
     1
 90
        2
 40
0.6
 41
30.0
 62
     5
 63
     7
 74
     1
 91
       10
 64
     7
 65
   257
 75
     2
175
     1
 42
1.0
 92
        8
 66
   257
 43
1.0
 76
     1
 77
     6
 78
     2
 67
     7
 79
     3
170
     0
171
     0
290
     0
174
     0
 93
        5
 44
0.0
173
     0
291
     0
 45
0.0
1001
ACAD
1000
AcDbSavedByObjectVersion
1070
     0
  0
VISUALSTYLE
  5
17D3
102
{ACAD_REACTORS
330
EF8
102
}
102
{ACAD_XDICTIONARY
360
1859
102
}
330
EF8
100
AcDbVisualStyle
  2
Shades of Gray
 70
    23
 71
     2
 72
     2
 73
     3
 90
        0
 40
0.6
 41
30.0
 62
     5
 63
     7
421
 16777215
 74
     2
 91
        2
 64
     7
 65
     7
 75
     1
175
     1
 42
40.0
 92
        8
 66
     7
 43
1.0
 76
     1
 77
     6
 78
     2
 67
     7
 79
     3
170
     0
171
     0
290
     0
174
     0
 93
        1
 44
0.0
173
     0
291
     0
 45
0.0
1001
ACAD
1000
AcDbSavedByObjectVersion
1070
     0
  0
VISUALSTYLE
  5
F0C
102
{ACAD_REACTORS
330
EF8
102
}
102
{ACAD_XDICTIONARY
360
185B
102
}
330
EF8
100
AcDbVisualStyle
  2
Shades of Gray
 70
    23
 71
     2
 72
     2
 73
     3
 90
        0
 40
0.6
 41
30.0
 62
     5
 63
     7
 74
     2
 91
        2
 64
     7
 65
     7
 75
     1
175
     1
 42
40.0
 92
        8
 66
     7
 43
1.0
 76
     1
 77
     6
 78
     2
 67
     7
 79
     3
170
     0
171
     0
290
     0
174
     0
 93
        1
 44
0.0
173
     0
291
     0
 45
0.0
1001
ACAD
1000
AcDbSavedByObjectVersion
1070
     0
  0
VISUALSTYLE
  5
F0D
102
{ACAD_REACTORS
330
EF8
102
}
102
{ACAD_XDICTIONARY
360
185D
102
}
330
EF8
100
AcDbVisualStyle
  2
Sketchy
 70
    24
 71
     1
 72
     2
 73
     2
 90
        0
 40
0.6
 41
30.0
 62
     5
 63
     7
 74
     2
 91
        2
 64
     7
 65
     7
 75
     1
175
     1
 42
40.0
 92
       11
 66
     7
 43
1.0
 76
     1
 77
     6
 78
     2
 67
     7
 79
     6
170
     0
171
     0
290
     0
174
     0
 93
        1
 44
0.0
173
     0
291
     0
 45
0.0
1001
ACAD
1000
AcDbSavedByObjectVersion
1070
     0
  0
VISUALSTYLE
  5
F05
102
{ACAD_REACTORS
330
EF8
102
}
102
{ACAD_XDICTIONARY
360
185F
102
}
330
EF8
100
AcDbVisualStyle
  2
Thicken
 70
    13
 71
     2
 72
     2
 73
     0
 90
        0
 40
0.6
 41
30.0
 62
     5
 63
     7
 74
     1
 91
        4
 64
     7
 65
   257
 75
     1
175
     1
 42
1.0
 92
       12
 66
     7
 43
1.0
 76
     1
 77
     6
 78
     2
 67
     7
 79
     5
170
     0
171
     0
290
     0
174
     0
 93
        1
 44
0.0
173
     0
291
     1
 45
0.0
1001
ACAD
1000
AcDbSavedByObjectVersion
1070
     0
  0
VISUALSTYLE
  5
EFE
102
{ACAD_REACTORS
330
EF8
102
}
102
{ACAD_XDICTIONARY
360
1861
102
}
330
EF8
100
AcDbVisualStyle
  2
Wireframe
 70
     5
 71
     0
 72
     2
 73
     0
 90
        0
 40
0.6
 41
30.0
 62
     5
 63
     7
 74
     1
 91
        4
 64
     7
 65
   257
 75
     1
175
     1
 42
1.0
 92
        0
 66
   257
 43
1.0
 76
     1
 77
     6
 78
     2
 67
     7
 79
     3
170
     0
171
     0
290
     0
174
     0
 93
        1
 44
0.0
173
     0
291
     0
 45
0.0
1001
ACAD
1000
AcDbSavedByObjectVersion
1070
     0
  0
VISUALSTYLE
  5
F0E
102
{ACAD_REACTORS
330
EF8
102
}
102
{ACAD_XDICTIONARY
360
1863
102
}
330
EF8
100
AcDbVisualStyle
  2
X-Ray
 70
    25
 71
     2
 72
     2
 73
     1
 90
        1
 40
0.5
 41
30.0
 62
     5
 63
     7
 74
     1
 91
        0
 64
     7
 65
   257
 75
     1
175
     1
 42
1.0
 92
        8
 66
     7
 43
1.0
 76
     1
 77
     6
 78
     2
 67
     7
 79
     3
170
     0
171
     0
290
     0
174
     0
 93
       13
 44
0.0
173
     0
291
     0
 45
0.0
1001
ACAD
1000
AcDbSavedByObjectVersion
1070
     0
  0
DICTIONARYVAR
  5
17DC
102
{ACAD_REACTORS
330
17BA
102
}
330
17BA
100
DictionaryVariables
280
     0
  1
1:1
  0
DICTIONARYVAR
  5
17BC
102
{ACAD_REACTORS
330
17BA
102
}
330
17BA
100
DictionaryVariables
280
     0
  1
STANDARD
  0
DICTIONARYVAR
  5
181F
102
{ACAD_REACTORS
330
17BA
102
}
330
17BA
100
DictionaryVariables
280
     0
  1
Standard
  0
DICTIONARYVAR
  5
17C0
102
{ACAD_REACTORS
330
17BA
102
}
330
17BA
100
DictionaryVariables
280
     0
  1
2
  0
DICTIONARYVAR
  5
17C1
102
{ACAD_REACTORS
330
17BA
102
}
330
17BA
100
DictionaryVariables
280
     0
  1
1
  0
DICTIONARYVAR
  5
17C7
102
{ACAD_REACTORS
330
17BA
102
}
330
17BA
100
DictionaryVariables
280
     0
  1
1
  0
DICTIONARYVAR
  5
17BD
102
{ACAD_REACTORS
330
17BA
102
}
330
17BA
100
DictionaryVariables
280
     0
  1
0
  0
DICTIONARY
  5
1824
330
F13
100
AcDbDictionary
280
     1
281
     1
  3
ACAD_XREC_ROUNDTRIP
360
1825
  0
DICTIONARY
  5
1826
330
F12
100
AcDbDictionary
280
     1
281
     1
  3
ACAD_XREC_ROUNDTRIP
360
1827
  0
DICTIONARY
  5
1828
330
F14
100
AcDbDictionary
280
     1
281
     1
  3
ACAD_XREC_ROUNDTRIP
360
1829
  0
DICTIONARY
  5
182A
330
1349
100
AcDbDictionary
280
     1
281
     1
  3
ACAD_XREC_ROUNDTRIP
360
182B
  0
DICTIONARY
  5
182C
330
F2A
100
AcDbDictionary
280
     1
281
     1
  3
ACAD_XREC_ROUNDTRIP
360
182D
  0
DICTIONARY
  5
182E
330
17D5
100
AcDbDictionary
280
     1
281
     1
  3
ACAD_ROUNDTRIP_2008_TABLESTYLE_CELLSTYLEMAP
360
1830
  3
ACAD_XREC_ROUNDTRIP
360
182F
  0
DICTIONARY
  5
1831
330
EFD
100
AcDbDictionary
280
     1
281
     1
  3
ACAD_XREC_ROUNDTRIP
360
1832
  0
DICTIONARY
  5
1833
330
F00
100
AcDbDictionary
280
     1
281
     1
  3
ACAD_XREC_ROUNDTRIP
360
1834
  0
DICTIONARY
  5
1835
330
F04
100
AcDbDictionary
280
     1
281
     1
  3
ACAD_XREC_ROUNDTRIP
360
1836
  0
DICTIONARY
  5
1837
330
F08
100
AcDbDictionary
280
     1
281
     1
  3
ACAD_XREC_ROUNDTRIP
360
1838
  0
DICTIONARY
  5
1839
330
F02
100
AcDbDictionary
280
     1
281
     1
  3
ACAD_XREC_ROUNDTRIP
360
183A
  0
DICTIONARY
  5
183B
330
F03
100
AcDbDictionary
280
     1
281
     1
  3
ACAD_XREC_ROUNDTRIP
360
183C
  0
DICTIONARY
  5
183D
330
F0B
100
AcDbDictionary
280
     1
281
     1
  3
ACAD_XREC_ROUNDTRIP
360
183E
  0
DICTIONARY
  5
183F
330
F07
100
AcDbDictionary
280
     1
281
     1
  3
ACAD_XREC_ROUNDTRIP
360
1840
  0
DICTIONARY
  5
1841
330
EF9
100
AcDbDictionary
280
     1
281
     1
  3
ACAD_XREC_ROUNDTRIP
360
1842
  0
DICTIONARY
  5
1843
330
EFA
100
AcDbDictionary
280
     1
281
     1
  3
ACAD_XREC_ROUNDTRIP
360
1844
  0
DICTIONARY
  5
1845
330
EFB
100
AcDbDictionary
280
     1
281
     1
  3
ACAD_XREC_ROUNDTRIP
360
1846
  0
DICTIONARY
  5
1847
330
EFC
100
AcDbDictionary
280
     1
281
     1
  3
ACAD_XREC_ROUNDTRIP
360
1848
  0
DICTIONARY
  5
1849
330
EFF
100
AcDbDictionary
280
     1
281
     1
  3
ACAD_XREC_ROUNDTRIP
360
184A
  0
DICTIONARY
  5
184B
330
F09
100
AcDbDictionary
280
     1
281
     1
  3
ACAD_XREC_ROUNDTRIP
360
184C
  0
DICTIONARY
  5
184D
330
F06
100
AcDbDictionary
280
     1
281
     1
  3
ACAD_XREC_ROUNDTRIP
360
184E
  0
DICTIONARY
  5
184F
330
F0A
100
AcDbDictionary
280
     1
281
     1
  3
ACAD_XREC_ROUNDTRIP
360
1850
  0
DICTIONARY
  5
1851
330
F01
100
AcDbDictionary
280
     1
281
     1
  3
ACAD_XREC_ROUNDTRIP
360
1852
  0
DICTIONARY
  5
1853
330
F10
100
AcDbDictionary
280
     1
281
     1
  3
ACAD_XREC_ROUNDTRIP
360
1854
  0
DICTIONARY
  5
1855
330
17D4
100
AcDbDictionary
280
     1
281
     1
  3
ACAD_XREC_ROUNDTRIP
360
1856
  0
DICTIONARY
  5
1857
330
F0F
100
AcDbDictionary
280
     1
281
     1
  3
ACAD_XREC_ROUNDTRIP
360
1858
  0
DICTIONARY
  5
1859
330
17D3
100
AcDbDictionary
280
     1
281
     1
  3
ACAD_XREC_ROUNDTRIP
360
185A
  0
DICTIONARY
  5
185B
330
F0C
100
AcDbDictionary
280
     1
281
     1
  3
ACAD_XREC_ROUNDTRIP
360
185C
  0
DICTIONARY
  5
185D
330
F0D
100
AcDbDictionary
280
     1
281
     1
  3
ACAD_XREC_ROUNDTRIP
360
185E
  0
DICTIONARY
  5
185F
330
F05
100
AcDbDictionary
280
     1
281
     1
  3
ACAD_XREC_ROUNDTRIP
360
1860
  0
DICTIONARY
  5
1861
330
EFE
100
AcDbDictionary
280
     1
281
     1
  3
ACAD_XREC_ROUNDTRIP
360
1862
  0
DICTIONARY
  5
1863
330
F0E
100
AcDbDictionary
280
     1
281
     1
  3
ACAD_XREC_ROUNDTRIP
360
1864
  0
XRECORD
  5
1825
102
{ACAD_REACTORS
330
1824
102
}
330
1824
100
AcDbXrecord
280
     1
102
MATERIAL
148
0.0
149
0.0
149
0.0
 93
        0
 94
      127
282
     0
 72
     1
 77
     1
171
     1
175
     1
179
     1
273
     0
  0
XRECORD
  5
1827
102
{ACAD_REACTORS
330
1826
102
}
330
1826
100
AcDbXrecord
280
     1
102
MATERIAL
148
0.0
149
0.0
149
0.0
 93
        0
 94
      127
282
     0
 72
     1
 77
     1
171
     1
175
     1
179
     1
273
     0
  0
XRECORD
  5
1829
102
{ACAD_REACTORS
330
1828
102
}
330
1828
100
AcDbXrecord
280
     1
102
MATERIAL
148
0.0
149
0.0
149
0.0
 93
        0
 94
      127
282
     0
 72
     1
 77
     1
171
     1
175
     1
179
     1
273
     0
  0
XRECORD
  5
182B
102
{ACAD_REACTORS
330
182A
102
}
330
182A
100
AcDbXrecord
280
     1
102
ACAD_ROUNDTRIP_2010_MLEADER_STYLE
  0
XRECORD
  5
182D
102
{ACAD_REACTORS
330
182C
102
}
330
182C
100
AcDbXrecord
280
     1
102
ACAD_ROUNDTRIP_2010_MLEADER_STYLE
  0
CELLSTYLEMAP
  5
1830
102
{ACAD_REACTORS
330
182E
102
}
330
182E
100
AcDbCellStyleMap
 90
        3
300
CELLSTYLE
  1
TABLEFORMAT_BEGIN
 90
        5
170
     1
 91
        0
 92
    32768
 62
   257
 93
        1
300
CONTENTFORMAT
  1
CONTENTFORMAT_BEGIN
 90
        0
 91
        0
 92
        4
 93
        0
300

 40
0.0
140
1.0
 94
        5
 62
     0
340
EE0
144
0.25
309
CONTENTFORMAT_END
171
     1
301
MARGIN
  1
CELLMARGIN_BEGIN
 40
0.06
 40
0.06
 40
0.06
 40
0.06
 40
0.06
 40
0.06
309
CELLMARGIN_END
 94
        6
 95
        1
302
GRIDFORMAT
  1
GRIDFORMAT_BEGIN
 90
        0
 91
        1
 62
     0
 92
       -2
340
EE2
 93
        0
 40
0.045
309
GRIDFORMAT_END
 95
        2
302
GRIDFORMAT
  1
GRIDFORMAT_BEGIN
 90
        0
 91
        1
 62
     0
 92
       -2
340
EE2
 93
        0
 40
0.045
309
GRIDFORMAT_END
 95
        4
302
GRIDFORMAT
  1
GRIDFORMAT_BEGIN
 90
        0
 91
        1
 62
     0
 92
       -2
340
EE2
 93
        0
 40
0.045
309
GRIDFORMAT_END
 95
        8
302
GRIDFORMAT
  1
GRIDFORMAT_BEGIN
 90
        0
 91
        1
 62
     0
 92
       -2
340
EE2
 93
        0
 40
0.045
309
GRIDFORMAT_END
 95
       16
302
GRIDFORMAT
  1
GRIDFORMAT_BEGIN
 90
        0
 91
        1
 62
     0
 92
       -2
340
EE2
 93
        0
 40
0.045
309
GRIDFORMAT_END
 95
       32
302
GRIDFORMAT
  1
GRIDFORMAT_BEGIN
 90
        0
 91
        1
 62
     0
 92
       -2
340
EE2
 93
        0
 40
0.045
309
GRIDFORMAT_END
309
TABLEFORMAT_END
  1
CELLSTYLE_BEGIN
 90
        1
 91
        1
300
_TITLE
309
CELLSTYLE_END
300
CELLSTYLE
  1
TABLEFORMAT_BEGIN
 90
        5
170
     1
 91
        0
 92
        0
 62
   257
 93
        1
300
CONTENTFORMAT
  1
CONTENTFORMAT_BEGIN
 90
        0
 91
        0
 92
        4
 93
        0
300

 40
0.0
140
1.0
 94
        5
 62
     0
340
EE0
144
0.18
309
CONTENTFORMAT_END
171
     1
301
MARGIN
  1
CELLMARGIN_BEGIN
 40
0.06
 40
0.06
 40
0.06
 40
0.06
 40
0.06
 40
0.06
309
CELLMARGIN_END
 94
        6
 95
        1
302
GRIDFORMAT
  1
GRIDFORMAT_BEGIN
 90
        0
 91
        1
 62
     0
 92
       -2
340
EE2
 93
        0
 40
0.045
309
GRIDFORMAT_END
 95
        2
302
GRIDFORMAT
  1
GRIDFORMAT_BEGIN
 90
        0
 91
        1
 62
     0
 92
       -2
340
EE2
 93
        0
 40
0.045
309
GRIDFORMAT_END
 95
        4
302
GRIDFORMAT
  1
GRIDFORMAT_BEGIN
 90
        0
 91
        1
 62
     0
 92
       -2
340
EE2
 93
        0
 40
0.045
309
GRIDFORMAT_END
 95
        8
302
GRIDFORMAT
  1
GRIDFORMAT_BEGIN
 90
        0
 91
        1
 62
     0
 92
       -2
340
EE2
 93
        0
 40
0.045
309
GRIDFORMAT_END
 95
       16
302
GRIDFORMAT
  1
GRIDFORMAT_BEGIN
 90
        0
 91
        1
 62
     0
 92
       -2
340
EE2
 93
        0
 40
0.045
309
GRIDFORMAT_END
 95
       32
302
GRIDFORMAT
  1
GRIDFORMAT_BEGIN
 90
        0
 91
        1
 62
     0
 92
       -2
340
EE2
 93
        0
 40
0.045
309
GRIDFORMAT_END
309
TABLEFORMAT_END
  1
CELLSTYLE_BEGIN
 90
        2
 91
        1
300
_HEADER
309
CELLSTYLE_END
300
CELLSTYLE
  1
TABLEFORMAT_BEGIN
 90
        5
170
     1
 91
        0
 92
        0
 62
   257
 93
        1
300
CONTENTFORMAT
  1
CONTENTFORMAT_BEGIN
 90
        0
 91
        0
 92
        4
 93
        0
300

 40
0.0
140
1.0
 94
        2
 62
     0
340
EE0
144
0.18
309
CONTENTFORMAT_END
171
     1
301
MARGIN
  1
CELLMARGIN_BEGIN
 40
0.06
 40
0.06
 40
0.06
 40
0.06
 40
0.06
 40
0.06
309
CELLMARGIN_END
 94
        6
 95
        1
302
GRIDFORMAT
  1
GRIDFORMAT_BEGIN
 90
        0
 91
        1
 62
     0
 92
       -2
340
EE2
 93
        0
 40
0.045
309
GRIDFORMAT_END
 95
        2
302
GRIDFORMAT
  1
GRIDFORMAT_BEGIN
 90
        0
 91
        1
 62
     0
 92
       -2
340
EE2
 93
        0
 40
0.045
309
GRIDFORMAT_END
 95
        4
302
GRIDFORMAT
  1
GRIDFORMAT_BEGIN
 90
        0
 91
        1
 62
     0
 92
       -2
340
EE2
 93
        0
 40
0.045
309
GRIDFORMAT_END
 95
        8
302
GRIDFORMAT
  1
GRIDFORMAT_BEGIN
 90
        0
 91
        1
 62
     0
 92
       -2
340
EE2
 93
        0
 40
0.045
309
GRIDFORMAT_END
 95
       16
302
GRIDFORMAT
  1
GRIDFORMAT_BEGIN
 90
        0
 91
        1
 62
     0
 92
       -2
340
EE2
 93
        0
 40
0.045
309
GRIDFORMAT_END
 95
       32
302
GRIDFORMAT
  1
GRIDFORMAT_BEGIN
 90
        0
 91
        1
 62
     0
 92
       -2
340
EE2
 93
        0
 40
0.045
309
GRIDFORMAT_END
309
TABLEFORMAT_END
  1
CELLSTYLE_BEGIN
 90
        3
 91
        2
300
_DATA
309
CELLSTYLE_END
  0
XRECORD
  5
182F
102
{ACAD_REACTORS
330
182E
102
}
330
182E
100
AcDbXrecord
280
     1
102
ACAD_ROUNDTRIP_PRE2007_TABLESTYLE
 90
        4
 91
        0
  1

 92
        4
 93
        0
  2

 94
        4
 95
        0
  3

  0
XRECORD
  5
1832
102
{ACAD_REACTORS
330
1831
102
}
330
1831
100
AcDbXrecord
280
     1
102
RTVSPropertyOp0
 70
     1
102
RTVSPropertyOp1
 70
     1
102
RTVSPropertyOp2
 70
     1
102
RTVSPropertyOp3
 70
     1
102
RTVSPropertyOp4
 70
     1
102
RTVSPropertyOp5
 70
     1
102
RTVSPropertyOp6
 70
     1
102
RTVSPropertyOp7
 70
     1
102
RTVSPropertyOp8
 70
     1
102
RTVSPropertyOp9
 70
     1
102
RTVSPropertyOp10
 70
     1
102
RTVSPropertyOp11
 70
     1
102
RTVSPropertyOp12
 70
     1
102
RTVSPropertyOp13
 70
     1
102
RTVSPropertyOp14
 70
     1
102
RTVSPropertyOp15
 70
     1
102
RTVSPropertyOp16
 70
     1
102
RTVSPropertyOp17
 70
     1
102
RTVSPropertyOp18
 70
     1
102
RTVSPropertyOp19
 70
     1
102
RTVSPropertyOp20
 70
     1
102
RTVSPropertyOp21
 70
     1
102
RTVSPropertyOp22
 70
     1
102
RTVSPropertyOp23
 70
     1
102
RTVSPropertyOp24
 70
     1
102
RTVSPropertyOp25
 70
     1
102
RTVSPropertyOp26
 70
     1
102
RTVSPropertyOp27
 70
     1
102
RTVSPropertyOp28
 70
     1
102
RTVSPropertyOp29
 70
     1
102
RTVSPropertyOp30
 70
     1
102
RTVSPropertyOp31
 70
     1
102
RTVSPropertyOp32
 70
     1
102
RTVSPropertyOp33
 70
     1
102
RTVSPropertyOp34
 70
     1
102
RTVSPropertyOp35
 70
     1
102
RTVSPropertyOp36
 70
     1
102
RTVSPropertyOp37
 70
     1
102
RTVSPropertyOp38
 70
     1
102
RTVSPropertyOp39
 70
     1
102
RTVSPropertyOp40
 70
     1
102
RTVSPropertyOp41
 70
     1
102
RTVSPropertyOp42
 70
     1
102
RTVSPropertyOp43
 70
     1
102
RTVSPropertyOp44
 70
     1
102
RTVSPropertyOp45
 70
     1
102
RTVSPropertyOp46
 70
     1
102
RTVSPropertyOp47
 70
     1
102
RTVSPropertyOp48
 70
     1
102
RTVSPropertyOp49
 70
     1
102
RTVSPropertyOp50
 70
     1
102
RTVSPropertyOp51
 70
     0
102
RTVSPropertyOp52
 70
     0
102
RTVSPropertyOp53
 70
     1
102
RTVSPropertyOp54
 70
     1
102
RTVSPropertyOp55
 70
     1
102
RTVSPropertyOp56
 70
     1
102
RTVSPropertyOp57
 70
     1
102
RTVSPost2010Prop28
280
     1
102
RTVSPost2010PropOp28
 70
     1
102
RTVSPost2010Prop29
280
     1
102
RTVSPost2010PropOp29
 70
     1
102
RTVSPost2010Prop30
280
     0
102
RTVSPost2010PropOp30
 70
     1
102
RTVSPost2010Prop31
280
     0
102
RTVSPost2010PropOp31
 70
     1
102
RTVSPost2010Prop32
280
     0
102
RTVSPost2010PropOp32
 70
     1
102
RTVSPost2010Prop33
280
     0
102
RTVSPost2010PropOp33
 70
     1
102
RTVSPost2010Prop34
280
     0
102
RTVSPost2010PropOp34
 70
     1
102
RTVSPost2010Prop35
280
     0
102
RTVSPost2010PropOp35
 70
     1
102
RTVSPost2010Prop36
280
     0
102
RTVSPost2010PropOp36
 70
     1
102
RTVSPost2010Prop37
 90
       50
102
RTVSPost2010PropOp37
 70
     1
102
RTVSPost2010Prop38
140
0.0
102
RTVSPost2010PropOp38
 70
     1
102
RTVSPost2010Prop39
140
1.0
102
RTVSPost2010PropOp39
 70
     1
102
RTVSPost2010Prop40
 90
        0
102
RTVSPost2010PropOp40
 70
     1
102
RTVSPost2010Prop41ColorIndex
 90
       18
102
RTVSPost2010Prop41ColorRGB
 90
        0
102
RTVSPost2010PropOp41
 70
     1
102
RTVSPost2010Prop42
 90
       50
102
RTVSPost2010PropOp42
 70
     1
102
RTVSPost2010Prop43
 90
        3
102
RTVSPost2010PropOp43
 70
     1
102
RTVSPost2010Prop44ColorIndex
 90
        5
102
RTVSPost2010Prop44ColorRGB
 90
      255
102
RTVSPost2010PropOp44
 70
     1
102
RTVSPost2010Prop45
280
     0
102
RTVSPost2010PropOp45
 70
     1
102
RTVSPost2010Prop46
 90
       50
102
RTVSPost2010PropOp46
 70
     1
102
RTVSPost2010Prop47
 90
       50
102
RTVSPost2010PropOp47
 70
     1
102
RTVSPost2010Prop48
 90
       50
102
RTVSPost2010PropOp48
 70
     1
102
RTVSPost2010Prop49
280
     0
102
RTVSPost2010PropOp49
 70
     1
102
RTVSPost2010Prop50
 90
       50
102
RTVSPost2010PropOp50
 70
     1
102
RTVSPost2010Prop51ColorIndex
 90
      256
102
RTVSPost2010Prop51ColorRGB
 90
-16777216
102
RTVSPost2010PropOp51
 70
     0
102
RTVSPost2010Prop52
140
1.0
102
RTVSPost2010PropOp52
 70
     0
102
RTVSPost2010Prop53
 90
        2
102
RTVSPost2010PropOp53
 70
     1
102
RTVSPost2010Prop54
  1
strokes_ogs.tif
102
RTVSPost2010PropOp54
 70
     1
102
RTVSPost2010Prop55
280
     0
102
RTVSPost2010PropOp55
 70
     1
102
RTVSPost2010Prop56
140
1.0
102
RTVSPost2010PropOp56
 70
     1
102
RTVSPost2010Prop57
140
1.0
102
RTVSPost2010PropOp57
 70
     1
  0
XRECORD
  5
1834
102
{ACAD_REACTORS
330
1833
102
}
330
1833
100
AcDbXrecord
280
     1
102
RTVSPropertyOp0
 70
     1
102
RTVSPropertyOp1
 70
     1
102
RTVSPropertyOp2
 70
     1
102
RTVSPropertyOp3
 70
     1
102
RTVSPropertyOp4
 70
     1
102
RTVSPropertyOp5
 70
     1
102
RTVSPropertyOp6
 70
     1
102
RTVSPropertyOp7
 70
     1
102
RTVSPropertyOp8
 70
     1
102
RTVSPropertyOp9
 70
     1
102
RTVSPropertyOp10
 70
     1
102
RTVSPropertyOp11
 70
     1
102
RTVSPropertyOp12
 70
     1
102
RTVSPropertyOp13
 70
     1
102
RTVSPropertyOp14
 70
     1
102
RTVSPropertyOp15
 70
     1
102
RTVSPropertyOp16
 70
     1
102
RTVSPropertyOp17
 70
     1
102
RTVSPropertyOp18
 70
     1
102
RTVSPropertyOp19
 70
     1
102
RTVSPropertyOp20
 70
     1
102
RTVSPropertyOp21
 70
     1
102
RTVSPropertyOp22
 70
     1
102
RTVSPropertyOp23
 70
     1
102
RTVSPropertyOp24
 70
     1
102
RTVSPropertyOp25
 70
     1
102
RTVSPropertyOp26
 70
     1
102
RTVSPropertyOp27
 70
     1
102
RTVSPropertyOp28
 70
     1
102
RTVSPropertyOp29
 70
     1
102
RTVSPropertyOp30
 70
     1
102
RTVSPropertyOp31
 70
     1
102
RTVSPropertyOp32
 70
     1
102
RTVSPropertyOp33
 70
     1
102
RTVSPropertyOp34
 70
     1
102
RTVSPropertyOp35
 70
     1
102
RTVSPropertyOp36
 70
     1
102
RTVSPropertyOp37
 70
     1
102
RTVSPropertyOp38
 70
     1
102
RTVSPropertyOp39
 70
     1
102
RTVSPropertyOp40
 70
     1
102
RTVSPropertyOp41
 70
     1
102
RTVSPropertyOp42
 70
     1
102
RTVSPropertyOp43
 70
     1
102
RTVSPropertyOp44
 70
     1
102
RTVSPropertyOp45
 70
     1
102
RTVSPropertyOp46
 70
     1
102
RTVSPropertyOp47
 70
     1
102
RTVSPropertyOp48
 70
     1
102
RTVSPropertyOp49
 70
     1
102
RTVSPropertyOp50
 70
     1
102
RTVSPropertyOp51
 70
     0
102
RTVSPropertyOp52
 70
     0
102
RTVSPropertyOp53
 70
     1
102
RTVSPropertyOp54
 70
     1
102
RTVSPropertyOp55
 70
     1
102
RTVSPropertyOp56
 70
     1
102
RTVSPropertyOp57
 70
     1
102
RTVSPost2010Prop28
280
     0
102
RTVSPost2010PropOp28
 70
     1
102
RTVSPost2010Prop29
280
     1
102
RTVSPost2010PropOp29
 70
     1
102
RTVSPost2010Prop30
280
     1
102
RTVSPost2010PropOp30
 70
     1
102
RTVSPost2010Prop31
280
     0
102
RTVSPost2010PropOp31
 70
     1
102
RTVSPost2010Prop32
280
     0
102
RTVSPost2010PropOp32
 70
     1
102
RTVSPost2010Prop33
280
     0
102
RTVSPost2010PropOp33
 70
     1
102
RTVSPost2010Prop34
280
     0
102
RTVSPost2010PropOp34
 70
     1
102
RTVSPost2010Prop35
280
     0
102
RTVSPost2010PropOp35
 70
     1
102
RTVSPost2010Prop36
280
     0
102
RTVSPost2010PropOp36
 70
     1
102
RTVSPost2010Prop37
 90
       50
102
RTVSPost2010PropOp37
 70
     1
102
RTVSPost2010Prop38
140
0.0
102
RTVSPost2010PropOp38
 70
     1
102
RTVSPost2010Prop39
140
1.0
102
RTVSPost2010PropOp39
 70
     1
102
RTVSPost2010Prop40
 90
        0
102
RTVSPost2010PropOp40
 70
     1
102
RTVSPost2010Prop41ColorIndex
 90
       18
102
RTVSPost2010Prop41ColorRGB
 90
        0
102
RTVSPost2010PropOp41
 70
     1
102
RTVSPost2010Prop42
 90
       50
102
RTVSPost2010PropOp42
 70
     1
102
RTVSPost2010Prop43
 90
        3
102
RTVSPost2010PropOp43
 70
     1
102
RTVSPost2010Prop44ColorIndex
 90
        5
102
RTVSPost2010Prop44ColorRGB
 90
      255
102
RTVSPost2010PropOp44
 70
     1
102
RTVSPost2010Prop45
280
     0
102
RTVSPost2010PropOp45
 70
     1
102
RTVSPost2010Prop46
 90
       50
102
RTVSPost2010PropOp46
 70
     1
102
RTVSPost2010Prop47
 90
       50
102
RTVSPost2010PropOp47
 70
     1
102
RTVSPost2010Prop48
 90
       50
102
RTVSPost2010PropOp48
 70
     1
102
RTVSPost2010Prop49
280
     0
102
RTVSPost2010PropOp49
 70
     1
102
RTVSPost2010Prop50
 90
       50
102
RTVSPost2010PropOp50
 70
     1
102
RTVSPost2010Prop51ColorIndex
 90
      256
102
RTVSPost2010Prop51ColorRGB
 90
-16777216
102
RTVSPost2010PropOp51
 70
     0
102
RTVSPost2010Prop52
140
1.0
102
RTVSPost2010PropOp52
 70
     0
102
RTVSPost2010Prop53
 90
        2
102
RTVSPost2010PropOp53
 70
     1
102
RTVSPost2010Prop54
  1
strokes_ogs.tif
102
RTVSPost2010PropOp54
 70
     1
102
RTVSPost2010Prop55
280
     0
102
RTVSPost2010PropOp55
 70
     1
102
RTVSPost2010Prop56
140
1.0
102
RTVSPost2010PropOp56
 70
     1
102
RTVSPost2010Prop57
140
1.0
102
RTVSPost2010PropOp57
 70
     1
  0
XRECORD
  5
1836
102
{ACAD_REACTORS
330
1835
102
}
330
1835
100
AcDbXrecord
280
     1
102
RTVSPropertyOp0
 70
     1
102
RTVSPropertyOp1
 70
     1
102
RTVSPropertyOp2
 70
     1
102
RTVSPropertyOp3
 70
     1
102
RTVSPropertyOp4
 70
     1
102
RTVSPropertyOp5
 70
     1
102
RTVSPropertyOp6
 70
     1
102
RTVSPropertyOp7
 70
     1
102
RTVSPropertyOp8
 70
     1
102
RTVSPropertyOp9
 70
     1
102
RTVSPropertyOp10
 70
     1
102
RTVSPropertyOp11
 70
     1
102
RTVSPropertyOp12
 70
     1
102
RTVSPropertyOp13
 70
     1
102
RTVSPropertyOp14
 70
     1
102
RTVSPropertyOp15
 70
     1
102
RTVSPropertyOp16
 70
     1
102
RTVSPropertyOp17
 70
     1
102
RTVSPropertyOp18
 70
     1
102
RTVSPropertyOp19
 70
     1
102
RTVSPropertyOp20
 70
     1
102
RTVSPropertyOp21
 70
     1
102
RTVSPropertyOp22
 70
     1
102
RTVSPropertyOp23
 70
     1
102
RTVSPropertyOp24
 70
     1
102
RTVSPropertyOp25
 70
     1
102
RTVSPropertyOp26
 70
     1
102
RTVSPropertyOp27
 70
     1
102
RTVSPropertyOp28
 70
     1
102
RTVSPropertyOp29
 70
     1
102
RTVSPropertyOp30
 70
     1
102
RTVSPropertyOp31
 70
     1
102
RTVSPropertyOp32
 70
     1
102
RTVSPropertyOp33
 70
     1
102
RTVSPropertyOp34
 70
     1
102
RTVSPropertyOp35
 70
     1
102
RTVSPropertyOp36
 70
     1
102
RTVSPropertyOp37
 70
     1
102
RTVSPropertyOp38
 70
     1
102
RTVSPropertyOp39
 70
     1
102
RTVSPropertyOp40
 70
     1
102
RTVSPropertyOp41
 70
     1
102
RTVSPropertyOp42
 70
     1
102
RTVSPropertyOp43
 70
     1
102
RTVSPropertyOp44
 70
     1
102
RTVSPropertyOp45
 70
     1
102
RTVSPropertyOp46
 70
     1
102
RTVSPropertyOp47
 70
     1
102
RTVSPropertyOp48
 70
     1
102
RTVSPropertyOp49
 70
     1
102
RTVSPropertyOp50
 70
     1
102
RTVSPropertyOp51
 70
     0
102
RTVSPropertyOp52
 70
     0
102
RTVSPropertyOp53
 70
     1
102
RTVSPropertyOp54
 70
     1
102
RTVSPropertyOp55
 70
     1
102
RTVSPropertyOp56
 70
     1
102
RTVSPropertyOp57
 70
     1
102
RTVSPost2010Prop28
280
     0
102
RTVSPost2010PropOp28
 70
     1
102
RTVSPost2010Prop29
280
     1
102
RTVSPost2010PropOp29
 70
     1
102
RTVSPost2010Prop30
280
     1
102
RTVSPost2010PropOp30
 70
     1
102
RTVSPost2010Prop31
280
     0
102
RTVSPost2010PropOp31
 70
     1
102
RTVSPost2010Prop32
280
     0
102
RTVSPost2010PropOp32
 70
     1
102
RTVSPost2010Prop33
280
     0
102
RTVSPost2010PropOp33
 70
     1
102
RTVSPost2010Prop34
280
     0
102
RTVSPost2010PropOp34
 70
     1
102
RTVSPost2010Prop35
280
     0
102
RTVSPost2010PropOp35
 70
     1
102
RTVSPost2010Prop36
280
     0
102
RTVSPost2010PropOp36
 70
     1
102
RTVSPost2010Prop37
 90
       50
102
RTVSPost2010PropOp37
 70
     1
102
RTVSPost2010Prop38
140
0.0
102
RTVSPost2010PropOp38
 70
     1
102
RTVSPost2010Prop39
140
1.0
102
RTVSPost2010PropOp39
 70
     1
102
RTVSPost2010Prop40
 90
        0
102
RTVSPost2010PropOp40
 70
     1
102
RTVSPost2010Prop41ColorIndex
 90
       18
102
RTVSPost2010Prop41ColorRGB
 90
        0
102
RTVSPost2010PropOp41
 70
     1
102
RTVSPost2010Prop42
 90
       50
102
RTVSPost2010PropOp42
 70
     1
102
RTVSPost2010Prop43
 90
        3
102
RTVSPost2010PropOp43
 70
     1
102
RTVSPost2010Prop44ColorIndex
 90
        5
102
RTVSPost2010Prop44ColorRGB
 90
      255
102
RTVSPost2010PropOp44
 70
     1
102
RTVSPost2010Prop45
280
     0
102
RTVSPost2010PropOp45
 70
     1
102
RTVSPost2010Prop46
 90
       50
102
RTVSPost2010PropOp46
 70
     1
102
RTVSPost2010Prop47
 90
       50
102
RTVSPost2010PropOp47
 70
     1
102
RTVSPost2010Prop48
 90
       50
102
RTVSPost2010PropOp48
 70
     1
102
RTVSPost2010Prop49
280
     0
102
RTVSPost2010PropOp49
 70
     1
102
RTVSPost2010Prop50
 90
       50
102
RTVSPost2010PropOp50
 70
     1
102
RTVSPost2010Prop51ColorIndex
 90
      256
102
RTVSPost2010Prop51ColorRGB
 90
-16777216
102
RTVSPost2010PropOp51
 70
     0
102
RTVSPost2010Prop52
140
1.0
102
RTVSPost2010PropOp52
 70
     0
102
RTVSPost2010Prop53
 90
        2
102
RTVSPost2010PropOp53
 70
     1
102
RTVSPost2010Prop54
  1
strokes_ogs.tif
102
RTVSPost2010PropOp54
 70
     1
102
RTVSPost2010Prop55
280
     0
102
RTVSPost2010PropOp55
 70
     1
102
RTVSPost2010Prop56
140
1.0
102
RTVSPost2010PropOp56
 70
     1
102
RTVSPost2010Prop57
140
1.0
102
RTVSPost2010PropOp57
 70
     1
  0
XRECORD
  5
1838
102
{ACAD_REACTORS
330
1837
102
}
330
1837
100
AcDbXrecord
280
     1
102
RTVSPropertyOp0
 70
     1
102
RTVSPropertyOp1
 70
     1
102
RTVSPropertyOp2
 70
     1
102
RTVSPropertyOp3
 70
     1
102
RTVSPropertyOp4
 70
     1
102
RTVSPropertyOp5
 70
     1
102
RTVSPropertyOp6
 70
     1
102
RTVSPropertyOp7
 70
     1
102
RTVSPropertyOp8
 70
     1
102
RTVSPropertyOp9
 70
     1
102
RTVSPropertyOp10
 70
     1
102
RTVSPropertyOp11
 70
     1
102
RTVSPropertyOp12
 70
     1
102
RTVSPropertyOp13
 70
     1
102
RTVSPropertyOp14
 70
     1
102
RTVSPropertyOp15
 70
     1
102
RTVSPropertyOp16
 70
     1
102
RTVSPropertyOp17
 70
     1
102
RTVSPropertyOp18
 70
     1
102
RTVSPropertyOp19
 70
     1
102
RTVSPropertyOp20
 70
     1
102
RTVSPropertyOp21
 70
     1
102
RTVSPropertyOp22
 70
     1
102
RTVSPropertyOp23
 70
     1
102
RTVSPropertyOp24
 70
     1
102
RTVSPropertyOp25
 70
     1
102
RTVSPropertyOp26
 70
     1
102
RTVSPropertyOp27
 70
     1
102
RTVSPropertyOp28
 70
     1
102
RTVSPropertyOp29
 70
     1
102
RTVSPropertyOp30
 70
     1
102
RTVSPropertyOp31
 70
     1
102
RTVSPropertyOp32
 70
     1
102
RTVSPropertyOp33
 70
     1
102
RTVSPropertyOp34
 70
     1
102
RTVSPropertyOp35
 70
     1
102
RTVSPropertyOp36
 70
     1
102
RTVSPropertyOp37
 70
     1
102
RTVSPropertyOp38
 70
     1
102
RTVSPropertyOp39
 70
     1
102
RTVSPropertyOp40
 70
     1
102
RTVSPropertyOp41
 70
     1
102
RTVSPropertyOp42
 70
     1
102
RTVSPropertyOp43
 70
     1
102
RTVSPropertyOp44
 70
     1
102
RTVSPropertyOp45
 70
     1
102
RTVSPropertyOp46
 70
     1
102
RTVSPropertyOp47
 70
     1
102
RTVSPropertyOp48
 70
     1
102
RTVSPropertyOp49
 70
     1
102
RTVSPropertyOp50
 70
     1
102
RTVSPropertyOp51
 70
     0
102
RTVSPropertyOp52
 70
     0
102
RTVSPropertyOp53
 70
     1
102
RTVSPropertyOp54
 70
     1
102
RTVSPropertyOp55
 70
     1
102
RTVSPropertyOp56
 70
     1
102
RTVSPropertyOp57
 70
     1
102
RTVSPost2010Prop28
280
     0
102
RTVSPost2010PropOp28
 70
     1
102
RTVSPost2010Prop29
280
     1
102
RTVSPost2010PropOp29
 70
     1
102
RTVSPost2010Prop30
280
     1
102
RTVSPost2010PropOp30
 70
     1
102
RTVSPost2010Prop31
280
     0
102
RTVSPost2010PropOp31
 70
     1
102
RTVSPost2010Prop32
280
     0
102
RTVSPost2010PropOp32
 70
     1
102
RTVSPost2010Prop33
280
     0
102
RTVSPost2010PropOp33
 70
     1
102
RTVSPost2010Prop34
280
     0
102
RTVSPost2010PropOp34
 70
     1
102
RTVSPost2010Prop35
280
     0
102
RTVSPost2010PropOp35
 70
     1
102
RTVSPost2010Prop36
280
     0
102
RTVSPost2010PropOp36
 70
     1
102
RTVSPost2010Prop37
 90
       50
102
RTVSPost2010PropOp37
 70
     1
102
RTVSPost2010Prop38
140
0.0
102
RTVSPost2010PropOp38
 70
     1
102
RTVSPost2010Prop39
140
1.0
102
RTVSPost2010PropOp39
 70
     1
102
RTVSPost2010Prop40
 90
        0
102
RTVSPost2010PropOp40
 70
     1
102
RTVSPost2010Prop41ColorIndex
 90
       18
102
RTVSPost2010Prop41ColorRGB
 90
        0
102
RTVSPost2010PropOp41
 70
     1
102
RTVSPost2010Prop42
 90
       50
102
RTVSPost2010PropOp42
 70
     1
102
RTVSPost2010Prop43
 90
        3
102
RTVSPost2010PropOp43
 70
     1
102
RTVSPost2010Prop44ColorIndex
 90
        5
102
RTVSPost2010Prop44ColorRGB
 90
      255
102
RTVSPost2010PropOp44
 70
     1
102
RTVSPost2010Prop45
280
     0
102
RTVSPost2010PropOp45
 70
     1
102
RTVSPost2010Prop46
 90
       50
102
RTVSPost2010PropOp46
 70
     1
102
RTVSPost2010Prop47
 90
       50
102
RTVSPost2010PropOp47
 70
     1
102
RTVSPost2010Prop48
 90
       50
102
RTVSPost2010PropOp48
 70
     1
102
RTVSPost2010Prop49
280
     0
102
RTVSPost2010PropOp49
 70
     1
102
RTVSPost2010Prop50
 90
       50
102
RTVSPost2010PropOp50
 70
     1
102
RTVSPost2010Prop51ColorIndex
 90
      256
102
RTVSPost2010Prop51ColorRGB
 90
-16777216
102
RTVSPost2010PropOp51
 70
     0
102
RTVSPost2010Prop52
140
1.0
102
RTVSPost2010PropOp52
 70
     0
102
RTVSPost2010Prop53
 90
        2
102
RTVSPost2010PropOp53
 70
     1
102
RTVSPost2010Prop54
  1
strokes_ogs.tif
102
RTVSPost2010PropOp54
 70
     1
102
RTVSPost2010Prop55
280
     0
102
RTVSPost2010PropOp55
 70
     1
102
RTVSPost2010Prop56
140
1.0
102
RTVSPost2010PropOp56
 70
     1
102
RTVSPost2010Prop57
140
1.0
102
RTVSPost2010PropOp57
 70
     1
  0
XRECORD
  5
183A
102
{ACAD_REACTORS
330
1839
102
}
330
1839
100
AcDbXrecord
280
     1
102
RTVSPropertyOp0
 70
     1
102
RTVSPropertyOp1
 70
     1
102
RTVSPropertyOp2
 70
     1
102
RTVSPropertyOp3
 70
     1
102
RTVSPropertyOp4
 70
     1
102
RTVSPropertyOp5
 70
     1
102
RTVSPropertyOp6
 70
     1
102
RTVSPropertyOp7
 70
     1
102
RTVSPropertyOp8
 70
     1
102
RTVSPropertyOp9
 70
     1
102
RTVSPropertyOp10
 70
     1
102
RTVSPropertyOp11
 70
     1
102
RTVSPropertyOp12
 70
     1
102
RTVSPropertyOp13
 70
     1
102
RTVSPropertyOp14
 70
     1
102
RTVSPropertyOp15
 70
     1
102
RTVSPropertyOp16
 70
     1
102
RTVSPropertyOp17
 70
     1
102
RTVSPropertyOp18
 70
     1
102
RTVSPropertyOp19
 70
     1
102
RTVSPropertyOp20
 70
     1
102
RTVSPropertyOp21
 70
     1
102
RTVSPropertyOp22
 70
     1
102
RTVSPropertyOp23
 70
     1
102
RTVSPropertyOp24
 70
     1
102
RTVSPropertyOp25
 70
     1
102
RTVSPropertyOp26
 70
     1
102
RTVSPropertyOp27
 70
     1
102
RTVSPropertyOp28
 70
     1
102
RTVSPropertyOp29
 70
     1
102
RTVSPropertyOp30
 70
     1
102
RTVSPropertyOp31
 70
     1
102
RTVSPropertyOp32
 70
     1
102
RTVSPropertyOp33
 70
     1
102
RTVSPropertyOp34
 70
     1
102
RTVSPropertyOp35
 70
     1
102
RTVSPropertyOp36
 70
     1
102
RTVSPropertyOp37
 70
     1
102
RTVSPropertyOp38
 70
     1
102
RTVSPropertyOp39
 70
     1
102
RTVSPropertyOp40
 70
     1
102
RTVSPropertyOp41
 70
     1
102
RTVSPropertyOp42
 70
     1
102
RTVSPropertyOp43
 70
     1
102
RTVSPropertyOp44
 70
     1
102
RTVSPropertyOp45
 70
     1
102
RTVSPropertyOp46
 70
     1
102
RTVSPropertyOp47
 70
     1
102
RTVSPropertyOp48
 70
     1
102
RTVSPropertyOp49
 70
     1
102
RTVSPropertyOp50
 70
     1
102
RTVSPropertyOp51
 70
     0
102
RTVSPropertyOp52
 70
     0
102
RTVSPropertyOp53
 70
     1
102
RTVSPropertyOp54
 70
     1
102
RTVSPropertyOp55
 70
     1
102
RTVSPropertyOp56
 70
     1
102
RTVSPropertyOp57
 70
     1
102
RTVSPost2010Prop28
280
     0
102
RTVSPost2010PropOp28
 70
     1
102
RTVSPost2010Prop29
280
     1
102
RTVSPost2010PropOp29
 70
     1
102
RTVSPost2010Prop30
280
     1
102
RTVSPost2010PropOp30
 70
     1
102
RTVSPost2010Prop31
280
     0
102
RTVSPost2010PropOp31
 70
     1
102
RTVSPost2010Prop32
280
     0
102
RTVSPost2010PropOp32
 70
     1
102
RTVSPost2010Prop33
280
     0
102
RTVSPost2010PropOp33
 70
     1
102
RTVSPost2010Prop34
280
     0
102
RTVSPost2010PropOp34
 70
     1
102
RTVSPost2010Prop35
280
     0
102
RTVSPost2010PropOp35
 70
     1
102
RTVSPost2010Prop36
280
     0
102
RTVSPost2010PropOp36
 70
     1
102
RTVSPost2010Prop37
 90
       50
102
RTVSPost2010PropOp37
 70
     1
102
RTVSPost2010Prop38
140
0.0
102
RTVSPost2010PropOp38
 70
     1
102
RTVSPost2010Prop39
140
1.0
102
RTVSPost2010PropOp39
 70
     1
102
RTVSPost2010Prop40
 90
        0
102
RTVSPost2010PropOp40
 70
     1
102
RTVSPost2010Prop41ColorIndex
 90
       18
102
RTVSPost2010Prop41ColorRGB
 90
        0
102
RTVSPost2010PropOp41
 70
     1
102
RTVSPost2010Prop42
 90
       50
102
RTVSPost2010PropOp42
 70
     1
102
RTVSPost2010Prop43
 90
        3
102
RTVSPost2010PropOp43
 70
     1
102
RTVSPost2010Prop44ColorIndex
 90
        5
102
RTVSPost2010Prop44ColorRGB
 90
      255
102
RTVSPost2010PropOp44
 70
     1
102
RTVSPost2010Prop45
280
     0
102
RTVSPost2010PropOp45
 70
     1
102
RTVSPost2010Prop46
 90
       50
102
RTVSPost2010PropOp46
 70
     1
102
RTVSPost2010Prop47
 90
       50
102
RTVSPost2010PropOp47
 70
     1
102
RTVSPost2010Prop48
 90
       50
102
RTVSPost2010PropOp48
 70
     1
102
RTVSPost2010Prop49
280
     0
102
RTVSPost2010PropOp49
 70
     1
102
RTVSPost2010Prop50
 90
       50
102
RTVSPost2010PropOp50
 70
     1
102
RTVSPost2010Prop51ColorIndex
 90
      256
102
RTVSPost2010Prop51ColorRGB
 90
-16777216
102
RTVSPost2010PropOp51
 70
     0
102
RTVSPost2010Prop52
140
1.0
102
RTVSPost2010PropOp52
 70
     0
102
RTVSPost2010Prop53
 90
        2
102
RTVSPost2010PropOp53
 70
     1
102
RTVSPost2010Prop54
  1
strokes_ogs.tif
102
RTVSPost2010PropOp54
 70
     1
102
RTVSPost2010Prop55
280
     0
102
RTVSPost2010PropOp55
 70
     1
102
RTVSPost2010Prop56
140
1.0
102
RTVSPost2010PropOp56
 70
     1
102
RTVSPost2010Prop57
140
1.0
102
RTVSPost2010PropOp57
 70
     1
  0
XRECORD
  5
183C
102
{ACAD_REACTORS
330
183B
102
}
330
183B
100
AcDbXrecord
280
     1
102
RTVSPropertyOp0
 70
     1
102
RTVSPropertyOp1
 70
     1
102
RTVSPropertyOp2
 70
     1
102
RTVSPropertyOp3
 70
     1
102
RTVSPropertyOp4
 70
     1
102
RTVSPropertyOp5
 70
     1
102
RTVSPropertyOp6
 70
     1
102
RTVSPropertyOp7
 70
     1
102
RTVSPropertyOp8
 70
     1
102
RTVSPropertyOp9
 70
     1
102
RTVSPropertyOp10
 70
     1
102
RTVSPropertyOp11
 70
     1
102
RTVSPropertyOp12
 70
     1
102
RTVSPropertyOp13
 70
     1
102
RTVSPropertyOp14
 70
     1
102
RTVSPropertyOp15
 70
     1
102
RTVSPropertyOp16
 70
     1
102
RTVSPropertyOp17
 70
     1
102
RTVSPropertyOp18
 70
     1
102
RTVSPropertyOp19
 70
     1
102
RTVSPropertyOp20
 70
     1
102
RTVSPropertyOp21
 70
     1
102
RTVSPropertyOp22
 70
     1
102
RTVSPropertyOp23
 70
     1
102
RTVSPropertyOp24
 70
     1
102
RTVSPropertyOp25
 70
     1
102
RTVSPropertyOp26
 70
     1
102
RTVSPropertyOp27
 70
     1
102
RTVSPropertyOp28
 70
     1
102
RTVSPropertyOp29
 70
     1
102
RTVSPropertyOp30
 70
     1
102
RTVSPropertyOp31
 70
     1
102
RTVSPropertyOp32
 70
     1
102
RTVSPropertyOp33
 70
     1
102
RTVSPropertyOp34
 70
     1
102
RTVSPropertyOp35
 70
     1
102
RTVSPropertyOp36
 70
     1
102
RTVSPropertyOp37
 70
     1
102
RTVSPropertyOp38
 70
     1
102
RTVSPropertyOp39
 70
     1
102
RTVSPropertyOp40
 70
     1
102
RTVSPropertyOp41
 70
     1
102
RTVSPropertyOp42
 70
     1
102
RTVSPropertyOp43
 70
     1
102
RTVSPropertyOp44
 70
     1
102
RTVSPropertyOp45
 70
     1
102
RTVSPropertyOp46
 70
     1
102
RTVSPropertyOp47
 70
     1
102
RTVSPropertyOp48
 70
     1
102
RTVSPropertyOp49
 70
     1
102
RTVSPropertyOp50
 70
     1
102
RTVSPropertyOp51
 70
     0
102
RTVSPropertyOp52
 70
     0
102
RTVSPropertyOp53
 70
     1
102
RTVSPropertyOp54
 70
     1
102
RTVSPropertyOp55
 70
     1
102
RTVSPropertyOp56
 70
     1
102
RTVSPropertyOp57
 70
     1
102
RTVSPost2010Prop28
280
     0
102
RTVSPost2010PropOp28
 70
     1
102
RTVSPost2010Prop29
280
     1
102
RTVSPost2010PropOp29
 70
     1
102
RTVSPost2010Prop30
280
     1
102
RTVSPost2010PropOp30
 70
     1
102
RTVSPost2010Prop31
280
     0
102
RTVSPost2010PropOp31
 70
     1
102
RTVSPost2010Prop32
280
     0
102
RTVSPost2010PropOp32
 70
     1
102
RTVSPost2010Prop33
280
     0
102
RTVSPost2010PropOp33
 70
     1
102
RTVSPost2010Prop34
280
     0
102
RTVSPost2010PropOp34
 70
     1
102
RTVSPost2010Prop35
280
     0
102
RTVSPost2010PropOp35
 70
     1
102
RTVSPost2010Prop36
280
     0
102
RTVSPost2010PropOp36
 70
     1
102
RTVSPost2010Prop37
 90
       50
102
RTVSPost2010PropOp37
 70
     1
102
RTVSPost2010Prop38
140
0.0
102
RTVSPost2010PropOp38
 70
     1
102
RTVSPost2010Prop39
140
1.0
102
RTVSPost2010PropOp39
 70
     1
102
RTVSPost2010Prop40
 90
        0
102
RTVSPost2010PropOp40
 70
     1
102
RTVSPost2010Prop41ColorIndex
 90
       18
102
RTVSPost2010Prop41ColorRGB
 90
        0
102
RTVSPost2010PropOp41
 70
     1
102
RTVSPost2010Prop42
 90
       50
102
RTVSPost2010PropOp42
 70
     1
102
RTVSPost2010Prop43
 90
        3
102
RTVSPost2010PropOp43
 70
     1
102
RTVSPost2010Prop44ColorIndex
 90
        5
102
RTVSPost2010Prop44ColorRGB
 90
      255
102
RTVSPost2010PropOp44
 70
     1
102
RTVSPost2010Prop45
280
     0
102
RTVSPost2010PropOp45
 70
     1
102
RTVSPost2010Prop46
 90
       50
102
RTVSPost2010PropOp46
 70
     1
102
RTVSPost2010Prop47
 90
       50
102
RTVSPost2010PropOp47
 70
     1
102
RTVSPost2010Prop48
 90
       50
102
RTVSPost2010PropOp48
 70
     1
102
RTVSPost2010Prop49
280
     0
102
RTVSPost2010PropOp49
 70
     1
102
RTVSPost2010Prop50
 90
       50
102
RTVSPost2010PropOp50
 70
     1
102
RTVSPost2010Prop51ColorIndex
 90
      256
102
RTVSPost2010Prop51ColorRGB
 90
-16777216
102
RTVSPost2010PropOp51
 70
     0
102
RTVSPost2010Prop52
140
1.0
102
RTVSPost2010PropOp52
 70
     0
102
RTVSPost2010Prop53
 90
        2
102
RTVSPost2010PropOp53
 70
     1
102
RTVSPost2010Prop54
  1
strokes_ogs.tif
102
RTVSPost2010PropOp54
 70
     1
102
RTVSPost2010Prop55
280
     0
102
RTVSPost2010PropOp55
 70
     1
102
RTVSPost2010Prop56
140
1.0
102
RTVSPost2010PropOp56
 70
     1
102
RTVSPost2010Prop57
140
1.0
102
RTVSPost2010PropOp57
 70
     1
  0
XRECORD
  5
183E
102
{ACAD_REACTORS
330
183D
102
}
330
183D
100
AcDbXrecord
280
     1
102
RTVSPropertyOp0
 70
     1
102
RTVSPropertyOp1
 70
     1
102
RTVSPropertyOp2
 70
     1
102
RTVSPropertyOp3
 70
     1
102
RTVSPropertyOp4
 70
     1
102
RTVSPropertyOp5
 70
     1
102
RTVSPropertyOp6
 70
     1
102
RTVSPropertyOp7
 70
     1
102
RTVSPropertyOp8
 70
     1
102
RTVSPropertyOp9
 70
     1
102
RTVSPropertyOp10
 70
     1
102
RTVSPropertyOp11
 70
     1
102
RTVSPropertyOp12
 70
     1
102
RTVSPropertyOp13
 70
     1
102
RTVSPropertyOp14
 70
     1
102
RTVSPropertyOp15
 70
     1
102
RTVSPropertyOp16
 70
     1
102
RTVSPropertyOp17
 70
     1
102
RTVSPropertyOp18
 70
     1
102
RTVSPropertyOp19
 70
     1
102
RTVSPropertyOp20
 70
     1
102
RTVSPropertyOp21
 70
     1
102
RTVSPropertyOp22
 70
     1
102
RTVSPropertyOp23
 70
     1
102
RTVSPropertyOp24
 70
     1
102
RTVSPropertyOp25
 70
     1
102
RTVSPropertyOp26
 70
     1
102
RTVSPropertyOp27
 70
     1
102
RTVSPropertyOp28
 70
     1
102
RTVSPropertyOp29
 70
     1
102
RTVSPropertyOp30
 70
     1
102
RTVSPropertyOp31
 70
     1
102
RTVSPropertyOp32
 70
     1
102
RTVSPropertyOp33
 70
     1
102
RTVSPropertyOp34
 70
     1
102
RTVSPropertyOp35
 70
     1
102
RTVSPropertyOp36
 70
     1
102
RTVSPropertyOp37
 70
     1
102
RTVSPropertyOp38
 70
     1
102
RTVSPropertyOp39
 70
     1
102
RTVSPropertyOp40
 70
     1
102
RTVSPropertyOp41
 70
     1
102
RTVSPropertyOp42
 70
     1
102
RTVSPropertyOp43
 70
     1
102
RTVSPropertyOp44
 70
     1
102
RTVSPropertyOp45
 70
     1
102
RTVSPropertyOp46
 70
     1
102
RTVSPropertyOp47
 70
     1
102
RTVSPropertyOp48
 70
     1
102
RTVSPropertyOp49
 70
     1
102
RTVSPropertyOp50
 70
     1
102
RTVSPropertyOp51
 70
     0
102
RTVSPropertyOp52
 70
     0
102
RTVSPropertyOp53
 70
     1
102
RTVSPropertyOp54
 70
     1
102
RTVSPropertyOp55
 70
     1
102
RTVSPropertyOp56
 70
     1
102
RTVSPropertyOp57
 70
     1
102
RTVSPost2010Prop28
280
     0
102
RTVSPost2010PropOp28
 70
     1
102
RTVSPost2010Prop29
280
     1
102
RTVSPost2010PropOp29
 70
     1
102
RTVSPost2010Prop30
280
     1
102
RTVSPost2010PropOp30
 70
     1
102
RTVSPost2010Prop31
280
     0
102
RTVSPost2010PropOp31
 70
     1
102
RTVSPost2010Prop32
280
     0
102
RTVSPost2010PropOp32
 70
     1
102
RTVSPost2010Prop33
280
     0
102
RTVSPost2010PropOp33
 70
     1
102
RTVSPost2010Prop34
280
     0
102
RTVSPost2010PropOp34
 70
     1
102
RTVSPost2010Prop35
280
     0
102
RTVSPost2010PropOp35
 70
     1
102
RTVSPost2010Prop36
280
     0
102
RTVSPost2010PropOp36
 70
     1
102
RTVSPost2010Prop37
 90
       50
102
RTVSPost2010PropOp37
 70
     1
102
RTVSPost2010Prop38
140
0.0
102
RTVSPost2010PropOp38
 70
     1
102
RTVSPost2010Prop39
140
1.0
102
RTVSPost2010PropOp39
 70
     1
102
RTVSPost2010Prop40
 90
        0
102
RTVSPost2010PropOp40
 70
     1
102
RTVSPost2010Prop41ColorIndex
 90
       18
102
RTVSPost2010Prop41ColorRGB
 90
        0
102
RTVSPost2010PropOp41
 70
     1
102
RTVSPost2010Prop42
 90
       50
102
RTVSPost2010PropOp42
 70
     1
102
RTVSPost2010Prop43
 90
        3
102
RTVSPost2010PropOp43
 70
     1
102
RTVSPost2010Prop44ColorIndex
 90
        5
102
RTVSPost2010Prop44ColorRGB
 90
      255
102
RTVSPost2010PropOp44
 70
     1
102
RTVSPost2010Prop45
280
     0
102
RTVSPost2010PropOp45
 70
     1
102
RTVSPost2010Prop46
 90
       50
102
RTVSPost2010PropOp46
 70
     1
102
RTVSPost2010Prop47
 90
       50
102
RTVSPost2010PropOp47
 70
     1
102
RTVSPost2010Prop48
 90
       50
102
RTVSPost2010PropOp48
 70
     1
102
RTVSPost2010Prop49
280
     0
102
RTVSPost2010PropOp49
 70
     1
102
RTVSPost2010Prop50
 90
       50
102
RTVSPost2010PropOp50
 70
     1
102
RTVSPost2010Prop51ColorIndex
 90
      256
102
RTVSPost2010Prop51ColorRGB
 90
-16777216
102
RTVSPost2010PropOp51
 70
     0
102
RTVSPost2010Prop52
140
1.0
102
RTVSPost2010PropOp52
 70
     0
102
RTVSPost2010Prop53
 90
        2
102
RTVSPost2010PropOp53
 70
     1
102
RTVSPost2010Prop54
  1
strokes_ogs.tif
102
RTVSPost2010PropOp54
 70
     1
102
RTVSPost2010Prop55
280
     0
102
RTVSPost2010PropOp55
 70
     1
102
RTVSPost2010Prop56
140
1.0
102
RTVSPost2010PropOp56
 70
     1
102
RTVSPost2010Prop57
140
1.0
102
RTVSPost2010PropOp57
 70
     1
  0
XRECORD
  5
1840
102
{ACAD_REACTORS
330
183F
102
}
330
183F
100
AcDbXrecord
280
     1
102
RTVSPropertyOp0
 70
     1
102
RTVSPropertyOp1
 70
     1
102
RTVSPropertyOp2
 70
     1
102
RTVSPropertyOp3
 70
     1
102
RTVSPropertyOp4
 70
     1
102
RTVSPropertyOp5
 70
     1
102
RTVSPropertyOp6
 70
     1
102
RTVSPropertyOp7
 70
     1
102
RTVSPropertyOp8
 70
     1
102
RTVSPropertyOp9
 70
     1
102
RTVSPropertyOp10
 70
     1
102
RTVSPropertyOp11
 70
     1
102
RTVSPropertyOp12
 70
     1
102
RTVSPropertyOp13
 70
     1
102
RTVSPropertyOp14
 70
     1
102
RTVSPropertyOp15
 70
     1
102
RTVSPropertyOp16
 70
     1
102
RTVSPropertyOp17
 70
     1
102
RTVSPropertyOp18
 70
     1
102
RTVSPropertyOp19
 70
     1
102
RTVSPropertyOp20
 70
     1
102
RTVSPropertyOp21
 70
     1
102
RTVSPropertyOp22
 70
     1
102
RTVSPropertyOp23
 70
     1
102
RTVSPropertyOp24
 70
     1
102
RTVSPropertyOp25
 70
     1
102
RTVSPropertyOp26
 70
     1
102
RTVSPropertyOp27
 70
     1
102
RTVSPropertyOp28
 70
     1
102
RTVSPropertyOp29
 70
     1
102
RTVSPropertyOp30
 70
     1
102
RTVSPropertyOp31
 70
     1
102
RTVSPropertyOp32
 70
     1
102
RTVSPropertyOp33
 70
     1
102
RTVSPropertyOp34
 70
     1
102
RTVSPropertyOp35
 70
     1
102
RTVSPropertyOp36
 70
     1
102
RTVSPropertyOp37
 70
     1
102
RTVSPropertyOp38
 70
     1
102
RTVSPropertyOp39
 70
     1
102
RTVSPropertyOp40
 70
     1
102
RTVSPropertyOp41
 70
     1
102
RTVSPropertyOp42
 70
     1
102
RTVSPropertyOp43
 70
     1
102
RTVSPropertyOp44
 70
     1
102
RTVSPropertyOp45
 70
     1
102
RTVSPropertyOp46
 70
     1
102
RTVSPropertyOp47
 70
     1
102
RTVSPropertyOp48
 70
     1
102
RTVSPropertyOp49
 70
     1
102
RTVSPropertyOp50
 70
     1
102
RTVSPropertyOp51
 70
     0
102
RTVSPropertyOp52
 70
     0
102
RTVSPropertyOp53
 70
     1
102
RTVSPropertyOp54
 70
     1
102
RTVSPropertyOp55
 70
     1
102
RTVSPropertyOp56
 70
     1
102
RTVSPropertyOp57
 70
     1
102
RTVSPost2010Prop28
280
     0
102
RTVSPost2010PropOp28
 70
     1
102
RTVSPost2010Prop29
280
     1
102
RTVSPost2010PropOp29
 70
     1
102
RTVSPost2010Prop30
280
     1
102
RTVSPost2010PropOp30
 70
     1
102
RTVSPost2010Prop31
280
     0
102
RTVSPost2010PropOp31
 70
     1
102
RTVSPost2010Prop32
280
     0
102
RTVSPost2010PropOp32
 70
     1
102
RTVSPost2010Prop33
280
     0
102
RTVSPost2010PropOp33
 70
     1
102
RTVSPost2010Prop34
280
     0
102
RTVSPost2010PropOp34
 70
     1
102
RTVSPost2010Prop35
280
     0
102
RTVSPost2010PropOp35
 70
     1
102
RTVSPost2010Prop36
280
     0
102
RTVSPost2010PropOp36
 70
     1
102
RTVSPost2010Prop37
 90
       50
102
RTVSPost2010PropOp37
 70
     1
102
RTVSPost2010Prop38
140
0.0
102
RTVSPost2010PropOp38
 70
     1
102
RTVSPost2010Prop39
140
1.0
102
RTVSPost2010PropOp39
 70
     1
102
RTVSPost2010Prop40
 90
        0
102
RTVSPost2010PropOp40
 70
     1
102
RTVSPost2010Prop41ColorIndex
 90
       18
102
RTVSPost2010Prop41ColorRGB
 90
        0
102
RTVSPost2010PropOp41
 70
     1
102
RTVSPost2010Prop42
 90
       50
102
RTVSPost2010PropOp42
 70
     1
102
RTVSPost2010Prop43
 90
        3
102
RTVSPost2010PropOp43
 70
     1
102
RTVSPost2010Prop44ColorIndex
 90
        5
102
RTVSPost2010Prop44ColorRGB
 90
      255
102
RTVSPost2010PropOp44
 70
     1
102
RTVSPost2010Prop45
280
     0
102
RTVSPost2010PropOp45
 70
     1
102
RTVSPost2010Prop46
 90
       50
102
RTVSPost2010PropOp46
 70
     1
102
RTVSPost2010Prop47
 90
       50
102
RTVSPost2010PropOp47
 70
     1
102
RTVSPost2010Prop48
 90
       50
102
RTVSPost2010PropOp48
 70
     1
102
RTVSPost2010Prop49
280
     0
102
RTVSPost2010PropOp49
 70
     1
102
RTVSPost2010Prop50
 90
       50
102
RTVSPost2010PropOp50
 70
     1
102
RTVSPost2010Prop51ColorIndex
 90
      256
102
RTVSPost2010Prop51ColorRGB
 90
-16777216
102
RTVSPost2010PropOp51
 70
     0
102
RTVSPost2010Prop52
140
1.0
102
RTVSPost2010PropOp52
 70
     0
102
RTVSPost2010Prop53
 90
        2
102
RTVSPost2010PropOp53
 70
     1
102
RTVSPost2010Prop54
  1
strokes_ogs.tif
102
RTVSPost2010PropOp54
 70
     1
102
RTVSPost2010Prop55
280
     0
102
RTVSPost2010PropOp55
 70
     1
102
RTVSPost2010Prop56
140
1.0
102
RTVSPost2010PropOp56
 70
     1
102
RTVSPost2010Prop57
140
1.0
102
RTVSPost2010PropOp57
 70
     1
  0
XRECORD
  5
1842
102
{ACAD_REACTORS
330
1841
102
}
330
1841
100
AcDbXrecord
280
     1
102
RTVSPropertyOp0
 70
     1
102
RTVSPropertyOp1
 70
     1
102
RTVSPropertyOp2
 70
     1
102
RTVSPropertyOp3
 70
     1
102
RTVSPropertyOp4
 70
     1
102
RTVSPropertyOp5
 70
     1
102
RTVSPropertyOp6
 70
     1
102
RTVSPropertyOp7
 70
     1
102
RTVSPropertyOp8
 70
     1
102
RTVSPropertyOp9
 70
     1
102
RTVSPropertyOp10
 70
     1
102
RTVSPropertyOp11
 70
     1
102
RTVSPropertyOp12
 70
     1
102
RTVSPropertyOp13
 70
     1
102
RTVSPropertyOp14
 70
     1
102
RTVSPropertyOp15
 70
     1
102
RTVSPropertyOp16
 70
     1
102
RTVSPropertyOp17
 70
     1
102
RTVSPropertyOp18
 70
     1
102
RTVSPropertyOp19
 70
     1
102
RTVSPropertyOp20
 70
     1
102
RTVSPropertyOp21
 70
     1
102
RTVSPropertyOp22
 70
     1
102
RTVSPropertyOp23
 70
     1
102
RTVSPropertyOp24
 70
     1
102
RTVSPropertyOp25
 70
     1
102
RTVSPropertyOp26
 70
     1
102
RTVSPropertyOp27
 70
     1
102
RTVSPropertyOp28
 70
     1
102
RTVSPropertyOp29
 70
     1
102
RTVSPropertyOp30
 70
     1
102
RTVSPropertyOp31
 70
     1
102
RTVSPropertyOp32
 70
     1
102
RTVSPropertyOp33
 70
     1
102
RTVSPropertyOp34
 70
     1
102
RTVSPropertyOp35
 70
     1
102
RTVSPropertyOp36
 70
     1
102
RTVSPropertyOp37
 70
     1
102
RTVSPropertyOp38
 70
     1
102
RTVSPropertyOp39
 70
     1
102
RTVSPropertyOp40
 70
     1
102
RTVSPropertyOp41
 70
     1
102
RTVSPropertyOp42
 70
     1
102
RTVSPropertyOp43
 70
     1
102
RTVSPropertyOp44
 70
     1
102
RTVSPropertyOp45
 70
     1
102
RTVSPropertyOp46
 70
     1
102
RTVSPropertyOp47
 70
     1
102
RTVSPropertyOp48
 70
     1
102
RTVSPropertyOp49
 70
     1
102
RTVSPropertyOp50
 70
     1
102
RTVSPropertyOp51
 70
     0
102
RTVSPropertyOp52
 70
     0
102
RTVSPropertyOp53
 70
     1
102
RTVSPropertyOp54
 70
     1
102
RTVSPropertyOp55
 70
     1
102
RTVSPropertyOp56
 70
     1
102
RTVSPropertyOp57
 70
     1
102
RTVSPost2010Prop28
280
     0
102
RTVSPost2010PropOp28
 70
     1
102
RTVSPost2010Prop29
280
     1
102
RTVSPost2010PropOp29
 70
     1
102
RTVSPost2010Prop30
280
     1
102
RTVSPost2010PropOp30
 70
     1
102
RTVSPost2010Prop31
280
     0
102
RTVSPost2010PropOp31
 70
     1
102
RTVSPost2010Prop32
280
     0
102
RTVSPost2010PropOp32
 70
     1
102
RTVSPost2010Prop33
280
     0
102
RTVSPost2010PropOp33
 70
     1
102
RTVSPost2010Prop34
280
     0
102
RTVSPost2010PropOp34
 70
     1
102
RTVSPost2010Prop35
280
     0
102
RTVSPost2010PropOp35
 70
     1
102
RTVSPost2010Prop36
280
     0
102
RTVSPost2010PropOp36
 70
     1
102
RTVSPost2010Prop37
 90
       50
102
RTVSPost2010PropOp37
 70
     1
102
RTVSPost2010Prop38
140
0.0
102
RTVSPost2010PropOp38
 70
     1
102
RTVSPost2010Prop39
140
1.0
102
RTVSPost2010PropOp39
 70
     1
102
RTVSPost2010Prop40
 90
        0
102
RTVSPost2010PropOp40
 70
     1
102
RTVSPost2010Prop41ColorIndex
 90
       18
102
RTVSPost2010Prop41ColorRGB
 90
        0
102
RTVSPost2010PropOp41
 70
     1
102
RTVSPost2010Prop42
 90
       50
102
RTVSPost2010PropOp42
 70
     1
102
RTVSPost2010Prop43
 90
        3
102
RTVSPost2010PropOp43
 70
     1
102
RTVSPost2010Prop44ColorIndex
 90
        5
102
RTVSPost2010Prop44ColorRGB
 90
      255
102
RTVSPost2010PropOp44
 70
     1
102
RTVSPost2010Prop45
280
     0
102
RTVSPost2010PropOp45
 70
     1
102
RTVSPost2010Prop46
 90
       50
102
RTVSPost2010PropOp46
 70
     1
102
RTVSPost2010Prop47
 90
       50
102
RTVSPost2010PropOp47
 70
     1
102
RTVSPost2010Prop48
 90
       50
102
RTVSPost2010PropOp48
 70
     1
102
RTVSPost2010Prop49
280
     0
102
RTVSPost2010PropOp49
 70
     1
102
RTVSPost2010Prop50
 90
       50
102
RTVSPost2010PropOp50
 70
     1
102
RTVSPost2010Prop51ColorIndex
 90
      256
102
RTVSPost2010Prop51ColorRGB
 90
-16777216
102
RTVSPost2010PropOp51
 70
     0
102
RTVSPost2010Prop52
140
1.0
102
RTVSPost2010PropOp52
 70
     0
102
RTVSPost2010Prop53
 90
        2
102
RTVSPost2010PropOp53
 70
     1
102
RTVSPost2010Prop54
  1
strokes_ogs.tif
102
RTVSPost2010PropOp54
 70
     1
102
RTVSPost2010Prop55
280
     0
102
RTVSPost2010PropOp55
 70
     1
102
RTVSPost2010Prop56
140
1.0
102
RTVSPost2010PropOp56
 70
     1
102
RTVSPost2010Prop57
140
1.0
102
RTVSPost2010PropOp57
 70
     1
  0
XRECORD
  5
1844
102
{ACAD_REACTORS
330
1843
102
}
330
1843
100
AcDbXrecord
280
     1
102
RTVSPropertyOp0
 70
     1
102
RTVSPropertyOp1
 70
     1
102
RTVSPropertyOp2
 70
     1
102
RTVSPropertyOp3
 70
     1
102
RTVSPropertyOp4
 70
     1
102
RTVSPropertyOp5
 70
     1
102
RTVSPropertyOp6
 70
     1
102
RTVSPropertyOp7
 70
     1
102
RTVSPropertyOp8
 70
     1
102
RTVSPropertyOp9
 70
     1
102
RTVSPropertyOp10
 70
     1
102
RTVSPropertyOp11
 70
     1
102
RTVSPropertyOp12
 70
     1
102
RTVSPropertyOp13
 70
     1
102
RTVSPropertyOp14
 70
     1
102
RTVSPropertyOp15
 70
     1
102
RTVSPropertyOp16
 70
     1
102
RTVSPropertyOp17
 70
     1
102
RTVSPropertyOp18
 70
     1
102
RTVSPropertyOp19
 70
     1
102
RTVSPropertyOp20
 70
     1
102
RTVSPropertyOp21
 70
     1
102
RTVSPropertyOp22
 70
     1
102
RTVSPropertyOp23
 70
     1
102
RTVSPropertyOp24
 70
     1
102
RTVSPropertyOp25
 70
     1
102
RTVSPropertyOp26
 70
     1
102
RTVSPropertyOp27
 70
     1
102
RTVSPropertyOp28
 70
     1
102
RTVSPropertyOp29
 70
     1
102
RTVSPropertyOp30
 70
     1
102
RTVSPropertyOp31
 70
     1
102
RTVSPropertyOp32
 70
     1
102
RTVSPropertyOp33
 70
     1
102
RTVSPropertyOp34
 70
     1
102
RTVSPropertyOp35
 70
     1
102
RTVSPropertyOp36
 70
     1
102
RTVSPropertyOp37
 70
     1
102
RTVSPropertyOp38
 70
     1
102
RTVSPropertyOp39
 70
     1
102
RTVSPropertyOp40
 70
     1
102
RTVSPropertyOp41
 70
     1
102
RTVSPropertyOp42
 70
     1
102
RTVSPropertyOp43
 70
     1
102
RTVSPropertyOp44
 70
     1
102
RTVSPropertyOp45
 70
     1
102
RTVSPropertyOp46
 70
     1
102
RTVSPropertyOp47
 70
     1
102
RTVSPropertyOp48
 70
     1
102
RTVSPropertyOp49
 70
     1
102
RTVSPropertyOp50
 70
     1
102
RTVSPropertyOp51
 70
     0
102
RTVSPropertyOp52
 70
     0
102
RTVSPropertyOp53
 70
     1
102
RTVSPropertyOp54
 70
     1
102
RTVSPropertyOp55
 70
     1
102
RTVSPropertyOp56
 70
     1
102
RTVSPropertyOp57
 70
     1
102
RTVSPost2010Prop28
280
     0
102
RTVSPost2010PropOp28
 70
     1
102
RTVSPost2010Prop29
280
     1
102
RTVSPost2010PropOp29
 70
     1
102
RTVSPost2010Prop30
280
     1
102
RTVSPost2010PropOp30
 70
     1
102
RTVSPost2010Prop31
280
     0
102
RTVSPost2010PropOp31
 70
     1
102
RTVSPost2010Prop32
280
     0
102
RTVSPost2010PropOp32
 70
     1
102
RTVSPost2010Prop33
280
     0
102
RTVSPost2010PropOp33
 70
     1
102
RTVSPost2010Prop34
280
     0
102
RTVSPost2010PropOp34
 70
     1
102
RTVSPost2010Prop35
280
     0
102
RTVSPost2010PropOp35
 70
     1
102
RTVSPost2010Prop36
280
     0
102
RTVSPost2010PropOp36
 70
     1
102
RTVSPost2010Prop37
 90
       50
102
RTVSPost2010PropOp37
 70
     1
102
RTVSPost2010Prop38
140
0.0
102
RTVSPost2010PropOp38
 70
     1
102
RTVSPost2010Prop39
140
1.0
102
RTVSPost2010PropOp39
 70
     1
102
RTVSPost2010Prop40
 90
        0
102
RTVSPost2010PropOp40
 70
     1
102
RTVSPost2010Prop41ColorIndex
 90
       18
102
RTVSPost2010Prop41ColorRGB
 90
        0
102
RTVSPost2010PropOp41
 70
     1
102
RTVSPost2010Prop42
 90
       50
102
RTVSPost2010PropOp42
 70
     1
102
RTVSPost2010Prop43
 90
        3
102
RTVSPost2010PropOp43
 70
     1
102
RTVSPost2010Prop44ColorIndex
 90
        5
102
RTVSPost2010Prop44ColorRGB
 90
      255
102
RTVSPost2010PropOp44
 70
     1
102
RTVSPost2010Prop45
280
     0
102
RTVSPost2010PropOp45
 70
     1
102
RTVSPost2010Prop46
 90
       50
102
RTVSPost2010PropOp46
 70
     1
102
RTVSPost2010Prop47
 90
       50
102
RTVSPost2010PropOp47
 70
     1
102
RTVSPost2010Prop48
 90
       50
102
RTVSPost2010PropOp48
 70
     1
102
RTVSPost2010Prop49
280
     0
102
RTVSPost2010PropOp49
 70
     1
102
RTVSPost2010Prop50
 90
       50
102
RTVSPost2010PropOp50
 70
     1
102
RTVSPost2010Prop51ColorIndex
 90
      256
102
RTVSPost2010Prop51ColorRGB
 90
-16777216
102
RTVSPost2010PropOp51
 70
     0
102
RTVSPost2010Prop52
140
1.0
102
RTVSPost2010PropOp52
 70
     0
102
RTVSPost2010Prop53
 90
        2
102
RTVSPost2010PropOp53
 70
     1
102
RTVSPost2010Prop54
  1
strokes_ogs.tif
102
RTVSPost2010PropOp54
 70
     1
102
RTVSPost2010Prop55
280
     0
102
RTVSPost2010PropOp55
 70
     1
102
RTVSPost2010Prop56
140
1.0
102
RTVSPost2010PropOp56
 70
     1
102
RTVSPost2010Prop57
140
1.0
102
RTVSPost2010PropOp57
 70
     1
  0
XRECORD
  5
1846
102
{ACAD_REACTORS
330
1845
102
}
330
1845
100
AcDbXrecord
280
     1
102
RTVSPropertyOp0
 70
     1
102
RTVSPropertyOp1
 70
     1
102
RTVSPropertyOp2
 70
     1
102
RTVSPropertyOp3
 70
     1
102
RTVSPropertyOp4
 70
     1
102
RTVSPropertyOp5
 70
     1
102
RTVSPropertyOp6
 70
     1
102
RTVSPropertyOp7
 70
     1
102
RTVSPropertyOp8
 70
     1
102
RTVSPropertyOp9
 70
     1
102
RTVSPropertyOp10
 70
     1
102
RTVSPropertyOp11
 70
     1
102
RTVSPropertyOp12
 70
     1
102
RTVSPropertyOp13
 70
     1
102
RTVSPropertyOp14
 70
     1
102
RTVSPropertyOp15
 70
     1
102
RTVSPropertyOp16
 70
     1
102
RTVSPropertyOp17
 70
     1
102
RTVSPropertyOp18
 70
     1
102
RTVSPropertyOp19
 70
     1
102
RTVSPropertyOp20
 70
     1
102
RTVSPropertyOp21
 70
     1
102
RTVSPropertyOp22
 70
     1
102
RTVSPropertyOp23
 70
     1
102
RTVSPropertyOp24
 70
     1
102
RTVSPropertyOp25
 70
     1
102
RTVSPropertyOp26
 70
     1
102
RTVSPropertyOp27
 70
     1
102
RTVSPropertyOp28
 70
     1
102
RTVSPropertyOp29
 70
     1
102
RTVSPropertyOp30
 70
     1
102
RTVSPropertyOp31
 70
     1
102
RTVSPropertyOp32
 70
     1
102
RTVSPropertyOp33
 70
     1
102
RTVSPropertyOp34
 70
     1
102
RTVSPropertyOp35
 70
     1
102
RTVSPropertyOp36
 70
     1
102
RTVSPropertyOp37
 70
     1
102
RTVSPropertyOp38
 70
     1
102
RTVSPropertyOp39
 70
     1
102
RTVSPropertyOp40
 70
     1
102
RTVSPropertyOp41
 70
     1
102
RTVSPropertyOp42
 70
     1
102
RTVSPropertyOp43
 70
     1
102
RTVSPropertyOp44
 70
     1
102
RTVSPropertyOp45
 70
     1
102
RTVSPropertyOp46
 70
     1
102
RTVSPropertyOp47
 70
     1
102
RTVSPropertyOp48
 70
     1
102
RTVSPropertyOp49
 70
     1
102
RTVSPropertyOp50
 70
     1
102
RTVSPropertyOp51
 70
     0
102
RTVSPropertyOp52
 70
     0
102
RTVSPropertyOp53
 70
     1
102
RTVSPropertyOp54
 70
     1
102
RTVSPropertyOp55
 70
     1
102
RTVSPropertyOp56
 70
     1
102
RTVSPropertyOp57
 70
     1
102
RTVSPost2010Prop28
280
     0
102
RTVSPost2010PropOp28
 70
     1
102
RTVSPost2010Prop29
280
     1
102
RTVSPost2010PropOp29
 70
     1
102
RTVSPost2010Prop30
280
     1
102
RTVSPost2010PropOp30
 70
     1
102
RTVSPost2010Prop31
280
     0
102
RTVSPost2010PropOp31
 70
     1
102
RTVSPost2010Prop32
280
     0
102
RTVSPost2010PropOp32
 70
     1
102
RTVSPost2010Prop33
280
     0
102
RTVSPost2010PropOp33
 70
     1
102
RTVSPost2010Prop34
280
     0
102
RTVSPost2010PropOp34
 70
     1
102
RTVSPost2010Prop35
280
     0
102
RTVSPost2010PropOp35
 70
     1
102
RTVSPost2010Prop36
280
     0
102
RTVSPost2010PropOp36
 70
     1
102
RTVSPost2010Prop37
 90
       50
102
RTVSPost2010PropOp37
 70
     1
102
RTVSPost2010Prop38
140
0.0
102
RTVSPost2010PropOp38
 70
     1
102
RTVSPost2010Prop39
140
1.0
102
RTVSPost2010PropOp39
 70
     1
102
RTVSPost2010Prop40
 90
        0
102
RTVSPost2010PropOp40
 70
     1
102
RTVSPost2010Prop41ColorIndex
 90
       18
102
RTVSPost2010Prop41ColorRGB
 90
        0
102
RTVSPost2010PropOp41
 70
     1
102
RTVSPost2010Prop42
 90
       50
102
RTVSPost2010PropOp42
 70
     1
102
RTVSPost2010Prop43
 90
        3
102
RTVSPost2010PropOp43
 70
     1
102
RTVSPost2010Prop44ColorIndex
 90
        5
102
RTVSPost2010Prop44ColorRGB
 90
      255
102
RTVSPost2010PropOp44
 70
     1
102
RTVSPost2010Prop45
280
     0
102
RTVSPost2010PropOp45
 70
     1
102
RTVSPost2010Prop46
 90
       50
102
RTVSPost2010PropOp46
 70
     1
102
RTVSPost2010Prop47
 90
       50
102
RTVSPost2010PropOp47
 70
     1
102
RTVSPost2010Prop48
 90
       50
102
RTVSPost2010PropOp48
 70
     1
102
RTVSPost2010Prop49
280
     0
102
RTVSPost2010PropOp49
 70
     1
102
RTVSPost2010Prop50
 90
       50
102
RTVSPost2010PropOp50
 70
     1
102
RTVSPost2010Prop51ColorIndex
 90
      256
102
RTVSPost2010Prop51ColorRGB
 90
-16777216
102
RTVSPost2010PropOp51
 70
     0
102
RTVSPost2010Prop52
140
1.0
102
RTVSPost2010PropOp52
 70
     0
102
RTVSPost2010Prop53
 90
        2
102
RTVSPost2010PropOp53
 70
     1
102
RTVSPost2010Prop54
  1
strokes_ogs.tif
102
RTVSPost2010PropOp54
 70
     1
102
RTVSPost2010Prop55
280
     0
102
RTVSPost2010PropOp55
 70
     1
102
RTVSPost2010Prop56
140
1.0
102
RTVSPost2010PropOp56
 70
     1
102
RTVSPost2010Prop57
140
1.0
102
RTVSPost2010PropOp57
 70
     1
  0
XRECORD
  5
1848
102
{ACAD_REACTORS
330
1847
102
}
330
1847
100
AcDbXrecord
280
     1
102
RTVSPropertyOp0
 70
     1
102
RTVSPropertyOp1
 70
     1
102
RTVSPropertyOp2
 70
     1
102
RTVSPropertyOp3
 70
     1
102
RTVSPropertyOp4
 70
     1
102
RTVSPropertyOp5
 70
     1
102
RTVSPropertyOp6
 70
     1
102
RTVSPropertyOp7
 70
     1
102
RTVSPropertyOp8
 70
     1
102
RTVSPropertyOp9
 70
     1
102
RTVSPropertyOp10
 70
     1
102
RTVSPropertyOp11
 70
     1
102
RTVSPropertyOp12
 70
     1
102
RTVSPropertyOp13
 70
     1
102
RTVSPropertyOp14
 70
     1
102
RTVSPropertyOp15
 70
     1
102
RTVSPropertyOp16
 70
     1
102
RTVSPropertyOp17
 70
     1
102
RTVSPropertyOp18
 70
     1
102
RTVSPropertyOp19
 70
     1
102
RTVSPropertyOp20
 70
     1
102
RTVSPropertyOp21
 70
     1
102
RTVSPropertyOp22
 70
     1
102
RTVSPropertyOp23
 70
     1
102
RTVSPropertyOp24
 70
     1
102
RTVSPropertyOp25
 70
     1
102
RTVSPropertyOp26
 70
     1
102
RTVSPropertyOp27
 70
     1
102
RTVSPropertyOp28
 70
     1
102
RTVSPropertyOp29
 70
     1
102
RTVSPropertyOp30
 70
     1
102
RTVSPropertyOp31
 70
     1
102
RTVSPropertyOp32
 70
     1
102
RTVSPropertyOp33
 70
     1
102
RTVSPropertyOp34
 70
     1
102
RTVSPropertyOp35
 70
     1
102
RTVSPropertyOp36
 70
     1
102
RTVSPropertyOp37
 70
     1
102
RTVSPropertyOp38
 70
     1
102
RTVSPropertyOp39
 70
     1
102
RTVSPropertyOp40
 70
     1
102
RTVSPropertyOp41
 70
     1
102
RTVSPropertyOp42
 70
     1
102
RTVSPropertyOp43
 70
     1
102
RTVSPropertyOp44
 70
     1
102
RTVSPropertyOp45
 70
     1
102
RTVSPropertyOp46
 70
     1
102
RTVSPropertyOp47
 70
     1
102
RTVSPropertyOp48
 70
     1
102
RTVSPropertyOp49
 70
     1
102
RTVSPropertyOp50
 70
     1
102
RTVSPropertyOp51
 70
     0
102
RTVSPropertyOp52
 70
     0
102
RTVSPropertyOp53
 70
     1
102
RTVSPropertyOp54
 70
     1
102
RTVSPropertyOp55
 70
     1
102
RTVSPropertyOp56
 70
     1
102
RTVSPropertyOp57
 70
     1
102
RTVSPost2010Prop28
280
     0
102
RTVSPost2010PropOp28
 70
     1
102
RTVSPost2010Prop29
280
     1
102
RTVSPost2010PropOp29
 70
     1
102
RTVSPost2010Prop30
280
     1
102
RTVSPost2010PropOp30
 70
     1
102
RTVSPost2010Prop31
280
     0
102
RTVSPost2010PropOp31
 70
     1
102
RTVSPost2010Prop32
280
     0
102
RTVSPost2010PropOp32
 70
     1
102
RTVSPost2010Prop33
280
     0
102
RTVSPost2010PropOp33
 70
     1
102
RTVSPost2010Prop34
280
     0
102
RTVSPost2010PropOp34
 70
     1
102
RTVSPost2010Prop35
280
     0
102
RTVSPost2010PropOp35
 70
     1
102
RTVSPost2010Prop36
280
     0
102
RTVSPost2010PropOp36
 70
     1
102
RTVSPost2010Prop37
 90
       50
102
RTVSPost2010PropOp37
 70
     1
102
RTVSPost2010Prop38
140
0.0
102
RTVSPost2010PropOp38
 70
     1
102
RTVSPost2010Prop39
140
1.0
102
RTVSPost2010PropOp39
 70
     1
102
RTVSPost2010Prop40
 90
        0
102
RTVSPost2010PropOp40
 70
     1
102
RTVSPost2010Prop41ColorIndex
 90
       18
102
RTVSPost2010Prop41ColorRGB
 90
        0
102
RTVSPost2010PropOp41
 70
     1
102
RTVSPost2010Prop42
 90
       50
102
RTVSPost2010PropOp42
 70
     1
102
RTVSPost2010Prop43
 90
        3
102
RTVSPost2010PropOp43
 70
     1
102
RTVSPost2010Prop44ColorIndex
 90
        5
102
RTVSPost2010Prop44ColorRGB
 90
      255
102
RTVSPost2010PropOp44
 70
     1
102
RTVSPost2010Prop45
280
     0
102
RTVSPost2010PropOp45
 70
     1
102
RTVSPost2010Prop46
 90
       50
102
RTVSPost2010PropOp46
 70
     1
102
RTVSPost2010Prop47
 90
       50
102
RTVSPost2010PropOp47
 70
     1
102
RTVSPost2010Prop48
 90
       50
102
RTVSPost2010PropOp48
 70
     1
102
RTVSPost2010Prop49
280
     0
102
RTVSPost2010PropOp49
 70
     1
102
RTVSPost2010Prop50
 90
       50
102
RTVSPost2010PropOp50
 70
     1
102
RTVSPost2010Prop51ColorIndex
 90
      256
102
RTVSPost2010Prop51ColorRGB
 90
-16777216
102
RTVSPost2010PropOp51
 70
     0
102
RTVSPost2010Prop52
140
1.0
102
RTVSPost2010PropOp52
 70
     0
102
RTVSPost2010Prop53
 90
        2
102
RTVSPost2010PropOp53
 70
     1
102
RTVSPost2010Prop54
  1
strokes_ogs.tif
102
RTVSPost2010PropOp54
 70
     1
102
RTVSPost2010Prop55
280
     0
102
RTVSPost2010PropOp55
 70
     1
102
RTVSPost2010Prop56
140
1.0
102
RTVSPost2010PropOp56
 70
     1
102
RTVSPost2010Prop57
140
1.0
102
RTVSPost2010PropOp57
 70
     1
  0
XRECORD
  5
184A
102
{ACAD_REACTORS
330
1849
102
}
330
1849
100
AcDbXrecord
280
     1
102
RTVSPropertyOp0
 70
     1
102
RTVSPropertyOp1
 70
     1
102
RTVSPropertyOp2
 70
     1
102
RTVSPropertyOp3
 70
     1
102
RTVSPropertyOp4
 70
     1
102
RTVSPropertyOp5
 70
     1
102
RTVSPropertyOp6
 70
     1
102
RTVSPropertyOp7
 70
     1
102
RTVSPropertyOp8
 70
     1
102
RTVSPropertyOp9
 70
     1
102
RTVSPropertyOp10
 70
     1
102
RTVSPropertyOp11
 70
     1
102
RTVSPropertyOp12
 70
     1
102
RTVSPropertyOp13
 70
     1
102
RTVSPropertyOp14
 70
     1
102
RTVSPropertyOp15
 70
     1
102
RTVSPropertyOp16
 70
     1
102
RTVSPropertyOp17
 70
     1
102
RTVSPropertyOp18
 70
     1
102
RTVSPropertyOp19
 70
     1
102
RTVSPropertyOp20
 70
     1
102
RTVSPropertyOp21
 70
     1
102
RTVSPropertyOp22
 70
     1
102
RTVSPropertyOp23
 70
     1
102
RTVSPropertyOp24
 70
     1
102
RTVSPropertyOp25
 70
     1
102
RTVSPropertyOp26
 70
     1
102
RTVSPropertyOp27
 70
     1
102
RTVSPropertyOp28
 70
     1
102
RTVSPropertyOp29
 70
     1
102
RTVSPropertyOp30
 70
     1
102
RTVSPropertyOp31
 70
     1
102
RTVSPropertyOp32
 70
     1
102
RTVSPropertyOp33
 70
     1
102
RTVSPropertyOp34
 70
     1
102
RTVSPropertyOp35
 70
     1
102
RTVSPropertyOp36
 70
     1
102
RTVSPropertyOp37
 70
     1
102
RTVSPropertyOp38
 70
     1
102
RTVSPropertyOp39
 70
     1
102
RTVSPropertyOp40
 70
     1
102
RTVSPropertyOp41
 70
     1
102
RTVSPropertyOp42
 70
     1
102
RTVSPropertyOp43
 70
     1
102
RTVSPropertyOp44
 70
     1
102
RTVSPropertyOp45
 70
     1
102
RTVSPropertyOp46
 70
     1
102
RTVSPropertyOp47
 70
     1
102
RTVSPropertyOp48
 70
     1
102
RTVSPropertyOp49
 70
     1
102
RTVSPropertyOp50
 70
     1
102
RTVSPropertyOp51
 70
     0
102
RTVSPropertyOp52
 70
     0
102
RTVSPropertyOp53
 70
     1
102
RTVSPropertyOp54
 70
     1
102
RTVSPropertyOp55
 70
     1
102
RTVSPropertyOp56
 70
     1
102
RTVSPropertyOp57
 70
     1
102
RTVSPost2010Prop28
280
     0
102
RTVSPost2010PropOp28
 70
     1
102
RTVSPost2010Prop29
280
     1
102
RTVSPost2010PropOp29
 70
     1
102
RTVSPost2010Prop30
280
     1
102
RTVSPost2010PropOp30
 70
     1
102
RTVSPost2010Prop31
280
     0
102
RTVSPost2010PropOp31
 70
     1
102
RTVSPost2010Prop32
280
     0
102
RTVSPost2010PropOp32
 70
     1
102
RTVSPost2010Prop33
280
     0
102
RTVSPost2010PropOp33
 70
     1
102
RTVSPost2010Prop34
280
     0
102
RTVSPost2010PropOp34
 70
     1
102
RTVSPost2010Prop35
280
     0
102
RTVSPost2010PropOp35
 70
     1
102
RTVSPost2010Prop36
280
     0
102
RTVSPost2010PropOp36
 70
     1
102
RTVSPost2010Prop37
 90
       50
102
RTVSPost2010PropOp37
 70
     1
102
RTVSPost2010Prop38
140
0.0
102
RTVSPost2010PropOp38
 70
     1
102
RTVSPost2010Prop39
140
1.0
102
RTVSPost2010PropOp39
 70
     1
102
RTVSPost2010Prop40
 90
        0
102
RTVSPost2010PropOp40
 70
     1
102
RTVSPost2010Prop41ColorIndex
 90
       18
102
RTVSPost2010Prop41ColorRGB
 90
        0
102
RTVSPost2010PropOp41
 70
     1
102
RTVSPost2010Prop42
 90
       50
102
RTVSPost2010PropOp42
 70
     1
102
RTVSPost2010Prop43
 90
        3
102
RTVSPost2010PropOp43
 70
     1
102
RTVSPost2010Prop44ColorIndex
 90
        5
102
RTVSPost2010Prop44ColorRGB
 90
      255
102
RTVSPost2010PropOp44
 70
     1
102
RTVSPost2010Prop45
280
     0
102
RTVSPost2010PropOp45
 70
     1
102
RTVSPost2010Prop46
 90
       50
102
RTVSPost2010PropOp46
 70
     1
102
RTVSPost2010Prop47
 90
       50
102
RTVSPost2010PropOp47
 70
     1
102
RTVSPost2010Prop48
 90
       50
102
RTVSPost2010PropOp48
 70
     1
102
RTVSPost2010Prop49
280
     0
102
RTVSPost2010PropOp49
 70
     1
102
RTVSPost2010Prop50
 90
       50
102
RTVSPost2010PropOp50
 70
     1
102
RTVSPost2010Prop51ColorIndex
 90
      256
102
RTVSPost2010Prop51ColorRGB
 90
-16777216
102
RTVSPost2010PropOp51
 70
     0
102
RTVSPost2010Prop52
140
1.0
102
RTVSPost2010PropOp52
 70
     0
102
RTVSPost2010Prop53
 90
        2
102
RTVSPost2010PropOp53
 70
     1
102
RTVSPost2010Prop54
  1
strokes_ogs.tif
102
RTVSPost2010PropOp54
 70
     1
102
RTVSPost2010Prop55
280
     0
102
RTVSPost2010PropOp55
 70
     1
102
RTVSPost2010Prop56
140
1.0
102
RTVSPost2010PropOp56
 70
     1
102
RTVSPost2010Prop57
140
1.0
102
RTVSPost2010PropOp57
 70
     1
  0
XRECORD
  5
184C
102
{ACAD_REACTORS
330
184B
102
}
330
184B
100
AcDbXrecord
280
     1
102
RTVSPropertyOp0
 70
     1
102
RTVSPropertyOp1
 70
     1
102
RTVSPropertyOp2
 70
     1
102
RTVSPropertyOp3
 70
     1
102
RTVSPropertyOp4
 70
     1
102
RTVSPropertyOp5
 70
     1
102
RTVSPropertyOp6
 70
     1
102
RTVSPropertyOp7
 70
     1
102
RTVSPropertyOp8
 70
     1
102
RTVSPropertyOp9
 70
     1
102
RTVSPropertyOp10
 70
     1
102
RTVSPropertyOp11
 70
     1
102
RTVSPropertyOp12
 70
     1
102
RTVSPropertyOp13
 70
     1
102
RTVSPropertyOp14
 70
     1
102
RTVSPropertyOp15
 70
     1
102
RTVSPropertyOp16
 70
     1
102
RTVSPropertyOp17
 70
     1
102
RTVSPropertyOp18
 70
     1
102
RTVSPropertyOp19
 70
     1
102
RTVSPropertyOp20
 70
     1
102
RTVSPropertyOp21
 70
     1
102
RTVSPropertyOp22
 70
     1
102
RTVSPropertyOp23
 70
     1
102
RTVSPropertyOp24
 70
     1
102
RTVSPropertyOp25
 70
     1
102
RTVSPropertyOp26
 70
     1
102
RTVSPropertyOp27
 70
     1
102
RTVSPropertyOp28
 70
     1
102
RTVSPropertyOp29
 70
     1
102
RTVSPropertyOp30
 70
     1
102
RTVSPropertyOp31
 70
     1
102
RTVSPropertyOp32
 70
     1
102
RTVSPropertyOp33
 70
     1
102
RTVSPropertyOp34
 70
     1
102
RTVSPropertyOp35
 70
     1
102
RTVSPropertyOp36
 70
     1
102
RTVSPropertyOp37
 70
     1
102
RTVSPropertyOp38
 70
     1
102
RTVSPropertyOp39
 70
     1
102
RTVSPropertyOp40
 70
     1
102
RTVSPropertyOp41
 70
     1
102
RTVSPropertyOp42
 70
     1
102
RTVSPropertyOp43
 70
     1
102
RTVSPropertyOp44
 70
     1
102
RTVSPropertyOp45
 70
     1
102
RTVSPropertyOp46
 70
     1
102
RTVSPropertyOp47
 70
     1
102
RTVSPropertyOp48
 70
     1
102
RTVSPropertyOp49
 70
     1
102
RTVSPropertyOp50
 70
     1
102
RTVSPropertyOp51
 70
     0
102
RTVSPropertyOp52
 70
     0
102
RTVSPropertyOp53
 70
     1
102
RTVSPropertyOp54
 70
     1
102
RTVSPropertyOp55
 70
     1
102
RTVSPropertyOp56
 70
     1
102
RTVSPropertyOp57
 70
     1
102
RTVSPost2010Prop28
280
     0
102
RTVSPost2010PropOp28
 70
     1
102
RTVSPost2010Prop29
280
     1
102
RTVSPost2010PropOp29
 70
     1
102
RTVSPost2010Prop30
280
     1
102
RTVSPost2010PropOp30
 70
     1
102
RTVSPost2010Prop31
280
     0
102
RTVSPost2010PropOp31
 70
     1
102
RTVSPost2010Prop32
280
     0
102
RTVSPost2010PropOp32
 70
     1
102
RTVSPost2010Prop33
280
     0
102
RTVSPost2010PropOp33
 70
     1
102
RTVSPost2010Prop34
280
     0
102
RTVSPost2010PropOp34
 70
     1
102
RTVSPost2010Prop35
280
     0
102
RTVSPost2010PropOp35
 70
     1
102
RTVSPost2010Prop36
280
     0
102
RTVSPost2010PropOp36
 70
     1
102
RTVSPost2010Prop37
 90
       50
102
RTVSPost2010PropOp37
 70
     1
102
RTVSPost2010Prop38
140
0.0
102
RTVSPost2010PropOp38
 70
     1
102
RTVSPost2010Prop39
140
1.0
102
RTVSPost2010PropOp39
 70
     1
102
RTVSPost2010Prop40
 90
        0
102
RTVSPost2010PropOp40
 70
     1
102
RTVSPost2010Prop41ColorIndex
 90
       18
102
RTVSPost2010Prop41ColorRGB
 90
        0
102
RTVSPost2010PropOp41
 70
     1
102
RTVSPost2010Prop42
 90
       50
102
RTVSPost2010PropOp42
 70
     1
102
RTVSPost2010Prop43
 90
        3
102
RTVSPost2010PropOp43
 70
     1
102
RTVSPost2010Prop44ColorIndex
 90
        5
102
RTVSPost2010Prop44ColorRGB
 90
      255
102
RTVSPost2010PropOp44
 70
     1
102
RTVSPost2010Prop45
280
     0
102
RTVSPost2010PropOp45
 70
     1
102
RTVSPost2010Prop46
 90
       50
102
RTVSPost2010PropOp46
 70
     1
102
RTVSPost2010Prop47
 90
       50
102
RTVSPost2010PropOp47
 70
     1
102
RTVSPost2010Prop48
 90
       50
102
RTVSPost2010PropOp48
 70
     1
102
RTVSPost2010Prop49
280
     0
102
RTVSPost2010PropOp49
 70
     1
102
RTVSPost2010Prop50
 90
       50
102
RTVSPost2010PropOp50
 70
     1
102
RTVSPost2010Prop51ColorIndex
 90
      256
102
RTVSPost2010Prop51ColorRGB
 90
-16777216
102
RTVSPost2010PropOp51
 70
     0
102
RTVSPost2010Prop52
140
1.0
102
RTVSPost2010PropOp52
 70
     0
102
RTVSPost2010Prop53
 90
        2
102
RTVSPost2010PropOp53
 70
     1
102
RTVSPost2010Prop54
  1
strokes_ogs.tif
102
RTVSPost2010PropOp54
 70
     1
102
RTVSPost2010Prop55
280
     0
102
RTVSPost2010PropOp55
 70
     1
102
RTVSPost2010Prop56
140
1.0
102
RTVSPost2010PropOp56
 70
     1
102
RTVSPost2010Prop57
140
1.0
102
RTVSPost2010PropOp57
 70
     1
  0
XRECORD
  5
184E
102
{ACAD_REACTORS
330
184D
102
}
330
184D
100
AcDbXrecord
280
     1
102
RTVSPropertyOp0
 70
     1
102
RTVSPropertyOp1
 70
     1
102
RTVSPropertyOp2
 70
     1
102
RTVSPropertyOp3
 70
     1
102
RTVSPropertyOp4
 70
     1
102
RTVSPropertyOp5
 70
     1
102
RTVSPropertyOp6
 70
     1
102
RTVSPropertyOp7
 70
     1
102
RTVSPropertyOp8
 70
     1
102
RTVSPropertyOp9
 70
     1
102
RTVSPropertyOp10
 70
     1
102
RTVSPropertyOp11
 70
     1
102
RTVSPropertyOp12
 70
     1
102
RTVSPropertyOp13
 70
     1
102
RTVSPropertyOp14
 70
     1
102
RTVSPropertyOp15
 70
     1
102
RTVSPropertyOp16
 70
     1
102
RTVSPropertyOp17
 70
     1
102
RTVSPropertyOp18
 70
     1
102
RTVSPropertyOp19
 70
     1
102
RTVSPropertyOp20
 70
     1
102
RTVSPropertyOp21
 70
     1
102
RTVSPropertyOp22
 70
     1
102
RTVSPropertyOp23
 70
     1
102
RTVSPropertyOp24
 70
     1
102
RTVSPropertyOp25
 70
     1
102
RTVSPropertyOp26
 70
     1
102
RTVSPropertyOp27
 70
     1
102
RTVSPropertyOp28
 70
     1
102
RTVSPropertyOp29
 70
     1
102
RTVSPropertyOp30
 70
     1
102
RTVSPropertyOp31
 70
     1
102
RTVSPropertyOp32
 70
     1
102
RTVSPropertyOp33
 70
     1
102
RTVSPropertyOp34
 70
     1
102
RTVSPropertyOp35
 70
     1
102
RTVSPropertyOp36
 70
     1
102
RTVSPropertyOp37
 70
     1
102
RTVSPropertyOp38
 70
     1
102
RTVSPropertyOp39
 70
     1
102
RTVSPropertyOp40
 70
     1
102
RTVSPropertyOp41
 70
     1
102
RTVSPropertyOp42
 70
     1
102
RTVSPropertyOp43
 70
     1
102
RTVSPropertyOp44
 70
     1
102
RTVSPropertyOp45
 70
     1
102
RTVSPropertyOp46
 70
     1
102
RTVSPropertyOp47
 70
     1
102
RTVSPropertyOp48
 70
     1
102
RTVSPropertyOp49
 70
     1
102
RTVSPropertyOp50
 70
     1
102
RTVSPropertyOp51
 70
     0
102
RTVSPropertyOp52
 70
     0
102
RTVSPropertyOp53
 70
     1
102
RTVSPropertyOp54
 70
     1
102
RTVSPropertyOp55
 70
     1
102
RTVSPropertyOp56
 70
     1
102
RTVSPropertyOp57
 70
     1
102
RTVSPost2010Prop28
280
     0
102
RTVSPost2010PropOp28
 70
     1
102
RTVSPost2010Prop29
280
     1
102
RTVSPost2010PropOp29
 70
     1
102
RTVSPost2010Prop30
280
     1
102
RTVSPost2010PropOp30
 70
     1
102
RTVSPost2010Prop31
280
     0
102
RTVSPost2010PropOp31
 70
     1
102
RTVSPost2010Prop32
280
     0
102
RTVSPost2010PropOp32
 70
     1
102
RTVSPost2010Prop33
280
     0
102
RTVSPost2010PropOp33
 70
     1
102
RTVSPost2010Prop34
280
     0
102
RTVSPost2010PropOp34
 70
     1
102
RTVSPost2010Prop35
280
     0
102
RTVSPost2010PropOp35
 70
     1
102
RTVSPost2010Prop36
280
     0
102
RTVSPost2010PropOp36
 70
     1
102
RTVSPost2010Prop37
 90
       50
102
RTVSPost2010PropOp37
 70
     1
102
RTVSPost2010Prop38
140
0.0
102
RTVSPost2010PropOp38
 70
     1
102
RTVSPost2010Prop39
140
1.0
102
RTVSPost2010PropOp39
 70
     1
102
RTVSPost2010Prop40
 90
        0
102
RTVSPost2010PropOp40
 70
     1
102
RTVSPost2010Prop41ColorIndex
 90
       18
102
RTVSPost2010Prop41ColorRGB
 90
        0
102
RTVSPost2010PropOp41
 70
     1
102
RTVSPost2010Prop42
 90
       50
102
RTVSPost2010PropOp42
 70
     1
102
RTVSPost2010Prop43
 90
        3
102
RTVSPost2010PropOp43
 70
     1
102
RTVSPost2010Prop44ColorIndex
 90
        5
102
RTVSPost2010Prop44ColorRGB
 90
      255
102
RTVSPost2010PropOp44
 70
     1
102
RTVSPost2010Prop45
280
     0
102
RTVSPost2010PropOp45
 70
     1
102
RTVSPost2010Prop46
 90
       50
102
RTVSPost2010PropOp46
 70
     1
102
RTVSPost2010Prop47
 90
       50
102
RTVSPost2010PropOp47
 70
     1
102
RTVSPost2010Prop48
 90
       50
102
RTVSPost2010PropOp48
 70
     1
102
RTVSPost2010Prop49
280
     0
102
RTVSPost2010PropOp49
 70
     1
102
RTVSPost2010Prop50
 90
       50
102
RTVSPost2010PropOp50
 70
     1
102
RTVSPost2010Prop51ColorIndex
 90
      256
102
RTVSPost2010Prop51ColorRGB
 90
-16777216
102
RTVSPost2010PropOp51
 70
     0
102
RTVSPost2010Prop52
140
1.0
102
RTVSPost2010PropOp52
 70
     0
102
RTVSPost2010Prop53
 90
        2
102
RTVSPost2010PropOp53
 70
     1
102
RTVSPost2010Prop54
  1
strokes_ogs.tif
102
RTVSPost2010PropOp54
 70
     1
102
RTVSPost2010Prop55
280
     0
102
RTVSPost2010PropOp55
 70
     1
102
RTVSPost2010Prop56
140
1.0
102
RTVSPost2010PropOp56
 70
     1
102
RTVSPost2010Prop57
140
1.0
102
RTVSPost2010PropOp57
 70
     1
  0
XRECORD
  5
1850
102
{ACAD_REACTORS
330
184F
102
}
330
184F
100
AcDbXrecord
280
     1
102
RTVSPropertyOp0
 70
     1
102
RTVSPropertyOp1
 70
     1
102
RTVSPropertyOp2
 70
     1
102
RTVSPropertyOp3
 70
     1
102
RTVSPropertyOp4
 70
     1
102
RTVSPropertyOp5
 70
     1
102
RTVSPropertyOp6
 70
     1
102
RTVSPropertyOp7
 70
     1
102
RTVSPropertyOp8
 70
     1
102
RTVSPropertyOp9
 70
     1
102
RTVSPropertyOp10
 70
     1
102
RTVSPropertyOp11
 70
     1
102
RTVSPropertyOp12
 70
     1
102
RTVSPropertyOp13
 70
     1
102
RTVSPropertyOp14
 70
     1
102
RTVSPropertyOp15
 70
     1
102
RTVSPropertyOp16
 70
     1
102
RTVSPropertyOp17
 70
     1
102
RTVSPropertyOp18
 70
     1
102
RTVSPropertyOp19
 70
     1
102
RTVSPropertyOp20
 70
     1
102
RTVSPropertyOp21
 70
     1
102
RTVSPropertyOp22
 70
     1
102
RTVSPropertyOp23
 70
     1
102
RTVSPropertyOp24
 70
     1
102
RTVSPropertyOp25
 70
     1
102
RTVSPropertyOp26
 70
     1
102
RTVSPropertyOp27
 70
     1
102
RTVSPropertyOp28
 70
     1
102
RTVSPropertyOp29
 70
     1
102
RTVSPropertyOp30
 70
     1
102
RTVSPropertyOp31
 70
     1
102
RTVSPropertyOp32
 70
     1
102
RTVSPropertyOp33
 70
     1
102
RTVSPropertyOp34
 70
     1
102
RTVSPropertyOp35
 70
     1
102
RTVSPropertyOp36
 70
     1
102
RTVSPropertyOp37
 70
     1
102
RTVSPropertyOp38
 70
     1
102
RTVSPropertyOp39
 70
     1
102
RTVSPropertyOp40
 70
     1
102
RTVSPropertyOp41
 70
     1
102
RTVSPropertyOp42
 70
     1
102
RTVSPropertyOp43
 70
     1
102
RTVSPropertyOp44
 70
     1
102
RTVSPropertyOp45
 70
     1
102
RTVSPropertyOp46
 70
     1
102
RTVSPropertyOp47
 70
     1
102
RTVSPropertyOp48
 70
     1
102
RTVSPropertyOp49
 70
     1
102
RTVSPropertyOp50
 70
     1
102
RTVSPropertyOp51
 70
     0
102
RTVSPropertyOp52
 70
     0
102
RTVSPropertyOp53
 70
     1
102
RTVSPropertyOp54
 70
     1
102
RTVSPropertyOp55
 70
     1
102
RTVSPropertyOp56
 70
     1
102
RTVSPropertyOp57
 70
     1
102
RTVSPost2010Prop28
280
     0
102
RTVSPost2010PropOp28
 70
     1
102
RTVSPost2010Prop29
280
     1
102
RTVSPost2010PropOp29
 70
     1
102
RTVSPost2010Prop30
280
     1
102
RTVSPost2010PropOp30
 70
     1
102
RTVSPost2010Prop31
280
     0
102
RTVSPost2010PropOp31
 70
     1
102
RTVSPost2010Prop32
280
     0
102
RTVSPost2010PropOp32
 70
     1
102
RTVSPost2010Prop33
280
     0
102
RTVSPost2010PropOp33
 70
     1
102
RTVSPost2010Prop34
280
     0
102
RTVSPost2010PropOp34
 70
     1
102
RTVSPost2010Prop35
280
     0
102
RTVSPost2010PropOp35
 70
     1
102
RTVSPost2010Prop36
280
     0
102
RTVSPost2010PropOp36
 70
     1
102
RTVSPost2010Prop37
 90
       50
102
RTVSPost2010PropOp37
 70
     1
102
RTVSPost2010Prop38
140
0.0
102
RTVSPost2010PropOp38
 70
     1
102
RTVSPost2010Prop39
140
1.0
102
RTVSPost2010PropOp39
 70
     1
102
RTVSPost2010Prop40
 90
        0
102
RTVSPost2010PropOp40
 70
     1
102
RTVSPost2010Prop41ColorIndex
 90
       18
102
RTVSPost2010Prop41ColorRGB
 90
        0
102
RTVSPost2010PropOp41
 70
     1
102
RTVSPost2010Prop42
 90
       50
102
RTVSPost2010PropOp42
 70
     1
102
RTVSPost2010Prop43
 90
        3
102
RTVSPost2010PropOp43
 70
     1
102
RTVSPost2010Prop44ColorIndex
 90
        5
102
RTVSPost2010Prop44ColorRGB
 90
      255
102
RTVSPost2010PropOp44
 70
     1
102
RTVSPost2010Prop45
280
     0
102
RTVSPost2010PropOp45
 70
     1
102
RTVSPost2010Prop46
 90
       50
102
RTVSPost2010PropOp46
 70
     1
102
RTVSPost2010Prop47
 90
       50
102
RTVSPost2010PropOp47
 70
     1
102
RTVSPost2010Prop48
 90
       50
102
RTVSPost2010PropOp48
 70
     1
102
RTVSPost2010Prop49
280
     0
102
RTVSPost2010PropOp49
 70
     1
102
RTVSPost2010Prop50
 90
       50
102
RTVSPost2010PropOp50
 70
     1
102
RTVSPost2010Prop51ColorIndex
 90
      256
102
RTVSPost2010Prop51ColorRGB
 90
-16777216
102
RTVSPost2010PropOp51
 70
     0
102
RTVSPost2010Prop52
140
1.0
102
RTVSPost2010PropOp52
 70
     0
102
RTVSPost2010Prop53
 90
        2
102
RTVSPost2010PropOp53
 70
     1
102
RTVSPost2010Prop54
  1
strokes_ogs.tif
102
RTVSPost2010PropOp54
 70
     1
102
RTVSPost2010Prop55
280
     0
102
RTVSPost2010PropOp55
 70
     1
102
RTVSPost2010Prop56
140
1.0
102
RTVSPost2010PropOp56
 70
     1
102
RTVSPost2010Prop57
140
1.0
102
RTVSPost2010PropOp57
 70
     1
  0
XRECORD
  5
1852
102
{ACAD_REACTORS
330
1851
102
}
330
1851
100
AcDbXrecord
280
     1
102
RTVSPropertyOp0
 70
     1
102
RTVSPropertyOp1
 70
     1
102
RTVSPropertyOp2
 70
     1
102
RTVSPropertyOp3
 70
     1
102
RTVSPropertyOp4
 70
     1
102
RTVSPropertyOp5
 70
     1
102
RTVSPropertyOp6
 70
     1
102
RTVSPropertyOp7
 70
     1
102
RTVSPropertyOp8
 70
     1
102
RTVSPropertyOp9
 70
     1
102
RTVSPropertyOp10
 70
     1
102
RTVSPropertyOp11
 70
     1
102
RTVSPropertyOp12
 70
     1
102
RTVSPropertyOp13
 70
     1
102
RTVSPropertyOp14
 70
     1
102
RTVSPropertyOp15
 70
     1
102
RTVSPropertyOp16
 70
     1
102
RTVSPropertyOp17
 70
     1
102
RTVSPropertyOp18
 70
     1
102
RTVSPropertyOp19
 70
     1
102
RTVSPropertyOp20
 70
     1
102
RTVSPropertyOp21
 70
     1
102
RTVSPropertyOp22
 70
     1
102
RTVSPropertyOp23
 70
     1
102
RTVSPropertyOp24
 70
     1
102
RTVSPropertyOp25
 70
     1
102
RTVSPropertyOp26
 70
     1
102
RTVSPropertyOp27
 70
     1
102
RTVSPropertyOp28
 70
     1
102
RTVSPropertyOp29
 70
     1
102
RTVSPropertyOp30
 70
     1
102
RTVSPropertyOp31
 70
     1
102
RTVSPropertyOp32
 70
     1
102
RTVSPropertyOp33
 70
     1
102
RTVSPropertyOp34
 70
     1
102
RTVSPropertyOp35
 70
     1
102
RTVSPropertyOp36
 70
     1
102
RTVSPropertyOp37
 70
     1
102
RTVSPropertyOp38
 70
     1
102
RTVSPropertyOp39
 70
     1
102
RTVSPropertyOp40
 70
     1
102
RTVSPropertyOp41
 70
     1
102
RTVSPropertyOp42
 70
     1
102
RTVSPropertyOp43
 70
     1
102
RTVSPropertyOp44
 70
     1
102
RTVSPropertyOp45
 70
     1
102
RTVSPropertyOp46
 70
     1
102
RTVSPropertyOp47
 70
     1
102
RTVSPropertyOp48
 70
     1
102
RTVSPropertyOp49
 70
     1
102
RTVSPropertyOp50
 70
     1
102
RTVSPropertyOp51
 70
     0
102
RTVSPropertyOp52
 70
     0
102
RTVSPropertyOp53
 70
     1
102
RTVSPropertyOp54
 70
     1
102
RTVSPropertyOp55
 70
     1
102
RTVSPropertyOp56
 70
     1
102
RTVSPropertyOp57
 70
     1
102
RTVSPost2010Prop28
280
     0
102
RTVSPost2010PropOp28
 70
     1
102
RTVSPost2010Prop29
280
     1
102
RTVSPost2010PropOp29
 70
     1
102
RTVSPost2010Prop30
280
     1
102
RTVSPost2010PropOp30
 70
     1
102
RTVSPost2010Prop31
280
     0
102
RTVSPost2010PropOp31
 70
     1
102
RTVSPost2010Prop32
280
     0
102
RTVSPost2010PropOp32
 70
     1
102
RTVSPost2010Prop33
280
     0
102
RTVSPost2010PropOp33
 70
     1
102
RTVSPost2010Prop34
280
     0
102
RTVSPost2010PropOp34
 70
     1
102
RTVSPost2010Prop35
280
     0
102
RTVSPost2010PropOp35
 70
     1
102
RTVSPost2010Prop36
280
     0
102
RTVSPost2010PropOp36
 70
     1
102
RTVSPost2010Prop37
 90
       50
102
RTVSPost2010PropOp37
 70
     1
102
RTVSPost2010Prop38
140
0.0
102
RTVSPost2010PropOp38
 70
     1
102
RTVSPost2010Prop39
140
1.0
102
RTVSPost2010PropOp39
 70
     1
102
RTVSPost2010Prop40
 90
        0
102
RTVSPost2010PropOp40
 70
     1
102
RTVSPost2010Prop41ColorIndex
 90
       18
102
RTVSPost2010Prop41ColorRGB
 90
        0
102
RTVSPost2010PropOp41
 70
     1
102
RTVSPost2010Prop42
 90
       50
102
RTVSPost2010PropOp42
 70
     1
102
RTVSPost2010Prop43
 90
        3
102
RTVSPost2010PropOp43
 70
     1
102
RTVSPost2010Prop44ColorIndex
 90
        5
102
RTVSPost2010Prop44ColorRGB
 90
      255
102
RTVSPost2010PropOp44
 70
     1
102
RTVSPost2010Prop45
280
     0
102
RTVSPost2010PropOp45
 70
     1
102
RTVSPost2010Prop46
 90
       50
102
RTVSPost2010PropOp46
 70
     1
102
RTVSPost2010Prop47
 90
       50
102
RTVSPost2010PropOp47
 70
     1
102
RTVSPost2010Prop48
 90
       50
102
RTVSPost2010PropOp48
 70
     1
102
RTVSPost2010Prop49
280
     0
102
RTVSPost2010PropOp49
 70
     1
102
RTVSPost2010Prop50
 90
       50
102
RTVSPost2010PropOp50
 70
     1
102
RTVSPost2010Prop51ColorIndex
 90
      256
102
RTVSPost2010Prop51ColorRGB
 90
-16777216
102
RTVSPost2010PropOp51
 70
     0
102
RTVSPost2010Prop52
140
1.0
102
RTVSPost2010PropOp52
 70
     0
102
RTVSPost2010Prop53
 90
        2
102
RTVSPost2010PropOp53
 70
     1
102
RTVSPost2010Prop54
  1
strokes_ogs.tif
102
RTVSPost2010PropOp54
 70
     1
102
RTVSPost2010Prop55
280
     0
102
RTVSPost2010PropOp55
 70
     1
102
RTVSPost2010Prop56
140
1.0
102
RTVSPost2010PropOp56
 70
     1
102
RTVSPost2010Prop57
140
1.0
102
RTVSPost2010PropOp57
 70
     1
  0
XRECORD
  5
1854
102
{ACAD_REACTORS
330
1853
102
}
330
1853
100
AcDbXrecord
280
     1
102
RTVSPropertyOp0
 70
     1
102
RTVSPropertyOp1
 70
     1
102
RTVSPropertyOp2
 70
     1
102
RTVSPropertyOp3
 70
     1
102
RTVSPropertyOp4
 70
     1
102
RTVSPropertyOp5
 70
     1
102
RTVSPropertyOp6
 70
     1
102
RTVSPropertyOp7
 70
     1
102
RTVSPropertyOp8
 70
     1
102
RTVSPropertyOp9
 70
     1
102
RTVSPropertyOp10
 70
     1
102
RTVSPropertyOp11
 70
     1
102
RTVSPropertyOp12
 70
     1
102
RTVSPropertyOp13
 70
     1
102
RTVSPropertyOp14
 70
     1
102
RTVSPropertyOp15
 70
     1
102
RTVSPropertyOp16
 70
     1
102
RTVSPropertyOp17
 70
     1
102
RTVSPropertyOp18
 70
     1
102
RTVSPropertyOp19
 70
     1
102
RTVSPropertyOp20
 70
     1
102
RTVSPropertyOp21
 70
     1
102
RTVSPropertyOp22
 70
     1
102
RTVSPropertyOp23
 70
     1
102
RTVSPropertyOp24
 70
     1
102
RTVSPropertyOp25
 70
     1
102
RTVSPropertyOp26
 70
     1
102
RTVSPropertyOp27
 70
     1
102
RTVSPropertyOp28
 70
     1
102
RTVSPropertyOp29
 70
     1
102
RTVSPropertyOp30
 70
     1
102
RTVSPropertyOp31
 70
     1
102
RTVSPropertyOp32
 70
     1
102
RTVSPropertyOp33
 70
     1
102
RTVSPropertyOp34
 70
     1
102
RTVSPropertyOp35
 70
     1
102
RTVSPropertyOp36
 70
     1
102
RTVSPropertyOp37
 70
     1
102
RTVSPropertyOp38
 70
     1
102
RTVSPropertyOp39
 70
     1
102
RTVSPropertyOp40
 70
     1
102
RTVSPropertyOp41
 70
     1
102
RTVSPropertyOp42
 70
     1
102
RTVSPropertyOp43
 70
     1
102
RTVSPropertyOp44
 70
     1
102
RTVSPropertyOp45
 70
     1
102
RTVSPropertyOp46
 70
     1
102
RTVSPropertyOp47
 70
     1
102
RTVSPropertyOp48
 70
     1
102
RTVSPropertyOp49
 70
     1
102
RTVSPropertyOp50
 70
     1
102
RTVSPropertyOp51
 70
     0
102
RTVSPropertyOp52
 70
     0
102
RTVSPropertyOp53
 70
     1
102
RTVSPropertyOp54
 70
     1
102
RTVSPropertyOp55
 70
     1
102
RTVSPropertyOp56
 70
     1
102
RTVSPropertyOp57
 70
     1
102
RTVSPost2010Prop28
280
     0
102
RTVSPost2010PropOp28
 70
     1
102
RTVSPost2010Prop29
280
     1
102
RTVSPost2010PropOp29
 70
     1
102
RTVSPost2010Prop30
280
     1
102
RTVSPost2010PropOp30
 70
     1
102
RTVSPost2010Prop31
280
     0
102
RTVSPost2010PropOp31
 70
     1
102
RTVSPost2010Prop32
280
     0
102
RTVSPost2010PropOp32
 70
     1
102
RTVSPost2010Prop33
280
     0
102
RTVSPost2010PropOp33
 70
     1
102
RTVSPost2010Prop34
280
     0
102
RTVSPost2010PropOp34
 70
     1
102
RTVSPost2010Prop35
280
     0
102
RTVSPost2010PropOp35
 70
     1
102
RTVSPost2010Prop36
280
     0
102
RTVSPost2010PropOp36
 70
     1
102
RTVSPost2010Prop37
 90
       50
102
RTVSPost2010PropOp37
 70
     1
102
RTVSPost2010Prop38
140
0.0
102
RTVSPost2010PropOp38
 70
     1
102
RTVSPost2010Prop39
140
1.0
102
RTVSPost2010PropOp39
 70
     1
102
RTVSPost2010Prop40
 90
        0
102
RTVSPost2010PropOp40
 70
     1
102
RTVSPost2010Prop41ColorIndex
 90
       18
102
RTVSPost2010Prop41ColorRGB
 90
        0
102
RTVSPost2010PropOp41
 70
     1
102
RTVSPost2010Prop42
 90
       50
102
RTVSPost2010PropOp42
 70
     1
102
RTVSPost2010Prop43
 90
        3
102
RTVSPost2010PropOp43
 70
     1
102
RTVSPost2010Prop44ColorIndex
 90
        5
102
RTVSPost2010Prop44ColorRGB
 90
      255
102
RTVSPost2010PropOp44
 70
     1
102
RTVSPost2010Prop45
280
     0
102
RTVSPost2010PropOp45
 70
     1
102
RTVSPost2010Prop46
 90
       50
102
RTVSPost2010PropOp46
 70
     1
102
RTVSPost2010Prop47
 90
       50
102
RTVSPost2010PropOp47
 70
     1
102
RTVSPost2010Prop48
 90
       50
102
RTVSPost2010PropOp48
 70
     1
102
RTVSPost2010Prop49
280
     0
102
RTVSPost2010PropOp49
 70
     1
102
RTVSPost2010Prop50
 90
       50
102
RTVSPost2010PropOp50
 70
     1
102
RTVSPost2010Prop51ColorIndex
 90
      256
102
RTVSPost2010Prop51ColorRGB
 90
-16777216
102
RTVSPost2010PropOp51
 70
     0
102
RTVSPost2010Prop52
140
1.0
102
RTVSPost2010PropOp52
 70
     0
102
RTVSPost2010Prop53
 90
        2
102
RTVSPost2010PropOp53
 70
     1
102
RTVSPost2010Prop54
  1
strokes_ogs.tif
102
RTVSPost2010PropOp54
 70
     1
102
RTVSPost2010Prop55
280
     0
102
RTVSPost2010PropOp55
 70
     1
102
RTVSPost2010Prop56
140
1.0
102
RTVSPost2010PropOp56
 70
     1
102
RTVSPost2010Prop57
140
1.0
102
RTVSPost2010PropOp57
 70
     1
  0
XRECORD
  5
1856
102
{ACAD_REACTORS
330
1855
102
}
330
1855
100
AcDbXrecord
280
     1
102
RTVSPropertyOp0
 70
     1
102
RTVSPropertyOp1
 70
     1
102
RTVSPropertyOp2
 70
     1
102
RTVSPropertyOp3
 70
     1
102
RTVSPropertyOp4
 70
     1
102
RTVSPropertyOp5
 70
     1
102
RTVSPropertyOp6
 70
     1
102
RTVSPropertyOp7
 70
     1
102
RTVSPropertyOp8
 70
     1
102
RTVSPropertyOp9
 70
     1
102
RTVSPropertyOp10
 70
     1
102
RTVSPropertyOp11
 70
     1
102
RTVSPropertyOp12
 70
     1
102
RTVSPropertyOp13
 70
     1
102
RTVSPropertyOp14
 70
     1
102
RTVSPropertyOp15
 70
     1
102
RTVSPropertyOp16
 70
     1
102
RTVSPropertyOp17
 70
     1
102
RTVSPropertyOp18
 70
     1
102
RTVSPropertyOp19
 70
     1
102
RTVSPropertyOp20
 70
     1
102
RTVSPropertyOp21
 70
     1
102
RTVSPropertyOp22
 70
     1
102
RTVSPropertyOp23
 70
     1
102
RTVSPropertyOp24
 70
     1
102
RTVSPropertyOp25
 70
     1
102
RTVSPropertyOp26
 70
     1
102
RTVSPropertyOp27
 70
     1
102
RTVSPropertyOp28
 70
     1
102
RTVSPropertyOp29
 70
     1
102
RTVSPropertyOp30
 70
     1
102
RTVSPropertyOp31
 70
     1
102
RTVSPropertyOp32
 70
     1
102
RTVSPropertyOp33
 70
     1
102
RTVSPropertyOp34
 70
     1
102
RTVSPropertyOp35
 70
     1
102
RTVSPropertyOp36
 70
     1
102
RTVSPropertyOp37
 70
     1
102
RTVSPropertyOp38
 70
     1
102
RTVSPropertyOp39
 70
     1
102
RTVSPropertyOp40
 70
     1
102
RTVSPropertyOp41
 70
     1
102
RTVSPropertyOp42
 70
     1
102
RTVSPropertyOp43
 70
     1
102
RTVSPropertyOp44
 70
     1
102
RTVSPropertyOp45
 70
     1
102
RTVSPropertyOp46
 70
     1
102
RTVSPropertyOp47
 70
     1
102
RTVSPropertyOp48
 70
     1
102
RTVSPropertyOp49
 70
     1
102
RTVSPropertyOp50
 70
     1
102
RTVSPropertyOp51
 70
     0
102
RTVSPropertyOp52
 70
     0
102
RTVSPropertyOp53
 70
     1
102
RTVSPropertyOp54
 70
     1
102
RTVSPropertyOp55
 70
     1
102
RTVSPropertyOp56
 70
     1
102
RTVSPropertyOp57
 70
     1
102
RTVSPost2010Prop28
280
     0
102
RTVSPost2010PropOp28
 70
     1
102
RTVSPost2010Prop29
280
     1
102
RTVSPost2010PropOp29
 70
     1
102
RTVSPost2010Prop30
280
     1
102
RTVSPost2010PropOp30
 70
     1
102
RTVSPost2010Prop31
280
     0
102
RTVSPost2010PropOp31
 70
     1
102
RTVSPost2010Prop32
280
     0
102
RTVSPost2010PropOp32
 70
     1
102
RTVSPost2010Prop33
280
     0
102
RTVSPost2010PropOp33
 70
     1
102
RTVSPost2010Prop34
280
     0
102
RTVSPost2010PropOp34
 70
     1
102
RTVSPost2010Prop35
280
     0
102
RTVSPost2010PropOp35
 70
     1
102
RTVSPost2010Prop36
280
     0
102
RTVSPost2010PropOp36
 70
     1
102
RTVSPost2010Prop37
 90
       50
102
RTVSPost2010PropOp37
 70
     1
102
RTVSPost2010Prop38
140
0.0
102
RTVSPost2010PropOp38
 70
     1
102
RTVSPost2010Prop39
140
1.0
102
RTVSPost2010PropOp39
 70
     1
102
RTVSPost2010Prop40
 90
        0
102
RTVSPost2010PropOp40
 70
     1
102
RTVSPost2010Prop41ColorIndex
 90
       18
102
RTVSPost2010Prop41ColorRGB
 90
        0
102
RTVSPost2010PropOp41
 70
     1
102
RTVSPost2010Prop42
 90
       50
102
RTVSPost2010PropOp42
 70
     1
102
RTVSPost2010Prop43
 90
        3
102
RTVSPost2010PropOp43
 70
     1
102
RTVSPost2010Prop44ColorIndex
 90
        5
102
RTVSPost2010Prop44ColorRGB
 90
      255
102
RTVSPost2010PropOp44
 70
     1
102
RTVSPost2010Prop45
280
     0
102
RTVSPost2010PropOp45
 70
     1
102
RTVSPost2010Prop46
 90
       50
102
RTVSPost2010PropOp46
 70
     1
102
RTVSPost2010Prop47
 90
       50
102
RTVSPost2010PropOp47
 70
     1
102
RTVSPost2010Prop48
 90
       50
102
RTVSPost2010PropOp48
 70
     1
102
RTVSPost2010Prop49
280
     0
102
RTVSPost2010PropOp49
 70
     1
102
RTVSPost2010Prop50
 90
       50
102
RTVSPost2010PropOp50
 70
     1
102
RTVSPost2010Prop51ColorIndex
 90
      256
102
RTVSPost2010Prop51ColorRGB
 90
-16777216
102
RTVSPost2010PropOp51
 70
     0
102
RTVSPost2010Prop52
140
1.0
102
RTVSPost2010PropOp52
 70
     0
102
RTVSPost2010Prop53
 90
        2
102
RTVSPost2010PropOp53
 70
     1
102
RTVSPost2010Prop54
  1
strokes_ogs.tif
102
RTVSPost2010PropOp54
 70
     1
102
RTVSPost2010Prop55
280
     0
102
RTVSPost2010PropOp55
 70
     1
102
RTVSPost2010Prop56
140
1.0
102
RTVSPost2010PropOp56
 70
     1
102
RTVSPost2010Prop57
140
1.0
102
RTVSPost2010PropOp57
 70
     1
  0
XRECORD
  5
1858
102
{ACAD_REACTORS
330
1857
102
}
330
1857
100
AcDbXrecord
280
     1
102
RTVSPropertyOp0
 70
     1
102
RTVSPropertyOp1
 70
     1
102
RTVSPropertyOp2
 70
     1
102
RTVSPropertyOp3
 70
     1
102
RTVSPropertyOp4
 70
     1
102
RTVSPropertyOp5
 70
     1
102
RTVSPropertyOp6
 70
     1
102
RTVSPropertyOp7
 70
     1
102
RTVSPropertyOp8
 70
     1
102
RTVSPropertyOp9
 70
     1
102
RTVSPropertyOp10
 70
     1
102
RTVSPropertyOp11
 70
     1
102
RTVSPropertyOp12
 70
     1
102
RTVSPropertyOp13
 70
     1
102
RTVSPropertyOp14
 70
     1
102
RTVSPropertyOp15
 70
     1
102
RTVSPropertyOp16
 70
     1
102
RTVSPropertyOp17
 70
     1
102
RTVSPropertyOp18
 70
     1
102
RTVSPropertyOp19
 70
     1
102
RTVSPropertyOp20
 70
     1
102
RTVSPropertyOp21
 70
     1
102
RTVSPropertyOp22
 70
     1
102
RTVSPropertyOp23
 70
     1
102
RTVSPropertyOp24
 70
     1
102
RTVSPropertyOp25
 70
     1
102
RTVSPropertyOp26
 70
     1
102
RTVSPropertyOp27
 70
     1
102
RTVSPropertyOp28
 70
     1
102
RTVSPropertyOp29
 70
     1
102
RTVSPropertyOp30
 70
     1
102
RTVSPropertyOp31
 70
     1
102
RTVSPropertyOp32
 70
     1
102
RTVSPropertyOp33
 70
     1
102
RTVSPropertyOp34
 70
     1
102
RTVSPropertyOp35
 70
     1
102
RTVSPropertyOp36
 70
     1
102
RTVSPropertyOp37
 70
     1
102
RTVSPropertyOp38
 70
     1
102
RTVSPropertyOp39
 70
     1
102
RTVSPropertyOp40
 70
     1
102
RTVSPropertyOp41
 70
     1
102
RTVSPropertyOp42
 70
     1
102
RTVSPropertyOp43
 70
     1
102
RTVSPropertyOp44
 70
     1
102
RTVSPropertyOp45
 70
     1
102
RTVSPropertyOp46
 70
     1
102
RTVSPropertyOp47
 70
     1
102
RTVSPropertyOp48
 70
     1
102
RTVSPropertyOp49
 70
     1
102
RTVSPropertyOp50
 70
     1
102
RTVSPropertyOp51
 70
     0
102
RTVSPropertyOp52
 70
     0
102
RTVSPropertyOp53
 70
     1
102
RTVSPropertyOp54
 70
     1
102
RTVSPropertyOp55
 70
     1
102
RTVSPropertyOp56
 70
     1
102
RTVSPropertyOp57
 70
     1
102
RTVSPost2010Prop28
280
     0
102
RTVSPost2010PropOp28
 70
     1
102
RTVSPost2010Prop29
280
     1
102
RTVSPost2010PropOp29
 70
     1
102
RTVSPost2010Prop30
280
     1
102
RTVSPost2010PropOp30
 70
     1
102
RTVSPost2010Prop31
280
     0
102
RTVSPost2010PropOp31
 70
     1
102
RTVSPost2010Prop32
280
     0
102
RTVSPost2010PropOp32
 70
     1
102
RTVSPost2010Prop33
280
     0
102
RTVSPost2010PropOp33
 70
     1
102
RTVSPost2010Prop34
280
     0
102
RTVSPost2010PropOp34
 70
     1
102
RTVSPost2010Prop35
280
     0
102
RTVSPost2010PropOp35
 70
     1
102
RTVSPost2010Prop36
280
     0
102
RTVSPost2010PropOp36
 70
     1
102
RTVSPost2010Prop37
 90
       50
102
RTVSPost2010PropOp37
 70
     1
102
RTVSPost2010Prop38
140
0.0
102
RTVSPost2010PropOp38
 70
     1
102
RTVSPost2010Prop39
140
1.0
102
RTVSPost2010PropOp39
 70
     1
102
RTVSPost2010Prop40
 90
        0
102
RTVSPost2010PropOp40
 70
     1
102
RTVSPost2010Prop41ColorIndex
 90
       18
102
RTVSPost2010Prop41ColorRGB
 90
        0
102
RTVSPost2010PropOp41
 70
     1
102
RTVSPost2010Prop42
 90
       50
102
RTVSPost2010PropOp42
 70
     1
102
RTVSPost2010Prop43
 90
        3
102
RTVSPost2010PropOp43
 70
     1
102
RTVSPost2010Prop44ColorIndex
 90
        5
102
RTVSPost2010Prop44ColorRGB
 90
      255
102
RTVSPost2010PropOp44
 70
     1
102
RTVSPost2010Prop45
280
     0
102
RTVSPost2010PropOp45
 70
     1
102
RTVSPost2010Prop46
 90
       50
102
RTVSPost2010PropOp46
 70
     1
102
RTVSPost2010Prop47
 90
       50
102
RTVSPost2010PropOp47
 70
     1
102
RTVSPost2010Prop48
 90
       50
102
RTVSPost2010PropOp48
 70
     1
102
RTVSPost2010Prop49
280
     0
102
RTVSPost2010PropOp49
 70
     1
102
RTVSPost2010Prop50
 90
       50
102
RTVSPost2010PropOp50
 70
     1
102
RTVSPost2010Prop51ColorIndex
 90
      256
102
RTVSPost2010Prop51ColorRGB
 90
-16777216
102
RTVSPost2010PropOp51
 70
     0
102
RTVSPost2010Prop52
140
1.0
102
RTVSPost2010PropOp52
 70
     0
102
RTVSPost2010Prop53
 90
        2
102
RTVSPost2010PropOp53
 70
     1
102
RTVSPost2010Prop54
  1
strokes_ogs.tif
102
RTVSPost2010PropOp54
 70
     1
102
RTVSPost2010Prop55
280
     0
102
RTVSPost2010PropOp55
 70
     1
102
RTVSPost2010Prop56
140
1.0
102
RTVSPost2010PropOp56
 70
     1
102
RTVSPost2010Prop57
140
1.0
102
RTVSPost2010PropOp57
 70
     1
  0
XRECORD
  5
185A
102
{ACAD_REACTORS
330
1859
102
}
330
1859
100
AcDbXrecord
280
     1
102
RTVSPropertyOp0
 70
     1
102
RTVSPropertyOp1
 70
     1
102
RTVSPropertyOp2
 70
     1
102
RTVSPropertyOp3
 70
     1
102
RTVSPropertyOp4
 70
     1
102
RTVSPropertyOp5
 70
     1
102
RTVSPropertyOp6
 70
     1
102
RTVSPropertyOp7
 70
     1
102
RTVSPropertyOp8
 70
     1
102
RTVSPropertyOp9
 70
     1
102
RTVSPropertyOp10
 70
     1
102
RTVSPropertyOp11
 70
     1
102
RTVSPropertyOp12
 70
     1
102
RTVSPropertyOp13
 70
     1
102
RTVSPropertyOp14
 70
     1
102
RTVSPropertyOp15
 70
     1
102
RTVSPropertyOp16
 70
     1
102
RTVSPropertyOp17
 70
     1
102
RTVSPropertyOp18
 70
     1
102
RTVSPropertyOp19
 70
     1
102
RTVSPropertyOp20
 70
     1
102
RTVSPropertyOp21
 70
     1
102
RTVSPropertyOp22
 70
     1
102
RTVSPropertyOp23
 70
     1
102
RTVSPropertyOp24
 70
     1
102
RTVSPropertyOp25
 70
     1
102
RTVSPropertyOp26
 70
     1
102
RTVSPropertyOp27
 70
     1
102
RTVSPropertyOp28
 70
     1
102
RTVSPropertyOp29
 70
     1
102
RTVSPropertyOp30
 70
     1
102
RTVSPropertyOp31
 70
     1
102
RTVSPropertyOp32
 70
     1
102
RTVSPropertyOp33
 70
     1
102
RTVSPropertyOp34
 70
     1
102
RTVSPropertyOp35
 70
     1
102
RTVSPropertyOp36
 70
     1
102
RTVSPropertyOp37
 70
     1
102
RTVSPropertyOp38
 70
     1
102
RTVSPropertyOp39
 70
     1
102
RTVSPropertyOp40
 70
     1
102
RTVSPropertyOp41
 70
     1
102
RTVSPropertyOp42
 70
     1
102
RTVSPropertyOp43
 70
     1
102
RTVSPropertyOp44
 70
     1
102
RTVSPropertyOp45
 70
     1
102
RTVSPropertyOp46
 70
     1
102
RTVSPropertyOp47
 70
     1
102
RTVSPropertyOp48
 70
     1
102
RTVSPropertyOp49
 70
     1
102
RTVSPropertyOp50
 70
     1
102
RTVSPropertyOp51
 70
     0
102
RTVSPropertyOp52
 70
     0
102
RTVSPropertyOp53
 70
     1
102
RTVSPropertyOp54
 70
     1
102
RTVSPropertyOp55
 70
     1
102
RTVSPropertyOp56
 70
     1
102
RTVSPropertyOp57
 70
     1
102
RTVSPost2010Prop28
280
     0
102
RTVSPost2010PropOp28
 70
     1
102
RTVSPost2010Prop29
280
     1
102
RTVSPost2010PropOp29
 70
     1
102
RTVSPost2010Prop30
280
     1
102
RTVSPost2010PropOp30
 70
     1
102
RTVSPost2010Prop31
280
     0
102
RTVSPost2010PropOp31
 70
     1
102
RTVSPost2010Prop32
280
     0
102
RTVSPost2010PropOp32
 70
     1
102
RTVSPost2010Prop33
280
     0
102
RTVSPost2010PropOp33
 70
     1
102
RTVSPost2010Prop34
280
     0
102
RTVSPost2010PropOp34
 70
     1
102
RTVSPost2010Prop35
280
     0
102
RTVSPost2010PropOp35
 70
     1
102
RTVSPost2010Prop36
280
     0
102
RTVSPost2010PropOp36
 70
     1
102
RTVSPost2010Prop37
 90
       50
102
RTVSPost2010PropOp37
 70
     1
102
RTVSPost2010Prop38
140
0.0
102
RTVSPost2010PropOp38
 70
     1
102
RTVSPost2010Prop39
140
1.0
102
RTVSPost2010PropOp39
 70
     1
102
RTVSPost2010Prop40
 90
        0
102
RTVSPost2010PropOp40
 70
     1
102
RTVSPost2010Prop41ColorIndex
 90
       18
102
RTVSPost2010Prop41ColorRGB
 90
        0
102
RTVSPost2010PropOp41
 70
     1
102
RTVSPost2010Prop42
 90
       50
102
RTVSPost2010PropOp42
 70
     1
102
RTVSPost2010Prop43
 90
        3
102
RTVSPost2010PropOp43
 70
     1
102
RTVSPost2010Prop44ColorIndex
 90
        5
102
RTVSPost2010Prop44ColorRGB
 90
      255
102
RTVSPost2010PropOp44
 70
     1
102
RTVSPost2010Prop45
280
     0
102
RTVSPost2010PropOp45
 70
     1
102
RTVSPost2010Prop46
 90
       50
102
RTVSPost2010PropOp46
 70
     1
102
RTVSPost2010Prop47
 90
       50
102
RTVSPost2010PropOp47
 70
     1
102
RTVSPost2010Prop48
 90
       50
102
RTVSPost2010PropOp48
 70
     1
102
RTVSPost2010Prop49
280
     0
102
RTVSPost2010PropOp49
 70
     1
102
RTVSPost2010Prop50
 90
       50
102
RTVSPost2010PropOp50
 70
     1
102
RTVSPost2010Prop51ColorIndex
 90
      256
102
RTVSPost2010Prop51ColorRGB
 90
-16777216
102
RTVSPost2010PropOp51
 70
     0
102
RTVSPost2010Prop52
140
1.0
102
RTVSPost2010PropOp52
 70
     0
102
RTVSPost2010Prop53
 90
        2
102
RTVSPost2010PropOp53
 70
     1
102
RTVSPost2010Prop54
  1
strokes_ogs.tif
102
RTVSPost2010PropOp54
 70
     1
102
RTVSPost2010Prop55
280
     0
102
RTVSPost2010PropOp55
 70
     1
102
RTVSPost2010Prop56
140
1.0
102
RTVSPost2010PropOp56
 70
     1
102
RTVSPost2010Prop57
140
1.0
102
RTVSPost2010PropOp57
 70
     1
  0
XRECORD
  5
185C
102
{ACAD_REACTORS
330
185B
102
}
330
185B
100
AcDbXrecord
280
     1
102
RTVSPropertyOp0
 70
     1
102
RTVSPropertyOp1
 70
     1
102
RTVSPropertyOp2
 70
     1
102
RTVSPropertyOp3
 70
     1
102
RTVSPropertyOp4
 70
     1
102
RTVSPropertyOp5
 70
     1
102
RTVSPropertyOp6
 70
     1
102
RTVSPropertyOp7
 70
     1
102
RTVSPropertyOp8
 70
     1
102
RTVSPropertyOp9
 70
     1
102
RTVSPropertyOp10
 70
     1
102
RTVSPropertyOp11
 70
     1
102
RTVSPropertyOp12
 70
     1
102
RTVSPropertyOp13
 70
     1
102
RTVSPropertyOp14
 70
     1
102
RTVSPropertyOp15
 70
     1
102
RTVSPropertyOp16
 70
     1
102
RTVSPropertyOp17
 70
     1
102
RTVSPropertyOp18
 70
     1
102
RTVSPropertyOp19
 70
     1
102
RTVSPropertyOp20
 70
     1
102
RTVSPropertyOp21
 70
     1
102
RTVSPropertyOp22
 70
     1
102
RTVSPropertyOp23
 70
     1
102
RTVSPropertyOp24
 70
     1
102
RTVSPropertyOp25
 70
     1
102
RTVSPropertyOp26
 70
     1
102
RTVSPropertyOp27
 70
     1
102
RTVSPropertyOp28
 70
     1
102
RTVSPropertyOp29
 70
     1
102
RTVSPropertyOp30
 70
     1
102
RTVSPropertyOp31
 70
     1
102
RTVSPropertyOp32
 70
     1
102
RTVSPropertyOp33
 70
     1
102
RTVSPropertyOp34
 70
     1
102
RTVSPropertyOp35
 70
     1
102
RTVSPropertyOp36
 70
     1
102
RTVSPropertyOp37
 70
     1
102
RTVSPropertyOp38
 70
     1
102
RTVSPropertyOp39
 70
     1
102
RTVSPropertyOp40
 70
     1
102
RTVSPropertyOp41
 70
     1
102
RTVSPropertyOp42
 70
     1
102
RTVSPropertyOp43
 70
     1
102
RTVSPropertyOp44
 70
     1
102
RTVSPropertyOp45
 70
     1
102
RTVSPropertyOp46
 70
     1
102
RTVSPropertyOp47
 70
     1
102
RTVSPropertyOp48
 70
     1
102
RTVSPropertyOp49
 70
     1
102
RTVSPropertyOp50
 70
     1
102
RTVSPropertyOp51
 70
     0
102
RTVSPropertyOp52
 70
     0
102
RTVSPropertyOp53
 70
     1
102
RTVSPropertyOp54
 70
     1
102
RTVSPropertyOp55
 70
     1
102
RTVSPropertyOp56
 70
     1
102
RTVSPropertyOp57
 70
     1
102
RTVSPost2010Prop28
280
     0
102
RTVSPost2010PropOp28
 70
     1
102
RTVSPost2010Prop29
280
     1
102
RTVSPost2010PropOp29
 70
     1
102
RTVSPost2010Prop30
280
     1
102
RTVSPost2010PropOp30
 70
     1
102
RTVSPost2010Prop31
280
     0
102
RTVSPost2010PropOp31
 70
     1
102
RTVSPost2010Prop32
280
     0
102
RTVSPost2010PropOp32
 70
     1
102
RTVSPost2010Prop33
280
     0
102
RTVSPost2010PropOp33
 70
     1
102
RTVSPost2010Prop34
280
     0
102
RTVSPost2010PropOp34
 70
     1
102
RTVSPost2010Prop35
280
     0
102
RTVSPost2010PropOp35
 70
     1
102
RTVSPost2010Prop36
280
     0
102
RTVSPost2010PropOp36
 70
     1
102
RTVSPost2010Prop37
 90
       50
102
RTVSPost2010PropOp37
 70
     1
102
RTVSPost2010Prop38
140
0.0
102
RTVSPost2010PropOp38
 70
     1
102
RTVSPost2010Prop39
140
1.0
102
RTVSPost2010PropOp39
 70
     1
102
RTVSPost2010Prop40
 90
        0
102
RTVSPost2010PropOp40
 70
     1
102
RTVSPost2010Prop41ColorIndex
 90
       18
102
RTVSPost2010Prop41ColorRGB
 90
        0
102
RTVSPost2010PropOp41
 70
     1
102
RTVSPost2010Prop42
 90
       50
102
RTVSPost2010PropOp42
 70
     1
102
RTVSPost2010Prop43
 90
        3
102
RTVSPost2010PropOp43
 70
     1
102
RTVSPost2010Prop44ColorIndex
 90
        5
102
RTVSPost2010Prop44ColorRGB
 90
      255
102
RTVSPost2010PropOp44
 70
     1
102
RTVSPost2010Prop45
280
     0
102
RTVSPost2010PropOp45
 70
     1
102
RTVSPost2010Prop46
 90
       50
102
RTVSPost2010PropOp46
 70
     1
102
RTVSPost2010Prop47
 90
       50
102
RTVSPost2010PropOp47
 70
     1
102
RTVSPost2010Prop48
 90
       50
102
RTVSPost2010PropOp48
 70
     1
102
RTVSPost2010Prop49
280
     0
102
RTVSPost2010PropOp49
 70
     1
102
RTVSPost2010Prop50
 90
       50
102
RTVSPost2010PropOp50
 70
     1
102
RTVSPost2010Prop51ColorIndex
 90
      256
102
RTVSPost2010Prop51ColorRGB
 90
-16777216
102
RTVSPost2010PropOp51
 70
     0
102
RTVSPost2010Prop52
140
1.0
102
RTVSPost2010PropOp52
 70
     0
102
RTVSPost2010Prop53
 90
        2
102
RTVSPost2010PropOp53
 70
     1
102
RTVSPost2010Prop54
  1
strokes_ogs.tif
102
RTVSPost2010PropOp54
 70
     1
102
RTVSPost2010Prop55
280
     0
102
RTVSPost2010PropOp55
 70
     1
102
RTVSPost2010Prop56
140
1.0
102
RTVSPost2010PropOp56
 70
     1
102
RTVSPost2010Prop57
140
1.0
102
RTVSPost2010PropOp57
 70
     1
  0
XRECORD
  5
185E
102
{ACAD_REACTORS
330
185D
102
}
330
185D
100
AcDbXrecord
280
     1
102
RTVSPropertyOp0
 70
     1
102
RTVSPropertyOp1
 70
     1
102
RTVSPropertyOp2
 70
     1
102
RTVSPropertyOp3
 70
     1
102
RTVSPropertyOp4
 70
     1
102
RTVSPropertyOp5
 70
     1
102
RTVSPropertyOp6
 70
     1
102
RTVSPropertyOp7
 70
     1
102
RTVSPropertyOp8
 70
     1
102
RTVSPropertyOp9
 70
     1
102
RTVSPropertyOp10
 70
     1
102
RTVSPropertyOp11
 70
     1
102
RTVSPropertyOp12
 70
     1
102
RTVSPropertyOp13
 70
     1
102
RTVSPropertyOp14
 70
     1
102
RTVSPropertyOp15
 70
     1
102
RTVSPropertyOp16
 70
     1
102
RTVSPropertyOp17
 70
     1
102
RTVSPropertyOp18
 70
     1
102
RTVSPropertyOp19
 70
     1
102
RTVSPropertyOp20
 70
     1
102
RTVSPropertyOp21
 70
     1
102
RTVSPropertyOp22
 70
     1
102
RTVSPropertyOp23
 70
     1
102
RTVSPropertyOp24
 70
     1
102
RTVSPropertyOp25
 70
     1
102
RTVSPropertyOp26
 70
     1
102
RTVSPropertyOp27
 70
     1
102
RTVSPropertyOp28
 70
     1
102
RTVSPropertyOp29
 70
     1
102
RTVSPropertyOp30
 70
     1
102
RTVSPropertyOp31
 70
     1
102
RTVSPropertyOp32
 70
     1
102
RTVSPropertyOp33
 70
     1
102
RTVSPropertyOp34
 70
     1
102
RTVSPropertyOp35
 70
     1
102
RTVSPropertyOp36
 70
     1
102
RTVSPropertyOp37
 70
     1
102
RTVSPropertyOp38
 70
     1
102
RTVSPropertyOp39
 70
     1
102
RTVSPropertyOp40
 70
     1
102
RTVSPropertyOp41
 70
     1
102
RTVSPropertyOp42
 70
     1
102
RTVSPropertyOp43
 70
     1
102
RTVSPropertyOp44
 70
     1
102
RTVSPropertyOp45
 70
     1
102
RTVSPropertyOp46
 70
     1
102
RTVSPropertyOp47
 70
     1
102
RTVSPropertyOp48
 70
     1
102
RTVSPropertyOp49
 70
     1
102
RTVSPropertyOp50
 70
     1
102
RTVSPropertyOp51
 70
     0
102
RTVSPropertyOp52
 70
     0
102
RTVSPropertyOp53
 70
     1
102
RTVSPropertyOp54
 70
     1
102
RTVSPropertyOp55
 70
     1
102
RTVSPropertyOp56
 70
     1
102
RTVSPropertyOp57
 70
     1
102
RTVSPost2010Prop28
280
     0
102
RTVSPost2010PropOp28
 70
     1
102
RTVSPost2010Prop29
280
     1
102
RTVSPost2010PropOp29
 70
     1
102
RTVSPost2010Prop30
280
     1
102
RTVSPost2010PropOp30
 70
     1
102
RTVSPost2010Prop31
280
     0
102
RTVSPost2010PropOp31
 70
     1
102
RTVSPost2010Prop32
280
     0
102
RTVSPost2010PropOp32
 70
     1
102
RTVSPost2010Prop33
280
     0
102
RTVSPost2010PropOp33
 70
     1
102
RTVSPost2010Prop34
280
     0
102
RTVSPost2010PropOp34
 70
     1
102
RTVSPost2010Prop35
280
     0
102
RTVSPost2010PropOp35
 70
     1
102
RTVSPost2010Prop36
280
     0
102
RTVSPost2010PropOp36
 70
     1
102
RTVSPost2010Prop37
 90
       50
102
RTVSPost2010PropOp37
 70
     1
102
RTVSPost2010Prop38
140
0.0
102
RTVSPost2010PropOp38
 70
     1
102
RTVSPost2010Prop39
140
1.0
102
RTVSPost2010PropOp39
 70
     1
102
RTVSPost2010Prop40
 90
        0
102
RTVSPost2010PropOp40
 70
     1
102
RTVSPost2010Prop41ColorIndex
 90
       18
102
RTVSPost2010Prop41ColorRGB
 90
        0
102
RTVSPost2010PropOp41
 70
     1
102
RTVSPost2010Prop42
 90
       50
102
RTVSPost2010PropOp42
 70
     1
102
RTVSPost2010Prop43
 90
        3
102
RTVSPost2010PropOp43
 70
     1
102
RTVSPost2010Prop44ColorIndex
 90
        5
102
RTVSPost2010Prop44ColorRGB
 90
      255
102
RTVSPost2010PropOp44
 70
     1
102
RTVSPost2010Prop45
280
     0
102
RTVSPost2010PropOp45
 70
     1
102
RTVSPost2010Prop46
 90
       50
102
RTVSPost2010PropOp46
 70
     1
102
RTVSPost2010Prop47
 90
       50
102
RTVSPost2010PropOp47
 70
     1
102
RTVSPost2010Prop48
 90
       50
102
RTVSPost2010PropOp48
 70
     1
102
RTVSPost2010Prop49
280
     0
102
RTVSPost2010PropOp49
 70
     1
102
RTVSPost2010Prop50
 90
       50
102
RTVSPost2010PropOp50
 70
     1
102
RTVSPost2010Prop51ColorIndex
 90
      256
102
RTVSPost2010Prop51ColorRGB
 90
-16777216
102
RTVSPost2010PropOp51
 70
     0
102
RTVSPost2010Prop52
140
1.0
102
RTVSPost2010PropOp52
 70
     0
102
RTVSPost2010Prop53
 90
        2
102
RTVSPost2010PropOp53
 70
     1
102
RTVSPost2010Prop54
  1
strokes_ogs.tif
102
RTVSPost2010PropOp54
 70
     1
102
RTVSPost2010Prop55
280
     0
102
RTVSPost2010PropOp55
 70
     1
102
RTVSPost2010Prop56
140
1.0
102
RTVSPost2010PropOp56
 70
     1
102
RTVSPost2010Prop57
140
1.0
102
RTVSPost2010PropOp57
 70
     1
  0
XRECORD
  5
1860
102
{ACAD_REACTORS
330
185F
102
}
330
185F
100
AcDbXrecord
280
     1
102
RTVSPropertyOp0
 70
     1
102
RTVSPropertyOp1
 70
     1
102
RTVSPropertyOp2
 70
     1
102
RTVSPropertyOp3
 70
     1
102
RTVSPropertyOp4
 70
     1
102
RTVSPropertyOp5
 70
     1
102
RTVSPropertyOp6
 70
     1
102
RTVSPropertyOp7
 70
     1
102
RTVSPropertyOp8
 70
     1
102
RTVSPropertyOp9
 70
     1
102
RTVSPropertyOp10
 70
     1
102
RTVSPropertyOp11
 70
     1
102
RTVSPropertyOp12
 70
     1
102
RTVSPropertyOp13
 70
     1
102
RTVSPropertyOp14
 70
     1
102
RTVSPropertyOp15
 70
     1
102
RTVSPropertyOp16
 70
     1
102
RTVSPropertyOp17
 70
     1
102
RTVSPropertyOp18
 70
     1
102
RTVSPropertyOp19
 70
     1
102
RTVSPropertyOp20
 70
     1
102
RTVSPropertyOp21
 70
     1
102
RTVSPropertyOp22
 70
     1
102
RTVSPropertyOp23
 70
     1
102
RTVSPropertyOp24
 70
     1
102
RTVSPropertyOp25
 70
     1
102
RTVSPropertyOp26
 70
     1
102
RTVSPropertyOp27
 70
     1
102
RTVSPropertyOp28
 70
     1
102
RTVSPropertyOp29
 70
     1
102
RTVSPropertyOp30
 70
     1
102
RTVSPropertyOp31
 70
     1
102
RTVSPropertyOp32
 70
     1
102
RTVSPropertyOp33
 70
     1
102
RTVSPropertyOp34
 70
     1
102
RTVSPropertyOp35
 70
     1
102
RTVSPropertyOp36
 70
     1
102
RTVSPropertyOp37
 70
     1
102
RTVSPropertyOp38
 70
     1
102
RTVSPropertyOp39
 70
     1
102
RTVSPropertyOp40
 70
     1
102
RTVSPropertyOp41
 70
     1
102
RTVSPropertyOp42
 70
     1
102
RTVSPropertyOp43
 70
     1
102
RTVSPropertyOp44
 70
     1
102
RTVSPropertyOp45
 70
     1
102
RTVSPropertyOp46
 70
     1
102
RTVSPropertyOp47
 70
     1
102
RTVSPropertyOp48
 70
     1
102
RTVSPropertyOp49
 70
     1
102
RTVSPropertyOp50
 70
     1
102
RTVSPropertyOp51
 70
     0
102
RTVSPropertyOp52
 70
     0
102
RTVSPropertyOp53
 70
     1
102
RTVSPropertyOp54
 70
     1
102
RTVSPropertyOp55
 70
     1
102
RTVSPropertyOp56
 70
     1
102
RTVSPropertyOp57
 70
     1
102
RTVSPost2010Prop28
280
     0
102
RTVSPost2010PropOp28
 70
     1
102
RTVSPost2010Prop29
280
     1
102
RTVSPost2010PropOp29
 70
     1
102
RTVSPost2010Prop30
280
     1
102
RTVSPost2010PropOp30
 70
     1
102
RTVSPost2010Prop31
280
     0
102
RTVSPost2010PropOp31
 70
     1
102
RTVSPost2010Prop32
280
     0
102
RTVSPost2010PropOp32
 70
     1
102
RTVSPost2010Prop33
280
     0
102
RTVSPost2010PropOp33
 70
     1
102
RTVSPost2010Prop34
280
     0
102
RTVSPost2010PropOp34
 70
     1
102
RTVSPost2010Prop35
280
     0
102
RTVSPost2010PropOp35
 70
     1
102
RTVSPost2010Prop36
280
     0
102
RTVSPost2010PropOp36
 70
     1
102
RTVSPost2010Prop37
 90
       50
102
RTVSPost2010PropOp37
 70
     1
102
RTVSPost2010Prop38
140
0.0
102
RTVSPost2010PropOp38
 70
     1
102
RTVSPost2010Prop39
140
1.0
102
RTVSPost2010PropOp39
 70
     1
102
RTVSPost2010Prop40
 90
        0
102
RTVSPost2010PropOp40
 70
     1
102
RTVSPost2010Prop41ColorIndex
 90
       18
102
RTVSPost2010Prop41ColorRGB
 90
        0
102
RTVSPost2010PropOp41
 70
     1
102
RTVSPost2010Prop42
 90
       50
102
RTVSPost2010PropOp42
 70
     1
102
RTVSPost2010Prop43
 90
        3
102
RTVSPost2010PropOp43
 70
     1
102
RTVSPost2010Prop44ColorIndex
 90
        5
102
RTVSPost2010Prop44ColorRGB
 90
      255
102
RTVSPost2010PropOp44
 70
     1
102
RTVSPost2010Prop45
280
     0
102
RTVSPost2010PropOp45
 70
     1
102
RTVSPost2010Prop46
 90
       50
102
RTVSPost2010PropOp46
 70
     1
102
RTVSPost2010Prop47
 90
       50
102
RTVSPost2010PropOp47
 70
     1
102
RTVSPost2010Prop48
 90
       50
102
RTVSPost2010PropOp48
 70
     1
102
RTVSPost2010Prop49
280
     0
102
RTVSPost2010PropOp49
 70
     1
102
RTVSPost2010Prop50
 90
       50
102
RTVSPost2010PropOp50
 70
     1
102
RTVSPost2010Prop51ColorIndex
 90
      256
102
RTVSPost2010Prop51ColorRGB
 90
-16777216
102
RTVSPost2010PropOp51
 70
     0
102
RTVSPost2010Prop52
140
1.0
102
RTVSPost2010PropOp52
 70
     0
102
RTVSPost2010Prop53
 90
        2
102
RTVSPost2010PropOp53
 70
     1
102
RTVSPost2010Prop54
  1
strokes_ogs.tif
102
RTVSPost2010PropOp54
 70
     1
102
RTVSPost2010Prop55
280
     0
102
RTVSPost2010PropOp55
 70
     1
102
RTVSPost2010Prop56
140
1.0
102
RTVSPost2010PropOp56
 70
     1
102
RTVSPost2010Prop57
140
1.0
102
RTVSPost2010PropOp57
 70
     1
  0
XRECORD
  5
1862
102
{ACAD_REACTORS
330
1861
102
}
330
1861
100
AcDbXrecord
280
     1
102
RTVSPropertyOp0
 70
     1
102
RTVSPropertyOp1
 70
     1
102
RTVSPropertyOp2
 70
     1
102
RTVSPropertyOp3
 70
     1
102
RTVSPropertyOp4
 70
     1
102
RTVSPropertyOp5
 70
     1
102
RTVSPropertyOp6
 70
     1
102
RTVSPropertyOp7
 70
     1
102
RTVSPropertyOp8
 70
     1
102
RTVSPropertyOp9
 70
     1
102
RTVSPropertyOp10
 70
     1
102
RTVSPropertyOp11
 70
     1
102
RTVSPropertyOp12
 70
     1
102
RTVSPropertyOp13
 70
     1
102
RTVSPropertyOp14
 70
     1
102
RTVSPropertyOp15
 70
     1
102
RTVSPropertyOp16
 70
     1
102
RTVSPropertyOp17
 70
     1
102
RTVSPropertyOp18
 70
     1
102
RTVSPropertyOp19
 70
     1
102
RTVSPropertyOp20
 70
     1
102
RTVSPropertyOp21
 70
     1
102
RTVSPropertyOp22
 70
     1
102
RTVSPropertyOp23
 70
     1
102
RTVSPropertyOp24
 70
     1
102
RTVSPropertyOp25
 70
     1
102
RTVSPropertyOp26
 70
     1
102
RTVSPropertyOp27
 70
     1
102
RTVSPropertyOp28
 70
     1
102
RTVSPropertyOp29
 70
     1
102
RTVSPropertyOp30
 70
     1
102
RTVSPropertyOp31
 70
     1
102
RTVSPropertyOp32
 70
     1
102
RTVSPropertyOp33
 70
     1
102
RTVSPropertyOp34
 70
     1
102
RTVSPropertyOp35
 70
     1
102
RTVSPropertyOp36
 70
     1
102
RTVSPropertyOp37
 70
     1
102
RTVSPropertyOp38
 70
     1
102
RTVSPropertyOp39
 70
     1
102
RTVSPropertyOp40
 70
     1
102
RTVSPropertyOp41
 70
     1
102
RTVSPropertyOp42
 70
     1
102
RTVSPropertyOp43
 70
     1
102
RTVSPropertyOp44
 70
     1
102
RTVSPropertyOp45
 70
     1
102
RTVSPropertyOp46
 70
     1
102
RTVSPropertyOp47
 70
     1
102
RTVSPropertyOp48
 70
     1
102
RTVSPropertyOp49
 70
     1
102
RTVSPropertyOp50
 70
     1
102
RTVSPropertyOp51
 70
     0
102
RTVSPropertyOp52
 70
     0
102
RTVSPropertyOp53
 70
     1
102
RTVSPropertyOp54
 70
     1
102
RTVSPropertyOp55
 70
     1
102
RTVSPropertyOp56
 70
     1
102
RTVSPropertyOp57
 70
     1
102
RTVSPost2010Prop28
280
     0
102
RTVSPost2010PropOp28
 70
     1
102
RTVSPost2010Prop29
280
     1
102
RTVSPost2010PropOp29
 70
     1
102
RTVSPost2010Prop30
280
     1
102
RTVSPost2010PropOp30
 70
     1
102
RTVSPost2010Prop31
280
     0
102
RTVSPost2010PropOp31
 70
     1
102
RTVSPost2010Prop32
280
     0
102
RTVSPost2010PropOp32
 70
     1
102
RTVSPost2010Prop33
280
     0
102
RTVSPost2010PropOp33
 70
     1
102
RTVSPost2010Prop34
280
     0
102
RTVSPost2010PropOp34
 70
     1
102
RTVSPost2010Prop35
280
     0
102
RTVSPost2010PropOp35
 70
     1
102
RTVSPost2010Prop36
280
     0
102
RTVSPost2010PropOp36
 70
     1
102
RTVSPost2010Prop37
 90
       50
102
RTVSPost2010PropOp37
 70
     1
102
RTVSPost2010Prop38
140
0.0
102
RTVSPost2010PropOp38
 70
     1
102
RTVSPost2010Prop39
140
1.0
102
RTVSPost2010PropOp39
 70
     1
102
RTVSPost2010Prop40
 90
        0
102
RTVSPost2010PropOp40
 70
     1
102
RTVSPost2010Prop41ColorIndex
 90
       18
102
RTVSPost2010Prop41ColorRGB
 90
        0
102
RTVSPost2010PropOp41
 70
     1
102
RTVSPost2010Prop42
 90
       50
102
RTVSPost2010PropOp42
 70
     1
102
RTVSPost2010Prop43
 90
        3
102
RTVSPost2010PropOp43
 70
     1
102
RTVSPost2010Prop44ColorIndex
 90
        5
102
RTVSPost2010Prop44ColorRGB
 90
      255
102
RTVSPost2010PropOp44
 70
     1
102
RTVSPost2010Prop45
280
     0
102
RTVSPost2010PropOp45
 70
     1
102
RTVSPost2010Prop46
 90
       50
102
RTVSPost2010PropOp46
 70
     1
102
RTVSPost2010Prop47
 90
       50
102
RTVSPost2010PropOp47
 70
     1
102
RTVSPost2010Prop48
 90
       50
102
RTVSPost2010PropOp48
 70
     1
102
RTVSPost2010Prop49
280
     0
102
RTVSPost2010PropOp49
 70
     1
102
RTVSPost2010Prop50
 90
       50
102
RTVSPost2010PropOp50
 70
     1
102
RTVSPost2010Prop51ColorIndex
 90
      256
102
RTVSPost2010Prop51ColorRGB
 90
-16777216
102
RTVSPost2010PropOp51
 70
     0
102
RTVSPost2010Prop52
140
1.0
102
RTVSPost2010PropOp52
 70
     0
102
RTVSPost2010Prop53
 90
        2
102
RTVSPost2010PropOp53
 70
     1
102
RTVSPost2010Prop54
  1
strokes_ogs.tif
102
RTVSPost2010PropOp54
 70
     1
102
RTVSPost2010Prop55
280
     0
102
RTVSPost2010PropOp55
 70
     1
102
RTVSPost2010Prop56
140
1.0
102
RTVSPost2010PropOp56
 70
     1
102
RTVSPost2010Prop57
140
1.0
102
RTVSPost2010PropOp57
 70
     1
  0
XRECORD
  5
1864
102
{ACAD_REACTORS
330
1863
102
}
330
1863
100
AcDbXrecord
280
     1
102
RTVSPropertyOp0
 70
     1
102
RTVSPropertyOp1
 70
     1
102
RTVSPropertyOp2
 70
     1
102
RTVSPropertyOp3
 70
     1
102
RTVSPropertyOp4
 70
     1
102
RTVSPropertyOp5
 70
     1
102
RTVSPropertyOp6
 70
     1
102
RTVSPropertyOp7
 70
     1
102
RTVSPropertyOp8
 70
     1
102
RTVSPropertyOp9
 70
     1
102
RTVSPropertyOp10
 70
     1
102
RTVSPropertyOp11
 70
     1
102
RTVSPropertyOp12
 70
     1
102
RTVSPropertyOp13
 70
     1
102
RTVSPropertyOp14
 70
     1
102
RTVSPropertyOp15
 70
     1
102
RTVSPropertyOp16
 70
     1
102
RTVSPropertyOp17
 70
     1
102
RTVSPropertyOp18
 70
     1
102
RTVSPropertyOp19
 70
     1
102
RTVSPropertyOp20
 70
     1
102
RTVSPropertyOp21
 70
     1
102
RTVSPropertyOp22
 70
     1
102
RTVSPropertyOp23
 70
     1
102
RTVSPropertyOp24
 70
     1
102
RTVSPropertyOp25
 70
     1
102
RTVSPropertyOp26
 70
     1
102
RTVSPropertyOp27
 70
     1
102
RTVSPropertyOp28
 70
     1
102
RTVSPropertyOp29
 70
     1
102
RTVSPropertyOp30
 70
     1
102
RTVSPropertyOp31
 70
     1
102
RTVSPropertyOp32
 70
     1
102
RTVSPropertyOp33
 70
     1
102
RTVSPropertyOp34
 70
     1
102
RTVSPropertyOp35
 70
     1
102
RTVSPropertyOp36
 70
     1
102
RTVSPropertyOp37
 70
     1
102
RTVSPropertyOp38
 70
     1
102
RTVSPropertyOp39
 70
     1
102
RTVSPropertyOp40
 70
     1
102
RTVSPropertyOp41
 70
     1
102
RTVSPropertyOp42
 70
     1
102
RTVSPropertyOp43
 70
     1
102
RTVSPropertyOp44
 70
     1
102
RTVSPropertyOp45
 70
     1
102
RTVSPropertyOp46
 70
     1
102
RTVSPropertyOp47
 70
     1
102
RTVSPropertyOp48
 70
     1
102
RTVSPropertyOp49
 70
     1
102
RTVSPropertyOp50
 70
     1
102
RTVSPropertyOp51
 70
     0
102
RTVSPropertyOp52
 70
     0
102
RTVSPropertyOp53
 70
     1
102
RTVSPropertyOp54
 70
     1
102
RTVSPropertyOp55
 70
     1
102
RTVSPropertyOp56
 70
     1
102
RTVSPropertyOp57
 70
     1
102
RTVSPost2010Prop28
280
     0
102
RTVSPost2010PropOp28
 70
     1
102
RTVSPost2010Prop29
280
     1
102
RTVSPost2010PropOp29
 70
     1
102
RTVSPost2010Prop30
280
     1
102
RTVSPost2010PropOp30
 70
     1
102
RTVSPost2010Prop31
280
     0
102
RTVSPost2010PropOp31
 70
     1
102
RTVSPost2010Prop32
280
     0
102
RTVSPost2010PropOp32
 70
     1
102
RTVSPost2010Prop33
280
     0
102
RTVSPost2010PropOp33
 70
     1
102
RTVSPost2010Prop34
280
     0
102
RTVSPost2010PropOp34
 70
     1
102
RTVSPost2010Prop35
280
     0
102
RTVSPost2010PropOp35
 70
     1
102
RTVSPost2010Prop36
280
     0
102
RTVSPost2010PropOp36
 70
     1
102
RTVSPost2010Prop37
 90
       50
102
RTVSPost2010PropOp37
 70
     1
102
RTVSPost2010Prop38
140
0.0
102
RTVSPost2010PropOp38
 70
     1
102
RTVSPost2010Prop39
140
1.0
102
RTVSPost2010PropOp39
 70
     1
102
RTVSPost2010Prop40
 90
        0
102
RTVSPost2010PropOp40
 70
     1
102
RTVSPost2010Prop41ColorIndex
 90
       18
102
RTVSPost2010Prop41ColorRGB
 90
        0
102
RTVSPost2010PropOp41
 70
     1
102
RTVSPost2010Prop42
 90
       50
102
RTVSPost2010PropOp42
 70
     1
102
RTVSPost2010Prop43
 90
        3
102
RTVSPost2010PropOp43
 70
     1
102
RTVSPost2010Prop44ColorIndex
 90
        5
102
RTVSPost2010Prop44ColorRGB
 90
      255
102
RTVSPost2010PropOp44
 70
     1
102
RTVSPost2010Prop45
280
     0
102
RTVSPost2010PropOp45
 70
     1
102
RTVSPost2010Prop46
 90
       50
102
RTVSPost2010PropOp46
 70
     1
102
RTVSPost2010Prop47
 90
       50
102
RTVSPost2010PropOp47
 70
     1
102
RTVSPost2010Prop48
 90
       50
102
RTVSPost2010PropOp48
 70
     1
102
RTVSPost2010Prop49
280
     0
102
RTVSPost2010PropOp49
 70
     1
102
RTVSPost2010Prop50
 90
       50
102
RTVSPost2010PropOp50
 70
     1
102
RTVSPost2010Prop51ColorIndex
 90
      256
102
RTVSPost2010Prop51ColorRGB
 90
-16777216
102
RTVSPost2010PropOp51
 70
     0
102
RTVSPost2010Prop52
140
1.0
102
RTVSPost2010PropOp52
 70
     0
102
RTVSPost2010Prop53
 90
        2
102
RTVSPost2010PropOp53
 70
     1
102
RTVSPost2010Prop54
  1
strokes_ogs.tif
102
RTVSPost2010PropOp54
 70
     1
102
RTVSPost2010Prop55
280
     0
102
RTVSPost2010PropOp55
 70
     1
102
RTVSPost2010Prop56
140
1.0
102
RTVSPost2010PropOp56
 70
     1
102
RTVSPost2010Prop57
140
1.0
102
RTVSPost2010PropOp57
 70
     1
  0
ENDSEC
  0
EOF
